component_id,year,country,city_name,centroid_lat,centroid_lon,public_hourly_surface_observation_support,denominator_uncertainty_flag,official_station_count_50km,public_hourly_station_count_50km,need_composite_z,support_residual_z,residual_public_support_gap_z,canonical_2024_q75,canonical_2024_q90,canonical_2024_q95
12,2024,Costa Rica,Liberia,10.632887471000874,-85.4373721235411,0.355250102142065,True,2,1,0.7079206897747243,-1.0582073725081682,1.0582073725081682,True,False,False
18,2024,Jamaica,Montego Bay,18.471904847145225,-77.91071940500031,0.7746162376699935,True,226,1,0.6662912611672589,-0.8837815780025102,0.8837815780025102,True,False,False
19,2024,Bahamas,Nassau,25.043774961954984,-77.33014903332258,0.4017101500029183,True,2,0,1.2969391329078803,-1.0361687025059831,1.0361687025059831,True,False,False
21,2024,Venezuela,Ureña,7.9202287961156355,-72.44375237829726,0.3851923189167104,True,10,3,0.669213664879367,-0.8233538601347177,0.8233538601347177,True,False,False
23,2024,Aruba,Oranjestad,12.5355200910284,-70.03071033644191,0.4211171423568551,False,1,1,0.7820654251522532,-1.0269017227826789,1.0269017227826789,True,False,False
26,2024,Curaçao,Willemstad,12.12399053547019,-68.90612955740099,0.3723807856183972,True,3,1,1.7739218978694886,-1.2150956971264777,1.2150956971264777,True,True,False
32,2024,Barbados,Bridgetown,13.09708407503283,-59.5853122540941,0.4321193019319442,True,100,1,1.8742013551435408,-1.8288143791498648,1.8288143791498648,True,True,True
36,2024,Uruguay,Salto,-31.390500738396877,-57.96140756973467,0.4080721414813517,True,3,1,0.746592558124313,-0.9749543820255616,0.9749543820255616,True,False,False
37,2024,French Guiana,Cayenne,4.927615176176649,-52.299992870290446,0.3485087258506975,True,2,1,0.6401403502708045,-1.0854787529165195,1.0854787529165195,True,False,False
44,2024,Portugal,Funchal,32.654492299912235,-16.932136689975785,0.4261366952664449,True,3,2,0.7642829724420682,-0.7412531807714393,0.7412531807714393,True,False,False
48,2024,Iceland,Reykjavik,64.12058060251677,-21.89394535794247,0.47183797350143,False,28,29,1.3020007149792665,-0.7901449070663249,0.7901449070663249,True,False,False
53,2024,Ireland,Galway,53.27392758346856,-9.047940757636647,0.4523434308060468,False,2,2,1.2346294279166543,-1.1788151418299426,1.1788151418299426,True,False,False
56,2024,France,Brest,48.3957423523628,-4.489250134306428,0.383412128640635,False,7,9,2.553671841832088,-1.7138787678168583,1.7138787678168583,True,True,True
66,2024,Norway,Bergen,60.4047300465318,5.319509108623584,0.4872760170431331,False,5,5,1.9321593859630035,-1.2055578008160623,1.2055578008160623,True,True,False
87,2024,Malta,Valletta,35.888097357372985,14.491621242246913,0.4284130041440495,True,4,1,1.4442381031381306,-1.3625855305278545,1.3625855305278545,True,True,False
91,2024,Bosnia and Herzegovina,Banja Luka,44.78588257986481,17.199994606214997,0.4722757252086616,True,21,4,1.5679799067244873,-0.9842321638877122,0.9842321638877122,True,False,False
93,2024,Finland,Turku,60.45260939364871,22.26715760041768,0.4146092336426779,True,9,6,2.0398822967696475,-1.3187943451681683,1.3187943451681683,True,True,False
94,2024,Russia,Kaliningrad,54.7130563748016,20.510887574197152,0.3723224187240996,False,2,4,1.8518229251602936,-1.387427978201513,1.387427978201513,True,True,True
95,2024,Lithuania,Klaipėda,55.69113472867033,21.15306403440497,0.394676939240063,True,8,5,1.224382322788531,-1.2929192136564127,1.2929192136564127,True,False,False
98,2024,Montenegro,Nikšić,42.77087150243307,18.956333485578632,0.4852915426370163,True,10,5,1.4951071055684406,-1.1384365825100482,1.1384365825100482,True,True,False
99,2024,Estonia,Tallinn,59.42364258544132,24.734144532857567,0.4018560672386622,True,6,3,1.9732765454063512,-1.3721447512430258,1.3721447512430258,True,True,False
106,2024,Ukraine,Uzhhorod,48.61574104370102,22.291876265306996,0.4455728710675304,True,5,3,1.647094505491674,-1.0422578584661433,1.0422578584661433,True,False,False
119,2024,Cyprus,Pafos,34.77373807954323,32.422958088620206,0.3782174750481527,True,32,1,0.7300703212581465,-1.2216678557420555,1.2216678557420555,True,False,False
123,2024,Northern Cyprus,Nicosia,35.19742606072548,33.34157660159836,0.4829568668651141,True,35,4,1.2191178093443067,-1.0236294577235496,1.0236294577235496,True,False,False
136,2024,Georgia,Batumi,41.638292582255744,41.63525406452148,0.4199206210237553,False,4,4,1.387656222870049,-0.968361380495168,0.968361380495168,True,False,False
157,2024,Réunion,Le Port,-20.950302684632497,55.32060104345707,0.418782466584953,True,5,2,0.8264663752128452,-0.9302647626075736,0.9302647626075736,True,False,False
159,2024,Mauritius,Port Louis,-20.22838418916387,57.4903185093048,0.3792097122512111,True,2,1,1.4398674944399277,-0.9155438175140186,0.9155438175140186,True,False,False
175,2024,Vietnam,Điện Biên Phủ,21.388702199601525,103.01858333035872,0.1662872818537325,False,1,1,0.695678410223623,-1.806098428271044,1.806098428271044,True,False,False
183,2024,Brunei,Bandar Seri Begawan,4.896531631731768,114.91202234302496,0.4033152395961011,True,3,2,0.7550299893281947,-0.8568205574382775,0.8568205574382775,True,False,False
187,2024,New Zealand,Dunedin,-45.8850043050232,170.50683357049058,0.3100157590614603,True,2,1,0.73771315401992,-1.293891753003735,1.293891753003735,True,False,False
190,2024,New Caledonia,Nouméa,-22.24859093339729,166.4583812090531,0.4626160042024164,False,2,3,1.6179527095638455,-0.8209612508768274,0.8209612508768274,True,False,False
206,2024,Jamaica,Mandeville,18.04036573034832,-77.51089377425394,0.2790521216366077,True,362,0,0.685026419641175,-4.522037667156317,4.522037667156317,True,False,False
209,2024,Dominican Republic,San Juan de la Maguana,18.80892589060461,-71.23266621480859,0.3422051012665616,True,0,0,0.6258315228698446,-0.9936758255369598,0.9936758255369598,True,False,False
223,2024,Spain,La Orotava,28.401858183919217,-16.540613895513868,0.367040214790171,True,10,5,1.0240289089572494,-0.9619456737942578,0.9619456737942578,True,False,False
233,2024,Ireland,Cork,51.89080904065316,-8.458721063560953,0.3990252728652308,True,3,1,1.786935649316199,-1.5064129860522857,1.5064129860522857,True,True,False
236,2024,France,Lorient,47.75055844467055,-3.36473497357637,0.4014766824257281,False,3,3,2.003963679121099,-1.5689820788647395,1.5689820788647395,True,True,True
245,2024,Norway,Lagunen,60.30181915200343,5.321083600896147,0.4011848479542403,True,6,5,1.3202109596652825,-1.4903948264531204,1.4903948264531204,True,False,False
255,2024,Equatorial Guinea,Bata,1.8446642731535816,9.786110345784165,0.3951438743944435,False,1,1,0.8189815371041432,-0.8477738441234783,0.8477738441234783,True,False,False
261,2024,Croatia,Zadar,44.11917755129206,15.238614881868624,0.4876262184089184,True,5,3,1.4412484182729954,-1.0049501163242158,1.0049501163242158,True,False,False
269,2024,Finland,Oulu,65.01529370897302,25.47973948824652,0.4226054981614428,True,9,6,1.3429150040315605,-0.8342312108829305,0.8342312108829305,True,False,False
272,2024,Montenegro,Podgorica,42.443303801197885,19.260994447000392,0.4556411603338586,True,8,7,1.5337819245951758,-0.8978776724505546,0.8978776724505546,True,False,False
277,2024,Kosovo,Gjakova,42.38241803305773,20.428379701990263,0.269713418548999,True,3,2,0.6040230054743504,-1.36548390345425,1.36548390345425,True,False,False
278,2024,Russia,Murmansk,68.9598547957542,33.08450703573772,0.3745695441545555,True,4,0,0.7699924537408952,-0.8032599658037486,0.8032599658037486,True,False,False
280,2024,Belarus,Brest,52.10711335994811,23.71434324573281,0.3816611218117083,True,5,3,1.1084457478705605,-1.2343882743565178,1.2343882743565178,True,False,False
281,2024,Ukraine,Mukachevo,48.44202956081378,22.72089060529389,0.285034728302107,True,4,3,0.6545658703892656,-1.2229256495993055,1.2229256495993055,True,False,False
282,2024,Estonia,Tartu,58.369664516268095,26.726632758500248,0.3872351602171248,True,3,2,1.3747560761118611,-1.3139741434855057,1.3139741434855057,True,True,False
284,2024,Greece,Patras,38.24036201863902,21.73976874707091,0.4758361057608125,True,39,1,1.2653886470172653,-1.0987834052402214,1.0987834052402214,True,False,False
285,2024,Bulgaria,Plovdiv,42.14171997966655,24.75406949920509,0.3605031226288449,True,9,7,1.1725011016835485,-1.1211767602400868,1.1211767602400868,True,False,False
294,2024,Cyprus,Limassol,34.691184274815235,33.039944493839755,0.3566217241580575,True,51,1,0.9400683231708612,-2.044671901051329,2.044671901051329,True,False,False
357,2024,México,Ensenada,31.86898112857095,-116.59691878910036,0.3068347633222436,False,1,3,1.1383560688693088,-1.597778774506722,1.597778774506722,True,False,False
369,2024,Jamaica,May Pen,17.966010898133888,-77.24101587396754,0.7216774645421117,True,416,1,0.6420790440748205,-2.911855161269824,2.911855161269824,True,False,False
372,2024,Dominican Republic,Mao,19.550636087103356,-71.0801007807671,0.2034961769684235,True,0,0,0.6087966777713708,-1.435111157962663,1.435111157962663,True,False,False
377,2024,Argentina,San Salvador de Jujuy,-24.20238636198712,-65.28937528115898,0.2789937547423102,True,2,1,0.6469408413624074,-1.2393001496973604,1.2393001496973604,True,False,False
382,2024,Spain,Santa Cruz de Tenerife,28.45330525114644,-16.292758200051843,0.4212046926983015,True,8,5,1.2056941527196043,-1.3405761048797369,1.3405761048797369,True,False,False
406,2024,Norway,Stavanger,58.93156084376732,5.721374835926084,0.4552617755209245,True,9,6,2.3106541769778866,-1.407152879317057,1.407152879317057,True,True,True
414,2024,Gabon,Libreville,0.4073972485660622,9.46870197173177,0.377779723340921,True,3,1,0.9571893030830004,-0.9865188948694824,0.9865188948694824,True,False,False
416,2024,Czechia,Kladno,50.1485909343285,14.103858562702309,0.8104389190451177,True,195,12,1.9535103340608664,-1.2056338855849085,1.2056338855849085,True,True,False
419,2024,Croatia,Zagreb,45.8072758565089,15.99131883624371,0.4750189692406467,True,15,10,1.9462979705576269,-0.8962290151662814,0.8962290151662814,True,False,False
426,2024,Bosnia and Herzegovina,Sarajevo,43.853148221382575,18.36336794221645,0.4231891671044183,True,20,3,2.0132407833941475,-1.352315685349913,1.352315685349913,True,True,False
434,2024,Kosovo,Mitrovica,42.87946932720178,20.860681265768903,0.4027315706531255,False,2,2,1.749718045298191,-1.2669228467185605,1.2669228467185605,True,True,False
435,2024,Romania,Oradea,47.05554100772851,21.926110989145865,0.4266036304208253,True,7,3,1.8460574740369124,-1.150694128336555,1.150694128336555,True,True,False
438,2024,Belarus,Baranavichy,53.13011085889753,26.016782284497605,0.4624700869666724,False,1,1,1.425973705284041,-0.9176997968299996,0.9176997968299996,True,False,False
440,2024,Russia,Pskov,57.8176180279771,28.33353801383894,0.4066713360182104,True,1,0,1.2275271499608476,-1.1876170143441689,1.1876170143441689,True,False,False
450,2024,Cyprus,Strovolos [Nicosia],35.140961136335484,33.343242519465655,0.406729702912508,True,43,4,1.3308821125671917,-1.3942186137369734,1.3942186137369734,True,False,False
481,2024,Réunion,Saint-Denis,-20.90166606593254,55.46953035445651,0.4165353411544972,True,5,2,0.8766131603644174,-0.9117099924650668,0.9117099924650668,True,False,False
518,2024,Colombia,Pasto,1.2071747215247783,-77.2788706059121,0.3151812292067939,True,16,1,0.9789123568500604,-1.7327953883687006,1.7327953883687006,True,False,False
520,2024,Venezuela,Machiques,10.05777427684631,-72.5514558330729,0.1677756376583201,True,0,0,0.7888890247931128,-1.7166937059666725,1.7166937059666725,True,False,False
560,2024,Czechia,Prague,50.0724236648445,14.446623278369596,0.9002655693690539,True,200,11,2.032022535106501,-0.7919767547225727,0.7919767547225727,True,False,False
567,2024,Croatia,Split,43.52375774499279,16.454555809459293,0.4613902994221677,False,4,4,2.1185668128457285,-1.27858461152585,1.27858461152585,True,True,False
576,2024,Kosovo,Prizren,42.22318070612466,20.733584794205623,0.4851164419541236,True,7,5,1.3265423821389273,-0.7266099228317031,0.7266099228317031,True,False,False
577,2024,Romania,Satu Mare,47.79017691635119,22.87438738212667,0.3697542753750073,True,6,1,1.441301854285162,-1.304862944055333,1.304862944055333,True,True,False
578,2024,Lithuania,Vilnius,54.69552871215994,25.258880129248443,0.3889861670460515,False,2,2,1.5825886613628215,-1.2871060932857112,1.2871060932857112,True,True,False
584,2024,Belarus,Haleva,52.13122922380033,26.08949918862571,0.448783050253896,False,1,1,1.0185124864561828,-0.9248188587675434,0.9248188587675434,True,False,False
596,2024,Cyprus,Larnaca,34.930948294659,33.61714671918306,0.3959026440203116,True,32,3,1.0149662824600147,-1.111857081981367,1.111857081981367,True,False,False
643,2024,Taiwan,Toufen,24.69693462518394,120.8947389499911,0.3491215782408218,True,1,0,1.2347743146160672,-0.9146341262360348,0.9146341262360348,True,False,False
672,2024,Spain,Las Palmas de Gran Canaria,28.113616396879983,-15.432577546143404,0.3154146967839841,True,8,5,1.3778123500324428,-1.3912108341988103,1.3912108341988103,True,True,False
695,2024,Norway,Drammen,59.7453221052765,10.196591700890956,0.4296095254771493,True,15,14,0.6450120388949947,-0.8367448917096134,0.8367448917096134,True,False,False
703,2024,Poland,Koszalin,54.19440441533224,16.191724581314492,0.443150644954182,False,2,5,1.0375910564324868,-0.9474713301844618,0.9474713301844618,True,False,False
714,2024,Albania,Tirana,41.34431135021549,19.797376841458405,0.4745228506391175,False,3,4,1.296532659426966,-1.0170697883814646,1.0170697883814646,True,False,False
717,2024,Kosovo,Pristina,42.65243801226078,21.150400013750964,0.3527986925815677,False,1,1,0.6463544534695058,-0.9691983725328694,0.9691983725328694,True,False,False
774,2024,Vietnam,Yên Bái,21.715420185158635,104.8939487766186,0.1643319908947645,True,0,0,1.5254516720240894,-1.8451193575317943,1.8451193575317943,True,True,False
795,2024,Jamaica,Kingston,18.010851931739523,-76.7969751156583,0.7232825541352946,True,359,1,1.2832487459139823,-2.648021704795395,2.648021704795395,True,False,False
796,2024,Venezuela,Villa del Rosario,10.324118082213875,-72.31847990626501,0.1777855600303507,True,0,0,0.740692450857802,-1.7525341744014526,1.7525341744014526,True,False,False
806,2024,Spain,Telde,27.991117392501188,-15.393495697349596,0.3929259324111364,True,8,5,0.6353861611416952,-0.8717343273924258,0.8717343273924258,True,False,False
828,2024,Norway,Oslo,59.91511848399761,10.78400525978423,0.4332866398178953,True,18,13,2.1783370694485056,-1.331043960576512,1.331043960576512,True,True,False
846,2024,Albania,Elbasan,41.113702867101765,20.0863401700161,0.2569018852506858,False,4,4,0.6167272727769653,-1.072990277363293,1.072990277363293,True,False,False
847,2024,Kosovo,Ferizaj,42.37375650599321,21.159208306276057,0.3989669059709333,True,5,4,0.8472246809757292,-0.7564055069042692,0.7564055069042692,True,False,False
856,2024,Bulgaria,Varna,43.22072816934423,27.922827042990026,0.3815443880231133,True,4,3,0.9862626843999605,-0.909903473259394,0.909903473259394,True,False,False
876,2024,Iraq,Duhok,36.85837039364286,42.935819874144045,0.4008930134827526,False,2,3,0.6008097687786802,-0.8460031794491794,0.8460031794491794,True,False,False
902,2024,Vietnam,Làng Giao,21.816169917161965,105.20573587512946,0.178398412420475,True,1,0,0.7345671396510575,-1.317735234903983,1.317735234903983,True,False,False
922,2024,Colombia,Popayán,2.4461854722376857,-76.61443292058198,0.4787544504756902,True,39,1,0.9164427196008909,-0.8004386157708471,0.8004386157708471,True,False,False
929,2024,Brazil,Ji-Paraná,-10.878541783254828,-61.93716822698971,0.1765890386972509,True,1,0,0.6789823021079037,-1.7602527135566717,1.7602527135566717,True,False,False
958,2024,Sweden,Örebro,59.27819406289011,15.200617864188684,0.3847253837623299,False,2,3,1.6265785254340406,-1.2197171264004605,1.2197171264004605,True,True,False
959,2024,Czechia,Pardubice,50.03597748960888,15.769203259447128,0.9084223428471372,True,221,6,1.8028004031614908,-0.98053410014602,0.98053410014602,True,False,False
967,2024,Slovakia,Košice,48.71681436208878,21.25993898357388,0.397157532247709,True,10,4,1.3600045055154193,-1.2590095427030987,1.2590095427030987,True,True,False
972,2024,Romania,Cluj-Napoca,46.77251056725739,23.595601981041835,0.4481410144166229,True,7,4,1.7611687089191688,-0.9083113004426492,0.9083113004426492,True,False,False
975,2024,Greece,Chania,35.51040308584668,24.013085020660256,0.4555827934395611,True,39,1,0.8387985979032682,-0.7582763845436649,0.7582763845436649,True,False,False
1034,2024,Canada,Kelowna,49.88543744724415,-119.45043463886104,0.3973326329306017,True,28,4,0.7414446964549901,-1.395298314892217,1.395298314892217,True,False,False
1049,2024,Brazil,Boa Vista,2.8143539290164616,-60.713459674019234,0.4183738983248701,True,4,3,0.8674234888360157,-0.7948015917988707,0.7948015917988707,True,False,False
1063,2024,Ghana,Takoradi,4.939039160527094,-1.7465917331445655,0.4016809665557695,True,2,0,1.1161551395824474,-0.8082332618600472,0.8082332618600472,True,False,False
1078,2024,Sweden,Linköping,58.40427472409432,15.62476145405383,0.434891729411078,False,8,9,1.1615422967925404,-0.7695934757476378,0.7695934757476378,True,False,False
1090,2024,Romania,Târgu Jiu,45.03725096252335,23.27479678564729,0.4837156364909823,True,6,4,0.7624799471149484,-1.068413897005355,1.068413897005355,True,False,False
1093,2024,Greece,Heraklion,35.328129109185504,25.12901979088049,0.4125955757894122,True,29,3,0.9174694036297316,-0.9434503494084564,0.9434503494084564,True,False,False
1106,2024,Lebanon,Baalbek,34.005460924224344,36.20900675906304,0.2979046284947177,True,8,5,1.2163626800907987,-1.2734546464322922,1.2734546464322922,True,False,False
1120,2024,Kazakhstan,Petropavl,54.87168356718501,69.15870946039622,0.4189867507149944,True,4,3,1.1287814938170742,-1.053077004962474,1.053077004962474,True,False,False
1135,2024,Thailand,Phitsanulok,16.81015208823652,100.24901890235,0.4573921671627852,True,2,0,1.6742569967907153,-0.7267602810481507,0.7267602810481507,True,False,False
1137,2024,Malaysia,Taiping,4.856310510537072,100.72689961583175,0.2049845327730111,True,2,0,1.0905067494646552,-1.483992971227723,1.483992971227723,True,False,False
1139,2024,Cambodia,Siem Reap,13.35329519370153,103.86395979552996,0.3782466584953015,False,1,1,0.6720599370128976,-0.8839114843573422,0.8839114843573422,True,False,False
1152,2024,Canada,Lethbridge,49.69948722404636,-112.80921814620775,0.4388606782233117,True,10,8,1.0922239384939931,-1.1100759608257047,1.1100759608257047,True,False,False
1256,2024,New Zealand,Tauranga,-37.69198655487176,176.19086639102127,0.4528979163018736,True,3,1,1.310908998003709,-1.3113986970541551,1.3113986970541551,True,False,False
1258,2024,México,San José del Cabo,23.0867124120169,-109.71536599108931,0.3891904511760929,False,1,1,0.666427267539355,-0.7534864346984844,0.7534864346984844,True,False,False
1308,2024,Ukraine,Ivano-Frankivsk,48.92235863158118,24.716313820385164,0.4097064145216833,False,2,2,1.44920446942733,-1.065787168584177,1.065787168584177,True,False,False
1309,2024,Romania,Sibiu,45.791317739939686,24.14707139933884,0.4182279810891262,False,6,6,1.2115710931187575,-1.0965152488491203,1.0965152488491203,True,False,False
1311,2024,Russia,Petrozavodsk,61.78170165167181,34.35952723421428,0.3961652950446506,True,3,1,1.0021976732282971,-0.7606858381805883,0.7606858381805883,True,False,False
1349,2024,Thailand,Ranong,9.960240081250754,98.62388022217264,0.4158349384229265,True,3,1,1.1227384180738111,-0.7482647916581695,0.7482647916581695,True,False,False
1360,2024,Papua New Guinea,Port Moresby,-9.457710489164189,147.1817320013091,0.4166520749430922,True,5,0,0.8159334261940149,-0.8282791652124886,0.8282791652124886,True,False,False
1367,2024,Ecuador,Pasaje,-3.331004625007118,-79.80062246196714,0.3217766882624175,False,1,1,0.7547679786077022,-1.0919138326626163,1.0919138326626163,True,False,False
1373,2024,Dominican Republic,Bonao,18.923978334175057,-70.40362663878751,0.273244615654001,True,0,0,0.5892132897029335,-0.9572061013430448,0.9572061013430448,True,False,False
1406,2024,Hungary,Miskolc,48.09484280370037,20.76587914069425,0.4735889803303566,True,16,2,1.8191614744183908,-1.053081720007627,1.053081720007627,True,False,False
1410,2024,Ukraine,Ternopil,49.55672970707979,25.599085513266395,0.4033736064903986,False,2,3,0.8527943873059098,-1.0079079374524824,1.0079079374524824,True,False,False
1414,2024,Russia,Smolensk,54.78482186723398,32.051985171519355,0.4240938539660304,True,3,0,1.1011456035871638,-1.030436400796856,1.030436400796856,True,False,False
1445,2024,Nepal,Bharatpur,27.68491034215388,84.42289569539652,0.175917819412829,True,0,0,0.8072780307391504,-1.711668528965454,1.711668528965454,True,False,False
1449,2024,Thailand,Choeng Thale,8.00158987744583,98.32263627189307,0.3557170372964455,True,3,1,0.8659026338010187,-0.979348754261506,0.979348754261506,True,False,False
1482,2024,Côte d'Ivoire,Daloa,6.878489823104689,-6.444020968472167,0.3681200023346758,True,5,0,0.8444054831738844,-0.9338326045697938,0.9338326045697938,True,False,False
1504,2024,Czechia,Havířov,49.78642794156079,18.43575765530416,0.8121169672561722,True,146,9,1.885779907488249,-0.7467366104998774,0.7467366104998774,True,False,False
1507,2024,Hungary,Nyíregyháza,47.95115715688335,21.73046485565022,0.4143173991711901,True,17,1,1.5288467191002184,-1.3120263701064443,1.3120263701064443,True,True,False
1509,2024,Romania,Târgu Mureș,46.53684985874012,24.552010436653777,0.4695324811766765,True,6,4,1.1564573532379745,-0.9076335261066512,0.9076335261066512,True,False,False
1511,2024,Ukraine,Rivne,50.62382787609731,26.243816132634247,0.3863888402498103,False,1,2,1.0282688579297703,-1.0473733231366595,1.0473733231366595,True,False,False
1553,2024,Cambodia,Sihanoukville,10.62549734163446,103.52194656577451,0.4190159341621433,False,1,2,1.0533171130415475,-0.7903335584906253,0.7903335584906253,True,False,False
1581,2024,Spain,Cádiz,36.52166778021581,-6.280892597162008,0.428471371038347,False,5,5,0.9957313478644594,-1.1709988526138866,1.1709988526138866,True,False,False
1583,2024,Ghana,Obuasi,6.20121306058934,-1.663599168207325,0.1931360532306076,True,1,0,0.6960617578918191,-1.765879306296192,1.765879306296192,True,False,False
1603,2024,Hungary,Debrecen,47.52703933778225,21.636251581322604,0.4162435066830094,True,11,2,1.6939797063857502,-1.248159881342641,1.248159881342641,True,True,False
1607,2024,Ukraine,Chernivtsi,48.29037625458685,25.941255151161545,0.4042782933520107,True,2,1,1.3759290694372848,-1.1806375478018805,1.1806375478018805,True,True,False
1609,2024,Belarus,Homel,52.44122024006198,30.97380045391052,0.3684993871476099,True,3,1,1.5730874869135156,-1.2119244618323948,1.2119244618323948,True,True,False
1669,2024,Argentina,Tartagal,-22.51956863952452,-63.79850582357669,0.3619039280919862,False,1,1,0.8812688172507714,-0.8158322926865953,0.8158322926865953,True,False,False
1676,2024,Spain,El Puerto de Santa María,36.59557527935873,-6.241356345633568,0.3646471721239713,False,5,5,0.8965047286048073,-0.9598116516465424,0.9598116516465424,True,False,False
1753,2024,Canada,Regina,50.45459208902833,-104.60801244506192,0.412362108212222,True,6,2,1.889140669210153,-1.225188317905629,1.225188317905629,True,True,False
1757,2024,Venezuela,Ciudad Ojeda,10.203649782130888,-71.31996212368931,0.20787369404074,True,0,1,1.508306423149237,-1.7385808460601144,1.7385808460601144,True,True,False
1820,2024,India,Rajouri,33.38041772833057,74.3116780030883,0.1773478083231191,True,0,0,1.0335330117968984,-1.5992280746868683,1.5992280746868683,True,False,False
1855,2024,Spain,Jerez,36.68492830246883,-6.125717281324548,0.3752115799918286,False,4,4,0.6162656582439455,-1.3534822530903197,1.3534822530903197,True,False,False
1879,2024,Ukraine,Zhytomyr,50.26826002224257,28.667440930154303,0.3977120177435359,False,1,1,1.2261958117276284,-1.1525201991717815,1.1525201991717815,True,False,False
1883,2024,Russia,Cherepovets,59.12772677519615,37.89810609719849,0.33245782991887,True,1,0,1.4278192651637536,-1.3911931273639708,1.3911931273639708,True,True,False
1898,2024,Azerbaijan,Şirvan,39.9447906107646,48.93458584116525,0.3804937839257573,False,6,7,0.6900036653198581,-0.8054218471379073,0.8054218471379073,True,False,False
1941,2024,Spain,Mairena del Aljarafe,37.368757026059214,-6.049532432783965,0.4183447148777213,True,4,3,0.6930533838270924,-1.286550691787978,1.286550691787978,True,False,False
1963,2024,Romania,Suceava,47.66172811823844,26.256368405582897,0.3865931243798517,True,3,1,0.7472333888448369,-0.8111130361335934,0.8111130361335934,True,False,False
2024,2024,Spain,Seville,37.38753274202492,-5.959877041214945,0.4207669409910698,True,4,3,1.056058917464544,-1.1524891448211418,1.1524891448211418,True,False,False
2044,2024,Ukraine,Vinnytsia,49.23372752727358,28.479445311486597,0.3759995330648456,False,1,2,1.4095780955922377,-1.152665082122193,1.152665082122193,True,True,False
2045,2024,South Africa,Gqeberha,-33.92024960916613,25.549281960501737,0.3710091636024047,True,9,4,0.6697667978763453,-1.2005883607913723,1.2005883607913723,True,False,False
2151,2024,India,Porbandar,21.637854227693577,69.62368082274173,0.4138504640168097,False,1,2,1.1030316925852872,-0.8903472577789661,0.8903472577789661,True,False,False
2175,2024,Venezuela,Carora,10.170113544327345,-70.0739473440093,0.1715694857876612,True,0,0,0.8417656807413479,-1.7118887122733633,1.7118887122733633,True,False,False
2183,2024,Côte d'Ivoire,Korhogo,9.464002239042458,-5.62837868705561,0.359569252320084,True,5,1,1.1137993255339804,-0.9620106472223432,0.9620106472223432,True,False,False
2184,2024,Spain,Avilés,43.55402881973214,-5.90470345329237,0.3653767583026907,True,8,4,1.110713761128084,-0.9224769792904604,0.9224769792904604,True,False,False
2189,2024,France,Limoges,45.82913864645674,1.2574160589243908,0.3881106636315881,False,1,1,0.7507343194705645,-0.8320234223771509,0.8320234223771509,True,False,False
2204,2024,Ukraine,Bila Tserkva,49.7990930312463,30.1262092589523,0.4038989085390767,False,1,2,1.3576951976285252,-1.06523062754497,1.06523062754497,True,False,False
2283,2024,South Africa,Makhanda,-33.29901584384393,26.545146285516488,0.4156306542928851,True,7,2,0.9738185735920196,-1.3585583019221623,1.3585583019221623,True,False,False
2286,2024,Russia,Kaluga,54.52850648040404,36.27269678614344,0.3936555185898558,True,1,0,0.9430943342360688,-1.0545753828009647,1.0545753828009647,True,False,False
2309,2024,India,Motikhavdi,22.33717315195429,69.8692727718354,0.2949862837798401,False,1,1,1.081526856321369,-1.1114813319934742,1.1114813319934742,True,False,False
2333,2024,Canada,Sault Ste. Marie,46.521409563772096,-84.32457371397625,0.4497752874569544,False,3,4,1.938109588682749,-1.1412819668939471,1.1412819668939471,True,True,False
2341,2024,Spain,Algeciras,36.12818509353488,-5.445909877424661,0.3744819938131092,True,10,8,1.1393057819581285,-1.6200583744106651,1.6200583744106651,True,False,False
2377,2024,Saudi Arabia,Khamis Mushayt,18.295288734335028,42.73521254868097,0.387468627794315,True,14,2,0.6910454425090444,-1.098151665550899,1.098151665550899,True,False,False
2407,2024,Venezuela,El Tocuyo,9.788543087773574,-69.79059799533147,0.1980096889044534,True,0,1,0.7562656602418413,-1.5239911023924235,1.5239911023924235,True,False,False
2435,2024,Turkey,Bodrum,37.03617406880928,27.410590996365578,0.2928558921379793,True,8,2,1.0545479914543612,-1.237122285484219,1.237122285484219,True,False,False
2472,2024,México,Mazatlán,23.24012446361616,-106.41006134946387,0.4163894239187533,False,1,3,0.8375607556426197,-0.8278665822605384,0.8278665822605384,True,False,False
2542,2024,México,Puerto Vallarta,20.647283981948604,-105.22179610808614,0.4106694682775929,True,0,1,1.0661100819349083,-0.8916201868463269,0.8916201868463269,True,False,False
2556,2024,Spain,Gijón,43.53421288601173,-5.674447744466471,0.4213214264868966,True,5,3,2.2684148241752164,-1.4241834260795838,1.4241834260795838,True,True,True
2601,2024,Malaysia,Bukit Rangin,3.77977601400898,103.25671526068793,0.4059709332866398,True,2,1,0.7615042405102931,-0.7690001142130304,0.7690001142130304,True,False,False
2604,2024,Japan,Hakodate,41.79563123681154,140.72991349726226,0.4413996381252553,True,3,2,1.9905596820624951,-1.501363659772256,1.501363659772256,True,True,True
2617,2024,Argentina,Río Cuarto,-33.12169000179636,-64.3482645528347,0.3736940407400922,False,1,1,1.338980034604993,-0.9036081723407255,0.9036081723407255,True,False,False
2621,2024,Spain,Ceuta,35.89107751486948,-5.31612195330365,0.4430630946127356,True,11,7,1.0733283172057455,-0.7291351220654907,0.7291351220654907,True,False,False
2648,2024,Iraq,Soran,36.654021089252765,44.54114919964739,0.308089651549641,False,2,3,0.7066149788315489,-0.7872650257972994,0.7872650257972994,True,False,False
2665,2024,Malaysia,Kuantan,3.8227893081242974,103.31670689850807,0.3517772719313605,True,2,1,0.840159603084165,-0.8839705651761958,0.8839705651761958,True,False,False
2672,2024,México,Manzanillo,19.08647928758664,-104.30728510127209,0.4214381602754917,False,2,3,0.861268736230153,-0.7486939957043777,0.7486939957043777,True,False,False
2700,2024,Romania,Galați,45.43805184244556,28.02057555582976,0.4087141773186248,True,2,1,1.6483763853786446,-1.1604953897400383,1.1604953897400383,True,True,False
2702,2024,Ukraine,Smila,49.21277582710231,31.8876179943116,0.3355512753166403,False,1,2,1.1616061587268944,-1.3250666798593578,1.3250666798593578,True,False,False
2720,2024,Kazakhstan,Semey,50.40837199235556,80.24790919170026,0.4267495476565692,False,1,2,0.7866139896899903,-0.8772170565763193,0.8772170565763193,True,False,False
2726,2024,Thailand,Trang,7.560055563259256,99.6111106250056,0.4019728010272573,True,2,1,1.1925690003505984,-0.9279887349575522,0.9279887349575522,True,False,False
2745,2024,Argentina,Presidencia Roque Sáenz Peña,-26.78929105069331,-60.439687924599866,0.3947061226872118,False,1,1,0.6336850204350544,-0.9921211207628368,0.9921211207628368,True,False,False
2748,2024,Côte d'Ivoire,Bouaké,7.6978951233008654,-5.0349106366806025,0.3956691764431214,True,8,1,1.1282019311267282,-0.8908970456789835,0.8908970456789835,True,False,False
2749,2024,Spain,Marbella,36.49587379648291,-4.956322504768691,0.2773011148076811,True,7,5,1.820491855989092,-1.8675251288422137,1.8675251288422137,True,True,True
2764,2024,Romania,Brăila,45.27467664174067,27.95771216560702,0.3750656627560847,True,2,1,0.9050557417512044,-1.1431488499112428,1.1431488499112428,True,False,False
2766,2024,Ukraine,Cherkasy,49.423655004021214,32.065136254073266,0.473530613436059,False,2,2,1.1542902587922477,-0.8421500105118656,0.8421500105118656,True,False,False
2778,2024,Iran,Ilam,33.63346674827405,46.40378288551808,0.4446098173116208,False,1,1,1.3186534773595282,-1.0675315442601967,1.0675315442601967,True,False,False
2784,2024,Kazakhstan,Ust-Kamenogorsk,49.96649123290784,82.59821498679155,0.4478783633922839,True,4,2,1.765081994799064,-0.8593669394166088,0.8593669394166088,True,False,False
2800,2024,México,Tecoman,18.91223845395614,-103.87945111768296,0.2420766940991069,True,3,2,0.7415198288383381,-1.378100849430328,1.378100849430328,True,False,False
2805,2024,Venezuela,Acarigua,9.564309433815398,-69.21193957700476,0.437255588630129,True,1,0,1.330608424498626,-0.8137261148597665,0.8137261148597665,True,False,False
2812,2024,Spain,Córdoba,37.8872596252307,-4.7851000245410775,0.3854549699410494,False,2,3,0.6859062413371967,-1.262445445778042,1.262445445778042,True,False,False
2827,2024,Romania,Constanța,44.188811939423054,28.631353708680223,0.4317399171190101,True,7,6,1.0920643744117433,-1.120425755711141,1.120425755711141,True,False,False
2863,2024,México,Tepic,21.49895416556683,-104.87806176941535,0.4167396252845386,False,1,1,0.8488981231818254,-0.7757759865953233,0.7757759865953233,True,False,False
2874,2024,Côte d'Ivoire,Dabou,5.326520356108992,-4.376279069120959,0.2074067588863596,True,27,0,0.6205081347978093,-1.8231521877309875,1.8231521877309875,True,False,False
2892,2024,South Africa,Sisulu Village,-32.94225146077392,27.731151810494104,0.3487130099807389,True,13,2,0.736530469010207,-1.253803571750992,1.253803571750992,True,False,False
2894,2024,Russia,Oryol,52.969969588085135,36.08355317797731,0.3897157532247708,True,1,0,1.4448495167362156,-1.202281556957561,1.202281556957561,True,True,False
2901,2024,Iraq,koya,36.08258405983353,44.63292283338054,0.205655752057433,True,0,0,0.7327846131073558,-0.8531345680311899,0.8531345680311899,True,False,False
2915,2024,Thailand,Nakhon Si Thammarat,8.434094389327614,99.95976580758294,0.4224012140314013,False,3,4,1.3214053543944284,-0.8732403751116139,0.8732403751116139,True,False,False
2930,2024,Venezuela,San Carlos,9.655612533044902,-68.58114512654703,0.1760637366485729,True,0,1,0.6723455672706208,-1.7601877087455409,1.7601877087455409,True,False,False
2937,2024,Spain,Fuengirola,36.54306355035559,-4.626195127760844,0.3743068931302165,True,7,5,1.269188001605703,-1.387327823590777,1.387327823590777,True,False,False
2954,2024,South Africa,East London,-33.00428747515206,27.87307303711002,0.4028483044417206,True,11,1,0.6978392280030641,-1.136171053063165,1.136171053063165,True,False,False
3013,2024,Ukraine,Mykolaiv,46.96255803649642,32.01060451948514,0.3737524076343897,False,1,2,1.0444575099521338,-1.181062289756403,1.181062289756403,True,False,False
3016,2024,Russia,Sergiyev Posad,56.30944000315393,38.14118683379869,0.2399463024572462,True,1,0,2.004113173516029,-1.949928268744994,1.949928268744994,True,True,True
3024,2024,Iran,Kamyaran,34.79531675956501,46.94375401319248,0.2070273740734255,True,1,0,0.7178890306177482,-1.011821471283756,1.011821471283756,True,False,False
3056,2024,Spain,Torremolinos,36.613529764803495,-4.522319673058799,0.3881398470787369,True,6,4,0.9081516209577124,-0.8646475791554302,0.8646475791554302,True,False,False
3084,2024,Iran,Kermanshah,34.34121945058197,47.08936862558964,0.4436759470028599,False,1,2,1.009106474212362,-1.0060164477156404,1.0060164477156404,True,False,False
3099,2024,Malaysia,Sibu,2.304622581787489,111.84455865842706,0.3353469911865989,True,2,1,0.6214900484704844,-1.0492977802481676,1.0492977802481676,True,False,False
3111,2024,Chile,Valdivia,-39.82760572741287,-73.22795684059129,0.4092394793673028,True,4,1,0.8039830023477764,-1.3279742332890208,1.3279742332890208,True,False,False
3112,2024,Argentina,Santa Fe,-31.61334563458476,-60.70747949741441,0.3424677522909006,True,3,2,1.2000567001833258,-1.2710242775928289,1.2710242775928289,True,False,False
3115,2024,Spain,Málaga,36.71893154446604,-4.4430091200449855,0.4517305784159224,True,8,6,1.2587858036589958,-1.0965183821874582,1.0965183821874582,True,False,False
3116,2024,Côte d'Ivoire,Adzopé,6.107742775290115,-3.8606798210187727,0.1653242280978229,True,3,0,0.8510750215069912,-1.0295637860363454,1.0295637860363454,True,False,False
3150,2024,China,Jiayuguan,39.79431428033346,98.27557681323088,0.3272631763263876,False,1,1,1.0600894769469538,-0.7939477571389262,0.7939477571389262,True,False,False
3158,2024,South Korea,Jeju-si,33.510517312933416,126.542567668212,0.4772952781182513,True,10,6,2.1669552494727906,-0.9630730965677304,0.9630730965677304,True,False,False
3214,2024,Malaysia,Miri,4.358443884400806,113.97668688685184,0.4209420416739625,True,3,2,0.6171684820738111,-0.7327083053787242,0.7327083053787242,True,False,False
3224,2024,Chile,Puerto Montt,-41.46443442598931,-72.95156242038752,0.361670460514796,True,4,1,0.8782651627174508,-1.5436101283694674,1.5436101283694674,True,False,False
3228,2024,Côte d'Ivoire,Abengourou,6.731207740302829,-3.498046550854593,0.1606840600011673,True,1,0,0.6954541403540234,-1.7612526914644304,1.7612526914644304,True,False,False
3259,2024,Afghanistan,Mazar i sharif,36.70861266748891,67.11627575456257,0.3790637950154672,False,1,1,0.6052029024201098,-0.7711618250566944,0.7711618250566944,True,False,False
3262,2024,China,Lhasa,29.656056818258023,91.1074385166651,0.2235452051596334,True,2,0,0.698549662182658,-1.3930059523384504,1.3930059523384504,True,False,False
3274,2024,México,Durango,24.027384942743232,-104.64698027362952,0.4051829802136228,False,1,3,0.7572594344599101,-1.0669574054142958,1.0669574054142958,True,False,False
3280,2024,Argentina,Resistencia,-27.45939242556392,-58.98668248446467,0.454152804529271,False,2,2,1.0262762521001667,-0.7765554976674072,0.7765554976674072,True,False,False
3301,2024,Russia,Alexandrov,56.392211728847904,38.71685986835421,0.4537734197163368,True,1,0,1.0693229707276193,-0.8750256284752636,0.8750256284752636,True,False,False
3325,2024,Malaysia,Kampong Pulau Melayu,4.429695321544574,114.006727663332,0.3568551917352477,True,3,2,0.7219597862578163,-1.0125487578826462,1.0125487578826462,True,False,False
3339,2024,Côte d'Ivoire,Agnibilékrou,7.136361958625188,-3.2032318452783413,0.1639526060818303,True,4,0,0.7187240542981906,-1.2300772570943947,1.2300772570943947,True,False,False
3364,2024,Iran,Asadabad,34.78151686385022,48.12473704614788,0.2418140430747679,False,2,2,1.0445504577697864,-1.417881629408483,1.417881629408483,True,False,False
3389,2024,Argentina,Corrientes,-27.485373334120816,-58.808130122200325,0.3954065254187824,False,2,2,0.8664424148372304,-0.9233316798815404,0.9233316798815404,True,False,False
3406,2024,Turkey,Muğla,37.214958114315344,28.36407928688176,0.489523142473589,True,3,1,0.6971969771323447,-0.7574558476827834,0.7574558476827834,True,False,False
3429,2024,Thailand,Hat Yai,7.002975163848336,100.46892168317892,0.4321776688262417,True,7,4,1.2605415911945748,-0.7326756133327867,0.7326756133327867,True,False,False
3498,2024,Spain,Santander,43.450775788822526,-3.827172897633371,0.4445514504173233,False,4,5,1.6155817900702032,-1.300693173075706,1.300693173075706,True,True,False
3522,2024,Iran,Hamedan,34.80884783963251,48.51764409437764,0.4137920971225121,False,1,2,1.2486716487424878,-0.9963143006245012,0.9963143006245012,True,False,False
3600,2024,Brazil,Paranavaí,-23.08805843365583,-52.46007843025476,0.1947703262709391,True,0,0,0.6101046909414236,-1.6565062697604436,1.6565062697604436,True,False,False
3617,2024,Russia,Tula,54.19351299373917,37.62206699977974,0.4180528804062335,True,2,0,1.4804232568425055,-1.1029171120313568,1.1029171120313568,True,False,False
3666,2024,Turkey,Denizli,37.78768116957828,29.074782136696705,0.4817019786377166,True,2,0,0.7172002245076715,-0.9211073732732772,0.9211073732732772,True,False,False
3689,2024,Indonesia,Dumai,1.6706457818867568,101.45040193088444,0.1606840600011673,True,0,0,0.8128778575742532,-1.6524162881332154,1.6524162881332154,True,False,False
3732,2024,India,Junagadh,21.52552322825244,70.45105165169402,0.2870483861553727,False,1,1,0.9383212014417192,-1.0153350016023035,1.0153350016023035,True,False,False
3766,2024,Ukraine,Zaporizhzhia,47.84490028815984,35.137392025118174,0.3492674954765657,False,1,1,1.3990592949378913,-1.6468778356128824,1.6468778356128824,True,True,False
3780,2024,China,Xining,36.627604399675306,101.75468312555678,0.2842759586762388,True,2,1,0.8545631339732641,-0.9680456118620132,0.9680456118620132,True,False,False
3794,2024,Argentina,Comodoro Rivadavia,-45.87339301479429,-67.51964041145925,0.3645596217825249,True,2,1,1.0741043350229225,-0.9259794745673756,0.9259794745673756,True,False,False
3795,2024,Brazil,Francisco Beltrão,-26.06477502842773,-53.05395581542555,0.2327963579057958,False,2,2,0.6767331320172272,-1.8124615285878456,1.8124615285878456,True,False,False
3839,2024,Argentina,San Nicolás de los Arroyos,-33.345125079789995,-60.21225886838036,0.1755676180470437,True,0,0,0.736088332429766,-2.0309826823085397,2.0309826823085397,True,False,False
3853,2024,Turkey,Fethiye,36.64521818839504,29.14848589675159,0.420883674779665,False,2,2,1.173598545134395,-1.3793644203864766,1.3793644203864766,True,False,False
3908,2024,Iran,Malayer,34.29854533614774,48.81518441528672,0.4563415630654293,False,1,1,0.830656065546648,-0.8047141093018632,0.8047141093018632,True,False,False
3929,2024,Brazil,Campo Mourão,-24.033360180137915,-52.3771408460793,0.456108095488239,True,1,0,0.6675668192825462,-0.7727420865508247,0.7727420865508247,True,False,False
3944,2024,Russia,Belgorod,50.591020662932536,36.59090768940874,0.4135878129924706,False,1,3,1.732563944176238,-1.151700284088394,1.151700284088394,True,True,False
3945,2024,Ukraine,Pavlohrad,48.52958353289841,35.86945750508257,0.4444930835230257,True,0,2,0.7780294411616359,-1.0282121621224811,1.0282121621224811,True,False,False
3974,2024,Spain,Bilbao,43.30424993508757,-2.9831114857175978,0.4003385279869258,True,8,6,2.1068706082327124,-1.4098300368920862,1.4098300368920862,True,True,True
3988,2024,Ukraine,Melitopol,46.84657753572397,35.366561119018485,0.469736765306718,False,3,4,0.6216813324259511,-0.813520683248177,0.813520683248177,True,False,False
3998,2024,India,Wankaner,22.614059855735185,70.9493693754888,0.2412595575789412,False,1,1,0.916340711746009,-1.2841059209003705,1.2841059209003705,True,False,False
4013,2024,Argentina,Bahía Blanca,-38.73409864273809,-62.27018479828317,0.3756493316990603,False,1,1,1.1925247145759372,-1.2175818034283326,1.2175818034283326,True,False,False
4014,2024,Brazil,Santa Maria,-29.693511984025,-53.82694353070775,0.3562131558979746,True,5,3,1.1343942004856409,-1.2747232315039936,1.2747232315039936,True,False,False
4098,2024,Canada,St. John's,47.5663564306878,-52.73130773118151,0.4008054631413063,True,9,3,1.0779738364586955,-0.948818931847904,0.948818931847904,True,False,False
4100,2024,Spain,Logroño,42.46192863022692,-2.4391067581215338,0.414463316406934,False,2,2,0.6602336626738126,-0.8552112497974044,0.8552112497974044,True,False,False
4112,2024,Russia,Vladimir,56.14260768565399,40.40376838899926,0.4183155314305726,True,1,0,1.376378495610585,-0.9841012800966736,0.9841012800966736,True,False,False
4114,2024,Ukraine,Pokrovsk,48.28166767330193,37.17570808036999,0.3621082122220276,True,1,0,0.5912379031432828,-0.8426652882608934,0.8426652882608934,True,False,False
4128,2024,Thailand,Saen Suk,15.18440442856103,104.8623477273624,0.3860970057783225,True,3,1,1.1218213339031304,-0.8179521506168205,0.8179521506168205,True,False,False
4136,2024,Venezuela,Zaraza,9.34908963370564,-65.32550955010302,0.1741959960310511,True,0,0,0.6640885194194954,-1.7017715239551032,1.7017715239551032,True,False,False
4152,2024,Russia,Ryazan,54.62382762642672,39.71299105561306,0.4832487013366018,True,1,0,1.5934558164618404,-0.7503165924731964,0.7503165924731964,True,False,False
4168,2024,Vietnam,Cẩm Phả,21.006731092656647,107.31291242745772,0.1840016342730403,True,0,0,0.612526876202738,-1.5731789664126812,1.5731789664126812,True,False,False
4173,2024,México,Pénjamo,20.43110955574977,-101.72411124374094,0.1814334909239479,True,0,0,0.598320019360322,-1.671293796803381,1.671293796803381,True,False,False
4175,2024,Venezuela,Barcelona,10.174473929390754,-64.65928245032539,0.3804354170314597,False,1,1,1.2699118864150083,-1.1130097290037395,1.1130097290037395,True,False,False
4176,2024,Argentina,Concordia,-31.376559899757037,-58.01931725329143,0.3879355629486955,True,3,1,0.658264677883183,-1.04396431433118,1.04396431433118,True,False,False
4214,2024,Venezuela,Anaco,9.434856573035022,-64.46538511075084,0.1840600011673379,True,0,0,0.921836872606932,-1.797781331605494,1.797781331605494,True,False,False
4225,2024,Poland,Stalowa Wola,50.56429830820283,22.05821418690937,0.2954240354870717,False,1,3,1.4513857304788464,-1.6535643809653215,1.6535643809653215,True,True,False
4231,2024,Ukraine,Druzhkivka,48.617159391031365,37.53338715626956,0.2611918519815561,False,1,2,0.8029199224374911,-1.997503852723774,1.997503852723774,True,False,False
4252,2024,Venezuela,El Tigre,8.886615052963924,-64.24828170604498,0.3550750014591723,True,0,1,0.6743303381534241,-0.9684564097184152,0.9684564097184152,True,False,False
4254,2024,Brazil,Chapecó,-27.098103909623905,-52.62881080655073,0.4499795715869958,True,4,2,1.0809544239997328,-0.8656111836677121,0.8656111836677121,True,False,False
4262,2024,Italy,Trapani,38.018944695426754,12.532002069869648,0.3591606840600012,True,3,0,1.002941151441297,-1.516636462816129,1.516636462816129,True,False,False
4263,2024,Poland,Rzeszów,50.03082696686238,22.00213254868576,0.3751823965446799,False,3,3,2.088819564008978,-1.3500475541652472,1.3500475541652472,True,True,False
4289,2024,Colombia,Barrancabermeja,7.06361960003223,-73.8498530406046,0.3941224537442362,True,10,1,0.5892959425340333,-0.7789560175322414,0.7789560175322414,True,False,False
4290,2024,Venezuela,San José de Guanipa,8.883994702281601,-64.16696988665694,0.3893947353061344,True,0,1,0.6487725844181766,-0.8152020878569668,0.8152020878569668,True,False,False
4328,2024,Venezuela,Cumana,10.448318386586449,-64.16252924413266,0.4302807447615712,False,1,1,1.238000689282886,-0.773656199298226,0.773656199298226,True,False,False
4339,2024,Poland,Lublin,51.23979441363613,22.5548863825887,0.374627911048853,False,2,2,2.027847687537088,-1.2696984670728897,1.2696984670728897,True,True,False
4366,2024,Venezuela,Porlamar,10.966579471122444,-63.86492089737612,0.3556586704021479,False,1,1,0.9929857745435136,-1.2427733047711156,1.2427733047711156,True,False,False
4375,2024,Germany,Fulda,50.553709085388725,9.69005343270496,0.4420708574096772,True,15,1,2.12760381523735,-1.283499668493838,1.283499668493838,True,True,False
4379,2024,Turkey,Karadeniz Ereğli,41.265006816910976,31.422626817918783,0.2029416914725967,False,2,2,1.326610357886486,-1.7206995296915917,1.7206995296915917,True,False,False
4383,2024,Ukraine,Donetsk,47.996512904931976,37.80387638779562,0.3793848129341037,True,2,0,1.626628402811658,-1.57982382452125,1.57982382452125,True,True,False
4396,2024,Indonesia,Tanjung Balai Karimun,1.0004031560665618,103.41246827087332,0.1997023288390824,True,0,0,0.7839839335346823,-1.5599472457862549,1.5599472457862549,True,False,False
4404,2024,Venezuela,Ciudad Bolivar,8.097964599334269,-63.55199617979513,0.43699293760579,False,1,1,1.028128190412226,-0.7551953988814768,0.7551953988814768,True,False,False
4421,2024,Ukraine,Horlivka,48.30851377714698,38.04003895031553,0.2760754100274324,False,3,3,1.0686040134413075,-1.5988857695407996,1.5988857695407996,True,False,False
4448,2024,Algeria,Bejaia,36.74285672704232,5.057716878192318,0.4295803420300005,True,1,0,0.6551301950750287,-1.2093323481846667,1.2093323481846667,True,False,False
4458,2024,Ukraine,Makiivka,48.05340309378696,37.96104200162811,0.3439269246483394,True,3,1,0.8203448577714328,-1.5535860474859216,1.5535860474859216,True,False,False
4468,2024,India,Kodinar,20.79792105694453,70.69749812575063,0.2960660713243448,False,2,2,0.6307970980984744,-1.1179258017821794,1.1179258017821794,True,False,False
4480,2024,Venezuela,Maturin,9.727769646013272,-63.19054255322583,0.4131208778380902,False,1,1,0.8599656205571885,-0.8482892039906789,0.8482892039906789,True,False,False
4495,2024,Ukraine,Mariupol,47.111701660825176,37.5721489369602,0.3667191968715344,False,1,2,1.170283127300126,-1.6044930199543423,1.6044930199543423,True,False,False
4517,2024,Venezuela,El Zorro,9.782074049577652,-63.199100620006256,0.3961361115975019,False,1,1,0.7486617156826755,-0.9174927946872036,0.9174927946872036,True,False,False
4569,2024,Ukraine,Sievierodonetsk,48.94404754495278,38.48804627158147,0.2106753049670227,True,0,0,1.2950407774657458,-2.293135191174287,2.293135191174287,True,False,False
4575,2024,Iran,Arak,34.08783139918193,49.69241877470613,0.3401038930718496,True,1,0,1.2094573798502974,-0.8198050449712071,0.8198050449712071,True,False,False
4588,2024,United States,Medford,42.34198130033722,-122.87402564160824,0.4282379034611568,False,2,3,1.5652844956540672,-0.8112174877090317,0.8112174877090317,True,False,False
4606,2024,Ukraine,Yenakiieve,48.22495050760124,38.20895548055625,0.3111539135002626,False,3,3,1.4601873511532328,-1.6828285593690522,1.6828285593690522,True,True,False
4607,2024,Russia,Anapa,44.890240649475686,37.335855702012616,0.3553668359306601,True,3,2,0.6010036005571873,-0.949696229782478,0.949696229782478,True,False,False
4628,2024,Venezuela,San Félix,8.345778193331604,-62.64077834473875,0.3436642736240005,True,0,1,0.9713189655787224,-1.2630953460649992,1.2630953460649992,True,False,False
4643,2024,Ukraine,Khartsyzk,48.03999380669883,38.14219613311241,0.2818537325628903,True,3,2,0.9284429737257897,-1.8540140430465823,1.8540140430465823,True,False,False
4663,2024,México,Acapulco,16.866345612901984,-99.8499276693155,0.3372147318041207,False,2,2,1.4335976755604067,-1.2435066241996413,1.2435066241996413,True,True,False
4665,2024,Venezuela,Upata,8.009614541228272,-62.398695836186974,0.2071441078620206,True,0,0,0.7124519594678141,-1.5473710500466475,1.5473710500466475,True,False,False
4677,2024,Turkey,Manavgat,36.79217522818895,31.4008225780504,0.1987976419774703,True,2,0,0.6043569267384389,-2.249941198628325,2.249941198628325,True,False,False
4680,2024,Ukraine,Kadiivka,48.56169027630351,38.64343375915284,0.281240880172766,True,4,3,0.8614413885466862,-1.7192593390008335,1.7192593390008335,True,False,False
4681,2024,Russia,Tambov,52.731866382122746,41.43007115363723,0.3682659195704196,True,2,0,1.494593428793544,-1.299035381251806,1.299035381251806,True,True,False
4701,2024,Colombia,Bucaramanga,7.100282118839145,-73.11473582673241,0.3794139963812525,True,18,1,0.6590164902037529,-0.8501635052186636,0.8501635052186636,True,False,False
4702,2024,Venezuela,Tucupita,9.068675121045668,-62.05942873607939,0.1877954824023814,True,0,0,0.6064674451843081,-1.749254132159745,1.749254132159745,True,False,False
4703,2024,Argentina,Tandil,-37.31457171531567,-59.13777926263861,0.3587229323527695,False,1,1,1.0609011180898391,-1.5364398925486324,1.5364398925486324,True,False,False
4704,2024,Brazil,Cachoeira do Sul,-30.02843366184937,-52.90139934157647,0.2020953715052822,True,1,0,1.0088146849791957,-1.952904897406465,1.952904897406465,True,False,False
4718,2024,Russia,Yeysk,46.70180901656172,38.28244102806387,0.5882945193486254,False,1,1,1.6108677742985658,-0.7541571212261483,0.7541571212261483,True,False,False
4740,2024,Brazil,Guarapuava,-25.384311189795795,-51.475223143917134,0.4607190801377459,False,1,2,1.1643129715022782,-1.1025211456998252,1.1025211456998252,True,False,False
4753,2024,Ukraine,Alchevsk,48.46475386002615,38.801245319016985,0.273769917702679,True,3,1,1.829924191649208,-1.636360256103787,1.636360256103787,True,True,True
4754,2024,Russia,Novorossiysk,44.71781193601028,37.765193006469126,0.4905445631237962,True,3,1,1.5692090824065232,-0.7470469608047848,0.7470469608047848,True,False,False
4779,2024,Spain,Ibiza,38.907554824737936,1.4258189095954823,0.3988793556294869,False,1,1,1.0996049056788118,-0.8474594032491791,0.8474594032491791,True,False,False
4783,2024,Germany,Schweinfurt,50.04483730969663,10.224116078925102,0.4268662814451643,True,10,2,1.9835286398314167,-1.2892197171796769,1.2892197171796769,True,True,False
4789,2024,Ukraine,Luhansk,48.5610640310617,39.319227778102885,0.4082180587170956,True,2,0,1.171888872033903,-1.4234648324999903,1.4234648324999903,True,False,False
4818,2024,France,Ajaccio,41.93226498553215,8.75034399954601,0.417469211463258,False,1,2,0.7719241242470146,-0.7593198024360241,0.7593198024360241,True,False,False
4864,2024,Iran,Saveh,35.02621442245155,50.35716132629128,0.1835638825658086,True,0,1,0.6379009258235224,-1.8341969043039936,1.8341969043039936,True,False,False
4942,2024,México,Celaya,20.53157596304111,-100.820914131576,0.1809957392167162,False,1,2,0.8877052833276559,-1.837504380823704,1.837504380823704,True,False,False
4943,2024,Colombia,Cúcuta,7.88075213567261,-72.50395080200171,0.4059125663923422,True,10,3,0.7715512782693023,-0.8183788720329026,0.8183788720329026,True,False,False
4973,2024,México,Zitácuaro,19.43110375662993,-100.3504266348978,0.1813459405825016,True,0,0,0.6249130791041654,-1.6027672890580142,1.6027672890580142,True,False,False
4982,2024,Italy,Barletta,41.317273878285725,16.281565208087486,0.2702095371505282,False,1,1,1.0277839030336982,-1.3168882911693591,1.3168882911693591,True,False,False
4987,2024,Russia,Rostov-on-Don,47.25196383869759,39.71407034376893,0.3835580458763789,True,3,2,1.344581626670185,-1.6086594783777772,1.6086594783777772,True,False,False
5013,2024,Italy,Andria,41.22831548397832,16.298067516421757,0.268400163427304,False,1,1,0.9816197285082204,-1.5129764816417457,1.5129764816417457,True,False,False
5049,2024,Russia,Bataysk,47.12955957471743,39.73553806697481,0.3426136695266444,True,3,2,1.126143590669465,-1.8142489291586168,1.8142489291586168,True,False,False
5066,2024,México,San Miguel de Allende,20.911350823981117,-100.74229591941506,0.1945076752466001,True,0,1,0.7574955526710777,-1.6105621156280394,1.6105621156280394,True,False,False
5075,2024,Italy,Bisceglie,41.24305674920215,16.496386442414856,0.2929434424794256,False,2,3,0.7033027095683083,-1.1701461835735285,1.1701461835735285,True,False,False
5077,2024,Turkey,Konya,37.8592467464056,32.487220898231264,0.3421759178194128,True,2,1,0.821919117796965,-1.3987172455919672,1.3987172455919672,True,False,False
5127,2024,México,Iguala,18.350038843594863,-99.5320194213921,0.2294402614836864,True,0,1,0.682729480982175,-1.4179386902778357,1.4179386902778357,True,False,False
5136,2024,Italy,Molfetta,41.201497775994696,16.59672432809942,0.3361349442596159,False,2,3,0.6954201862515644,-0.7996184697363042,0.7996184697363042,True,False,False
5161,2024,Spain,Palma de Mallorca,39.56532532020063,2.667635272215441,0.4326154205334734,True,12,7,1.5310458540324867,-1.1101901903882327,1.1101901903882327,True,False,False
5177,2024,India,Una,20.822313960632304,71.0384273568668,0.332195178894531,False,1,1,0.7375560550218039,-0.7531280987453651,0.7531280987453651,True,False,False
5182,2024,Vietnam,Bến Tre,10.262657845231145,106.36785651614044,0.2653942683709799,True,0,0,0.6400165293159593,-0.9162799845828165,0.9162799845828165,True,False,False
5184,2024,Japan,Nagaoka,37.45313584903111,138.84066197794445,0.4815560614019727,True,3,0,2.155091352487565,-1.349742963361196,1.349742963361196,True,True,False
5236,2024,China,Baotou,40.6475330272428,109.81710216153662,0.3341212864063503,True,0,1,0.8394768793575113,-1.0431796494157837,1.0431796494157837,True,False,False
5273,2024,Brazil,Telêmaco Borba,-24.3268848550261,-50.63049081831822,0.3091694390941458,False,1,2,0.8348984961987431,-1.1823356758953374,1.1823356758953374,True,False,False
5282,2024,Russia,Balashov,51.545673401709166,43.17103584449226,0.4690947294694449,True,1,0,1.0284165697133243,-0.7520869900721092,0.7520869900721092,True,False,False
5298,2024,México,San Luis de la Paz,21.293380323095096,-100.5134937597004,0.1699935796416272,True,0,0,0.7984885138261533,-1.9489093952745853,1.9489093952745853,True,False,False
5320,2024,Vietnam,Phước Vĩnh,11.281970521097149,106.7825550191208,0.4435592132142649,True,0,0,0.8811611228470443,-0.7423379987986304,0.7423379987986304,True,False,False
5346,2024,Vietnam,Đồng Xoài,11.527303211541742,106.89163924198375,0.2862020661880581,True,0,0,0.7372557662795258,-0.9553715469426368,0.9553715469426368,True,False,False
5360,2024,Russia,Saransk,54.1926487364862,45.17703867060992,0.3781007412595575,True,1,0,0.9770810284661376,-1.1874800513158226,1.1874800513158226,True,False,False
5369,2024,China,Donghe,40.589124557242805,110.00171762427075,0.4409618864180236,True,0,1,0.715264038942238,-0.7900700566612525,0.7900700566612525,True,False,False
5378,2024,Brazil,Lajeado,-29.471833308918225,-51.96663243563087,0.2004610984649506,True,6,1,0.6232450652976557,-2.005805150226252,2.005805150226252,True,False,False
5412,2024,Russia,Sochi,43.5974994144248,39.73610367407588,0.4402031167921554,True,5,0,1.692216764601912,-0.7296697907475467,0.7296697907475467,True,False,False
5432,2024,Algeria,Skikda,36.86677596702449,6.936035986704657,0.3859510885425786,False,1,1,0.6773033514264726,-1.4382353097273075,1.4382353097273075,True,False,False
5477,2024,México,Tepeji de Ocampo,19.907090576117508,-99.34443728930296,0.2733613494425961,False,2,3,0.6019614579606889,-1.211405392031586,1.211405392031586,True,False,False
5511,2024,Turkey,Samsun,41.3032006541007,36.30897078435137,0.450738341212864,True,3,2,1.4085514557914205,-0.7914296490729202,0.7914296490729202,True,False,False
5512,2024,Russia,Cheboksary,56.11988766947914,47.251664393094806,0.3938014358255997,True,2,1,1.0479543717848434,-1.0845987733743503,1.0845987733743503,True,False,False
5536,2024,Russia,Kurganinsk,44.88884457525336,40.59225391591064,0.2501021420650207,True,3,0,0.8755332072172249,-2.229087222560536,2.229087222560536,True,False,False
5545,2024,Vietnam,Gia Kiệm,11.043226852153268,107.17165207122822,0.293293643845211,True,0,0,0.7728359810311952,-1.0211987211556484,1.0211987211556484,True,False,False
5575,2024,United States,Grand Junction,39.08488337518326,-108.52084872986048,0.4020311679215549,True,2,1,1.823223074739749,-0.8494120324089038,0.8494120324089038,True,False,False
5582,2024,Turkey,Tekkeköy,41.23693581116577,36.43600204166537,0.3682075526761221,False,2,2,1.2660173378972357,-1.1652595304737376,1.1652595304737376,True,False,False
5583,2024,Russia,Yoshkar-Ola,56.63733694464481,47.8899799917853,0.3854257864939006,True,1,0,1.2592020383572404,-1.1527887544986235,1.1527887544986235,True,False,False
5588,2024,India,Bathinda,30.21450948297037,74.94921971247807,0.2510068289266328,False,1,3,1.1650527557250796,-1.452289008384574,1.452289008384574,True,False,False
5606,2024,Russia,Sal'sk,46.4755480734953,41.53641963387157,0.3415630654292885,True,1,0,1.3202316577775213,-1.8385519551069835,1.8385519551069835,True,False,False
5609,2024,Iran,Najafabad,32.63722947267033,51.34113292012417,0.2094204167396252,True,2,1,0.9390330753188836,-1.5816744204464217,1.5816744204464217,True,False,False
5615,2024,Vietnam,Vũng Tàu,10.385681833416376,107.1307485083446,0.4245899725675597,True,0,0,1.0156409135987277,-0.8020419350466805,0.8020419350466805,True,False,False
5648,2024,Algeria,Annaba,36.86346746916048,7.736425217150115,0.3822739742018327,False,3,3,0.6342831430057704,-0.7481976077211736,0.7481976077211736,True,False,False
5651,2024,Turkey,Çarşamba,41.195343064433565,36.713662225808754,0.3484795424035487,True,3,2,0.8124609251338701,-0.8131939314153216,0.8131939314153216,True,False,False
5701,2024,India,Mahesana,23.59807380468668,72.37769112594269,0.2013657853265627,True,0,0,0.8092570581825803,-1.509932717129347,1.509932717129347,True,False,False
5717,2024,Turkey,Kozan,37.45652685558744,35.81643858643887,0.1978929551158582,True,1,0,0.6817401102337006,-1.2400937856098893,1.2400937856098893,True,False,False
5760,2024,Russia,Izobilnyy,45.36937715968468,41.70868364425224,0.2268429346874453,True,2,0,0.8324175714154136,-1.7332664759975358,1.7332664759975358,True,False,False
5781,2024,Russia,Stavropol,45.03684089427434,41.957889281714,0.343459989493959,True,3,0,1.482583249603063,-1.342852624211323,1.342852624211323,True,True,False
5783,2024,Iran,Dogonbadan,30.359625944291817,50.79524417768145,0.4245024222261133,False,1,1,1.157158161381777,-0.8946672026318871,0.8946672026318871,True,False,False
5807,2024,China,Changhong,50.425903574450814,124.10874328036796,0.225558863012899,True,0,0,0.6270827920026923,-1.361806878586999,1.361806878586999,True,False,False
5812,2024,Philippines,General Santos,6.10579638588336,125.15210829935027,0.3781299247067063,False,1,1,1.102353433134332,-1.0346767604903977,1.0346767604903977,True,False,False
5825,2024,India,Visnagar,23.700050248003084,72.53832938033864,0.2032043424969357,True,0,0,0.6843279587517992,-1.4739919669087878,1.4739919669087878,True,False,False
5829,2024,Vietnam,Ea T'Ling,12.603206437424005,107.910706302267,0.3153563298896866,True,1,0,0.6231690098013988,-0.8935488284388746,0.8935488284388746,True,False,False
5849,2024,Vietnam,Buôn Ma Thuột,12.675207378347476,108.03995224913952,0.4130625109437926,True,1,0,1.8849983072873933,-0.8847618780369453,0.8847618780369453,True,False,False
5861,2024,Russia,Nevinnomyssk,44.6267713413664,41.938461402068654,0.4509426253429054,True,3,0,1.01051024361513,-1.1254100638804236,1.1254100638804236,True,False,False
5893,2024,México,Huajuapan,17.806189966544927,-97.78042356067108,0.4563123796182805,False,1,2,1.131087607562554,-0.7410624524947876,0.7410624524947876,True,False,False
5894,2024,United States,Abilene,32.4349657071641,-99.7615430402704,0.382361524543279,False,2,2,1.4779068686824477,-0.9540611932997952,0.9540611932997952,True,False,False
5920,2024,Russia,Cherkessk,44.21927036225794,42.04882131483034,0.46921146325804,True,2,0,0.8162948506653289,-1.1633159124836785,1.1633159124836785,True,False,False
5935,2024,Nigeria,Benin City,6.337142157566214,5.626420074216144,0.1924648339461857,True,2,0,0.6153198295294406,-1.8156010796330428,1.8156010796330428,True,False,False
5965,2024,Vietnam,Phước An,12.70213615450188,108.31260569681756,0.2964454561372789,True,1,0,0.6579542459939212,-1.1555116076248997,1.1555116076248997,True,False,False
5997,2024,Iran,Semnan,35.58257057194373,53.38967330748465,0.3707173291309169,False,1,1,0.6650958210549689,-0.901667776866464,0.901667776866464,True,False,False
6023,2024,México,Ciudad Valles,21.99796417411281,-99.01131408010288,0.3074184322652191,False,1,1,0.7750025076689038,-1.1684317465707033,1.1684317465707033,True,False,False
6092,2024,Vietnam,Nha Trang,12.254572864676051,109.1541317833577,0.4096480476273857,False,1,2,1.0406930526766376,-0.8624424784809737,0.8624424784809737,True,False,False
6095,2024,México,Tehuacán,18.462810115537987,-97.3979603408272,0.4174108445689604,True,0,0,1.224261794592501,-0.890478802693404,0.890478802693404,True,False,False
6102,2024,Turkey,Elbistan,38.202415584093295,37.19927342255761,0.1768516897215899,True,2,0,0.9521478596482732,-1.210083422753671,1.210083422753671,True,False,False
6103,2024,Russia,Yessentuki,44.03890037671353,42.86175951858265,0.3481585244849121,True,7,0,1.1768701106999602,-1.5065079906571324,1.5065079906571324,True,False,False
6121,2024,Russia,Pyatigorsk,44.03485160837943,43.06471171339625,0.4387439444347166,True,8,0,1.427449722225612,-1.0839750165093676,1.0839750165093676,True,False,False
6128,2024,Vietnam,Phan Rang – Tháp Chàm,11.558158934424943,109.00037746092276,0.3686161209362049,True,0,0,1.0344336678097783,-1.0034012789198348,1.0034012789198348,True,False,False
6139,2024,Russia,Mineralnye Vody,44.21016054366917,43.12715163190665,0.4244732387789645,True,5,0,0.7878132696250794,-1.400917231685623,1.400917231685623,True,False,False
6151,2024,Brazil,Lages,-27.811967268651625,-50.31951947571907,0.4711375707698593,True,2,1,1.2519231873436965,-1.1352993794170665,1.1352993794170665,True,False,False
6180,2024,China,Jungar,39.861700179222645,111.23312901138308,0.1982139730344948,True,0,0,0.6867900068891564,-1.0124717769364435,1.0124717769364435,True,False,False
6208,2024,Russia,Balakovo,52.023216284244285,47.80078708685095,0.4288507558512811,True,0,0,0.7464211619561337,-1.179061281000314,1.179061281000314,True,False,False
6217,2024,México,Ciudad Victoria,23.738150796683225,-99.14774378335984,0.4521099632288566,False,1,1,1.3585508294534243,-0.7701780843419705,0.7701780843419705,True,False,False
6225,2024,Russia,Georgiyevsk,44.14540314476458,43.45510535335952,0.4784917994513512,True,7,0,0.7209388756253461,-0.7796998476255009,0.7796998476255009,True,False,False
6259,2024,Russia,Chistopol,55.36778824717688,50.64139808062852,0.4002509776454794,True,0,0,0.9789544885527556,-1.145953107780065,1.145953107780065,True,False,False
6284,2024,México,Teziutlán,19.812827725393284,-97.37243991351242,0.1963170489698243,True,0,0,1.0674644456865454,-2.322844697251345,2.322844697251345,True,False,False
6300,2024,México,Linares,24.866759015640987,-99.55740143164492,0.1606840600011673,True,0,0,0.7307870074738715,-2.022866483852384,2.022866483852384,True,False,False
6403,2024,Russia,Nizhnekamsk,55.62613096505303,51.8116069290923,0.3228272923597735,False,1,1,1.2530283577789525,-1.1623806092086215,1.1623806092086215,True,False,False
6420,2024,Iran,Ardakan,32.30452123021728,54.01182589285127,0.2061226872118134,True,0,0,0.7240109845512442,-1.538536783764903,1.538536783764903,True,False,False
6426,2024,México,Martínez de la Torre,20.06594578938,-97.05965462061418,0.2575147376408101,True,0,0,0.7720766174642697,-1.400022854721016,1.400022854721016,True,False,False
6441,2024,México,Tampico,22.26252441899423,-97.8604316977952,0.4473530613436059,False,2,3,1.3045859995575495,-0.7777498733611484,0.7777498733611484,True,False,False
6456,2024,México,Altamira,22.388825892123076,-97.91428989403065,0.3604739391816962,False,2,3,1.0720696825507867,-1.050975889542754,1.050975889542754,True,False,False
6457,2024,United States,Billings,45.77719529424545,-108.55830160896878,0.4320609350376466,False,2,2,2.3785430250739887,-1.0574416658676005,1.0574416658676005,True,False,False
6471,2024,México,Tierra Blanca,18.449210325905337,-96.35738101245204,0.1718321368120002,True,0,0,1.0849258793475889,-1.903696581331849,1.903696581331849,True,False,False
6477,2024,Turkey,Diyarbakir,37.939348852202,40.1754403567778,0.4036654409618864,True,5,1,0.621176221292589,-1.162527202549301,1.162527202549301,True,False,False
6531,2024,México,Salina Cruz,16.191845802423547,-95.19952034143664,0.4349500963053756,False,1,2,1.1573208582843824,-0.8121394484526885,0.8121394484526885,True,False,False
6546,2024,México,Ciudad Acuña,29.3190231671791,-100.96045791111744,0.3909998248993171,False,1,2,0.734531472430813,-0.8068957952233264,0.8068957952233264,True,False,False
6561,2024,México,Piedras Negras,28.69621041962326,-100.54597292014574,0.3836164127706765,False,1,4,1.0107842233867714,-1.0135026353595606,1.0135026353595606,True,False,False
6597,2024,Turkey,Batman,37.88905987513973,41.13306173225604,0.4140839315939998,True,2,1,0.6260277813268065,-1.025571525767898,1.025571525767898,True,False,False
6613,2024,Russia,Bugulma,54.53694514226828,52.80082232495756,0.3749489289674896,True,1,0,0.7735816312939368,-1.1913141757501904,1.1913141757501904,True,False,False
6639,2024,Nigeria,Yenagoa,4.94797197279601,6.3317903009712175,0.3409210295920153,True,2,0,0.64726544085266,-1.1023259463508754,1.1023259463508754,True,False,False
6666,2024,México,Minatitlán,17.99354392176058,-94.5555715692893,0.3553376524835114,False,1,3,1.3348457698011729,-0.8920239837008909,0.8920239837008909,True,False,False
6681,2024,México,Coatzacoalcos,18.13420654823821,-94.44690394749117,0.4291717737699176,False,1,3,1.3202593768842854,-0.8631690100146188,0.8631690100146188,True,False,False
6688,2024,Russia,Oktjabrski,54.48343077929762,53.48676596899559,0.3211054689779957,True,2,0,1.0080893408870737,-1.4245774592614373,1.4245774592614373,True,False,False
6750,2024,Iran,Darab,28.755825371732268,54.553798734710576,0.1701686803245199,True,0,0,1.0541260324832908,-1.7763040682196805,1.7763040682196805,True,False,False
6772,2024,United States,Sioux Falls,43.54012671439033,-96.71393610734944,0.4061752174166813,True,4,2,2.048837793557752,-1.5678883207245784,1.5678883207245784,True,True,True
6784,2024,China,Panzhihua,26.575855880381244,101.72008736235156,0.2014533356680091,True,0,0,0.8566888233129282,-1.3830614726895725,1.3830614726895725,True,False,False
6797,2024,India,Modasa,23.46361233831437,73.30086673619168,0.2095955174225179,False,1,2,0.7241841232661014,-0.8433209238434316,0.8433209238434316,True,False,False
6810,2024,Iran,Rafsanjan,30.405022449754803,55.98779803811178,0.3501721823381778,True,0,1,0.7418294700731062,-0.8261358899874651,0.8261358899874651,True,False,False
6812,2024,India,Makrana,27.03520607367559,74.71685303727226,0.182075526761221,True,0,0,0.9789920397427854,-1.25552466213159,1.25552466213159,True,False,False
6845,2024,Indonesia,Yogyakarta,-7.764504344311555,110.45044649368587,0.4344539777038463,True,0,1,0.7666291395239785,-0.7525905669422105,0.7525905669422105,True,False,False
6855,2024,Iran,Neyshabur,36.212447924725794,58.79155473865141,0.173174575380844,True,1,0,0.7745903095953528,-1.5485331986688438,1.5485331986688438,True,False,False
6859,2024,China,Dong,26.518320699878416,101.7257126424692,0.2013074184322652,True,0,0,1.13574213549209,-1.475892076572089,1.475892076572089,True,False,False
6881,2024,Russia,Kaspiysk,42.884054838068366,47.62919938450923,0.3842876320550983,True,4,1,0.6264373352727577,-1.1268843239983304,1.1268843239983304,True,False,False
6890,2024,United States,Tallahassee,30.44863094010855,-84.30630539835893,0.3862721064612152,True,4,2,1.885038969094082,-1.2710683307459478,1.2710683307459478,True,True,False
6901,2024,China,Jintang,30.82418933822334,104.42476390530705,0.2042841300414405,True,0,0,0.6396976213726466,-1.358746599687575,1.358746599687575,True,False,False
6903,2024,México,Chetumal,18.51835480215946,-88.30093140434136,0.4371680382886826,True,2,0,0.8243172729283653,-0.7600914248642983,0.7600914248642983,True,False,False
6911,2024,Iran,Kerman,30.279280672759167,57.05836272435861,0.3665732796357905,False,1,1,1.4386444699090188,-0.9473307332216732,0.9473307332216732,True,False,False
6939,2024,Iran,Torbat-e Heydarieh,35.27906540486646,59.21768434581561,0.4730636782816786,False,1,1,0.6364452334432619,-0.7296797697634461,0.7296797697634461,True,False,False
6958,2024,Indonesia,Surakarta,-7.5611646429677215,110.78525064080748,0.3996673087025039,True,0,1,0.906630255639586,-0.8879921646904289,0.8879921646904289,True,False,False
6959,2024,México,Cancún,21.164115847851036,-86.86212292670544,0.345561197688671,True,2,0,0.8949343060739772,-1.0544821987835769,1.0544821987835769,True,False,False
6967,2024,Iran,Bandar Abbas,27.19343249558807,56.29783827618648,0.3788011439911282,False,1,1,1.185598322912388,-0.9150818584656316,0.9150818584656316,True,False,False
7006,2024,Iran,Birjand,32.87108105247114,59.21878501942821,0.4058541994980447,False,1,1,0.8047336279210057,-0.9677451580719244,0.9677451580719244,True,False,False
7010,2024,China,Huaikou,30.708558350384028,104.56231598923412,0.188758536158291,True,0,1,0.9233976987144368,-1.62162788228473,1.62162788228473,True,False,False
7070,2024,Russia,Beloretsk,53.96377825370471,58.402065534864725,0.4325570536391758,True,1,0,1.6248101772323391,-1.0110638336707858,1.0110638336707858,True,False,False
7084,2024,Iran,Bam,29.095252450285617,58.35512896783416,0.3723516021712484,False,1,1,0.9479800261958784,-0.8347608864078644,0.8347608864078644,True,False,False
7101,2024,China,Jianyang,30.4091059413393,104.53714850006018,0.2601412478842,True,0,1,1.8654661157334207,-1.118385536486019,1.118385536486019,True,False,False
7109,2024,Russia,Miass,55.06414193168085,60.10911247260547,0.2665032393626335,True,1,0,1.153457288515481,-1.5608409541632988,1.5608409541632988,True,False,False
7122,2024,Russia,Magnitogorsk,53.40762480893911,59.01634817144373,0.3834704955349325,False,1,1,1.5793058037379,-1.0119681175500792,1.0119681175500792,True,False,False
7148,2024,Russia,Южный,56.38134796968106,61.95284602195191,0.383149477616296,True,1,0,1.553824879737859,-1.2225311404995458,1.2225311404995458,True,True,False
7212,2024,Russia,Novotroitsk,51.20869355364575,58.322322008615096,0.299568084982198,False,1,1,0.6303124003201641,-1.2113084952972302,1.2113084952972302,True,False,False
7264,2024,Indonesia,Padangan,-7.145675547144386,111.60394607602316,0.1968715344656511,True,0,0,0.8333083893459454,-1.7489299416533088,1.7489299416533088,True,False,False
7274,2024,China,Mianxian,33.15160192301007,106.68011909670324,0.2568435183563882,True,1,0,1.0193636553119785,-0.8980955187221581,0.8980955187221581,True,False,False
7281,2024,Russia,Kurgan,55.454927732078346,65.33508203346038,0.419307768633631,True,1,0,1.5713250741438214,-1.0553859751077148,1.0553859751077148,True,False,False
7303,2024,Russia,Surgut,61.26397155017984,73.4092444835736,0.3749197455203408,True,2,0,0.7000454359837739,-0.8697452990342903,0.8697452990342903,True,False,False
7308,2024,Indonesia,Kediri,-7.813610226876148,112.02919492145531,0.1782524951847312,True,0,0,0.6538792369527727,-1.8923405780201168,1.8923405780201168,True,False,False
7320,2024,United States,Champaign,40.11319352194567,-88.24878615023339,0.3738983248701337,False,2,3,1.4677628109663283,-0.919147346505945,0.919147346505945,True,False,False
7375,2024,Brazil,Bragança Paulista,-22.938895191351406,-46.54351960416272,0.4095313138387906,False,1,2,1.2555920277870969,-1.3606187319126368,1.3606187319126368,True,False,False
7386,2024,Nigeria,Bonny,4.416615577492103,7.167970568443957,0.1769976069573338,True,1,0,0.7817951398357964,-1.7433587011181588,1.7433587011181588,True,False,False
7390,2024,India,Godhra,22.778087538201444,73.61917353179516,0.187970583085274,True,0,0,0.6772744815984069,-0.8653944034369152,0.8653944034369152,True,False,False
7393,2024,Indonesia,Tuban,-6.900601718851979,112.05245944846074,0.1706356154789003,True,0,0,0.7595787378059685,-1.7144842289299822,1.7144842289299822,True,False,False
7408,2024,Russia,Rubtsovsk,51.517407537262514,81.20433626128414,0.3932761337769217,True,1,0,1.9389595666478696,-1.1720043282187915,1.1720043282187915,True,True,False
7436,2024,Russia,Сафоново,53.87168507388623,86.63470806295632,0.3306484561956458,True,2,1,0.9981335135712402,-1.1363984983214603,1.1363984983214603,True,False,False
7445,2024,Russia,Biysk,52.52757123852692,85.19857995008252,0.2984882974376933,True,1,0,1.3077212457100524,-1.4465900667662654,1.4465900667662654,True,False,False
7472,2024,Russia,Novokuznetsk,53.75587297671248,87.13052534269616,0.3905912566392342,True,3,1,1.4207987234370183,-0.8815748101963805,0.8815748101963805,True,False,False
7560,2024,Brazil,Divinópolis,-20.14508016441259,-44.88910709698288,0.4338119418665733,False,2,2,1.3115834756154292,-0.7876303815171724,0.7876303815171724,True,False,False
7607,2024,India,Vyara,21.109113745556726,73.39530689219374,0.1909181112473005,True,0,0,1.0775269327418775,-0.8079733927640086,0.8079733927640086,True,False,False
7633,2024,Russia,Magadan,59.5581951923875,150.7968997523242,0.3241113640343197,True,2,0,0.6505611348536177,-1.0132069305412266,1.0132069305412266,True,False,False
7665,2024,Russia,Трудовое,43.299580070463726,132.07416343484584,0.4225179478199965,True,4,1,0.8106372074805581,-0.7373431706068,0.7373431706068,True,False,False
7672,2024,China,Zigong,29.352113381340057,104.76754016582947,0.2437401505865872,False,1,1,1.163454922858877,-1.228209161274728,1.228209161274728,True,False,False
7697,2024,Russia,Yuzhno-Sakhalinsk,46.95851610055733,142.73397549651784,0.3830035603805521,True,3,0,1.1702520692860832,-1.344077087638976,1.344077087638976,True,False,False
7706,2024,Russia,АЗС,53.05620953569844,158.62680182498235,0.3322827292359773,True,4,1,1.2937586915733787,-1.0982750058740671,1.0982750058740671,True,False,False
7753,2024,India,Shahpur,27.382217262142817,75.96386961791082,0.1862195762563474,True,0,0,0.6880935144658689,-0.9669616648429912,0.9669616648429912,True,False,False
7774,2024,India,Yamunanagar,30.139990442520148,77.28962647817296,0.1986809081888752,True,0,1,1.3557397542517502,-1.2347904229755435,1.2347904229755435,True,True,False
7785,2024,Brazil,Itabira,-19.63875577059152,-43.22091628868984,0.1871534465651082,True,1,0,0.9321393788784246,-1.7045485974498082,1.7045485974498082,True,False,False
7865,2024,India,Shahapur,19.448611040708165,73.32552259782824,0.2042549465942917,True,2,0,1.2620329740323746,-1.1280417145942918,1.1280417145942918,True,False,False
7918,2024,Brazil,Muriaé,-21.132944669124488,-42.37556709843981,0.4273915834938422,True,2,1,0.7251026706788334,-0.7580970418061312,0.7580970418061312,True,False,False
7935,2024,India,Rewari,28.19314970198298,76.62272822782634,0.222027665907897,False,1,2,0.9149013061667194,-1.2367545750795397,1.2367545750795397,True,False,False
7936,2024,China,Anning,24.91345329129256,102.48748677264608,0.2116091752757835,True,2,1,0.8436440734048085,-1.2051682147463794,1.2051682147463794,True,False,False
7991,2024,India,Saharanpur,29.960584562187275,77.55828311972121,0.2591490106811416,False,1,3,0.9080175626001136,-0.9105279594837256,0.9105279594837256,True,False,False
8335,2024,India,Sangamner,19.582337023931988,74.20234099897156,0.1913558629545322,True,0,1,0.6036954782870303,-1.3720713950936383,1.3720713950936383,True,False,False
8419,2024,China,Guang'an,30.479993838079437,106.62022598698958,0.1971633689371388,True,0,0,1.2990021692247764,-0.907943086102412,0.907943086102412,True,False,False
8435,2024,China,Yongchuan,29.35045700666492,105.90830111582584,0.2565225004377517,True,0,0,1.2264979815761232,-1.3521011224756485,1.3521011224756485,True,False,False
8439,2024,China,Hancheng,35.473015405001775,110.4404005185847,0.1780482110546898,True,0,0,0.6542770808358115,-1.7918264723725368,1.7918264723725368,True,False,False
8470,2024,China,Qu,30.83491513812317,106.96851964232307,0.1834471487772135,True,0,0,0.735532722213207,-0.7985273068895752,0.7985273068895752,True,False,False
8502,2024,India,Shrirampur,19.62032140253573,74.65520112225153,0.1875328313780423,True,0,1,1.0215408356601623,-1.5261706624035158,1.5261706624035158,True,False,False
8562,2024,India,Arpora,15.533678183694883,73.76246526231382,0.3808731687386914,False,4,4,0.6204277879208544,-0.8984482691050428,0.8984482691050428,True,False,False
8569,2024,China,Dazhu,30.74640823667382,107.2109204522328,0.194916243506683,True,0,0,0.6729055280996499,-1.0347644424683309,1.0347644424683309,True,False,False
8584,2024,China,Linfen,36.08344503146787,111.49719184456885,0.3777213564466234,True,0,0,0.6217545796602129,-1.0515913356090367,1.0515913356090367,True,False,False
8589,2024,India,Vasco da Gama,15.394121161769933,73.83192834863027,0.4706122687211813,True,4,3,1.86984967858214,-0.8010082605173177,0.8010082605173177,True,False,False
8616,2024,India,Kolhapur,16.691398514580637,74.24377647665524,0.402673203758828,True,2,1,1.331956149507832,-0.757830203296917,0.757830203296917,True,False,False
8621,2024,China,Kaiyuan,23.71957353542823,103.25455486279678,0.2699468861261892,False,1,1,0.716490694155037,-0.8451727529974287,0.8451727529974287,True,False,False
8630,2024,India,Margao,15.273153303951664,73.95928950464383,0.3260082880989902,True,4,3,1.4383254238606342,-1.2032983197103928,1.2032983197103928,True,True,False
8636,2024,India,Shiroli,16.76509554714083,74.27886142899283,0.3618455611976887,True,2,1,0.9616365688181372,-0.8243742271971316,0.8243742271971316,True,False,False
8675,2024,China,Panzhou,25.714445866148427,104.47417839106092,0.212338761454503,True,0,0,0.6523822083046383,-0.728583520923017,0.728583520923017,True,False,False
8680,2024,India,Ichalkaranji,16.707990665138187,74.46397042686401,0.3215432206852273,True,2,1,1.1315272926539692,-0.9711544821471548,0.9711544821471548,True,False,False
8682,2024,India,Nippani,16.405479079840596,74.37924750551853,0.2721940115566451,True,1,0,0.6090751872462866,-1.237034690477179,1.237034690477179,True,False,False
8695,2024,China,Wenlan,23.368387752310653,103.38330804900149,0.3660187941399638,False,1,1,0.6976263465957413,-0.8293847036002056,0.8293847036002056,True,False,False
8699,2024,China,Qijiang,29.038629202245826,106.65933778765609,0.2111422401214031,True,0,0,0.6368292491622284,-0.951321135421431,0.951321135421431,True,False,False
8704,2024,India,Bhusawal,21.04373926045432,75.80537860694305,0.2977003443646763,False,1,1,1.3938309086484333,-1.1215907359362085,1.1215907359362085,True,False,False
8783,2024,China,Fangshan,39.725165999033294,116.04159373183212,0.2744411369871009,False,1,1,1.2188482528489548,-1.0780121433103786,1.0780121433103786,True,False,False
8819,2024,China,Renhuai,27.807175855273115,106.40631450522228,0.2119010097472713,True,0,0,0.6668315182531885,-1.221944258063618,1.221944258063618,True,False,False
8827,2024,China,Xingyi,25.08934005850068,104.9062987264852,0.2147318041207027,True,1,0,0.8328003107706258,-1.4659597047110118,1.4659597047110118,True,False,False
8829,2024,China,Jinsha,27.464300759526857,106.23382066377768,0.1907721940115566,True,0,0,0.8833697380713982,-0.8338274055992511,0.8338274055992511,True,False,False
8900,2024,India,Hubli,15.355015381911237,75.13028730900112,0.408568260082881,False,1,2,1.3455964953042678,-0.9227570576751658,0.9227570576751658,True,False,False
8907,2024,China,Gu'an,39.43760736096886,116.29379209776808,0.2382244790754684,True,0,1,0.6927800927187538,-1.226377208026319,1.226377208026319,True,False,False
8932,2024,India,Sagara,14.169244620981257,75.02994723602075,0.1987684585303215,True,0,0,0.7248480213955052,-1.6316155686781104,1.6316155686781104,True,False,False
8944,2024,India,Chanderi,24.71443297807011,78.13430316472054,0.176968423510185,True,0,0,1.0557518215469304,-1.2002976600170563,1.2002976600170563,True,False,False
8976,2024,India,Gaddanakeri Tanda,16.160599002017552,75.65883826047667,0.1884375182396544,True,0,0,0.6699379877471968,-1.5679677463122308,1.5679677463122308,True,False,False
9010,2024,India,Farrukhabad,27.37224103942716,79.59749420872527,0.1956458296854024,True,0,1,0.7443103371616492,-1.27009826454199,1.27009826454199,True,False,False
9029,2024,China,Shiyan,32.62796742192048,110.78943989363852,0.3219226054981614,True,0,0,1.17798429465525,-0.8631853507108921,0.8631853507108921,True,False,False
9052,2024,India,Ranebennur,14.617344895929063,75.63422644000195,0.2693048502889161,False,2,2,1.182444302722106,-1.211467610872677,1.211467610872677,True,False,False
9174,2024,India,Nanded,19.15088581632632,77.31741938007585,0.3839957975836106,False,1,1,0.9288736822884284,-0.7482229862486678,0.7482229862486678,True,False,False
9194,2024,India,Hosapete,15.268151602690644,76.38578055999079,0.2877196054397945,False,1,2,0.9187744552112038,-0.807730251831002,0.807730251831002,True,False,False
9217,2024,China,Shangjie,34.813351327855955,113.2973205286264,0.1903636257514737,True,1,0,0.7231244762116807,-1.4300266193570332,1.4300266193570332,True,False,False
9272,2024,India,Vaddu,15.180725649365163,76.66004202558044,0.3155022471254304,False,1,2,1.3768406322329012,-1.08430726862133,1.08430726862133,True,False,False
9334,2024,India,Ogipur,17.303546335030653,77.45663241282544,0.1839432673787427,True,0,0,0.7873347892334165,-1.0440385050369856,1.0440385050369856,True,False,False
9392,2024,India,Adoni,15.624627923448028,77.2759851260208,0.1841183680616354,True,0,0,0.7748675410901054,-0.8360488114021157,0.8360488114021157,True,False,False
9430,2024,India,Vikarabad,17.338240285553987,77.9064918230837,0.1971925523842876,True,0,0,0.6122000291595526,-0.8497799844340929,0.8497799844340929,True,False,False
9455,2024,China,Xiangyang,32.06993975367167,112.14343025378716,0.2080779781707815,True,1,0,0.9117951978883128,-1.6070090680932645,1.6070090680932645,True,False,False
9462,2024,India,Tumakuru,13.342502879123096,77.11140250389013,0.1823965446798575,True,0,0,0.7245597097259409,-0.9433970730904022,0.9433970730904022,True,False,False
9499,2024,China,Tanghe,32.68796919107916,112.83863396988852,0.2189634039572754,True,0,0,1.1125826721044971,-1.0536677420725784,1.0536677420725784,True,False,False
9536,2024,India,Katni,23.82834670140403,80.39278216557699,0.1898675071499445,True,0,0,0.7198775214027728,-0.9405418094192436,0.9405418094192436,True,False,False
9555,2024,China,Nancha,47.132867643817306,129.2824891547843,0.1762972042257631,True,0,0,0.6484419037648318,-0.92755171861294,0.92755171861294,True,False,False
9559,2024,China,Acheng,45.54329229564207,126.9742533445966,0.2008696667250335,True,0,0,0.6526464906711672,-0.9662631469654444,0.9662631469654444,True,False,False
9566,2024,India,Kurnool,15.823348642540058,78.03363793232039,0.4179069631704897,False,1,1,0.8982466310032066,-0.7320453067819559,0.7320453067819559,True,False,False
9598,2024,India,Kanakapura,12.546064050364256,77.41861457775778,0.208136345065079,True,0,0,0.6133786556307042,-1.0204805831815391,1.0204805831815391,True,False,False
9599,2024,China,Pingyin,36.2777766937428,116.44628388917852,0.1915309636374248,True,0,0,0.679431618625603,-1.4365340305686738,1.4365340305686738,True,False,False
9755,2024,China,Kaiyuan,42.53886295257075,124.06023091902917,0.1752174166812583,True,0,0,0.669663435519764,-1.419814674323896,1.419814674323896,True,False,False
9805,2024,China,Pingyu,32.959348381175126,114.61533520744102,0.1830969474114282,True,0,0,0.7401481348677373,-0.8456025841688318,0.8456025841688318,True,False,False
9815,2024,China,Wuming,23.1566189567648,108.2830106020777,0.1869783458822156,True,1,0,0.8284013609870823,-1.5115907724563784,1.5115907724563784,True,False,False
9844,2024,India,Shahdol,23.30125627655538,81.36146522588894,0.1977762213272631,True,0,0,1.2504512177273284,-1.4144795563209127,1.4144795563209127,True,False,False
9867,2024,China,Qianjiang,30.421718747856268,112.88935522030472,0.1804412537208895,True,0,0,0.6530625700682064,-1.101858808082772,1.101858808082772,True,False,False
9899,2024,China,Liaoyang,41.245060488828216,123.18352191623462,0.3143057257923305,True,1,0,0.9310349512423128,-0.7895939915687948,0.7895939915687948,True,False,False
9959,2024,China,Qingzhou,36.69976693616629,118.4952482126281,0.3028366310628611,True,0,0,0.7571228084636342,-0.8797328981909092,0.8797328981909092,True,False,False
9995,2024,China,Linqu,36.50777546051109,118.54360412007168,0.2233701044767408,True,0,0,0.7140447623695729,-1.3068165219931691,1.3068165219931691,True,False,False
10003,2024,China,Xiantao,30.37481909487076,113.44616403915256,0.248088484211755,True,0,0,1.1122940381015742,-1.514007878851933,1.514007878851933,True,False,False
10035,2024,China,Litang,23.203799381537262,109.13412995142106,0.1725617229907196,True,0,0,0.7153445428935595,-1.3818715018211256,1.3818715018211256,True,False,False
10068,2024,India,Waidhan,24.09476256730351,82.6585846813344,0.1675421700811299,True,0,0,1.646232825797128,-1.3988207068088572,1.3988207068088572,True,True,False
10110,2024,India,Mau,25.93433090005363,83.55747354350457,0.2477966497402673,True,1,0,0.6882127922764498,-1.2707702625706312,1.2707702625706312,True,False,False
10112,2024,India,Anpara,24.193919233555235,82.78811841073612,0.1645946419191034,True,0,0,1.4950608018028204,-1.5126610088760095,1.5126610088760095,True,True,False
10127,2024,China,Huaibei,33.94165456893712,116.79087405853234,0.2076694099106986,True,0,0,0.9160944151471444,-0.9751051519527,0.9751051519527,True,False,False
10135,2024,China,Hengzhou,22.69356156286498,109.27123870260542,0.1679507383412128,True,0,0,1.0141748004569098,-1.1789410592582206,1.1789410592582206,True,False,False
10146,2024,India,Dalla,24.45980224476158,83.01011270008237,0.1655868791221619,True,0,0,1.67841686028993,-1.2721908345451682,1.2721908345451682,True,True,False
10175,2024,China,Lingshan,22.391766733958377,109.28133836306644,0.1757427187299363,True,0,0,0.7223402354931954,-0.9052084027027656,0.9052084027027656,True,False,False
10202,2024,India,Renukoot,24.212592467244523,83.03813588678666,0.1606840600011673,True,0,0,1.6665323035171402,-1.6698672193152084,1.6698672193152084,True,True,False
10210,2024,India,Neyveli Township,11.60593698729623,79.48299949710295,0.2612502188758536,False,2,2,1.4949565339786737,-1.4701219474285327,1.4701219474285327,True,True,False
10237,2024,China,Suzhou,33.63178376949426,116.98271267595452,0.1766765890386972,True,0,0,0.7455093659144083,-1.021248315835584,1.021248315835584,True,False,False
10277,2024,China,Xianning,29.865314901521767,114.31060673729546,0.2224070507208311,True,0,0,0.8933290864729589,-1.5030743843742305,1.5030743843742305,True,False,False
10321,2024,China,Ezhou,30.41826432273116,114.87441223533168,0.1912683126130858,True,0,0,1.1587005666244974,-1.708494572950472,1.708494572950472,True,False,False
10325,2024,China,Yulin,22.632412496341388,110.14509376342784,0.2168621957625634,True,0,0,1.2869939593577524,-1.615477239171406,1.615477239171406,True,False,False
10326,2024,India,Korba,22.370678896247103,82.728942937392,0.2431564816436117,True,1,0,1.8360750044488383,-1.5432938185822274,1.5432938185822274,True,True,True
10390,2024,India,Jangareddygudem,17.122472151863267,81.29357571625617,0.2220860328021946,False,1,2,0.7330177837248137,-1.1247736707083122,1.1247736707083122,True,False,False
10397,2024,China,Huangshi,30.187762855452178,115.02500794764428,0.2637308118834996,True,0,0,1.2066079097765483,-1.4214737593937783,1.4214737593937783,True,False,False
10463,2024,China,Liling,27.66876273895876,113.50749017613398,0.1858401914434132,True,0,0,0.7586664013978734,-1.0637145693823284,1.0637145693823284,True,False,False
10475,2024,China,Jingang,27.938599156587085,113.70765824890071,0.1974260199614778,True,0,0,0.9068418184386934,-1.3276085701017497,1.3276085701017497,True,False,False
10489,2024,China,Leiyang,26.436324688355253,112.8291938635916,0.18902118718263,True,0,0,0.7303446969806109,-1.6271979700093433,1.6271979700093433,True,False,False
10501,2024,China,Jidong,45.25220427347342,131.13486182240507,0.3278176618222144,True,1,0,0.6075204577653508,-0.9869102219782157,0.9869102219782157,True,False,False
10507,2024,China,Lianjiang,21.60610021981433,110.27655962564022,0.2066188058133427,True,0,1,1.3860716868177885,-1.281720904581228,1.281720904581228,True,True,False
10513,2024,China,Shangli,27.88013719759228,113.79411363658149,0.1917352477674662,True,0,0,0.7389935017267094,-1.3275584632508393,1.3275584632508393,True,False,False
10527,2024,China,Yangxin,29.85789000116249,115.19645323353666,0.2886534757485554,True,0,0,0.6553804174016166,-0.7755704102105374,0.7755704102105374,True,False,False
10553,2024,China,Pingxiang,27.63262895457509,113.86104897252328,0.1991186598961069,True,0,0,1.198600642306314,-1.2973375470011128,1.2973375470011128,True,False,False
10577,2024,China,Mishan,45.54775203797733,131.87749226680572,0.2430397478550166,True,1,0,0.6200596658340713,-0.8330594397366715,0.8330594397366715,True,False,False
10597,2024,China,Huazhou,21.659726874040352,110.63994522789454,0.1811416564524601,True,0,0,0.7329646715656346,-1.444296064511752,1.444296064511752,True,False,False
10644,2024,India,Bargarh,21.34988552150971,83.61993901286431,0.2409093562131559,False,1,1,0.6090432551939635,-0.9505890113517788,0.9505890113517788,True,False,False
10645,2024,China,Chenzhou,25.79193100176709,113.02581392430706,0.3757660654876554,True,1,0,1.3262823628314464,-0.8025169376856996,0.8025169376856996,True,False,False
10651,2024,China,Maoming,21.67635435326376,110.90572405360297,0.2223486838265335,True,0,0,1.1577580074988418,-1.0628043338407382,1.0628043338407382,True,False,False
10661,2024,China,Wuchuan,21.438561928382224,110.79352862213602,0.2019202708223895,True,0,1,1.4244051107350932,-1.4889869303905936,1.4889869303905936,True,True,False
10674,2024,India,Bakhtiyarpur,25.477846218674987,85.58248697914618,0.2058016692931769,True,1,0,0.9469716599123494,-1.0184043897857034,1.0184043897857034,True,False,False
10683,2024,China,Sanya,18.27605368937711,109.50229681539108,0.3683242864647172,False,1,2,0.6943277991974078,-0.8540286307994063,0.8540286307994063,True,False,False
10691,2024,China,Poxin,21.62938887937048,110.98071895287592,0.2522325337068814,True,0,0,0.9679250747732432,-1.0253571821019287,1.0253571821019287,True,False,False
10700,2024,India,Jharsuguda,21.862240134282064,84.01666801851835,0.3917294110780365,False,3,3,0.661222918988462,-0.747367221721726,0.747367221721726,True,False,False
10707,2024,China,Dianbai,21.51945305735313,111.00251604417524,0.2708807564349501,True,0,0,0.6085744340368548,-0.7735589683810988,0.7735589683810988,True,False,False
10771,2024,China,Lingshui Li Autonomous County,18.513998204073932,110.02931235116785,0.4318566509076051,True,0,0,1.1203111602964058,-0.7615107554967977,0.7615107554967977,True,False,False
10779,2024,China,Xinyu,27.813097792909293,114.94639019177671,0.1972509192785851,True,0,0,1.3451993771294397,-1.1116795792671614,1.1116795792671614,True,False,False
10780,2024,India,Rajgangpur,22.197928212230483,84.57926629219916,0.2687795482402381,False,1,2,1.0230155125767249,-1.000678790505141,1.000678790505141,True,False,False
10789,2024,China,Lechang,25.130822380397465,113.3471579539502,0.1935154380435416,True,0,0,0.7016138422342099,-1.3068864388674626,1.3068864388674626,True,False,False
10803,2024,China,Wangjiang,30.126660629185363,116.69452283804452,0.1961711317340804,True,0,0,0.7845469661049663,-1.167723541483674,1.167723541483674,True,False,False
10816,2024,India,Begusarai,25.434840131769484,86.08563516028669,0.1896924064670518,True,0,0,1.145341483539132,-1.7055899118287758,1.7055899118287758,True,False,False
10817,2024,China,Quanjiao,32.10409685401619,118.28102859580436,0.30023930426662,True,0,0,1.1856112352976294,-1.198670664549799,1.198670664549799,True,False,False
10839,2024,China,Longjing,42.769811629496246,129.42471461690752,0.3468744528103659,False,1,1,1.018590944286886,-0.8179594053431629,0.8179594053431629,True,False,False
10840,2024,India,Rourkela,22.238048126359057,84.84465804348882,0.415105352244207,False,1,2,2.008720426772178,-0.772575156706067,0.772575156706067,True,False,False
10899,2024,China,Fengcheng,28.17854333884576,115.77586585885244,0.2832837214731804,True,1,0,0.653153349765896,-1.1868252127154175,1.1868252127154175,True,False,False
10903,2024,China,Enping,22.191666250440637,112.31960905040216,0.2118426428529738,True,0,0,1.0268488718108508,-1.202539208039671,1.202539208039671,True,False,False
10904,2024,India,Munger,25.330736615063373,86.48915742447518,0.2141189517305784,True,2,1,0.8614434020361,-1.0510144492436502,1.0510144492436502,True,False,False
10909,2024,China,Tongling,30.94206945065331,117.81138051858142,0.180499620615187,True,0,0,1.328812413233818,-1.6996541944235872,1.6996541944235872,True,False,False
10922,2024,India,Kathara,23.78323547430364,85.87619047200633,0.1954999124496585,True,0,0,1.5743935717574131,-1.5100933911982124,1.5100933911982124,True,True,False
10936,2024,India,Phusro,23.772954039179723,85.99216604531021,0.2209478783633922,False,1,1,1.130778431850576,-1.295910890033854,1.295910890033854,True,False,False
10946,2024,India,Muri,23.37417737668585,85.87101965275298,0.2115799918286348,True,0,0,0.6412601980420842,-1.2055972535781685,1.2055972535781685,True,False,False
10948,2024,India,Barbil,22.108541125477625,85.38594055003907,0.2018035370337944,True,0,0,0.6689914599518739,-1.4244186938046033,1.4244186938046033,True,False,False
10951,2024,China,Shixing,24.949905525263524,114.0624374799043,0.1955582793439561,True,0,0,0.8802678231554095,-1.143068280655883,1.143068280655883,True,False,False
10954,2024,India,Giridih,24.17111638794844,86.30624790989899,0.2203933928675655,False,1,1,0.934122820271034,-1.6411104966272774,1.6411104966272774,True,False,False
10955,2024,China,Jinxian,28.374664171323328,116.24435417405286,0.1845561197688671,True,1,0,0.9645443400871148,-1.557928213769482,1.557928213769482,True,False,False
10961,2024,China,Heshan,22.77196967090028,112.95133471516483,0.1919978987918053,True,0,0,1.2251424110432207,-1.1733557351100077,1.1733557351100077,True,False,False
10972,2024,India,Chandrapura,23.75235141004132,86.13686965155146,0.2725442129224304,False,1,1,0.7258422471067755,-1.1725820155889832,1.1725820155889832,True,False,False
10973,2024,China,Yangzhou,32.38779003238526,119.41907623384056,0.296036887877196,True,0,0,1.5013485263863589,-1.1601458653068315,1.1601458653068315,True,True,False
10981,2024,China,Nanxiong,25.1180742016652,114.30113155389198,0.1769392400630362,True,0,0,1.1369521408825416,-1.2906420715203557,1.2906420715203557,True,False,False
10991,2024,China,Jiangdu District,32.43107208069003,119.57264110889273,0.255296795657503,True,0,0,1.0040555265086937,-1.4973360031765632,1.4973360031765632,True,False,False
10992,2024,India,Talcher,20.941481073295385,85.19477632087559,0.3388198213973034,False,1,1,1.27735528324012,-1.0860607577804915,1.0860607577804915,True,False,False
11014,2024,India,Naugachia,25.3817816572366,87.08599716123432,0.3339753691706064,True,3,2,0.6079699222270336,-0.8397253950799956,0.8397253950799956,True,False,False
11015,2024,China,Zhenjiang,32.19566965292873,119.4568716852115,0.2217066479892605,True,0,1,1.4215145679784584,-1.4635645578576393,1.4635645578576393,True,True,False
11024,2024,India,Kendujhargarh,21.63657924152223,85.60566056341352,0.3715636490982315,False,1,1,0.6225608669898754,-0.7692301213973641,0.7692301213973641,True,False,False
11037,2024,China,Taizhou,32.4805586009644,119.91204729101996,0.2023580225296212,True,0,0,1.4577426475931805,-1.988511806022935,1.988511806022935,True,True,False
11044,2024,India,Purnia,25.778390069994064,87.4970356606562,0.1945660421408976,True,0,0,1.5286885923464144,-1.5588549164656555,1.5588549164656555,True,True,False
11048,2024,India,Kahalgaon,25.253730625701092,87.25516523658115,0.3223019903110955,True,3,2,0.7583011149773866,-0.7822445851746344,0.7822445851746344,True,False,False
11057,2024,China,Danyang City,32.00629599144698,119.58296234886949,0.2246249927041382,True,0,1,0.8524194258097209,-1.301759050072532,1.301759050072532,True,False,False
11063,2024,China,Getian,23.291947155313235,113.81080599855116,0.2011906846436701,True,1,0,1.0838828505805018,-1.1322379139656544,1.1322379139656544,True,False,False
11066,2024,India,Nirsa,23.784769384996693,86.71410221100888,0.2795190567909881,False,1,1,0.7434644218400296,-1.3455208352011945,1.3455208352011945,True,False,False
11073,2024,China,Gaogang,32.30617830415631,119.8687809370146,0.1903052588571762,True,0,1,0.6546532534512248,-1.848282287809176,1.848282287809176,True,False,False
11078,2024,India,Katihar,25.552469378181826,87.56524356065985,0.2606957333800268,True,1,0,0.7006158134347074,-1.1058774110588248,1.1058774110588248,True,False,False
11090,2024,India,Chittaranjan,23.83698486370716,86.89221539389632,0.2363567384579466,False,1,2,0.7972760639157059,-1.3444963786592394,1.3444963786592394,True,False,False
11110,2024,India,Siliguri,26.70667582933708,88.40600920585128,0.400046693515438,True,7,6,1.744501729496136,-0.7936156091335398,0.7936156091335398,True,False,False
11114,2024,India,Jatani,20.165517854845604,85.7105144325416,0.3456195645829685,True,4,3,0.6277929564346321,-0.855351367950838,0.855351367950838,True,False,False
11120,2024,India,Islampur,26.259321124406828,88.18869715240314,0.2566684176734956,True,6,4,0.649184384119178,-0.8192808235652285,0.8192808235652285,True,False,False
11121,2024,China,新华村,31.95344510243333,119.97465390035887,0.3144808264752232,True,0,1,0.9153671453657276,-1.2510127467672365,1.2510127467672365,True,False,False
11122,2024,India,Bhubaneshwar,20.287498137598703,85.8238435177164,0.4115741551392051,True,3,2,1.4088798794085,-0.8181098138294441,0.8181098138294441,True,False,False
11150,2024,India,Raiganj,25.62941426110841,88.14920649309214,0.2084281795365668,True,2,0,0.6849179739186114,-0.9387222282114568,0.9387222282114568,True,False,False
11151,2024,China,Rugao,32.39626190715169,120.55318493966698,0.3406291951205276,True,0,0,1.2044565852793965,-1.2304955896031615,1.2304955896031615,True,False,False
11153,2024,China,Jingjiang,32.01331560429753,120.2622061213904,0.2490807214148135,True,0,1,0.7736693555770193,-1.2776099248090174,1.2776099248090174,True,False,False
11157,2024,China,Jiangyin,31.903682778972264,120.25429546703567,0.2637891787777972,True,0,2,1.3313235380639203,-1.1583062529434367,1.1583062529434367,True,False,False
11162,2024,India,Mal Bazaar,26.8651246058676,88.7416180233315,0.2522617171540302,True,5,4,0.6790999745200746,-0.8715391665313301,0.8715391665313301,True,False,False
11179,2024,China,Ruijin,25.879708255231453,116.03472960476456,0.2599661472013074,False,1,1,1.2165218398051023,-1.4743079087046405,1.4743079087046405,True,False,False
11184,2024,India,Dhulian,24.600368767911853,88.00441650393255,0.2084865464308644,True,1,0,1.0436581808662542,-1.4218946968557606,1.4218946968557606,True,False,False
11191,2024,China,Yuqi,31.70349308583773,120.19304525438676,0.3008229732095955,True,0,2,0.8654280952580594,-1.1569202734600077,1.1569202734600077,True,False,False
11195,2024,China,Zhangjiagang,31.87466903560162,120.46968414206796,0.2244790754683943,True,0,2,1.538050023084358,-1.438098223905412,1.438098223905412,True,True,False
11199,2024,China,Suzhou,31.395178931479265,120.58054556314848,0.3429930543395785,True,0,1,1.3455776516477087,-1.0950285381146467,1.0950285381146467,True,False,False
11208,2024,India,Gazole,25.214707852852573,88.1949696184038,0.3133718554835697,True,2,0,0.6851519598412312,-0.8338205076327276,0.8338205076327276,True,False,False
11211,2024,China,Shangrao,28.444231776831465,117.9361597422991,0.3955816261016751,True,0,0,1.4185801606535595,-0.9762879339531928,0.9762879339531928,True,False,False
11227,2024,China,Changxing,31.00395375452077,119.9214107310834,0.1851981556061402,True,0,0,0.8811800375136641,-1.5156229370949212,1.5156229370949212,True,False,False
11229,2024,China,Huidong,22.98516550273156,114.70721512054725,0.2677581275900309,True,0,0,0.75133551174006,-1.0802064582181603,1.0802064582181603,True,False,False
11231,2024,China,Xibei,31.70177873997932,120.51356878943912,0.2095079670810716,True,0,2,1.1489983677122368,-1.6880930164071812,1.6880930164071812,True,False,False
11233,2024,China,Anji,30.633703203826776,119.66483483571471,0.2374365260024514,True,1,0,1.708444000834244,-1.8484819034148512,1.8484819034148512,True,True,False
11251,2024,China,Changshu,31.65376581413472,120.76373957695938,0.2199848246074826,True,0,2,0.963904567509549,-1.42721171589123,1.42721171589123,True,False,False
11257,2024,China,Guangfu,31.31644271651613,120.40002600056206,0.3127590030934454,True,0,1,1.1949017897369805,-1.4359512697796395,1.4359512697796395,True,False,False
11259,2024,China,Huzhou,30.876584690135733,120.10435100379595,0.1829218467285356,True,0,0,1.1930649001631457,-1.5633432357907806,1.5633432357907806,True,False,False
11263,2024,China,Zhangpu,31.50080791952108,120.64188805801646,0.291455086674838,True,0,1,0.7270997721992202,-1.3571210311719648,1.3571210311719648,True,False,False
11274,2024,India,Paradip,20.2895854044197,86.64812561180402,0.4266619973151229,True,0,1,0.8227276862133888,-0.8207111167850585,0.8207111167850585,True,False,False
11276,2024,India,Jaigaon,26.8446097841415,89.38018491391762,0.1934862545963929,True,0,0,0.7579991166836316,-1.3052675075384317,1.3052675075384317,True,False,False
11281,2024,China,Lin'an District,30.226201280987247,119.7068936067718,0.2697717854432965,True,2,0,0.8818482738802321,-1.111861666137454,1.111861666137454,True,False,False
11285,2024,China,Deqing,30.54576015106861,119.97118610931302,0.2374657094496002,True,2,0,1.486099261850176,-1.692645416259224,1.692645416259224,True,True,False
11306,2024,India,Pundibari,26.428071800798907,89.41354214214316,0.3583435475398354,False,1,1,0.7571706495453411,-0.8911299213347004,0.8911299213347004,True,False,False
11307,2024,China,Nanxun,30.87528353797557,120.41419140498884,0.2140022179419833,True,0,0,0.7870151724103489,-1.5235911654256586,1.5235911654256586,True,False,False
11316,2024,India,Alipurduar,26.507801365155057,89.53189593336755,0.3165236677756376,False,1,1,1.4907237268943585,-0.8750607729885568,0.8750607729885568,True,False,False
11329,2024,China,Tonglu County,29.797804590268157,119.6952659660936,0.1890503706297787,True,0,0,1.2358006805711312,-1.291459750461676,1.291459750461676,True,False,False
11333,2024,China,Fuyang,30.03762686596229,119.95511993564004,0.2750539893772252,True,2,0,0.9074166832069448,-1.1164436697488795,1.1164436697488795,True,False,False
11340,2024,India,Dinhata,26.132887481367938,89.46257627938911,0.3083814860211288,False,3,3,1.436481541683362,-0.7890362781313444,0.7890362781313444,True,False,False
11353,2024,China,Lanxi,29.22623256667567,119.4468034834783,0.3187707932060935,True,0,0,0.6487252907712855,-1.0427704562920863,1.0427704562920863,True,False,False
11365,2024,China,Jiaxing,30.76328979439737,120.75483606886408,0.2520574330239888,True,0,0,1.2345266378433355,-1.609660323996569,1.609660323996569,True,False,False
11387,2024,China,Jiashan,30.855423148334108,120.92748390906684,0.2723399287923889,True,0,0,0.8242280721395044,-1.2515815364197491,1.2515815364197491,True,False,False
11393,2024,China,Yongding,24.720306186627173,116.72150167457944,0.2048094320901184,True,0,0,0.8009628003830633,-1.3147678206866866,1.3147678206866866,True,False,False
11399,2024,China,Pujiang,29.452657397650448,119.91602600409507,0.3333917002276309,True,0,0,1.3458129713064269,-1.1950658453975764,1.1950658453975764,True,True,False
11409,2024,China,Zhuji,29.71826386224582,120.20765153904937,0.2193427887702095,True,0,0,1.369142448260822,-1.3464299576802772,1.3464299576802772,True,True,False
11425,2024,China,Xietang,29.25945734052837,119.91319019544606,0.3438393743068931,True,0,0,0.987534684511902,-1.1823993823511385,1.1823993823511385,True,False,False
11437,2024,China,Haiyan,30.52855927078413,120.9340009738635,0.3304149886184556,True,0,0,0.6424688123461834,-0.9575723256879712,0.9575723256879712,True,False,False
11439,2024,China,Yiwu,29.309218152483364,120.06567617979066,0.4126539426837097,True,0,0,1.617546474772658,-0.9457568460814084,0.9457568460814084,True,False,False
11447,2024,China,Suxi,29.393975997736582,120.1252938574026,0.3632463666608299,True,0,0,1.4250950652557346,-1.1569832572385086,1.1569832572385086,True,True,False
11450,2024,India,Bongaigaon,26.48714560948099,90.53706617270434,0.2527286523084107,True,2,1,1.1248085228639604,-0.8518381129775809,0.8518381129775809,True,False,False
11469,2024,China,Dongyang,29.284690254058543,120.21297295992748,0.324198914375766,True,0,0,1.266259291514375,-1.1318370113053664,1.1318370113053664,True,False,False
11473,2024,China,Jinshan,30.729204805965303,121.32197065693572,0.2917469211463258,True,0,0,1.5636357097061084,-1.6017916748925638,1.6017916748925638,True,True,False
11487,2024,China,Yongkang,28.908151588600568,120.04554341760384,0.2129224303974785,True,0,0,1.3603825328810766,-1.536727251376811,1.536727251376811,True,True,False
11495,2024,China,Nanma,29.11267110315473,120.21505501299158,0.2703846378334208,True,0,0,0.6555776469462384,-1.6260658814116842,1.6260658814116842,True,False,False
11500,2024,India,Guwahati,26.152738445576,91.75521365907136,0.3286056148952314,False,2,2,1.5692073540951017,-0.901204275095473,0.901204275095473,True,False,False
11509,2024,China,Nanjing,24.51733627362404,117.36252737974432,0.2670285414113115,True,0,0,0.6490716006986018,-0.9000649770204214,0.9000649770204214,True,False,False
11510,2024,India,Nakhola,26.11575287768359,92.17904127397316,0.2532539543570886,False,1,1,0.6525949796471306,-0.7551833492912946,0.7551833492912946,True,False,False
11513,2024,China,Pinghe,24.38798412278549,117.32158687194074,0.226609467110255,True,0,0,0.8029674012768355,-1.1225563397571323,1.1225563397571323,True,False,False
11539,2024,China,Hutou,25.22828134685116,118.04231519059624,0.207231658203467,True,0,0,1.750219928340767,-1.1270293510388965,1.1270293510388965,True,True,False
11541,2024,China,Zhao'an,23.70712534772723,117.17112229001816,0.2564349500963054,True,0,0,0.7422569207404974,-0.8228557519013113,0.8228557519013113,True,False,False
11548,2024,India,Itanagar,27.08594866946041,93.61111452412158,0.2806863946769392,False,1,1,0.6491261000559106,-1.157703705388064,1.157703705388064,True,False,False
11561,2024,China,Zhangpu,24.12535130283329,117.61395088785788,0.2462207435942333,True,0,0,0.9220009910725808,-1.199204808569384,1.199204808569384,True,False,False
11578,2024,India,Dimapur,25.88581993810193,93.73834645658478,0.2055682017159867,True,0,1,1.6094492542884198,-1.6398286039052092,1.6398286039052092,True,True,False
11586,2024,India,Titabor,26.602828415737783,94.19396629203874,0.3440436584369346,False,2,2,0.6164628555024206,-0.8372758368278247,0.8372758368278247,True,False,False
11599,2024,China,Xianyou,25.37310049497858,118.69260028133957,0.2461915601470845,True,0,0,0.985477817973002,-1.013515617218632,1.013515617218632,True,False,False
11610,2024,India,Churachandpur,24.34516067307481,93.69538307869966,0.2072024747563182,True,0,0,1.30034598697953,-1.5907622273097142,1.5907622273097142,True,False,False
11612,2024,India,Tinsukia,27.48942727913175,95.35315316494928,0.3062219109321193,True,3,1,0.8329599792021455,-0.956117201328465,0.956117201328465,True,False,False
11616,2024,India,Duliajan,27.353916217720364,95.32443670339728,0.2775345823848713,True,3,1,0.8531394553953464,-1.2372346343722167,1.2372346343722167,True,False,False
11625,2024,China,Ninghai County,29.322740775912823,121.43445126399844,0.2211229790462849,True,0,0,0.6014660638476675,-0.9506727834576334,0.9506727834576334,True,False,False
11637,2024,China,Jieshan,25.263294759819427,118.90799733939836,0.2762796941574739,True,0,0,1.1282701884338928,-1.0726693848794977,1.0726693848794977,True,False,False
11646,2024,China,Quangang,25.13560415787589,118.92370095287323,0.2684585303216016,True,0,0,1.1877600430880562,-1.2896310775650033,1.2896310775650033,True,False,False
11676,2024,China,Wenling,28.40352686662381,121.3543128592498,0.2986342146734372,True,1,0,0.7563538621747437,-1.278534298380498,1.278534298380498,True,False,False
11680,2024,China,Chumen,28.234621764373525,121.28572557540328,0.3513395202241289,True,1,0,0.7404135344317314,-0.8214147426998759,0.8214147426998759,True,False,False
