match_id,event_id,event_component_id,control_component_id,event_country,control_country,event_city_name,control_city_name,event_date_utc,event_year,dominant_hazard,event_observability_gap_score_v2,control_observability_gap_score_v2,event_public_hourly_surface_observation_support,control_public_hourly_surface_observation_support,event_denominator_uncertainty_flag,control_denominator_uncertainty_flag,event_koppen_dominant_class,control_koppen_dominant_class,event_centroid_lat,event_centroid_lon,control_centroid_lat,control_centroid_lon,match_stage,match_distance_score,match_country_equal,match_koppen_equal,match_denominator_uncertainty_equal,event_gpm_event_subset_precip_mm_est,control_gpm_event_subset_precip_mm_est,paired_gpm_precip_diff_high_minus_control,event_era5_tp_sum_mm,paired_era5_tp_diff_high_minus_control,event_population_density_proxy,control_population_density_proxy,event_official_station_density_50km,control_official_station_density_50km,event_nearest_airport_km,control_nearest_airport_km,event_coast_distance_km,control_coast_distance_km,event_need_composite_z,control_need_composite_z,event_public_support_z,control_public_support_z,control_era5_2t_mean_c,control_era5_sp_mean,paired_era5_2t_diff_high_minus_control,paired_era5_sp_diff_high_minus_control
4942|2020-01-21|Celaya,4942|2020-01-21|Celaya,4942,6696,México,México,Celaya,Matamoros,2020-01-21,2020,low_ceiling_1000m,0.4309489847569435,-0.2901204383931102,0.1801494192494017,,False,False,BSh,,20.531576,-100.820914,25.847048265415868,-97.50931699803468,same_country_year_koppen_uncertainty_lowgap_p25,1.261929,True,True,True,0.0,0.0,0.0,0.030518,,5500.956343939394,5099.120625252525,0.0001273239544735,,6.562864635255111,8.129910296062748,328.116473165505,29.96880844717999,0.5999072420262046,0.8736957421894176,-1.4282088337634071,1.7356356223657663,15.253636,102818.192708,-2.487061,-21543.666666
4942|2020-01-21|Celaya,4942|2020-01-21|Celaya,4942,4288,México,México,Celaya,San Francisco del Rincón,2020-01-21,2020,low_ceiling_1000m,0.4309489847569435,-0.2343984740114149,0.1801494192494017,,False,False,BSh,,20.531576,-100.820914,21.025504865614927,-101.8607450821336,same_country_year_koppen_uncertainty_lowgap_p25,1.561177,True,True,True,0.0,0.0,0.0,0.030518,,5500.956343939394,4393.776685714286,0.0001273239544735,,6.562864635255111,16.709251224239814,328.116473165505,324.4454119629594,0.5999072420262046,-0.6941698924055543,-1.4282088337634071,0.5685994937320173,14.264296,82337.734375,-1.497721,-1063.208333
4942|2020-01-21|Celaya,4942|2020-01-21|Celaya,4942,4134,México,México,Celaya,Chihuahua,2020-01-21,2020,low_ceiling_1000m,0.4309489847569435,-0.2460739713515294,0.1801494192494017,,False,False,BSh,,20.531576,-100.820914,28.659020888249007,-106.0811875464914,same_country_year_koppen_uncertainty_lowgap_p25,1.849375,True,True,True,0.0,0.051111,-0.051111,0.030518,,5500.956343939394,4201.6389046875,0.0001273239544735,,6.562864635255111,4.608050563636304,328.116473165505,391.7325558931292,0.5999072420262046,0.0976111045580816,-1.4282088337634071,1.2620198662438862,12.431045,85629.526042,0.33553,-4355.0
4942|2020-08-29|Celaya,4942|2020-08-29|Celaya,4942,6696,México,México,Celaya,Matamoros,2020-08-29,2020,low_ceiling_1000m,0.4309489847569435,-0.2901204383931102,0.1801494192494017,,False,False,BSh,,20.531576,-100.820914,25.847048265415868,-97.50931699803468,same_country_year_koppen_uncertainty_lowgap_p25,1.261929,True,True,True,0.0,0.0,0.0,21.10815,,5500.956343939394,5099.120625252525,0.0001273239544735,,6.562864635255111,8.129910296062748,328.116473165505,29.96880844717999,0.5999072420262046,0.8736957421894176,-1.4282088337634071,1.7356356223657663,30.69435,100917.697917,-10.460693,-20115.833334
4942|2020-08-29|Celaya,4942|2020-08-29|Celaya,4942,4288,México,México,Celaya,San Francisco del Rincón,2020-08-29,2020,low_ceiling_1000m,0.4309489847569435,-0.2343984740114149,0.1801494192494017,,False,False,BSh,,20.531576,-100.820914,21.025504865614927,-101.8607450821336,same_country_year_koppen_uncertainty_lowgap_p25,1.561177,True,True,True,0.0,0.0,0.0,21.10815,,5500.956343939394,4393.776685714286,0.0001273239544735,,6.562864635255111,16.709251224239814,328.116473165505,324.4454119629594,0.5999072420262046,-0.6941698924055543,-1.4282088337634071,0.5685994937320173,20.620782,81874.53125,-0.387125,-1072.666667
4942|2020-08-29|Celaya,4942|2020-08-29|Celaya,4942,4134,México,México,Celaya,Chihuahua,2020-08-29,2020,low_ceiling_1000m,0.4309489847569435,-0.2460739713515294,0.1801494192494017,,False,False,BSh,,20.531576,-100.820914,28.659020888249007,-106.0811875464914,same_country_year_koppen_uncertainty_lowgap_p25,1.849375,True,True,True,0.0,0.0,0.0,21.10815,,5500.956343939394,4201.6389046875,0.0001273239544735,,6.562864635255111,4.608050563636304,328.116473165505,391.7325558931292,0.5999072420262046,0.0976111045580816,-1.4282088337634071,1.2620198662438862,29.780206,85148.03125,-9.546549,-4346.166667
4379|2020-07-08|Karadeniz Ereğli,4379|2020-07-08|Karadeniz Ereğli,4379,3459,Turkey,Turkey,Karadeniz Ereğli,Yalova,2020-07-08,2020,low_ceiling_1000m,0.4255751700217459,-0.2330371867720323,0.2020953715052822,,False,False,,,41.265007,31.422627,40.65253863849585,29.2827278590132,same_country_year_koppen_uncertainty_lowgap_p25,0.787218,True,True,True,0.405556,0.0,0.405556,11.147499,,4424.80204,4905.462747058824,0.000254647908947,,1.7391893438228485,9.67680099117227,0.5836552227457015,1.3070794959245655,1.314925894028547,1.1979950489203732,-1.3302283527170098,1.7317268265793402,22.265466,99406.510417,-0.614258,-982.5
4379|2020-07-08|Karadeniz Ereğli,4379|2020-07-08|Karadeniz Ereğli,4379,4341,Turkey,Turkey,Karadeniz Ereğli,Düzce,2020-07-08,2020,low_ceiling_1000m,0.4255751700217459,-0.2002434403486899,0.2020953715052822,,False,False,,,41.265007,31.422627,40.84383926392352,31.157814680057847,same_country_year_koppen_uncertainty_lowgap_p25,0.942545,True,True,True,0.405556,0.0,0.405556,11.147499,,4424.80204,6187.665303448276,0.000254647908947,,1.7391893438228485,2.063061364596871,0.5836552227457015,24.0677466235646,1.314925894028547,0.5697651352934204,-1.3302283527170098,1.1237787885973076,19.057621,91783.677083,2.593587,6640.333334
4379|2020-07-08|Karadeniz Ereğli,4379|2020-07-08|Karadeniz Ereğli,4379,858,Turkey,Turkey,Karadeniz Ereğli,Tekirdağ,2020-07-08,2020,low_ceiling_1000m,0.4255751700217459,-0.2980826102857723,0.2020953715052822,,False,False,,,41.265007,31.422627,40.97362181837198,27.521795993298632,same_country_year_koppen_uncertainty_lowgap_p25,0.943033,True,True,True,0.405556,0.0,0.405556,11.147499,,4424.80204,4822.32412,0.000254647908947,,1.7391893438228485,3.435653266875913,0.5836552227457015,1.2815414559229568,1.314925894028547,0.3218343903788758,-1.3302283527170098,1.379804912608172,23.483809,100320.34375,-1.832601,-1896.333333
4379|2020-06-15|Karadeniz Ereğli,4379|2020-06-15|Karadeniz Ereğli,4379,3459,Turkey,Turkey,Karadeniz Ereğli,Yalova,2020-06-15,2020,low_ceiling_1000m,0.4255751700217459,-0.2330371867720323,0.2020953715052822,,False,False,,,41.265007,31.422627,40.65253863849585,29.2827278590132,same_country_year_koppen_uncertainty_lowgap_p25,0.787218,True,True,True,0.254444,0.0,0.254444,20.33329,,4424.80204,4905.462747058824,0.000254647908947,,1.7391893438228485,9.67680099117227,0.5836552227457015,1.3070794959245655,1.314925894028547,1.1979950489203732,-1.3302283527170098,1.7317268265793402,21.99916,98845.497396,-2.786784,-890.791667
4379|2020-06-15|Karadeniz Ereğli,4379|2020-06-15|Karadeniz Ereğli,4379,4341,Turkey,Turkey,Karadeniz Ereğli,Düzce,2020-06-15,2020,low_ceiling_1000m,0.4255751700217459,-0.2002434403486899,0.2020953715052822,,False,False,,,41.265007,31.422627,40.84383926392352,31.157814680057847,same_country_year_koppen_uncertainty_lowgap_p25,0.942545,True,True,True,0.254444,1.791111,-1.536667,20.33329,,4424.80204,6187.665303448276,0.000254647908947,,1.7391893438228485,2.063061364596871,0.5836552227457015,24.0677466235646,1.314925894028547,0.5697651352934204,-1.3302283527170098,1.1237787885973076,15.908095,91402.247396,3.304281,6552.458333
4379|2020-06-15|Karadeniz Ereğli,4379|2020-06-15|Karadeniz Ereğli,4379,858,Turkey,Turkey,Karadeniz Ereğli,Tekirdağ,2020-06-15,2020,low_ceiling_1000m,0.4255751700217459,-0.2980826102857723,0.2020953715052822,,False,False,,,41.265007,31.422627,40.97362181837198,27.521795993298632,same_country_year_koppen_uncertainty_lowgap_p25,0.943033,True,True,True,0.254444,1.52,-1.265556,20.33329,,4424.80204,4822.32412,0.000254647908947,,1.7391893438228485,3.435653266875913,0.5836552227457015,1.2815414559229568,1.314925894028547,0.3218343903788758,-1.3302283527170098,1.379804912608172,22.62595,99638.664062,-3.413574,-1683.958333
175|2020-04-23|Điện Biên Phủ,175|2020-04-23|Điện Biên Phủ,175,1739,Vietnam,Vietnam,Điện Biên Phủ,Phúc Yên,2020-04-23,2020,thunder_or_convective,0.4223236990129126,-0.2195351521657393,0.165440961886418,,False,False,,,21.388702,103.018583,21.239375103723827,105.72237654564918,same_country_year_koppen_uncertainty_lowgap_p25,1.002725,True,True,True,0.0,0.065556,-0.065556,39.526939,,3593.0871382352943,3784.632731,0.0001273239544735,,1.4621449867646352,8.447059325582973,333.03551537488755,92.50786143688232,0.775684414281278,0.7541337248937533,-1.4938766029753543,1.292834206360207,19.551202,101349.4375,1.885987,-10078.083333
175|2020-04-23|Điện Biên Phủ,175|2020-04-23|Điện Biên Phủ,175,5031,Vietnam,Vietnam,Điện Biên Phủ,Trang Bang,2020-04-23,2020,thunder_or_convective,0.4223236990129126,-0.1857652366858249,0.165440961886418,,False,False,,,21.388702,103.018583,11.024954059705768,106.37291346135945,same_country_year_koppen_uncertainty_lowgap_p25,1.042952,True,True,True,0.0,0.0,0.0,39.526939,,3593.0871382352943,3158.056480952381,0.0001273239544735,,1.4621449867646352,12.209831124929222,333.03551537488755,56.9735070891997,0.775684414281278,0.6632076917180186,-1.4938766029753543,0.8833227011357035,31.056818,100879.729167,-9.619629,-9608.375
175|2020-04-23|Điện Biên Phủ,175|2020-04-23|Điện Biên Phủ,175,3961,Vietnam,Vietnam,Điện Biên Phủ,Uông Bí,2020-04-23,2020,thunder_or_convective,0.4223236990129126,-0.2011952900052546,0.165440961886418,,False,False,,,21.388702,103.018583,21.03490777407487,106.76732967765548,same_country_year_koppen_uncertainty_lowgap_p25,1.264373,True,True,True,0.0,0.151667,-0.151667,39.526939,,3593.0871382352943,4098.370023529412,0.0001273239544735,,1.4621449867646352,25.43286032301884,333.03551537488755,1.393744426980823,0.775684414281278,0.710754096916395,-1.4938766029753543,0.7805865185491552,20.423517,100769.1875,1.013672,-9497.833333
175|2020-08-15|Điện Biên Phủ,175|2020-08-15|Điện Biên Phủ,175,1739,Vietnam,Vietnam,Điện Biên Phủ,Phúc Yên,2020-08-15,2020,thunder_or_convective,0.4223236990129126,-0.2195351521657393,0.165440961886418,,False,False,,,21.388702,103.018583,21.239375103723827,105.72237654564918,same_country_year_koppen_uncertainty_lowgap_p25,1.002725,True,True,True,0.826111,0.832778,-0.006667,23.063183,,3593.0871382352943,3784.632731,0.0001273239544735,,1.4621449867646352,8.447059325582973,333.03551537488755,92.50786143688232,0.775684414281278,0.7541337248937533,-1.4938766029753543,1.292834206360207,28.345443,100053.440104,-5.892985,-9332.875
175|2020-08-15|Điện Biên Phủ,175|2020-08-15|Điện Biên Phủ,175,5031,Vietnam,Vietnam,Điện Biên Phủ,Trang Bang,2020-08-15,2020,thunder_or_convective,0.4223236990129126,-0.1857652366858249,0.165440961886418,,False,False,,,21.388702,103.018583,11.024954059705768,106.37291346135945,same_country_year_koppen_uncertainty_lowgap_p25,1.042952,True,True,True,0.826111,0.0,0.826111,23.063183,,3593.0871382352943,3158.056480952381,0.0001273239544735,,1.4621449867646352,12.209831124929222,333.03551537488755,56.9735070891997,0.775684414281278,0.6632076917180186,-1.4938766029753543,0.8833227011357035,27.816553,100786.065104,-5.364095,-10065.5
175|2020-08-15|Điện Biên Phủ,175|2020-08-15|Điện Biên Phủ,175,3961,Vietnam,Vietnam,Điện Biên Phủ,Uông Bí,2020-08-15,2020,thunder_or_convective,0.4223236990129126,-0.2011952900052546,0.165440961886418,,False,False,,,21.388702,103.018583,21.03490777407487,106.76732967765548,same_country_year_koppen_uncertainty_lowgap_p25,1.264373,True,True,True,0.826111,0.010556,0.815555,23.063183,,3593.0871382352943,4098.370023529412,0.0001273239544735,,1.4621449867646352,25.43286032301884,333.03551537488755,1.393744426980823,0.775684414281278,0.710754096916395,-1.4938766029753543,0.7805865185491552,27.292464,99688.898438,-4.840006,-8968.333334
10954|2020-09-01|Giridih,10954|2020-09-01|Giridih,10954,10132,India,India,Giridih,Thanjavur,2020-09-01,2020,thunder_or_convective,0.4166104714056073,-0.2334885646856278,0.219547072900251,,False,False,Aw,,24.171116,86.306248,10.770179217220884,79.13268065039192,same_country_year_koppen_uncertainty_lowgap_p25,1.091242,True,True,True,2.820556,4.448333,-1.627777,24.004459,,5670.705629166667,7401.048096610169,0.0001273239544735,,3.925533527089168,6.228330151614349,256.6828591519296,61.48962511548593,0.8047432120449503,0.4254984198341343,-1.2523130233742632,1.6003912881554467,28.47854,100274.742188,-0.617025,-3343.333334
10954|2020-09-01|Giridih,10954|2020-09-01|Giridih,10954,10080,India,India,Giridih,Siltara,2020-09-01,2020,thunder_or_convective,0.4166104714056073,-0.2416496922833165,0.219547072900251,,False,False,Aw,,24.171116,86.306248,21.367822645426184,81.65945734260364,same_country_year_koppen_uncertainty_lowgap_p25,1.159379,True,True,True,2.820556,0.0,2.820556,24.004459,,5670.705629166667,4028.20720625,0.0001273239544735,,3.925533527089168,15.350854292513652,256.6828591519296,395.2266457776779,0.8047432120449503,0.3629492770930736,-1.2523130233742632,1.0104237107909702,29.908146,97437.200521,-2.046631,-505.791667
10954|2020-09-01|Giridih,10954|2020-09-01|Giridih,10954,11432,India,India,Giridih,Chandpara,2020-09-01,2020,thunder_or_convective,0.4166104714056073,-0.1949362507271476,0.219547072900251,,False,False,Aw,,24.171116,86.306248,22.968342743805323,88.78465529398024,same_country_year_koppen_uncertainty_lowgap_p25,1.258348,True,True,True,2.820556,0.748889,2.071667,24.004459,,5670.705629166667,6661.472346666666,0.0001273239544735,,3.925533527089168,11.100908352194775,256.6828591519296,90.72386133387684,0.8047432120449503,0.0315590667934236,-1.2523130233742632,0.6695767182146742,27.246932,100500.700521,0.614583,-3569.291667
10954|2020-12-10|Giridih,10954|2020-12-10|Giridih,10954,10132,India,India,Giridih,Thanjavur,2020-12-10,2020,low_vis_1km,0.4166104714056073,-0.2334885646856278,0.219547072900251,,False,False,Aw,,24.171116,86.306248,10.770179217220884,79.13268065039192,same_country_year_koppen_uncertainty_lowgap_p25,1.091242,True,True,True,0.0,0.0,0.0,0.0,,5670.705629166667,7401.048096610169,0.0001273239544735,,3.925533527089168,6.228330151614349,256.6828591519296,61.48962511548593,0.8047432120449503,0.4254984198341343,-1.2523130233742632,1.6003912881554467,25.733616,100833.453125,-8.86206,-3094.625
10954|2020-12-10|Giridih,10954|2020-12-10|Giridih,10954,10080,India,India,Giridih,Siltara,2020-12-10,2020,low_vis_1km,0.4166104714056073,-0.2416496922833165,0.219547072900251,,False,False,Aw,,24.171116,86.306248,21.367822645426184,81.65945734260364,same_country_year_koppen_uncertainty_lowgap_p25,1.159379,True,True,True,0.0,0.0,0.0,0.0,,5670.705629166667,4028.20720625,0.0001273239544735,,3.925533527089168,15.350854292513652,256.6828591519296,395.2266457776779,0.8047432120449503,0.3629492770930736,-1.2523130233742632,1.0104237107909702,21.852268,98175.453125,-4.980712,-436.625
10954|2020-12-10|Giridih,10954|2020-12-10|Giridih,10954,11432,India,India,Giridih,Chandpara,2020-12-10,2020,low_vis_1km,0.4166104714056073,-0.1949362507271476,0.219547072900251,,False,False,Aw,,24.171116,86.306248,22.968342743805323,88.78465529398024,same_country_year_koppen_uncertainty_lowgap_p25,1.258348,True,True,True,0.0,0.0,0.0,0.0,,5670.705629166667,6661.472346666666,0.0001273239544735,,3.925533527089168,11.100908352194775,256.6828591519296,90.72386133387684,0.8047432120449503,0.0315590667934236,-1.2523130233742632,0.6695767182146742,19.339573,101331.494792,-2.468017,-3592.666667
7672|2020-12-27|Zigong,7672|2020-12-27|Zigong,7672,10851,China,China,Zigong,Yangjiang,2020-12-27,2020,fog,0.3981712854211544,-0.2817889191655359,0.2428938306192727,,False,False,Cwa,,29.352113,104.76754,21.86109235665186,111.97037709693542,same_country_year_koppen_uncertainty_lowgap_p25,1.386171,True,True,True,0.0,0.0,0.0,0.181198,,5587.709175903615,5796.998992857143,0.0001273239544735,,13.944562860724895,17.468869984535875,925.4341966168917,1.5520610440621192,1.253288234954644,-0.1212185289608619,-1.1480784690695855,1.1465800973514555,19.976241,101276.880208,-11.535644,-3507.583333
7672|2020-12-27|Zigong,7672|2020-12-27|Zigong,7672,9653,China,China,Zigong,Ningming,2020-12-27,2020,fog,0.3981712854211544,-0.241710679836705,0.2428938306192727,,False,False,Cwa,,29.352113,104.76754,22.12935904736112,107.0607294319672,same_country_year_koppen_uncertainty_lowgap_p25,1.520259,True,True,True,0.0,0.0,0.0,0.181198,,5587.709175903615,5478.231793,0.0001273239544735,,13.944562860724895,6.294069640784925,925.4341966168917,98.9386033000899,1.253288234954644,0.2666055128284991,-1.1480784690695855,0.9438438892288572,17.573979,98914.130208,-9.133382,-1144.833333
7672|2020-12-27|Zigong,7672|2020-12-27|Zigong,7672,7775,China,China,Zigong,Xingping,2020-12-27,2020,fog,0.3981712854211544,-0.2070295960477585,0.2428938306192727,,False,False,Cwa,,29.352113,104.76754,34.29434697258374,108.45167856092996,same_country_year_koppen_uncertainty_lowgap_p25,1.619639,True,True,True,0.0,0.057778,-0.057778,0.181198,,5587.709175903615,5754.3302092307695,0.0001273239544735,,13.944562860724895,18.040643144473748,925.4341966168917,984.096143388074,1.253288234954644,-0.6999588959896688,-1.1480784690695855,0.644821011567313,3.546635,95974.796875,4.893962,1794.5
7672|2020-12-26|Zigong,7672|2020-12-26|Zigong,7672,10851,China,China,Zigong,Yangjiang,2020-12-26,2020,fog,0.3981712854211544,-0.2817889191655359,0.2428938306192727,,False,False,Cwa,,29.352113,104.76754,21.86109235665186,111.97037709693542,same_country_year_koppen_uncertainty_lowgap_p25,1.386171,True,True,True,0.0,0.0,0.0,0.034809,,5587.709175903615,5796.998992857143,0.0001273239544735,,13.944562860724895,17.468869984535875,925.4341966168917,1.5520610440621192,1.253288234954644,-0.1212185289608619,-1.1480784690695855,1.1465800973514555,19.079197,101462.132812,-11.791178,-3458.708333
7672|2020-12-26|Zigong,7672|2020-12-26|Zigong,7672,9653,China,China,Zigong,Ningming,2020-12-26,2020,fog,0.3981712854211544,-0.241710679836705,0.2428938306192727,,False,False,Cwa,,29.352113,104.76754,22.12935904736112,107.0607294319672,same_country_year_koppen_uncertainty_lowgap_p25,1.520259,True,True,True,0.0,0.0,0.0,0.034809,,5587.709175903615,5478.231793,0.0001273239544735,,13.944562860724895,6.294069640784925,925.4341966168917,98.9386033000899,1.253288234954644,0.2666055128284991,-1.1480784690695855,0.9438438892288572,18.121759,98997.174479,-10.83374,-993.75
7672|2020-12-26|Zigong,7672|2020-12-26|Zigong,7672,7775,China,China,Zigong,Xingping,2020-12-26,2020,fog,0.3981712854211544,-0.2070295960477585,0.2428938306192727,,False,False,Cwa,,29.352113,104.76754,34.29434697258374,108.45167856092996,same_country_year_koppen_uncertainty_lowgap_p25,1.619639,True,True,True,0.0,0.0,0.0,0.034809,,5587.709175903615,5754.3302092307695,0.0001273239544735,,13.944562860724895,18.040643144473748,925.4341966168917,984.096143388074,1.253288234954644,-0.6999588959896688,-1.1480784690695855,0.644821011567313,2.84767,96104.257812,4.440349,1899.166667
10936|2020-09-01|Phusro,10936|2020-09-01|Phusro,10936,9446,India,India,Phusro,Kapri Kheda,2020-09-01,2020,thunder_or_convective,0.3824528524686358,-0.1953299203506451,0.2201015583960777,,False,False,,,23.772954,85.992166,21.27676255815206,79.11403208553466,same_country_year_koppen_uncertainty_lowgap_p25,0.964908,True,True,True,2.41,0.0,2.41,15.928745,,5655.4166263157895,6074.918425555556,0.0001273239544735,,21.40905865759822,22.91843206600097,243.41550296525784,580.0098545692847,1.07225764311402,0.778912108507035,-1.2498374527095273,1.1527038774168552,29.041121,97000.325521,-1.422688,405.291667
10936|2020-09-01|Phusro,10936|2020-09-01|Phusro,10936,11394,India,India,Phusro,Chakdaha,2020-09-01,2020,thunder_or_convective,0.3824528524686358,-0.1896243647794843,0.2201015583960777,,False,False,,,23.772954,85.992166,23.07018717132597,88.526112252389,same_country_year_koppen_uncertainty_lowgap_p25,0.980983,True,True,True,2.41,1.220556,1.189444,15.928745,,5655.4166263157895,5480.428645555556,0.0001273239544735,,21.40905865759822,18.467345621451795,243.41550296525784,95.54781729123368,1.07225764311402,0.8534402545606246,-1.2498374527095273,1.0009774543071082,27.31464,100521.908854,0.303793,-3116.291666
10936|2020-09-01|Phusro,10936|2020-09-01|Phusro,10936,10228,India,India,Phusro,Mangalagiri,2020-09-01,2020,thunder_or_convective,0.3824528524686358,-0.2056615079302584,0.2201015583960777,,False,False,,,23.772954,85.992166,16.43444936281629,80.5708647410434,same_country_year_koppen_uncertainty_lowgap_p25,0.987228,True,True,True,2.41,0.402222,2.007778,15.928745,,5655.4166263157895,5769.246811111111,0.0001273239544735,,21.40905865759822,14.329553860682354,243.41550296525784,58.595644042704514,1.07225764311402,0.6218313911759381,-1.2498374527095273,1.0036484647611663,29.821395,100112.075521,-2.202962,-2706.458333
10936|2020-12-10|Phusro,10936|2020-12-10|Phusro,10936,9446,India,India,Phusro,Kapri Kheda,2020-12-10,2020,low_vis_1km,0.3824528524686358,-0.1953299203506451,0.2201015583960777,,False,False,,,23.772954,85.992166,21.27676255815206,79.11403208553466,same_country_year_koppen_uncertainty_lowgap_p25,0.964908,True,True,True,0.0,0.0,0.0,0.0,,5655.4166263157895,6074.918425555556,0.0001273239544735,,21.40905865759822,22.91843206600097,243.41550296525784,580.0098545692847,1.07225764311402,0.778912108507035,-1.2498374527095273,1.1527038774168552,22.855931,97624.369792,-5.170004,587.416666
10936|2020-12-10|Phusro,10936|2020-12-10|Phusro,10936,11394,India,India,Phusro,Chakdaha,2020-12-10,2020,low_vis_1km,0.3824528524686358,-0.1896243647794843,0.2201015583960777,,False,False,,,23.772954,85.992166,23.07018717132597,88.526112252389,same_country_year_koppen_uncertainty_lowgap_p25,0.980983,True,True,True,0.0,0.0,0.0,0.0,,5655.4166263157895,5480.428645555556,0.0001273239544735,,21.40905865759822,18.467345621451795,243.41550296525784,95.54781729123368,1.07225764311402,0.8534402545606246,-1.2498374527095273,1.0009774543071082,19.608291,101359.286458,-1.922364,-3147.5
10936|2020-12-10|Phusro,10936|2020-12-10|Phusro,10936,10228,India,India,Phusro,Mangalagiri,2020-12-10,2020,low_vis_1km,0.3824528524686358,-0.2056615079302584,0.2201015583960777,,False,False,,,23.772954,85.992166,16.43444936281629,80.5708647410434,same_country_year_koppen_uncertainty_lowgap_p25,0.987228,True,True,True,0.0,0.0,0.0,0.0,,5655.4166263157895,5769.246811111111,0.0001273239544735,,21.40905865759822,14.329553860682354,243.41550296525784,58.595644042704514,1.07225764311402,0.6218313911759381,-1.2498374527095273,1.0036484647611663,24.578587,100894.619792,-6.89266,-2682.833334
4263|2020-01-19|Rzeszów,4263|2020-01-19|Rzeszów,4263,3850,Poland,Poland,Rzeszów,Wołomin,2020-01-19,2020,fog,0.3689108206292736,-0.181488177397497,0.3743360765773653,,False,False,Dfb,,50.030827,22.002133,52.34637144747505,21.239277753586126,same_country_year_koppen_uncertainty_lowgap_p25,1.079717,True,True,True,0.0,0.0,0.0,0.210762,,4154.646042222223,2865.792322380952,0.0003819718634205,,6.854641766987755,8.516960866971397,391.4413423077526,195.4846476892456,2.118412337362868,1.626382517603755,-0.5612379283342497,1.1098374169590564,2.075983,101845.997396,-2.800131,-2107.541667
4263|2020-01-19|Rzeszów,4263|2020-01-19|Rzeszów,4263,3403,Poland,Poland,Rzeszów,Bełchatów,2020-01-19,2020,fog,0.3689108206292736,-0.2149364710425105,0.3743360765773653,,False,False,Dfb,,50.030827,22.002133,51.35896353742977,19.375143003940927,same_country_year_koppen_uncertainty_lowgap_p25,1.183598,True,True,True,0.0,0.0,0.0,0.210762,,4154.646042222223,3423.068758666667,0.0003819718634205,,6.854641766987755,3.477092658527253,391.4413423077526,233.8785275089932,2.118412337362868,1.3982273138978292,-0.5612379283342497,1.2285345156735086,1.97668,100722.964357,-2.700828,-984.508628
4263|2020-01-19|Rzeszów,4263|2020-01-19|Rzeszów,4263,3068,Poland,Poland,Rzeszów,Częstochowa,2020-01-19,2020,fog,0.3689108206292736,-0.1931137212919236,0.3743360765773653,,False,False,Dfb,,50.030827,22.002133,50.806943282062505,19.11058915941061,same_country_year_koppen_uncertainty_lowgap_p25,1.312033,True,True,True,0.0,0.0,0.0,0.210762,,4154.646042222223,3509.551136170213,0.0003819718634205,,6.854641766987755,10.835414166121913,391.4413423077526,276.77328123796974,2.118412337362868,1.4020877962393468,-0.5612379283342497,1.4641046084020806,1.927789,99896.372396,-2.651937,-157.916667
4263|2020-11-09|Rzeszów,4263|2020-11-09|Rzeszów,4263,3850,Poland,Poland,Rzeszów,Wołomin,2020-11-09,2020,fog,0.3689108206292736,-0.181488177397497,0.3743360765773653,,False,False,Dfb,,50.030827,22.002133,52.34637144747505,21.239277753586126,same_country_year_koppen_uncertainty_lowgap_p25,1.079717,True,True,True,0.0,0.0,0.0,0.166416,,4154.646042222223,2865.792322380952,0.0003819718634205,,6.854641766987755,8.516960866971397,391.4413423077526,195.4846476892456,2.118412337362868,1.626382517603755,-0.5612379283342497,1.1098374169590564,6.497339,101803.669271,-2.025635,-2132.416667
4263|2020-11-09|Rzeszów,4263|2020-11-09|Rzeszów,4263,3403,Poland,Poland,Rzeszów,Bełchatów,2020-11-09,2020,fog,0.3689108206292736,-0.2149364710425105,0.3743360765773653,,False,False,Dfb,,50.030827,22.002133,51.35896353742977,19.375143003940927,same_country_year_koppen_uncertainty_lowgap_p25,1.183598,True,True,True,0.0,0.0,0.0,0.166416,,4154.646042222223,3423.068758666667,0.0003819718634205,,6.854641766987755,3.477092658527253,391.4413423077526,233.8785275089932,2.118412337362868,1.3982273138978292,-0.5612379283342497,1.2285345156735086,5.405463,100553.617514,-0.933759,-882.36491
4263|2020-11-09|Rzeszów,4263|2020-11-09|Rzeszów,4263,3068,Poland,Poland,Rzeszów,Częstochowa,2020-11-09,2020,fog,0.3689108206292736,-0.1931137212919236,0.3743360765773653,,False,False,Dfb,,50.030827,22.002133,50.806943282062505,19.11058915941061,same_country_year_koppen_uncertainty_lowgap_p25,1.312033,True,True,True,0.0,0.0,0.0,0.166416,,4154.646042222223,3509.551136170213,0.0003819718634205,,6.854641766987755,10.835414166121913,391.4413423077526,276.77328123796974,2.118412337362868,1.4020877962393468,-0.5612379283342497,1.4641046084020806,4.945337,99694.419271,-0.473633,-23.166667
3944|2020-01-29|Belgorod,3944|2020-01-29|Belgorod,3944,6031,Russia,Russia,Belgorod,Ulyanovsk,2020-01-29,2020,low_vis_5km,0.3670772721665411,-0.2090177356491753,0.4127414930251561,,False,False,Dfb,,50.591021,36.590908,54.30457195226994,48.34297095737613,same_country_year_koppen_uncertainty_lowgap_p25,0.911469,True,True,True,0.0,0.276667,-0.276667,1.712799,,4805.58424868421,3883.0337009900986,0.0001273239544735,,4.307196090145686,8.398455944882189,310.8719019755848,636.9057543024679,1.2941055866837732,0.4558020235891514,-0.3897720865030546,1.443909163505549,-7.685685,100319.90625,9.979166,-1947.041667
3944|2020-01-29|Belgorod,3944|2020-01-29|Belgorod,3944,7378,Russia,Russia,Belgorod,Young Leninist,2020-01-29,2020,low_vis_5km,0.3670772721665411,-0.2029739393938723,0.4127414930251561,,False,False,Dfb,,50.591021,36.590908,54.87960970913622,83.0067198381084,same_country_year_koppen_uncertainty_lowgap_p25,1.602135,True,True,True,0.0,0.0,0.0,1.712799,,4805.58424868421,1981.16886,0.0001273239544735,,4.307196090145686,2.3258718543025725,310.8719019755848,873.4625454980894,1.2941055866837732,0.3358173812596008,-0.3897720865030546,1.3228016407228014,-17.056947,100950.739583,19.350428,-2577.875
3944|2020-01-29|Belgorod,3944|2020-01-29|Belgorod,3944,6673,Russia,Russia,Belgorod,Лобаново,2020-01-29,2020,low_vis_5km,0.3670772721665411,-0.2406899366673888,0.4127414930251561,,False,False,Dfb,,50.591021,36.590908,57.88721369880574,56.30397792361633,same_country_year_koppen_uncertainty_lowgap_p25,1.622201,True,True,True,0.0,0.0,0.0,1.712799,,4805.58424868421,4149.35510125,0.0001273239544735,,4.307196090145686,5.9008614737121965,310.8719019755848,617.0284976892343,1.2941055866837732,-0.4526697804218939,-0.3897720865030546,0.9946582344523872,-22.213492,100735.78125,24.506973,-2362.916667
3944|2020-11-04|Belgorod,3944|2020-11-04|Belgorod,3944,6031,Russia,Russia,Belgorod,Ulyanovsk,2020-11-04,2020,fog,0.3670772721665411,-0.2090177356491753,0.4127414930251561,,False,False,Dfb,,50.591021,36.590908,54.30457195226994,48.34297095737613,same_country_year_koppen_uncertainty_lowgap_p25,0.911469,True,True,True,0.0,0.001667,-0.001667,0.177383,,4805.58424868421,3883.0337009900986,0.0001273239544735,,4.307196090145686,8.398455944882189,310.8719019755848,636.9057543024679,1.2941055866837732,0.4558020235891514,-0.3897720865030546,1.443909163505549,1.820449,101357.40625,6.127034,-589.458333
3944|2020-11-04|Belgorod,3944|2020-11-04|Belgorod,3944,7378,Russia,Russia,Belgorod,Young Leninist,2020-11-04,2020,fog,0.3670772721665411,-0.2029739393938723,0.4127414930251561,,False,False,Dfb,,50.591021,36.590908,54.87960970913622,83.0067198381084,same_country_year_koppen_uncertainty_lowgap_p25,1.602135,True,True,True,0.0,0.341667,-0.341667,0.177383,,4805.58424868421,1981.16886,0.0001273239544735,,4.307196090145686,2.3258718543025725,310.8719019755848,873.4625454980894,1.2941055866837732,0.3358173812596008,-0.3897720865030546,1.3228016407228014,-1.34988,100452.947917,9.297363,315.0
3944|2020-11-04|Belgorod,3944|2020-11-04|Belgorod,3944,6673,Russia,Russia,Belgorod,Лобаново,2020-11-04,2020,fog,0.3670772721665411,-0.2406899366673888,0.4127414930251561,,False,False,Dfb,,50.591021,36.590908,57.88721369880574,56.30397792361633,same_country_year_koppen_uncertainty_lowgap_p25,1.622201,True,True,True,0.0,0.0,0.0,0.177383,,4805.58424868421,4149.35510125,0.0001273239544735,,4.307196090145686,5.9008614737121965,310.8719019755848,617.0284976892343,1.2941055866837732,-0.4526697804218939,-0.3897720865030546,0.9946582344523872,-0.184353,100721.114583,8.131836,46.833334
6403|2020-02-01|Nizhnekamsk,6403|2020-02-01|Nizhnekamsk,6403,6031,Russia,Russia,Nizhnekamsk,Ulyanovsk,2020-02-01,2020,low_ceiling_300m,0.365789172541643,-0.2090177356491753,0.321980972392459,,False,False,Dfb,,55.626131,51.811607,54.30457195226994,48.34297095737613,same_country_year_koppen_uncertainty_lowgap_p25,1.207299,True,True,True,0.0,0.016667,-0.016667,0.827789,,5182.24729375,3883.0337009900986,0.0001273239544735,,27.4681670757702,8.398455944882189,684.6867668945697,636.9057543024679,0.8580335880244534,0.4558020235891514,-0.7949839163624896,1.443909163505549,-0.790788,99253.825521,-0.6639,254.375
6403|2020-02-01|Nizhnekamsk,6403|2020-02-01|Nizhnekamsk,6403,6242,Russia,Russia,Nizhnekamsk,Dimitrovgrad,2020-02-01,2020,low_ceiling_300m,0.365789172541643,-0.2591077953055232,0.321980972392459,,False,False,Dfb,,55.626131,51.811607,54.22085624156395,49.601213221695694,same_country_year_koppen_uncertainty_lowgap_p25,1.420129,True,True,True,0.0,0.136667,-0.136667,0.827789,,5182.24729375,3687.210546666666,0.0001273239544735,,27.4681670757702,26.832945880058592,684.6867668945697,597.7864892031167,0.8580335880244534,-0.539030394967701,-0.7949839163624896,0.9469057792615572,-0.426774,99677.617188,-1.027914,-169.416667
6403|2020-02-01|Nizhnekamsk,6403|2020-02-01|Nizhnekamsk,6403,6673,Russia,Russia,Nizhnekamsk,Лобаново,2020-02-01,2020,low_ceiling_300m,0.365789172541643,-0.2406899366673888,0.321980972392459,,False,False,Dfb,,55.626131,51.811607,57.88721369880574,56.30397792361633,same_country_year_koppen_uncertainty_lowgap_p25,1.465862,True,True,True,0.0,0.0,0.0,0.827789,,5182.24729375,4149.35510125,0.0001273239544735,,27.4681670757702,5.9008614737121965,684.6867668945697,617.0284976892343,0.8580335880244534,-0.4526697804218939,-0.7949839163624896,0.9946582344523872,-3.9625,98949.408854,2.507812,558.791667
6403|2020-01-21|Nizhnekamsk,6403|2020-01-21|Nizhnekamsk,6403,6031,Russia,Russia,Nizhnekamsk,Ulyanovsk,2020-01-21,2020,low_ceiling_1000m,0.365789172541643,-0.2090177356491753,0.321980972392459,,False,False,Dfb,,55.626131,51.811607,54.30457195226994,48.34297095737613,same_country_year_koppen_uncertainty_lowgap_p25,1.207299,True,True,True,0.0,0.27,-0.27,4.012108,,5182.24729375,3883.0337009900986,0.0001273239544735,,27.4681670757702,8.398455944882189,684.6867668945697,636.9057543024679,0.8580335880244534,0.4558020235891514,-0.7949839163624896,1.443909163505549,0.66778,98858.692708,-1.438884,14.666667
6403|2020-01-21|Nizhnekamsk,6403|2020-01-21|Nizhnekamsk,6403,6242,Russia,Russia,Nizhnekamsk,Dimitrovgrad,2020-01-21,2020,low_ceiling_1000m,0.365789172541643,-0.2591077953055232,0.321980972392459,,False,False,Dfb,,55.626131,51.811607,54.22085624156395,49.601213221695694,same_country_year_koppen_uncertainty_lowgap_p25,1.420129,True,True,True,0.0,0.028333,-0.028333,4.012108,,5182.24729375,3687.210546666666,0.0001273239544735,,27.4681670757702,26.832945880058592,684.6867668945697,597.7864892031167,0.8580335880244534,-0.539030394967701,-0.7949839163624896,0.9469057792615572,0.08111,99263.359375,-0.852214,-390.0
6403|2020-01-21|Nizhnekamsk,6403|2020-01-21|Nizhnekamsk,6403,6673,Russia,Russia,Nizhnekamsk,Лобаново,2020-01-21,2020,low_ceiling_1000m,0.365789172541643,-0.2406899366673888,0.321980972392459,,False,False,Dfb,,55.626131,51.811607,57.88721369880574,56.30397792361633,same_country_year_koppen_uncertainty_lowgap_p25,1.465862,True,True,True,0.0,0.0,0.0,4.012108,,5182.24729375,4149.35510125,0.0001273239544735,,27.4681670757702,5.9008614737121965,684.6867668945697,617.0284976892343,0.8580335880244534,-0.4526697804218939,-0.7949839163624896,0.9946582344523872,-4.258734,98241.901042,3.48763,631.458333
10210|2020-01-03|Neyveli Township,10210|2020-01-03|Neyveli Township,10210,10842,India,India,Neyveli Township,Pontinamallayyapalem,2020-01-03,2020,low_vis_5km,0.3645027764531431,-0.1888680443320624,0.2604038989085391,,False,False,,,11.605937,79.482999,17.81421405236515,83.35674085859853,same_country_year_koppen_uncertainty_lowgap_p25,1.215283,True,True,True,0.0,0.0,0.0,1.159191,,3434.0973779166666,4801.175023571429,0.000254647908947,,4.371302955955729,5.035408230700686,26.16442768671589,5.6073903721043,1.463399008460483,0.9353221347854608,-1.069902553341077,1.0591533649284073,24.121413,101066.088542,2.911947,-196.333334
10210|2020-01-03|Neyveli Township,10210|2020-01-03|Neyveli Township,10210,11388,India,India,Neyveli Township,Durgachak,2020-01-03,2020,low_vis_5km,0.3645027764531431,-0.2391470139445712,0.2604038989085391,,False,False,,,11.605937,79.482999,22.06690830400641,88.1201363562848,same_country_year_koppen_uncertainty_lowgap_p25,1.37612,True,True,True,0.0,0.201111,-0.201111,1.159191,,3434.0973779166666,2903.276013793104,0.000254647908947,,4.371302955955729,7.023518257536653,26.16442768671589,1.9874971185513937,1.463399008460483,0.2678204180623201,-1.069902553341077,1.100521453668076,17.75154,101650.088542,9.28182,-780.333334
10210|2020-01-03|Neyveli Township,10210|2020-01-03|Neyveli Township,10210,9614,India,India,Neyveli Township,Anchal,2020-01-03,2020,low_vis_5km,0.3645027764531431,-0.3456565536659657,0.2604038989085391,,False,False,,,11.605937,79.482999,8.924571983959563,76.91890632490029,same_country_year_koppen_uncertainty_lowgap_p25,1.489475,True,True,True,0.0,0.0,0.0,1.159191,,3434.0973779166666,4549.723428,0.000254647908947,,4.371302955955729,9.243552191481006,26.16442768671589,25.548484109231637,1.463399008460483,-0.1289576648385627,-1.069902553341077,1.2284042224806275,28.202386,98375.130208,-1.169026,2494.625
10210|2020-11-25|Neyveli Township,10210|2020-11-25|Neyveli Township,10210,10842,India,India,Neyveli Township,Pontinamallayyapalem,2020-11-25,2020,low_vis_5km,0.3645027764531431,-0.1888680443320624,0.2604038989085391,,False,False,,,11.605937,79.482999,17.81421405236515,83.35674085859853,same_country_year_koppen_uncertainty_lowgap_p25,1.215283,True,True,True,11.467222,0.048333,11.418889,82.733154,,3434.0973779166666,4801.175023571429,0.000254647908947,,4.371302955955729,5.035408230700686,26.16442768671589,5.6073903721043,1.463399008460483,0.9353221347854608,-1.069902553341077,1.0591533649284073,24.632654,100907.299479,-1.00472,-875.5
10210|2020-11-25|Neyveli Township,10210|2020-11-25|Neyveli Township,10210,11388,India,India,Neyveli Township,Durgachak,2020-11-25,2020,low_vis_5km,0.3645027764531431,-0.2391470139445712,0.2604038989085391,,False,False,,,11.605937,79.482999,22.06690830400641,88.1201363562848,same_country_year_koppen_uncertainty_lowgap_p25,1.37612,True,True,True,11.467222,0.0,11.467222,82.733154,,3434.0973779166666,2903.276013793104,0.000254647908947,,4.371302955955729,7.023518257536653,26.16442768671589,1.9874971185513937,1.463399008460483,0.2678204180623201,-1.069902553341077,1.100521453668076,22.185551,101437.549479,1.442383,-1405.75
10210|2020-11-25|Neyveli Township,10210|2020-11-25|Neyveli Township,10210,9614,India,India,Neyveli Township,Anchal,2020-11-25,2020,low_vis_5km,0.3645027764531431,-0.3456565536659657,0.2604038989085391,,False,False,,,11.605937,79.482999,8.924571983959563,76.91890632490029,same_country_year_koppen_uncertainty_lowgap_p25,1.489475,True,True,True,11.467222,0.0,11.467222,82.733154,,3434.0973779166666,4549.723428,0.000254647908947,,4.371302955955729,9.243552191481006,26.16442768671589,25.548484109231637,1.463399008460483,-0.1289576648385627,-1.069902553341077,1.2284042224806275,26.324792,98050.966146,-2.696858,1980.833333
56|2020-02-09|Brest,56|2020-02-09|Brest,56,1585,France,France,Brest,Caen,2020-02-09,2020,strong_wind,0.3603284359301841,-0.1918810170988547,0.3825658086733205,,False,False,Cfb,,48.395742,-4.48925,49.17675486973722,-0.358204929234041,same_country_year_koppen_uncertainty_lowgap_p25,0.655755,True,True,True,0.490556,0.085556,0.405,6.49929,,3076.876057142857,2831.465037735849,0.0008912676813146,,1.317212077783021,2.2420940871322497,1.139574491431255,12.26733834091748,2.785575895212576,1.879862987181702,-0.5244952479418505,1.5013033149695625,11.046442,100098.403646,0.990478,-66.625
56|2020-02-09|Brest,56|2020-02-09|Brest,56,544,France,France,Brest,Saint-Nazaire,2020-02-09,2020,strong_wind,0.3603284359301841,-0.2335843198635023,0.3825658086733205,,False,False,Cfb,,48.395742,-4.48925,47.27677813565688,-2.2106401204496238,same_country_year_koppen_uncertainty_lowgap_p25,0.702133,True,True,True,0.490556,0.0,0.490556,6.49929,,3076.876057142857,1682.734944411765,0.0008912676813146,,1.317212077783021,4.50938274746412,1.139574491431255,0.3623114076915579,2.785575895212576,1.9684098108846584,-0.5244952479418505,1.4732902785001802,11.665338,101235.820312,0.371582,-1204.041666
56|2020-02-09|Brest,56|2020-02-09|Brest,56,944,France,France,Brest,Cherbourg-en-Cotentin,2020-02-09,2020,strong_wind,0.3603284359301841,-0.1964917148971058,0.3825658086733205,,False,False,Cfb,,48.395742,-4.48925,49.64957377202679,-1.637778072916062,same_country_year_koppen_uncertainty_lowgap_p25,0.725698,True,True,True,0.490556,0.600556,-0.11,6.49929,,3076.876057142857,1909.6476935483872,0.0008912676813146,,1.317212077783021,0.4182947886392194,1.139574491431255,1.22604575078238,2.785575895212576,1.9564604086654225,-0.5244952479418505,1.382801656044432,11.062148,99880.653646,0.974772,151.125
56|2020-11-01|Brest,56|2020-11-01|Brest,56,1585,France,France,Brest,Caen,2020-11-01,2020,low_vis_5km,0.3603284359301841,-0.1918810170988547,0.3825658086733205,,False,False,Cfb,,48.395742,-4.48925,49.17675486973722,-0.358204929234041,same_country_year_koppen_uncertainty_lowgap_p25,0.655755,True,True,True,0.063333,0.0,0.063333,5.693913,,3076.876057142857,2831.465037735849,0.0008912676813146,,1.317212077783021,2.2420940871322497,1.139574491431255,12.26733834091748,2.785575895212576,1.879862987181702,-0.5244952479418505,1.5013033149695625,16.273787,100503.333333,-0.838053,-286.25
56|2020-11-01|Brest,56|2020-11-01|Brest,56,544,France,France,Brest,Saint-Nazaire,2020-11-01,2020,low_vis_5km,0.3603284359301841,-0.2335843198635023,0.3825658086733205,,False,False,Cfb,,48.395742,-4.48925,47.27677813565688,-2.2106401204496238,same_country_year_koppen_uncertainty_lowgap_p25,0.702133,True,True,True,0.063333,0.031111,0.032222,5.693913,,3076.876057142857,1682.734944411765,0.0008912676813146,,1.317212077783021,4.50938274746412,1.139574491431255,0.3623114076915579,2.785575895212576,1.9684098108846584,-0.5244952479418505,1.4732902785001802,16.847274,101275.916667,-1.41154,-1058.833334
56|2020-11-01|Brest,56|2020-11-01|Brest,56,944,France,France,Brest,Cherbourg-en-Cotentin,2020-11-01,2020,low_vis_5km,0.3603284359301841,-0.1964917148971058,0.3825658086733205,,False,False,Cfb,,48.395742,-4.48925,49.64957377202679,-1.637778072916062,same_country_year_koppen_uncertainty_lowgap_p25,0.725698,True,True,True,0.063333,0.001667,0.061666,5.693913,,3076.876057142857,1909.6476935483872,0.0008912676813146,,1.317212077783021,0.4182947886392194,1.139574491431255,1.22604575078238,2.785575895212576,1.9564604086654225,-0.5244952479418505,1.382801656044432,15.567326,100383.125,-0.131592,-166.041667
1031|2020-09-28|Hamilton,1031|2020-09-28|Hamilton,1031,505,New Zealand,New Zealand,Hamilton,Wellington,2020-09-28,2020,strong_wind,0.3499105974302273,-0.2665971478297627,0.3656102258798809,,False,True,Cfb,,-37.772002,175.269028,-41.30707604037472,174.79076787451046,same_country_year_lowgap_p25,0.596206,True,True,False,1.28,0.0,1.28,7.975101,,2090.06991875,2295.961171875,0.0001273239544735,,3.657684006350729,1.1084679022920063,28.25948790461384,2.1304040212373017,0.994779839808937,0.8203139988272224,-0.600195593005623,1.826059098225073,9.952498,98897.729167,2.887045,1091.083333
1031|2020-09-28|Hamilton,1031|2020-09-28|Hamilton,1031,647,New Zealand,New Zealand,Hamilton,Lower Hutt,2020-09-28,2020,strong_wind,0.3499105974302273,-0.2537181928173532,0.3656102258798809,,False,True,Cfb,,-37.772002,175.269028,-41.2243648996721,174.91852039081513,same_country_year_lowgap_p25,0.641466,True,True,False,1.28,0.0,1.28,7.975101,,2090.06991875,1552.124636,0.0001273239544735,,3.657684006350729,4.383010881668769,28.25948790461384,2.4876812761641776,0.994779839808937,0.0502520354005429,-0.600195593005623,1.1847560028655442,9.397078,97987.229167,3.442465,2001.583333
1031|2020-09-28|Hamilton,1031|2020-09-28|Hamilton,1031,1681,New Zealand,France,Hamilton,Le Havre,2020-09-28,2020,strong_wind,0.3499105974302273,-0.1913615287903576,0.3656102258798809,,False,False,Cfb,,-37.772002,175.269028,49.4870591728847,0.1598997825707736,same_year_koppen_uncertainty_lowgap_p25,0.523655,False,True,True,1.28,0.0,1.28,7.975101,,2090.06991875,2015.3855174418604,0.0001273239544735,,3.657684006350729,3.952679858826151,28.25948790461384,0.5688784673683703,0.994779839808937,1.9104507650829392,-0.600195593005623,1.487492236524192,14.390405,100576.604167,-1.550862,-587.791667
1031|2020-09-18|Hamilton,1031|2020-09-18|Hamilton,1031,505,New Zealand,New Zealand,Hamilton,Wellington,2020-09-18,2020,strong_wind,0.3499105974302273,-0.2665971478297627,0.3656102258798809,,False,True,Cfb,,-37.772002,175.269028,-41.30707604037472,174.79076787451046,same_country_year_lowgap_p25,0.596206,True,True,False,0.196111,0.0,0.196111,3.254414,,2090.06991875,2295.961171875,0.0001273239544735,,3.657684006350729,1.1084679022920063,28.25948790461384,2.1304040212373017,0.994779839808937,0.8203139988272224,-0.600195593005623,1.826059098225073,10.313023,100769.294271,1.586588,358.166667
1031|2020-09-18|Hamilton,1031|2020-09-18|Hamilton,1031,647,New Zealand,New Zealand,Hamilton,Lower Hutt,2020-09-18,2020,strong_wind,0.3499105974302273,-0.2537181928173532,0.3656102258798809,,False,True,Cfb,,-37.772002,175.269028,-41.2243648996721,174.91852039081513,same_country_year_lowgap_p25,0.641466,True,True,False,0.196111,0.0,0.196111,3.254414,,2090.06991875,1552.124636,0.0001273239544735,,3.657684006350729,4.383010881668769,28.25948790461384,2.4876812761641776,0.994779839808937,0.0502520354005429,-0.600195593005623,1.1847560028655442,9.063267,99860.085938,2.836344,1267.375
1031|2020-09-18|Hamilton,1031|2020-09-18|Hamilton,1031,1681,New Zealand,France,Hamilton,Le Havre,2020-09-18,2020,strong_wind,0.3499105974302273,-0.1913615287903576,0.3656102258798809,,False,False,Cfb,,-37.772002,175.269028,49.4870591728847,0.1598997825707736,same_year_koppen_uncertainty_lowgap_p25,0.523655,False,True,True,0.196111,0.0,0.196111,3.254414,,2090.06991875,2015.3855174418604,0.0001273239544735,,3.657684006350729,3.952679858826151,28.25948790461384,0.5688784673683703,0.994779839808937,1.9104507650829392,-0.600195593005623,1.487492236524192,17.925246,100915.752604,-6.025635,211.708334
4339|2020-01-19|Lublin,4339|2020-01-19|Lublin,4339,3850,Poland,Poland,Lublin,Wołomin,2020-01-19,2020,low_ceiling_1000m,0.3481865010596157,-0.181488177397497,0.3737815910815385,,False,False,Dfb,,51.239794,22.554886,52.34637144747505,21.239277753586126,same_country_year_koppen_uncertainty_lowgap_p25,0.837484,True,True,True,0.0,0.0,0.0,0.42963,,4178.979672222222,2865.792322380952,0.000254647908947,,13.081017647413086,8.516960866971397,313.08324423939416,195.4846476892456,2.0968511738881044,1.626382517603755,-0.5637134989989857,1.1098374169590564,2.075983,101845.997396,-0.75529,-1243.708334
4339|2020-01-19|Lublin,4339|2020-01-19|Lublin,4339,3068,Poland,Poland,Lublin,Częstochowa,2020-01-19,2020,low_ceiling_1000m,0.3481865010596157,-0.1931137212919236,0.3737815910815385,,False,False,Dfb,,51.239794,22.554886,50.806943282062505,19.11058915941061,same_country_year_koppen_uncertainty_lowgap_p25,0.84942,True,True,True,0.0,0.0,0.0,0.42963,,4178.979672222222,3509.551136170213,0.000254647908947,,13.081017647413086,10.835414166121913,313.08324423939416,276.77328123796974,2.0968511738881044,1.4020877962393468,-0.5637134989989857,1.4641046084020806,1.927789,99896.372396,-0.607096,705.916666
4339|2020-01-19|Lublin,4339|2020-01-19|Lublin,4339,3403,Poland,Poland,Lublin,Bełchatów,2020-01-19,2020,low_ceiling_1000m,0.3481865010596157,-0.2149364710425105,0.3737815910815385,,False,False,Dfb,,51.239794,22.554886,51.35896353742977,19.375143003940927,same_country_year_koppen_uncertainty_lowgap_p25,0.994558,True,True,True,0.0,0.0,0.0,0.42963,,4178.979672222222,3423.068758666667,0.000254647908947,,13.081017647413086,3.477092658527253,313.08324423939416,233.8785275089932,2.0968511738881044,1.3982273138978292,-0.5637134989989857,1.2285345156735086,1.97668,100722.964357,-0.655987,-120.675295
4339|2020-12-17|Lublin,4339|2020-12-17|Lublin,4339,3850,Poland,Poland,Lublin,Wołomin,2020-12-17,2020,low_ceiling_1000m,0.3481865010596157,-0.181488177397497,0.3737815910815385,,False,False,Dfb,,51.239794,22.554886,52.34637144747505,21.239277753586126,same_country_year_koppen_uncertainty_lowgap_p25,0.837484,True,True,True,0.0,0.0,0.0,0.148296,,4178.979672222222,2865.792322380952,0.000254647908947,,13.081017647413086,8.516960866971397,313.08324423939416,195.4846476892456,2.0968511738881044,1.626382517603755,-0.5637134989989857,1.1098374169590564,4.124099,101293.046875,-1.129232,-1123.0
4339|2020-12-17|Lublin,4339|2020-12-17|Lublin,4339,3068,Poland,Poland,Lublin,Częstochowa,2020-12-17,2020,low_ceiling_1000m,0.3481865010596157,-0.1931137212919236,0.3737815910815385,,False,False,Dfb,,51.239794,22.554886,50.806943282062505,19.11058915941061,same_country_year_koppen_uncertainty_lowgap_p25,0.84942,True,True,True,0.0,0.0,0.0,0.148296,,4178.979672222222,3509.551136170213,0.000254647908947,,13.081017647413086,10.835414166121913,313.08324423939416,276.77328123796974,2.0968511738881044,1.4020877962393468,-0.5637134989989857,1.4641046084020806,2.789219,99244.338542,0.205648,925.708333
4339|2020-12-17|Lublin,4339|2020-12-17|Lublin,4339,3403,Poland,Poland,Lublin,Bełchatów,2020-12-17,2020,low_ceiling_1000m,0.3481865010596157,-0.2149364710425105,0.3737815910815385,,False,False,Dfb,,51.239794,22.554886,51.35896353742977,19.375143003940927,same_country_year_koppen_uncertainty_lowgap_p25,0.994558,True,True,True,0.0,0.0,0.0,0.148296,,4178.979672222222,3423.068758666667,0.000254647908947,,13.081017647413086,3.477092658527253,313.08324423939416,233.8785275089932,2.0968511738881044,1.3982273138978292,-0.5637134989989857,1.2285345156735086,3.233236,100053.965983,-0.238369,116.080892
2044|2020-12-05|Vinnytsia,2044|2020-12-05|Vinnytsia,2044,2506,Ukraine,Ukraine,Vinnytsia,Pervomaisk,2020-12-05,2020,fog,0.3468699569142932,-0.2643495966921068,0.3751532130975311,,False,False,Dfb,,49.233728,28.479445,48.040325755688905,30.85700138527686,same_country_year_koppen_uncertainty_lowgap_p25,1.769519,True,True,True,0.0,0.0,0.0,0.162601,,5713.788211594203,3472.8745052941176,0.0001273239544735,,12.98230880577612,7.373265060801696,316.0482145347481,108.75395572508036,1.2838129997856524,0.5440051883073335,-0.5575897189335858,1.4259938494844326,-0.550197,101257.041667,0.220296,-1982.375
2044|2020-12-05|Vinnytsia,2044|2020-12-05|Vinnytsia,2044,4030,Ukraine,Ukraine,Vinnytsia,Lozova,2020-12-05,2020,fog,0.3468699569142932,-0.2530968007517558,0.3751532130975311,,False,False,Dfb,,49.233728,28.479445,48.88626053909163,36.31027032442569,same_country_year_koppen_uncertainty_lowgap_p25,2.273128,True,True,True,0.0,0.0,0.0,0.162601,,5713.788211594203,5039.966945384615,0.0001273239544735,,12.98230880577612,23.14377477649469,316.0482145347481,184.36827403145824,1.2838129997856524,-1.0381751605019391,-0.5575897189335858,0.7596093144953395,-3.94009,101581.666667,3.610189,-2307.0
2044|2020-12-05|Vinnytsia,2044|2020-12-05|Vinnytsia,2044,1089,Ukraine,Ukraine,Vinnytsia,Kovel,2020-12-05,2020,fog,0.3468699569142932,-0.3427570040457709,0.3751532130975311,,False,False,Dfb,,49.233728,28.479445,51.21789566047926,24.704436853501942,same_country_year_koppen_uncertainty_lowgap_p25,2.609978,True,True,True,0.0,0.0,0.0,0.162601,,5713.788211594203,3431.8134027272727,0.0001273239544735,,12.98230880577612,17.86785928008107,316.0482145347481,441.6647128821463,1.2838129997856524,-1.507366647150569,-0.5575897189335858,0.7680132254361541,5.975112,99695.833333,-6.305013,-421.166666
2044|2020-11-18|Vinnytsia,2044|2020-11-18|Vinnytsia,2044,2506,Ukraine,Ukraine,Vinnytsia,Pervomaisk,2020-11-18,2020,low_ceiling_300m,0.3468699569142932,-0.2643495966921068,0.3751532130975311,,False,False,Dfb,,49.233728,28.479445,48.040325755688905,30.85700138527686,same_country_year_koppen_uncertainty_lowgap_p25,1.769519,True,True,True,0.0,0.0,0.0,0.22459,,5713.788211594203,3472.8745052941176,0.0001273239544735,,12.98230880577612,7.373265060801696,316.0482145347481,108.75395572508036,1.2838129997856524,0.5440051883073335,-0.5575897189335858,1.4259938494844326,-1.445675,102016.049479,2.210938,-1953.208333
2044|2020-11-18|Vinnytsia,2044|2020-11-18|Vinnytsia,2044,4030,Ukraine,Ukraine,Vinnytsia,Lozova,2020-11-18,2020,low_ceiling_300m,0.3468699569142932,-0.2530968007517558,0.3751532130975311,,False,False,Dfb,,49.233728,28.479445,48.88626053909163,36.31027032442569,same_country_year_koppen_uncertainty_lowgap_p25,2.273128,True,True,True,0.0,0.0,0.0,0.22459,,5713.788211594203,5039.966945384615,0.0001273239544735,,12.98230880577612,23.14377477649469,316.0482145347481,184.36827403145824,1.2838129997856524,-1.0381751605019391,-0.5575897189335858,0.7596093144953395,-2.971879,102033.049479,3.737142,-1970.208333
2044|2020-11-18|Vinnytsia,2044|2020-11-18|Vinnytsia,2044,1089,Ukraine,Ukraine,Vinnytsia,Kovel,2020-11-18,2020,low_ceiling_300m,0.3468699569142932,-0.3427570040457709,0.3751532130975311,,False,False,Dfb,,49.233728,28.479445,51.21789566047926,24.704436853501942,same_country_year_koppen_uncertainty_lowgap_p25,2.609978,True,True,True,0.0,0.144444,-0.144444,0.22459,,5713.788211594203,3431.8134027272727,0.0001273239544735,,12.98230880577612,17.86785928008107,316.0482145347481,441.6647128821463,1.2838129997856524,-1.507366647150569,-0.5575897189335858,0.7680132254361541,7.603235,100795.674479,-6.837972,-732.833333
6023|2020-01-03|Ciudad Valles,6023|2020-01-03|Ciudad Valles,6023,5931,México,México,Ciudad Valles,Tlaxcala,2020-01-03,2020,fog,0.2983611241975308,-0.1853384554598622,0.3065721122979046,,False,False,,,21.997964,-99.011314,19.320166608173352,-98.20864277768524,same_country_year_koppen_uncertainty_lowgap_p25,0.536162,True,True,True,0.0,0.0,0.0,0.0,,3522.665821875,3270.257888709677,0.0001273239544735,,5.046969075707412,4.564715560913405,119.2622508650016,177.75175836089892,0.6464485092583208,0.7358307588310761,-0.863778722203577,1.1528341706097365,11.862705,75520.380208,10.448324,23545.875
6023|2020-01-03|Ciudad Valles,6023|2020-01-03|Ciudad Valles,6023,5730,México,México,Ciudad Valles,Tizayuca,2020-01-03,2020,fog,0.2983611241975308,-0.1979020775197891,0.3065721122979046,,False,False,,,21.997964,-99.011314,19.835333472491698,-98.96844431693832,same_country_year_koppen_uncertainty_lowgap_p25,0.70928,True,True,True,0.0,0.0,0.0,0.0,,3522.665821875,3157.1652836666667,0.0001273239544735,,5.046969075707412,5.228574337973716,119.2622508650016,200.58847187983247,0.6464485092583208,-0.2117420906189598,-0.863778722203577,0.8223454868674671,15.258864,77610.171875,7.052165,21456.083333
6023|2020-01-03|Ciudad Valles,6023|2020-01-03|Ciudad Valles,6023,913,México,México,Ciudad Valles,Tecate,2020-01-03,2020,fog,0.2983611241975308,-0.2882330862651135,0.3065721122979046,,False,False,,,21.997964,-99.011314,32.5646551549511,-116.62289751088105,same_country_year_koppen_uncertainty_lowgap_p25,0.735046,True,True,True,0.0,0.0,0.0,0.0,,3522.665821875,3351.1524165,0.0001273239544735,,5.046969075707412,2.9877776863311936,119.2622508650016,46.533200544990414,0.6464485092583208,0.2646852574196197,-0.863778722203577,1.244821164783614,11.702793,91945.505208,10.608236,7120.75
6023|2020-01-02|Ciudad Valles,6023|2020-01-02|Ciudad Valles,6023,5931,México,México,Ciudad Valles,Tlaxcala,2020-01-02,2020,low_vis_5km,0.2983611241975308,-0.1853384554598622,0.3065721122979046,,False,False,,,21.997964,-99.011314,19.320166608173352,-98.20864277768524,same_country_year_koppen_uncertainty_lowgap_p25,0.536162,True,True,True,0.0,0.0,0.0,0.090122,,3522.665821875,3270.257888709677,0.0001273239544735,,5.046969075707412,4.564715560913405,119.2622508650016,177.75175836089892,0.6464485092583208,0.7358307588310761,-0.863778722203577,1.1528341706097365,13.584202,75439.013021,8.045899,23483.333333
6023|2020-01-02|Ciudad Valles,6023|2020-01-02|Ciudad Valles,6023,5730,México,México,Ciudad Valles,Tizayuca,2020-01-02,2020,low_vis_5km,0.2983611241975308,-0.1979020775197891,0.3065721122979046,,False,False,,,21.997964,-99.011314,19.835333472491698,-98.96844431693832,same_country_year_koppen_uncertainty_lowgap_p25,0.70928,True,True,True,0.0,0.0,0.0,0.090122,,3522.665821875,3157.1652836666667,0.0001273239544735,,5.046969075707412,5.228574337973716,119.2622508650016,200.58847187983247,0.6464485092583208,-0.2117420906189598,-0.863778722203577,0.8223454868674671,16.269668,77504.929688,5.360433,21417.416666
6023|2020-01-02|Ciudad Valles,6023|2020-01-02|Ciudad Valles,6023,913,México,México,Ciudad Valles,Tecate,2020-01-02,2020,low_vis_5km,0.2983611241975308,-0.2882330862651135,0.3065721122979046,,False,False,,,21.997964,-99.011314,32.5646551549511,-116.62289751088105,same_country_year_koppen_uncertainty_lowgap_p25,0.735046,True,True,True,0.0,0.0,0.0,0.090122,,3522.665821875,3351.1524165,0.0001273239544735,,5.046969075707412,2.9877776863311936,119.2622508650016,46.533200544990414,0.6464485092583208,0.2646852574196197,-0.863778722203577,1.244821164783614,9.520319,91268.138021,12.109782,7654.208333
4225|2020-01-19|Stalowa Wola,4225|2020-01-19|Stalowa Wola,4225,3850,Poland,Poland,Stalowa Wola,Wołomin,2020-01-19,2020,fog,0.2961184973103086,-0.181488177397497,0.2945777155197572,,False,False,Dfb,,50.564298,22.058214,52.34637144747505,21.239277753586126,same_country_year_koppen_uncertainty_lowgap_p25,0.205258,True,True,True,0.0,0.0,0.0,0.384331,,3356.946019375,2865.792322380952,0.0001273239544735,,7.639868288311741,8.516960866971397,349.8358306884888,195.4846476892456,1.5259188286889165,1.626382517603755,-0.917329224477605,1.1098374169590564,2.075983,101845.997396,-1.919434,-883.375
4225|2020-01-19|Stalowa Wola,4225|2020-01-19|Stalowa Wola,4225,3403,Poland,Poland,Stalowa Wola,Bełchatów,2020-01-19,2020,fog,0.2961184973103086,-0.2149364710425105,0.2945777155197572,,False,False,Dfb,,50.564298,22.058214,51.35896353742977,19.375143003940927,same_country_year_koppen_uncertainty_lowgap_p25,0.209809,True,True,True,0.0,0.0,0.0,0.384331,,3356.946019375,3423.068758666667,0.0001273239544735,,7.639868288311741,3.477092658527253,349.8358306884888,233.8785275089932,1.5259188286889165,1.3982273138978292,-0.917329224477605,1.2285345156735086,1.97668,100722.964357,-1.820131,239.658039
4225|2020-01-19|Stalowa Wola,4225|2020-01-19|Stalowa Wola,4225,1080,Poland,Poland,Stalowa Wola,Słupsk,2020-01-19,2020,fog,0.2961184973103086,-0.341320621773278,0.2945777155197572,,False,False,Dfb,,50.564298,22.058214,54.463339597672,17.024806823494853,same_country_year_koppen_uncertainty_lowgap_p25,0.567858,True,True,True,0.0,0.0,0.0,0.384331,,3356.946019375,4364.374916842105,0.0001273239544735,,7.639868288311741,7.495769561299709,349.8358306884888,13.174767989702383,1.5259188286889165,1.4328921639762118,-0.917329224477605,1.858306663463084,4.431045,102566.455729,-4.274496,-1603.833333
4225|2020-11-09|Stalowa Wola,4225|2020-11-09|Stalowa Wola,4225,3850,Poland,Poland,Stalowa Wola,Wołomin,2020-11-09,2020,fog,0.2961184973103086,-0.181488177397497,0.2945777155197572,,False,False,Dfb,,50.564298,22.058214,52.34637144747505,21.239277753586126,same_country_year_koppen_uncertainty_lowgap_p25,0.205258,True,True,True,0.0,0.0,0.0,0.201225,,3356.946019375,2865.792322380952,0.0001273239544735,,7.639868288311741,8.516960866971397,349.8358306884888,195.4846476892456,1.5259188286889165,1.626382517603755,-0.917329224477605,1.1098374169590564,6.497339,101803.669271,-1.174479,-905.166667
4225|2020-11-09|Stalowa Wola,4225|2020-11-09|Stalowa Wola,4225,3403,Poland,Poland,Stalowa Wola,Bełchatów,2020-11-09,2020,fog,0.2961184973103086,-0.2149364710425105,0.2945777155197572,,False,False,Dfb,,50.564298,22.058214,51.35896353742977,19.375143003940927,same_country_year_koppen_uncertainty_lowgap_p25,0.209809,True,True,True,0.0,0.0,0.0,0.201225,,3356.946019375,3423.068758666667,0.0001273239544735,,7.639868288311741,3.477092658527253,349.8358306884888,233.8785275089932,1.5259188286889165,1.3982273138978292,-0.917329224477605,1.2285345156735086,5.405463,100553.617514,-0.082603,344.88509
4225|2020-11-09|Stalowa Wola,4225|2020-11-09|Stalowa Wola,4225,1080,Poland,Poland,Stalowa Wola,Słupsk,2020-11-09,2020,fog,0.2961184973103086,-0.341320621773278,0.2945777155197572,,False,False,Dfb,,50.564298,22.058214,54.463339597672,17.024806823494853,same_country_year_koppen_uncertainty_lowgap_p25,0.567858,True,True,True,0.0,0.0,0.0,0.201225,,3356.946019375,4364.374916842105,0.0001273239544735,,7.639868288311741,7.495769561299709,349.8358306884888,13.174767989702383,1.5259188286889165,1.4328921639762118,-0.917329224477605,1.858306663463084,8.327824,102513.294271,-3.004964,-1614.791667
4942|2021-09-02|Celaya,4942|2021-09-02|Celaya,4942,6696,México,México,Celaya,Matamoros,2021-09-02,2021,low_ceiling_1000m,0.431720207933275,-0.2713939823465354,0.1800035020136578,,False,False,BSh,,20.531576,-100.820914,25.847048265415868,-97.50931699803468,same_country_year_koppen_uncertainty_lowgap_p25,1.349174,True,True,True,1.25,0.0,1.25,9.14526,,5500.956343939394,5099.120625252525,0.0001273239544735,,6.562864635255111,8.129910296062748,328.116473165505,29.96880844717999,0.62998983989341,1.0415073247930675,-1.4288602997278117,1.719023240273458,30.576054,100880.984375,-11.927653,-20210.125
4942|2021-09-02|Celaya,4942|2021-09-02|Celaya,4942,4288,México,México,Celaya,San Francisco del Rincón,2021-09-02,2021,low_ceiling_1000m,0.431720207933275,-0.2108052288781802,0.1800035020136578,,False,False,BSh,,20.531576,-100.820914,21.025504865614927,-101.8607450821336,same_country_year_koppen_uncertainty_lowgap_p25,1.437235,True,True,True,1.25,0.26,0.99,9.14526,,5500.956343939394,4393.776685714286,0.0001273239544735,,6.562864635255111,16.709251224239814,328.116473165505,324.4454119629594,0.62998983989341,-0.4684258488769919,-1.4288602997278117,0.557263985951384,19.293827,81735.484375,-0.645426,-1064.625
4942|2021-09-02|Celaya,4942|2021-09-02|Celaya,4942,4134,México,México,Celaya,Chihuahua,2021-09-02,2021,low_ceiling_1000m,0.431720207933275,-0.2152357358089035,0.1800035020136578,,False,False,BSh,,20.531576,-100.820914,28.659020888249007,-106.0811875464914,same_country_year_koppen_uncertainty_lowgap_p25,1.673333,True,True,True,1.25,0.086111,1.163889,9.14526,,5500.956343939394,4201.6389046875,0.0001273239544735,,6.562864635255111,4.608050563636304,328.116473165505,391.7325558931292,0.62998983989341,0.4056024666866626,-1.4288602997278117,1.256677845335772,23.07817,85209.401042,-4.429769,-4538.541667
4942|2021-10-03|Celaya,4942|2021-10-03|Celaya,4942,6696,México,México,Celaya,Matamoros,2021-10-03,2021,low_ceiling_1000m,0.431720207933275,-0.2713939823465354,0.1800035020136578,,False,False,BSh,,20.531576,-100.820914,25.847048265415868,-97.50931699803468,same_country_year_koppen_uncertainty_lowgap_p25,1.349174,True,True,True,0.101111,0.0,0.101111,16.160011,,5500.956343939394,5099.120625252525,0.0001273239544735,,6.562864635255111,8.129910296062748,328.116473165505,29.96880844717999,0.62998983989341,1.0415073247930675,-1.4288602997278117,1.719023240273458,27.490452,101332.796875,-8.901611,-20501.125
4942|2021-10-03|Celaya,4942|2021-10-03|Celaya,4942,4288,México,México,Celaya,San Francisco del Rincón,2021-10-03,2021,low_ceiling_1000m,0.431720207933275,-0.2108052288781802,0.1800035020136578,,False,False,BSh,,20.531576,-100.820914,21.025504865614927,-101.8607450821336,same_country_year_koppen_uncertainty_lowgap_p25,1.437235,True,True,True,0.101111,0.058333,0.042778,16.160011,,5500.956343939394,4393.776685714286,0.0001273239544735,,6.562864635255111,16.709251224239814,328.116473165505,324.4454119629594,0.62998983989341,-0.4684258488769919,-1.4288602997278117,0.557263985951384,18.906468,81900.296875,-0.317627,-1068.625
4942|2021-10-03|Celaya,4942|2021-10-03|Celaya,4942,4134,México,México,Celaya,Chihuahua,2021-10-03,2021,low_ceiling_1000m,0.431720207933275,-0.2152357358089035,0.1800035020136578,,False,False,BSh,,20.531576,-100.820914,28.659020888249007,-106.0811875464914,same_country_year_koppen_uncertainty_lowgap_p25,1.673333,True,True,True,0.101111,0.484444,-0.383333,16.160011,,5500.956343939394,4201.6389046875,0.0001273239544735,,6.562864635255111,4.608050563636304,328.116473165505,391.7325558931292,0.62998983989341,0.4056024666866626,-1.4288602997278117,1.256677845335772,21.182672,85590.713542,-2.593831,-4759.041667
4379|2021-04-05|Karadeniz Ereğli,4379|2021-04-05|Karadeniz Ereğli,4379,858,Turkey,Turkey,Karadeniz Ereğli,Tekirdağ,2021-04-05,2021,thunder_or_convective,0.4242936646457224,-0.2891304251263003,0.2019494542695382,,False,False,,,41.265007,31.422627,40.97362181837198,27.521795993298632,same_country_year_koppen_uncertainty_lowgap_p25,0.80729,True,True,True,0.449444,0.001111,0.448333,18.430233,,4424.80204,4822.32412,0.000254647908947,,1.7391893438228485,3.435653266875913,0.5836552227457015,1.2815414559229568,1.3026520945925817,0.5238507917929855,-1.3308798186814146,1.4333554148822003,7.769454,100281.148438,0.150716,-1916.666667
4379|2021-04-05|Karadeniz Ereğli,4379|2021-04-05|Karadeniz Ereğli,4379,3459,Turkey,Turkey,Karadeniz Ereğli,Yalova,2021-04-05,2021,thunder_or_convective,0.4242936646457224,-0.1969260379736981,0.2019494542695382,,False,False,,,41.265007,31.422627,40.65253863849585,29.2827278590132,same_country_year_koppen_uncertainty_lowgap_p25,0.920811,True,True,True,0.449444,0.238889,0.210555,18.430233,,4424.80204,4905.462747058824,0.000254647908947,,1.7391893438228485,9.67680099117227,0.5836552227457015,1.3070794959245655,1.3026520945925817,1.399488503168794,-1.3308798186814146,1.663778926491979,8.00269,99373.190104,-0.08252,-1008.708333
4379|2021-04-05|Karadeniz Ereğli,4379|2021-04-05|Karadeniz Ereğli,4379,4341,Turkey,Turkey,Karadeniz Ereğli,Düzce,2021-04-05,2021,thunder_or_convective,0.4242936646457224,-0.2264300955906888,0.2019494542695382,,False,False,,,41.265007,31.422627,40.84383926392352,31.157814680057847,same_country_year_koppen_uncertainty_lowgap_p25,1.045308,True,True,True,0.449444,1.481667,-1.032223,18.430233,,4424.80204,6187.665303448276,0.000254647908947,,1.7391893438228485,2.063061364596871,0.5836552227457015,24.0677466235646,1.3026520945925817,0.3952645804304721,-1.3308798186814146,1.1586973642893748,7.026046,91471.315104,0.894124,6893.166667
4379|2021-04-08|Karadeniz Ereğli,4379|2021-04-08|Karadeniz Ereğli,4379,858,Turkey,Turkey,Karadeniz Ereğli,Tekirdağ,2021-04-08,2021,low_ceiling_1000m,0.4242936646457224,-0.2891304251263003,0.2019494542695382,,False,False,,,41.265007,31.422627,40.97362181837198,27.521795993298632,same_country_year_koppen_uncertainty_lowgap_p25,0.80729,True,True,True,1.235556,0.050556,1.185,11.201859,,4424.80204,4822.32412,0.000254647908947,,1.7391893438228485,3.435653266875913,0.5836552227457015,1.2815414559229568,1.3026520945925817,0.5238507917929855,-1.3308798186814146,1.4333554148822003,5.457015,100725.9375,1.354818,-2108.0
4379|2021-04-08|Karadeniz Ereğli,4379|2021-04-08|Karadeniz Ereğli,4379,3459,Turkey,Turkey,Karadeniz Ereğli,Yalova,2021-04-08,2021,low_ceiling_1000m,0.4242936646457224,-0.1969260379736981,0.2019494542695382,,False,False,,,41.265007,31.422627,40.65253863849585,29.2827278590132,same_country_year_koppen_uncertainty_lowgap_p25,0.920811,True,True,True,1.235556,0.070556,1.165,11.201859,,4424.80204,4905.462747058824,0.000254647908947,,1.7391893438228485,9.67680099117227,0.5836552227457015,1.3070794959245655,1.3026520945925817,1.399488503168794,-1.3308798186814146,1.663778926491979,6.221582,99680.020833,0.590251,-1062.083333
4379|2021-04-08|Karadeniz Ereğli,4379|2021-04-08|Karadeniz Ereğli,4379,4341,Turkey,Turkey,Karadeniz Ereğli,Düzce,2021-04-08,2021,low_ceiling_1000m,0.4242936646457224,-0.2264300955906888,0.2019494542695382,,False,False,,,41.265007,31.422627,40.84383926392352,31.157814680057847,same_country_year_koppen_uncertainty_lowgap_p25,1.045308,True,True,True,1.235556,0.4,0.835556,11.201859,,4424.80204,6187.665303448276,0.000254647908947,,1.7391893438228485,2.063061364596871,0.5836552227457015,24.0677466235646,1.3026520945925817,0.3952645804304721,-1.3308798186814146,1.1586973642893748,4.933171,91588.520833,1.878662,7029.416667
10954|2021-05-07|Giridih,10954|2021-05-07|Giridih,10954,10132,India,India,Giridih,Thanjavur,2021-05-07,2021,low_vis_5km,0.4242448096368901,-0.2008612165562531,0.2194011556645071,,False,False,Aw,,24.171116,86.306248,10.770179217220884,79.13268065039192,same_country_year_koppen_uncertainty_lowgap_p25,1.038407,True,True,True,0.0,0.0,0.0,5.96571,,5670.705629166667,7401.048096610169,0.0001273239544735,,3.925533527089168,6.228330151614349,256.6828591519296,61.48962511548593,0.8802659428671342,0.584429446195352,-1.252964489338667,1.527036220563529,30.238804,100478.492188,-3.63501,-3196.583334
10954|2021-05-07|Giridih,10954|2021-05-07|Giridih,10954,11432,India,India,Giridih,Chandpara,2021-05-07,2021,low_vis_5km,0.4242448096368901,-0.2124941895864119,0.2194011556645071,,False,False,Aw,,24.171116,86.306248,22.968342743805323,88.78465529398024,same_country_year_koppen_uncertainty_lowgap_p25,1.236262,True,True,True,0.0,0.0,0.0,5.96571,,5670.705629166667,6661.472346666666,0.0001273239544735,,3.925533527089168,11.100908352194775,256.6828591519296,90.72386133387684,0.8802659428671342,0.0568433219413795,-1.252964489338667,0.7579806495843286,28.940464,100908.533854,-2.33667,-3626.625
10954|2021-05-07|Giridih,10954|2021-05-07|Giridih,10954,10080,India,India,Giridih,Siltara,2021-05-07,2021,low_vis_5km,0.4242448096368901,-0.2567600833266778,0.2194011556645071,,False,False,Aw,,24.171116,86.306248,21.367822645426184,81.65945734260364,same_country_year_koppen_uncertainty_lowgap_p25,1.288784,True,True,True,0.0,1.312222,-1.312222,5.96571,,5670.705629166667,4028.20720625,0.0001273239544735,,3.925533527089168,15.350854292513652,256.6828591519296,395.2266457776779,0.8802659428671342,0.2341873056827575,-1.252964489338667,1.0160914646812866,30.3105,97690.450521,-3.706706,-408.541667
10954|2021-01-04|Giridih,10954|2021-01-04|Giridih,10954,10132,India,India,Giridih,Thanjavur,2021-01-04,2021,low_vis_5km,0.4242448096368901,-0.2008612165562531,0.2194011556645071,,False,False,Aw,,24.171116,86.306248,10.770179217220884,79.13268065039192,same_country_year_koppen_uncertainty_lowgap_p25,1.038407,True,True,True,0.0,0.0,0.0,0.0,,5670.705629166667,7401.048096610169,0.0001273239544735,,3.925533527089168,6.228330151614349,256.6828591519296,61.48962511548593,0.8802659428671342,0.584429446195352,-1.252964489338667,1.527036220563529,26.01862,100604.638021,-7.465251,-2811.583333
10954|2021-01-04|Giridih,10954|2021-01-04|Giridih,10954,11432,India,India,Giridih,Chandpara,2021-01-04,2021,low_vis_5km,0.4242448096368901,-0.2124941895864119,0.2194011556645071,,False,False,Aw,,24.171116,86.306248,22.968342743805323,88.78465529398024,same_country_year_koppen_uncertainty_lowgap_p25,1.236262,True,True,True,0.0,0.0,0.0,0.0,,5670.705629166667,6661.472346666666,0.0001273239544735,,3.925533527089168,11.100908352194775,256.6828591519296,90.72386133387684,0.8802659428671342,0.0568433219413795,-1.252964489338667,0.7579806495843286,19.134261,101384.429688,-0.580892,-3591.375
10954|2021-01-04|Giridih,10954|2021-01-04|Giridih,10954,10080,India,India,Giridih,Siltara,2021-01-04,2021,low_vis_5km,0.4242448096368901,-0.2567600833266778,0.2194011556645071,,False,False,Aw,,24.171116,86.306248,21.367822645426184,81.65945734260364,same_country_year_koppen_uncertainty_lowgap_p25,1.288784,True,True,True,0.0,0.0,0.0,0.0,,5670.705629166667,4028.20720625,0.0001273239544735,,3.925533527089168,15.350854292513652,256.6828591519296,395.2266457776779,0.8802659428671342,0.2341873056827575,-1.252964489338667,1.0160914646812866,20.821924,98126.971354,-2.268555,-333.916666
175|2021-07-28|Điện Biên Phủ,175|2021-07-28|Điện Biên Phủ,175,1739,Vietnam,Vietnam,Điện Biên Phủ,Phúc Yên,2021-07-28,2021,thunder_or_convective,0.4210421936368891,-0.2240357538574729,0.1652950446506741,,False,False,,,21.388702,103.018583,21.239375103723827,105.72237654564918,same_country_year_koppen_uncertainty_lowgap_p25,0.965401,True,True,True,0.003889,0.088333,-0.084444,7.230759,,3593.0871382352943,3784.632731,0.0001273239544735,,1.4621449867646352,8.447059325582973,333.03551537488755,92.50786143688232,0.7556402756870136,0.6751676203360134,-1.4945280689397584,1.2790882745112775,30.393701,99359.796875,-5.382324,-9062.291667
175|2021-07-28|Điện Biên Phủ,175|2021-07-28|Điện Biên Phủ,175,5031,Vietnam,Vietnam,Điện Biên Phủ,Trang Bang,2021-07-28,2021,thunder_or_convective,0.4210421936368891,-0.1872684724254659,0.1652950446506741,,False,False,,,21.388702,103.018583,11.024954059705768,106.37291346135945,same_country_year_koppen_uncertainty_lowgap_p25,1.063862,True,True,True,0.003889,0.0,0.003889,7.230759,,3593.0871382352943,3158.056480952381,0.0001273239544735,,1.4621449867646352,12.209831124929222,333.03551537488755,56.9735070891997,0.7556402756870136,0.6101541985171441,-1.4945280689397584,0.8682738373579658,27.879867,100544.588542,-2.86849,-10247.083334
175|2021-07-28|Điện Biên Phủ,175|2021-07-28|Điện Biên Phủ,175,1915,Vietnam,Vietnam,Điện Biên Phủ,Quốc Oai,2021-07-28,2021,thunder_or_convective,0.4210421936368891,-0.2458424030693606,0.1652950446506741,,False,False,,,21.388702,103.018583,21.007861014080067,105.630204110918,same_country_year_koppen_uncertainty_lowgap_p25,1.305237,True,True,True,0.003889,1.123889,-1.12,7.230759,,3593.0871382352943,4624.6180125,0.0001273239544735,,1.4621449867646352,13.994866023961986,333.03551537488755,97.64515293678105,0.7556402756870136,0.1819392931673129,-1.4945280689397584,0.9043650517859608,30.877995,99576.755208,-5.866618,-9279.25
175|2021-05-01|Điện Biên Phủ,175|2021-05-01|Điện Biên Phủ,175,1739,Vietnam,Vietnam,Điện Biên Phủ,Phúc Yên,2021-05-01,2021,thunder_or_convective,0.4210421936368891,-0.2240357538574729,0.1652950446506741,,False,False,,,21.388702,103.018583,21.239375103723827,105.72237654564918,same_country_year_koppen_uncertainty_lowgap_p25,0.965401,True,True,True,3.065556,0.124444,2.941112,7.359028,,3593.0871382352943,3784.632731,0.0001273239544735,,1.4621449867646352,8.447059325582973,333.03551537488755,92.50786143688232,0.7556402756870136,0.6751676203360134,-1.4945280689397584,1.2790882745112775,26.567417,100681.40625,-4.046468,-9486.708333
175|2021-05-01|Điện Biên Phủ,175|2021-05-01|Điện Biên Phủ,175,5031,Vietnam,Vietnam,Điện Biên Phủ,Trang Bang,2021-05-01,2021,thunder_or_convective,0.4210421936368891,-0.1872684724254659,0.1652950446506741,,False,False,,,21.388702,103.018583,11.024954059705768,106.37291346135945,same_country_year_koppen_uncertainty_lowgap_p25,1.063862,True,True,True,3.065556,0.0,3.065556,7.359028,,3593.0871382352943,3158.056480952381,0.0001273239544735,,1.4621449867646352,12.209831124929222,333.03551537488755,56.9735070891997,0.7556402756870136,0.6101541985171441,-1.4945280689397584,0.8682738373579658,28.809117,100997.239583,-6.288168,-9802.541666
175|2021-05-01|Điện Biên Phủ,175|2021-05-01|Điện Biên Phủ,175,1915,Vietnam,Vietnam,Điện Biên Phủ,Quốc Oai,2021-05-01,2021,thunder_or_convective,0.4210421936368891,-0.2458424030693606,0.1652950446506741,,False,False,,,21.388702,103.018583,21.007861014080067,105.630204110918,same_country_year_koppen_uncertainty_lowgap_p25,1.305237,True,True,True,3.065556,0.003333,3.062223,7.359028,,3593.0871382352943,4624.6180125,0.0001273239544735,,1.4621449867646352,13.994866023961986,333.03551537488755,97.64515293678105,0.7556402756870136,0.1819392931673129,-1.4945280689397584,0.9043650517859608,26.470656,100908.53125,-3.949707,-9713.833333
7672|2021-12-10|Zigong,7672|2021-12-10|Zigong,7672,10851,China,China,Zigong,Yangjiang,2021-12-10,2021,low_vis_5km,0.3961169570202576,-0.2788826289032831,0.2427479133835288,,False,False,Cwa,,29.352113,104.76754,21.86109235665186,111.97037709693542,same_country_year_koppen_uncertainty_lowgap_p25,1.361298,True,True,True,0.0,0.0,0.0,0.995159,,5587.709175903615,5796.998992857143,0.0001273239544735,,13.944562860724895,17.468869984535875,925.4341966168917,1.5520610440621192,1.229755394705063,-0.1054858444103107,-1.14872993503399,1.1420849821970662,19.996474,101781.307292,-9.42041,-3515.333334
7672|2021-12-10|Zigong,7672|2021-12-10|Zigong,7672,9653,China,China,Zigong,Ningming,2021-12-10,2021,low_vis_5km,0.3961169570202576,-0.2422146947177363,0.2427479133835288,,False,False,Cwa,,29.352113,104.76754,22.12935904736112,107.0607294319672,same_country_year_koppen_uncertainty_lowgap_p25,1.523247,True,True,True,0.0,0.0,0.0,0.995159,,5587.709175903615,5478.231793,0.0001273239544735,,13.944562860724895,6.294069640784925,925.4341966168917,98.9386033000899,1.229755394705063,0.2383554179280983,-1.14872993503399,0.9340718997627931,19.770726,99350.390625,-9.194662,-1084.416667
7672|2021-12-10|Zigong,7672|2021-12-10|Zigong,7672,11127,China,China,Zigong,Zhongxin,2021-12-10,2021,low_vis_5km,0.3961169570202576,-0.182917024221124,0.2427479133835288,,False,False,Cwa,,29.352113,104.76754,24.21371429257814,114.70521561035406,same_country_year_koppen_uncertainty_lowgap_p25,1.551412,True,True,True,0.0,0.0,0.0,0.995159,,5587.709175903615,4072.866922857143,0.0001273239544735,,13.944562860724895,10.380834666751497,925.4341966168917,153.34548633892544,1.229755394705063,0.0266632356942227,-1.14872993503399,0.5082737454281849,17.353164,97912.057292,-6.7771,353.916666
7672|2021-11-03|Zigong,7672|2021-11-03|Zigong,7672,10851,China,China,Zigong,Yangjiang,2021-11-03,2021,low_vis_5km,0.3961169570202576,-0.2788826289032831,0.2427479133835288,,False,False,Cwa,,29.352113,104.76754,21.86109235665186,111.97037709693542,same_country_year_koppen_uncertainty_lowgap_p25,1.361298,True,True,True,0.0,0.0,0.0,1.101971,,5587.709175903615,5796.998992857143,0.0001273239544735,,13.944562860724895,17.468869984535875,925.4341966168917,1.5520610440621192,1.229755394705063,-0.1054858444103107,-1.14872993503399,1.1420849821970662,23.777083,101337.203125,-8.309651,-3668.541667
7672|2021-11-03|Zigong,7672|2021-11-03|Zigong,7672,9653,China,China,Zigong,Ningming,2021-11-03,2021,low_vis_5km,0.3961169570202576,-0.2422146947177363,0.2427479133835288,,False,False,Cwa,,29.352113,104.76754,22.12935904736112,107.0607294319672,same_country_year_koppen_uncertainty_lowgap_p25,1.523247,True,True,True,0.0,0.0,0.0,1.101971,,5587.709175903615,5478.231793,0.0001273239544735,,13.944562860724895,6.294069640784925,925.4341966168917,98.9386033000899,1.229755394705063,0.2383554179280983,-1.14872993503399,0.9340718997627931,20.843245,98983.161458,-5.375813,-1314.5
7672|2021-11-03|Zigong,7672|2021-11-03|Zigong,7672,11127,China,China,Zigong,Zhongxin,2021-11-03,2021,low_vis_5km,0.3961169570202576,-0.182917024221124,0.2427479133835288,,False,False,Cwa,,29.352113,104.76754,24.21371429257814,114.70521561035406,same_country_year_koppen_uncertainty_lowgap_p25,1.551412,True,True,True,0.0,0.0,0.0,1.101971,,5587.709175903615,4072.866922857143,0.0001273239544735,,13.944562860724895,10.380834666751497,925.4341966168917,153.34548633892544,1.229755394705063,0.0266632356942227,-1.14872993503399,0.5082737454281849,19.804264,97553.119792,-4.336832,115.541666
10936|2021-05-07|Phusro,10936|2021-05-07|Phusro,10936,10422,India,India,Phusro,Jagdalpur,2021-05-07,2021,low_vis_5km,0.3811713470926121,-0.1907504470900237,0.2199556411603338,,False,False,,,23.772954,85.992166,19.084643956362275,82.01933462666783,same_country_year_koppen_uncertainty_lowgap_p25,0.933247,True,True,True,0.0,0.261111,-0.261111,7.791519,,5655.4166263157895,7897.268533333334,0.0001273239544735,,21.40905865759822,2.09720911769055,243.41550296525784,197.25890664663825,1.0623876176622766,0.4284046582899621,-1.2504889186739314,1.1173292755497053,28.303339,94618.742188,-1.454346,3121.958333
10936|2021-05-07|Phusro,10936|2021-05-07|Phusro,10936,11394,India,India,Phusro,Chakdaha,2021-05-07,2021,low_vis_5km,0.3811713470926121,-0.1824634896936435,0.2199556411603338,,False,False,,,23.772954,85.992166,23.07018717132597,88.526112252389,same_country_year_koppen_uncertainty_lowgap_p25,0.996703,True,True,True,0.0,0.0,0.0,7.791519,,5655.4166263157895,5480.428645555556,0.0001273239544735,,21.40905865759822,18.467345621451795,243.41550296525784,95.54781729123368,1.0623876176622766,0.8683868501130817,-1.2504889186739314,0.9742022031700948,28.987095,100922.450521,-2.138102,-3181.75
10936|2021-05-07|Phusro,10936|2021-05-07|Phusro,10936,11264,India,India,Phusro,Medinipur,2021-05-07,2021,low_vis_5km,0.3811713470926121,-0.1817102067338768,0.2199556411603338,,False,False,,,23.772954,85.992166,22.42192752603974,87.31883769529787,same_country_year_koppen_uncertainty_lowgap_p25,1.005487,True,True,True,0.0,0.283333,-0.283333,7.791519,,5655.4166263157895,7616.832385714285,0.0001273239544735,,21.40905865759822,14.009325461033068,243.41550296525784,56.70966057364642,1.0623876176622766,0.0931451417393155,-1.2504889186739314,0.9330947008161872,29.547886,100447.742188,-2.698893,-2707.041667
10936|2021-01-04|Phusro,10936|2021-01-04|Phusro,10936,10422,India,India,Phusro,Jagdalpur,2021-01-04,2021,low_vis_5km,0.3811713470926121,-0.1907504470900237,0.2199556411603338,,False,False,,,23.772954,85.992166,19.084643956362275,82.01933462666783,same_country_year_koppen_uncertainty_lowgap_p25,0.933247,True,True,True,0.0,0.0,0.0,0.0,,5655.4166263157895,7897.268533333334,0.0001273239544735,,21.40905865759822,2.09720911769055,243.41550296525784,197.25890664663825,1.0623876176622766,0.4284046582899621,-1.2504889186739314,1.1173292755497053,22.065088,94836.429688,-2.836751,3423.916666
10936|2021-01-04|Phusro,10936|2021-01-04|Phusro,10936,11394,India,India,Phusro,Chakdaha,2021-01-04,2021,low_vis_5km,0.3811713470926121,-0.1824634896936435,0.2199556411603338,,False,False,,,23.772954,85.992166,23.07018717132597,88.526112252389,same_country_year_koppen_uncertainty_lowgap_p25,0.996703,True,True,True,0.0,0.0,0.0,0.0,,5655.4166263157895,5480.428645555556,0.0001273239544735,,21.40905865759822,18.467345621451795,243.41550296525784,95.54781729123368,1.0623876176622766,0.8683868501130817,-1.2504889186739314,0.9742022031700948,19.158187,101414.679688,0.07015,-3154.333334
10936|2021-01-04|Phusro,10936|2021-01-04|Phusro,10936,11264,India,India,Phusro,Medinipur,2021-01-04,2021,low_vis_5km,0.3811713470926121,-0.1817102067338768,0.2199556411603338,,False,False,,,23.772954,85.992166,22.42192752603974,87.31883769529787,same_country_year_koppen_uncertainty_lowgap_p25,1.005487,True,True,True,0.0,0.0,0.0,0.0,,5655.4166263157895,7616.832385714285,0.0001273239544735,,21.40905865759822,14.009325461033068,243.41550296525784,56.70966057364642,1.0623876176622766,0.0931451417393155,-1.2504889186739314,0.9330947008161872,19.893864,100964.388021,-0.665527,-2704.041667
4263|2021-12-15|Rzeszów,4263|2021-12-15|Rzeszów,4263,3403,Poland,Poland,Rzeszów,Bełchatów,2021-12-15,2021,low_ceiling_300m,0.3727925259239825,-0.2107257920052998,0.3741901593416214,,False,False,Dfb,,50.030827,22.002133,51.35896353742977,19.375143003940927,same_country_year_koppen_uncertainty_lowgap_p25,1.246235,True,True,True,0.0,0.0,0.0,0.475883,,4154.646042222223,3423.068758666667,0.0003819718634205,,6.854641766987755,3.477092658527253,391.4413423077526,233.8785275089932,2.173087158723386,1.551784624385054,-0.5618893942986538,1.2725084682707946,3.934567,100436.105305,-2.946923,-845.821451
4263|2021-12-15|Rzeszów,4263|2021-12-15|Rzeszów,4263,1080,Poland,Poland,Rzeszów,Słupsk,2021-12-15,2021,low_ceiling_300m,0.3727925259239825,-0.3036819984011183,0.3741901593416214,,False,False,Dfb,,50.030827,22.002133,54.463339597672,17.024806823494853,same_country_year_koppen_uncertainty_lowgap_p25,1.426155,True,True,True,0.0,0.0,0.0,0.475883,,4154.646042222223,4364.374916842105,0.0003819718634205,,6.854641766987755,7.495769561299709,391.4413423077526,13.174767989702383,2.173087158723386,1.6343689717394831,-0.5618893942986538,1.7753750461944244,6.331069,101924.325521,-5.343425,-2334.041667
4263|2021-12-15|Rzeszów,4263|2021-12-15|Rzeszów,4263,4107,Poland,Poland,Rzeszów,Mielec,2021-12-15,2021,low_ceiling_300m,0.3727925259239825,-0.24124365161081,0.3741901593416214,,False,False,Dfb,,50.030827,22.002133,50.29769328585175,21.44420840091096,same_country_year_koppen_uncertainty_lowgap_p25,1.536556,True,True,True,0.0,0.0,0.0,0.475883,,4154.646042222223,2886.9516644444443,0.0003819718634205,,6.854641766987755,2.6576747356967148,391.4413423077526,361.2594458462124,2.173087158723386,1.2239140519271796,-0.5618893942986538,1.527557393335053,1.587091,100348.783854,-0.599447,-758.5
4263|2021-11-17|Rzeszów,4263|2021-11-17|Rzeszów,4263,3403,Poland,Poland,Rzeszów,Bełchatów,2021-11-17,2021,fog,0.3727925259239825,-0.2107257920052998,0.3741901593416214,,False,False,Dfb,,50.030827,22.002133,51.35896353742977,19.375143003940927,same_country_year_koppen_uncertainty_lowgap_p25,1.246235,True,True,True,0.005556,0.0,0.005556,0.024796,,4154.646042222223,3423.068758666667,0.0003819718634205,,6.854641766987755,3.477092658527253,391.4413423077526,233.8785275089932,2.173087158723386,1.551784624385054,-0.5618893942986538,1.2725084682707946,4.470579,99674.679036,-1.443831,-716.551432
4263|2021-11-17|Rzeszów,4263|2021-11-17|Rzeszów,4263,1080,Poland,Poland,Rzeszów,Słupsk,2021-11-17,2021,fog,0.3727925259239825,-0.3036819984011183,0.3741901593416214,,False,False,Dfb,,50.030827,22.002133,54.463339597672,17.024806823494853,same_country_year_koppen_uncertainty_lowgap_p25,1.426155,True,True,True,0.005556,0.051667,-0.046111,0.024796,,4154.646042222223,4364.374916842105,0.0003819718634205,,6.854641766987755,7.495769561299709,391.4413423077526,13.174767989702383,2.173087158723386,1.6343689717394831,-0.5618893942986538,1.7753750461944244,5.912734,101102.085938,-2.885986,-2143.958334
4263|2021-11-17|Rzeszów,4263|2021-11-17|Rzeszów,4263,4107,Poland,Poland,Rzeszów,Mielec,2021-11-17,2021,fog,0.3727925259239825,-0.24124365161081,0.3741901593416214,,False,False,Dfb,,50.030827,22.002133,50.29769328585175,21.44420840091096,same_country_year_koppen_uncertainty_lowgap_p25,1.536556,True,True,True,0.005556,0.0,0.005556,0.024796,,4154.646042222223,2886.9516644444443,0.0003819718634205,,6.854641766987755,2.6576747356967148,391.4413423077526,361.2594458462124,2.173087158723386,1.2239140519271796,-0.5618893942986538,1.527557393335053,1.988255,99698.585938,1.038493,-740.458334
3944|2021-01-23|Belgorod,3944|2021-01-23|Belgorod,3944,6031,Russia,Russia,Belgorod,Ulyanovsk,2021-01-23,2021,low_vis_5km,0.3709589774612502,-0.223697249917436,0.4125955757894122,,False,False,Dfb,,50.591021,36.590908,54.30457195226994,48.34297095737613,same_country_year_koppen_uncertainty_lowgap_p25,1.018414,True,True,True,0.0,0.227778,-0.227778,0.7267,,4805.58424868421,3883.0337009900986,0.0001273239544735,,4.307196090145686,8.398455944882189,310.8719019755848,636.9057543024679,1.3325130073603717,0.325381007505541,-0.390423552467459,1.4474270797133315,-6.986782,100361.627604,10.148031,-991.041666
3944|2021-01-23|Belgorod,3944|2021-01-23|Belgorod,3944,7378,Russia,Russia,Belgorod,Young Leninist,2021-01-23,2021,low_vis_5km,0.3709589774612502,-0.2139349654412161,0.4125955757894122,,False,False,Dfb,,50.591021,36.590908,54.87960970913622,83.0067198381084,same_country_year_koppen_uncertainty_lowgap_p25,1.677932,True,True,True,0.0,0.0,0.0,0.7267,,4805.58424868421,1981.16886,0.0001273239544735,,4.307196090145686,2.3258718543025725,310.8719019755848,873.4625454980894,1.3325130073603717,0.2545668805709634,-0.390423552467459,1.3326387767853056,-20.191662,100929.002604,23.352911,-1558.416666
3944|2021-01-23|Belgorod,3944|2021-01-23|Belgorod,3944,6673,Russia,Russia,Belgorod,Лобаново,2021-01-23,2021,low_vis_5km,0.3709589774612502,-0.2463500564692427,0.4125955757894122,,False,False,Dfb,,50.591021,36.590908,57.88721369880574,56.30397792361633,same_country_year_koppen_uncertainty_lowgap_p25,1.691246,True,True,True,0.0,0.0,0.0,0.7267,,4805.58424868421,4149.35510125,0.0001273239544735,,4.307196090145686,5.9008614737121965,310.8719019755848,617.0284976892343,1.3325130073603717,-0.5232595844642428,-0.390423552467459,0.9857982973364906,-23.963309,100870.252604,27.124558,-1499.666666
3944|2021-02-25|Belgorod,3944|2021-02-25|Belgorod,3944,6031,Russia,Russia,Belgorod,Ulyanovsk,2021-02-25,2021,low_vis_5km,0.3709589774612502,-0.223697249917436,0.4125955757894122,,False,False,Dfb,,50.591021,36.590908,54.30457195226994,48.34297095737613,same_country_year_koppen_uncertainty_lowgap_p25,1.018414,True,True,True,0.0,0.0,0.0,0.41151,,4805.58424868421,3883.0337009900986,0.0001273239544735,,4.307196090145686,8.398455944882189,310.8719019755848,636.9057543024679,1.3325130073603717,0.325381007505541,-0.390423552467459,1.4474270797133315,-18.854946,100604.598958,17.443644,-220.416666
3944|2021-02-25|Belgorod,3944|2021-02-25|Belgorod,3944,7378,Russia,Russia,Belgorod,Young Leninist,2021-02-25,2021,low_vis_5km,0.3709589774612502,-0.2139349654412161,0.4125955757894122,,False,False,Dfb,,50.591021,36.590908,54.87960970913622,83.0067198381084,same_country_year_koppen_uncertainty_lowgap_p25,1.677932,True,True,True,0.0,0.0,0.0,0.41151,,4805.58424868421,1981.16886,0.0001273239544735,,4.307196090145686,2.3258718543025725,310.8719019755848,873.4625454980894,1.3325130073603717,0.2545668805709634,-0.390423552467459,1.3326387767853056,-21.047479,100040.182292,19.636177,344.0
3944|2021-02-25|Belgorod,3944|2021-02-25|Belgorod,3944,6673,Russia,Russia,Belgorod,Лобаново,2021-02-25,2021,low_vis_5km,0.3709589774612502,-0.2463500564692427,0.4125955757894122,,False,False,Dfb,,50.591021,36.590908,57.88721369880574,56.30397792361633,same_country_year_koppen_uncertainty_lowgap_p25,1.691246,True,True,True,0.0,0.0,0.0,0.41151,,4805.58424868421,4149.35510125,0.0001273239544735,,4.307196090145686,5.9008614737121965,310.8719019755848,617.0284976892343,1.3325130073603717,-0.5232595844642428,-0.390423552467459,0.9857982973364906,-24.643671,100723.098958,23.232369,-338.916666
56|2021-12-29|Brest,56|2021-12-29|Brest,56,544,France,France,Brest,Saint-Nazaire,2021-12-29,2021,fog,0.3700115863553835,-0.2066720398573133,0.3824198914375765,,False,False,Cfb,,48.395742,-4.48925,47.27677813565688,-2.2106401204496238,same_country_year_koppen_uncertainty_lowgap_p25,0.730661,True,True,True,0.0,0.067778,-0.067778,9.71508,,3076.876057142857,1682.734944411765,0.0008912676813146,,1.317212077783021,4.50938274746412,1.139574491431255,0.3623114076915579,2.872559764108768,2.0103573961429886,-0.5251467139062553,1.374723478085819,12.96795,101326.518229,0.662517,-842.375
56|2021-12-29|Brest,56|2021-12-29|Brest,56,1681,France,France,Brest,Le Havre,2021-12-29,2021,fog,0.3700115863553835,-0.1911583805329637,0.3824198914375765,,False,False,Cfb,,48.395742,-4.48925,49.4870591728847,0.1598997825707736,same_country_year_koppen_uncertainty_lowgap_p25,0.814386,True,True,True,0.0,0.405,-0.405,9.71508,,3076.876057142857,2015.3855174418604,0.0008912676813146,,1.317212077783021,3.952679858826151,1.139574491431255,0.5688784673683703,2.872559764108768,1.9207537535455368,-0.5251467139062553,1.4934205768002704,12.278335,100067.851562,1.352132,416.291667
56|2021-12-29|Brest,56|2021-12-29|Brest,56,2940,France,France,Brest,Dunkirk,2021-12-29,2021,fog,0.3700115863553835,-0.2818886165706984,0.3824198914375765,,False,False,Cfb,,48.395742,-4.48925,51.03310462067245,2.341614719303309,same_country_year_koppen_uncertainty_lowgap_p25,0.877151,True,True,True,0.0,0.606111,-0.606111,9.71508,,3076.876057142857,1964.9232106060608,0.0008912676813146,,1.317212077783021,1.6586144161816407,1.139574491431255,2.055691041093564,2.872559764108768,1.7612207894571943,-0.5251467139062553,1.8382415117594328,10.66603,100521.476562,2.964437,-37.333333
56|2021-12-03|Brest,56|2021-12-03|Brest,56,544,France,France,Brest,Saint-Nazaire,2021-12-03,2021,low_ceiling_1000m,0.3700115863553835,-0.2066720398573133,0.3824198914375765,,False,False,Cfb,,48.395742,-4.48925,47.27677813565688,-2.2106401204496238,same_country_year_koppen_uncertainty_lowgap_p25,0.730661,True,True,True,1.181111,0.491111,0.69,12.029171,,3076.876057142857,1682.734944411765,0.0008912676813146,,1.317212077783021,4.50938274746412,1.139574491431255,0.3623114076915579,2.872559764108768,2.0103573961429886,-0.5251467139062553,1.374723478085819,10.022607,101072.815104,1.930664,-787.166666
56|2021-12-03|Brest,56|2021-12-03|Brest,56,1681,France,France,Brest,Le Havre,2021-12-03,2021,low_ceiling_1000m,0.3700115863553835,-0.1911583805329637,0.3824198914375765,,False,False,Cfb,,48.395742,-4.48925,49.4870591728847,0.1598997825707736,same_country_year_koppen_uncertainty_lowgap_p25,0.814386,True,True,True,1.181111,0.096667,1.084444,12.029171,,3076.876057142857,2015.3855174418604,0.0008912676813146,,1.317212077783021,3.952679858826151,1.139574491431255,0.5688784673683703,2.872559764108768,1.9207537535455368,-0.5251467139062553,1.4934205768002704,6.860417,99881.856771,5.092854,403.791667
56|2021-12-03|Brest,56|2021-12-03|Brest,56,2940,France,France,Brest,Dunkirk,2021-12-03,2021,low_ceiling_1000m,0.3700115863553835,-0.2818886165706984,0.3824198914375765,,False,False,Cfb,,48.395742,-4.48925,51.03310462067245,2.341614719303309,same_country_year_koppen_uncertainty_lowgap_p25,0.877151,True,True,True,1.181111,0.0,1.181111,12.029171,,3076.876057142857,1964.9232106060608,0.0008912676813146,,1.317212077783021,1.6586144161816407,1.139574491431255,2.055691041093564,2.872559764108768,1.7612207894571943,-0.5251467139062553,1.8382415117594328,5.339909,100529.148438,6.613362,-243.5
6403|2021-01-24|Nizhnekamsk,6403|2021-01-24|Nizhnekamsk,6403,6031,Russia,Russia,Nizhnekamsk,Ulyanovsk,2021-01-24,2021,low_ceiling_1000m,0.369670877836352,-0.223697249917436,0.3218350551567151,,False,False,Dfb,,55.626131,51.811607,54.30457195226994,48.34297095737613,same_country_year_koppen_uncertainty_lowgap_p25,1.314244,True,True,True,0.0,0.037778,-0.037778,2.414227,,5182.24729375,3883.0337009900986,0.0001273239544735,,27.4681670757702,8.398455944882189,684.6867668945697,636.9057543024679,0.8964410087010497,0.325381007505541,-0.7956353823268937,1.4474270797133315,1.663019,100628.669271,-4.03711,222.75
6403|2021-01-24|Nizhnekamsk,6403|2021-01-24|Nizhnekamsk,6403,6242,Russia,Russia,Nizhnekamsk,Dimitrovgrad,2021-01-24,2021,low_ceiling_1000m,0.369670877836352,-0.2409419305614065,0.3218350551567151,,False,False,Dfb,,55.626131,51.811607,54.22085624156395,49.601213221695694,same_country_year_koppen_uncertainty_lowgap_p25,1.353652,True,True,True,0.0,0.0,0.0,2.414227,,5182.24729375,3687.210546666666,0.0001273239544735,,27.4681670757702,26.832945880058592,684.6867668945697,597.7864892031167,0.8964410087010497,-0.3956783926186471,-0.7956353823268937,0.9314008893087364,0.433934,101112.419271,-2.808025,-261.0
6403|2021-01-24|Nizhnekamsk,6403|2021-01-24|Nizhnekamsk,6403,6191,Russia,Russia,Nizhnekamsk,Glazov,2021-01-24,2021,low_ceiling_1000m,0.369670877836352,-0.1905357578234381,0.3218350551567151,,False,False,Dfb,,55.626131,51.811607,58.13911643512936,52.66242861757086,same_country_year_koppen_uncertainty_lowgap_p25,1.460942,True,True,True,0.0,0.0,0.0,2.414227,,5182.24729375,4237.4195015,0.0001273239544735,,27.4681670757702,8.852785414584394,684.6867668945697,589.9287712816352,0.8964410087010497,-0.4815011601825797,-0.7956353823268937,0.7835181153889752,-9.346177,99381.377604,6.972086,1470.041667
6403|2021-04-09|Nizhnekamsk,6403|2021-04-09|Nizhnekamsk,6403,6031,Russia,Russia,Nizhnekamsk,Ulyanovsk,2021-04-09,2021,low_ceiling_1000m,0.369670877836352,-0.223697249917436,0.3218350551567151,,False,False,Dfb,,55.626131,51.811607,54.30457195226994,48.34297095737613,same_country_year_koppen_uncertainty_lowgap_p25,1.314244,True,True,True,1.043889,1.311111,-0.267222,15.960693,,5182.24729375,3883.0337009900986,0.0001273239544735,,27.4681670757702,8.398455944882189,684.6867668945697,636.9057543024679,0.8964410087010497,0.325381007505541,-0.7956353823268937,1.4474270797133315,2.884454,100745.497396,-0.056315,254.916666
6403|2021-04-09|Nizhnekamsk,6403|2021-04-09|Nizhnekamsk,6403,6242,Russia,Russia,Nizhnekamsk,Dimitrovgrad,2021-04-09,2021,low_ceiling_1000m,0.369670877836352,-0.2409419305614065,0.3218350551567151,,False,False,Dfb,,55.626131,51.811607,54.22085624156395,49.601213221695694,same_country_year_koppen_uncertainty_lowgap_p25,1.353652,True,True,True,1.043889,2.445556,-1.401667,15.960693,,5182.24729375,3687.210546666666,0.0001273239544735,,27.4681670757702,26.832945880058592,684.6867668945697,597.7864892031167,0.8964410087010497,-0.3956783926186471,-0.7956353823268937,0.9314008893087364,1.59409,101094.289062,1.234049,-93.875
6403|2021-04-09|Nizhnekamsk,6403|2021-04-09|Nizhnekamsk,6403,6191,Russia,Russia,Nizhnekamsk,Glazov,2021-04-09,2021,low_ceiling_1000m,0.369670877836352,-0.1905357578234381,0.3218350551567151,,False,False,Dfb,,55.626131,51.811607,58.13911643512936,52.66242861757086,same_country_year_koppen_uncertainty_lowgap_p25,1.460942,True,True,True,1.043889,0.0,1.043889,15.960693,,5182.24729375,4237.4195015,0.0001273239544735,,27.4681670757702,8.852785414584394,684.6867668945697,589.9287712816352,0.8964410087010497,-0.4815011601825797,-0.7956353823268937,0.7835181153889752,3.270522,99615.122396,-0.442383,1385.291666
10840|2021-01-29|Rourkela,10840|2021-01-29|Rourkela,10840,10132,India,India,Rourkela,Thanjavur,2021-01-29,2021,low_vis_5km,0.3639691959569022,-0.2008612165562531,0.4141131150411486,,False,False,Aw,,22.238048,84.844658,10.770179217220884,79.13268065039192,same_country_year_koppen_uncertainty_lowgap_p25,1.738134,True,True,True,0.0,0.005556,-0.005556,1.727581,,8868.71156875,7401.048096610169,0.0001273239544735,,3.5894811521618,6.228330151614349,227.2652131308151,61.48962511548593,1.9823671958854208,0.584429446195352,-0.3836483064376549,1.527036220563529,26.523716,100829.90625,-7.44165,-2492.333333
10840|2021-01-29|Rourkela,10840|2021-01-29|Rourkela,10840,10006,India,India,Rourkela,Vellore,2021-01-29,2021,low_vis_5km,0.3639691959569022,-0.2445737262195922,0.4141131150411486,,False,False,Aw,,22.238048,84.844658,12.932520114326,79.13812056255384,same_country_year_koppen_uncertainty_lowgap_p25,1.744472,True,True,True,0.0,0.0,0.0,1.727581,,8868.71156875,8310.15619787234,0.0001273239544735,,3.5894811521618,7.487407724303399,227.2652131308151,108.92918488870428,1.9823671958854208,-0.1407238127862597,-0.3836483064376549,1.1128341603953165,24.343947,98555.114583,-5.261881,-217.541666
10840|2021-01-29|Rourkela,10840|2021-01-29|Rourkela,10840,6662,India,India,Rourkela,Anand,2021-01-29,2021,low_vis_5km,0.3639691959569022,-0.1876681360503078,0.4141131150411486,,False,False,Aw,,22.238048,84.844658,22.55047884835942,72.94624089775064,same_country_year_koppen_uncertainty_lowgap_p25,2.116821,True,True,True,0.0,0.0,0.0,1.727581,,8868.71156875,8712.172945205479,0.0001273239544735,,3.5894811521618,37.0276253332593,227.2652131308151,32.03434490822278,1.9823671958854208,0.4769325142870905,-0.3836483064376549,1.0892510924838834,18.461379,101211.364583,0.620687,-2873.791666
10840|2021-06-12|Rourkela,10840|2021-06-12|Rourkela,10840,10132,India,India,Rourkela,Thanjavur,2021-06-12,2021,low_vis_5km,0.3639691959569022,-0.2008612165562531,0.4141131150411486,,False,False,Aw,,22.238048,84.844658,10.770179217220884,79.13268065039192,same_country_year_koppen_uncertainty_lowgap_p25,1.738134,True,True,True,3.944444,0.558889,3.385555,29.270649,,8868.71156875,7401.048096610169,0.0001273239544735,,3.5894811521618,6.228330151614349,227.2652131308151,61.48962511548593,1.9823671958854208,0.584429446195352,-0.3836483064376549,1.527036220563529,31.66606,100071.903646,-3.445149,-3371.208334
10840|2021-06-12|Rourkela,10840|2021-06-12|Rourkela,10840,10006,India,India,Rourkela,Vellore,2021-06-12,2021,low_vis_5km,0.3639691959569022,-0.2445737262195922,0.4141131150411486,,False,False,Aw,,22.238048,84.844658,12.932520114326,79.13812056255384,same_country_year_koppen_uncertainty_lowgap_p25,1.744472,True,True,True,3.944444,0.008333,3.936111,29.270649,,8868.71156875,8310.15619787234,0.0001273239544735,,3.5894811521618,7.487407724303399,227.2652131308151,108.92918488870428,1.9823671958854208,-0.1407238127862597,-0.3836483064376549,1.1128341603953165,30.026982,97622.861979,-1.806071,-922.166667
10840|2021-06-12|Rourkela,10840|2021-06-12|Rourkela,10840,6662,India,India,Rourkela,Anand,2021-06-12,2021,low_vis_5km,0.3639691959569022,-0.1876681360503078,0.4141131150411486,,False,False,Aw,,22.238048,84.844658,22.55047884835942,72.94624089775064,same_country_year_koppen_uncertainty_lowgap_p25,2.116821,True,True,True,3.944444,0.0,3.944444,29.270649,,8868.71156875,8712.172945205479,0.0001273239544735,,3.5894811521618,37.0276253332593,227.2652131308151,32.03434490822278,1.9823671958854208,0.4769325142870905,-0.3836483064376549,1.0892510924838834,33.548385,99666.070312,-5.327474,-2965.375
4339|2021-12-15|Lublin,4339|2021-12-15|Lublin,4339,3403,Poland,Poland,Lublin,Bełchatów,2021-12-15,2021,low_vis_5km,0.3520682063543245,-0.2107257920052998,0.3736356738457946,,False,False,Dfb,,51.239794,22.554886,51.35896353742977,19.375143003940927,same_country_year_koppen_uncertainty_lowgap_p25,1.057196,True,True,True,0.0,0.0,0.0,0.489712,,4178.979672222222,3423.068758666667,0.000254647908947,,13.081017647413086,3.477092658527253,313.08324423939416,233.8785275089932,2.1515259952486216,1.551784624385054,-0.5643649649633902,1.2725084682707946,3.934567,100436.105305,-2.886701,-114.238117
4339|2021-12-15|Lublin,4339|2021-12-15|Lublin,4339,1080,Poland,Poland,Lublin,Słupsk,2021-12-15,2021,low_vis_5km,0.3520682063543245,-0.3036819984011183,0.3736356738457946,,False,False,Dfb,,51.239794,22.554886,54.463339597672,17.024806823494853,same_country_year_koppen_uncertainty_lowgap_p25,1.209401,True,True,True,0.0,0.0,0.0,0.489712,,4178.979672222222,4364.374916842105,0.000254647908947,,13.081017647413086,7.495769561299709,313.08324423939416,13.174767989702383,2.1515259952486216,1.6343689717394831,-0.5643649649633902,1.7753750461944244,6.331069,101924.325521,-5.283203,-1602.458333
4339|2021-12-15|Lublin,4339|2021-12-15|Lublin,4339,4107,Poland,Poland,Lublin,Mielec,2021-12-15,2021,low_vis_5km,0.3520682063543245,-0.24124365161081,0.3736356738457946,,False,False,Dfb,,51.239794,22.554886,50.29769328585175,21.44420840091096,same_country_year_koppen_uncertainty_lowgap_p25,1.239261,True,True,True,0.0,0.0,0.0,0.489712,,4178.979672222222,2886.9516644444443,0.000254647908947,,13.081017647413086,2.6576747356967148,313.08324423939416,361.2594458462124,2.1515259952486216,1.2239140519271796,-0.5643649649633902,1.527557393335053,1.587091,100348.783854,-0.539225,-26.916666
4339|2021-11-17|Lublin,4339|2021-11-17|Lublin,4339,3403,Poland,Poland,Lublin,Bełchatów,2021-11-17,2021,fog,0.3520682063543245,-0.2107257920052998,0.3736356738457946,,False,False,Dfb,,51.239794,22.554886,51.35896353742977,19.375143003940927,same_country_year_koppen_uncertainty_lowgap_p25,1.057196,True,True,True,0.0,0.0,0.0,0.033379,,4178.979672222222,3423.068758666667,0.000254647908947,,13.081017647413086,3.477092658527253,313.08324423939416,233.8785275089932,2.1515259952486216,1.551784624385054,-0.5643649649633902,1.2725084682707946,4.470579,99674.679036,-2.912988,84.573568
4339|2021-11-17|Lublin,4339|2021-11-17|Lublin,4339,1080,Poland,Poland,Lublin,Słupsk,2021-11-17,2021,fog,0.3520682063543245,-0.3036819984011183,0.3736356738457946,,False,False,Dfb,,51.239794,22.554886,54.463339597672,17.024806823494853,same_country_year_koppen_uncertainty_lowgap_p25,1.209401,True,True,True,0.0,0.051667,-0.051667,0.033379,,4178.979672222222,4364.374916842105,0.000254647908947,,13.081017647413086,7.495769561299709,313.08324423939416,13.174767989702383,2.1515259952486216,1.6343689717394831,-0.5643649649633902,1.7753750461944244,5.912734,101102.085938,-4.355143,-1342.833334
4339|2021-11-17|Lublin,4339|2021-11-17|Lublin,4339,4107,Poland,Poland,Lublin,Mielec,2021-11-17,2021,fog,0.3520682063543245,-0.24124365161081,0.3736356738457946,,False,False,Dfb,,51.239794,22.554886,50.29769328585175,21.44420840091096,same_country_year_koppen_uncertainty_lowgap_p25,1.239261,True,True,True,0.0,0.0,0.0,0.033379,,4178.979672222222,2886.9516644444443,0.000254647908947,,13.081017647413086,2.6576747356967148,313.08324423939416,361.2594458462124,2.1515259952486216,1.2239140519271796,-0.5643649649633902,1.527557393335053,1.988255,99698.585938,-0.430664,60.666666
2044|2021-12-06|Vinnytsia,2044|2021-12-06|Vinnytsia,2044,2506,Ukraine,Ukraine,Vinnytsia,Pervomaisk,2021-12-06,2021,low_vis_1km,0.3507516622090021,-0.1940390677410046,0.3750072958617871,,False,False,Dfb,,49.233728,28.479445,48.040325755688905,30.85700138527686,same_country_year_koppen_uncertainty_lowgap_p25,1.909526,True,True,True,0.0,0.075,-0.075,1.829147,,5713.788211594203,3472.8745052941176,0.0001273239544735,,12.98230880577612,7.373265060801696,316.0482145347481,108.75395572508036,1.4746085107178015,0.5137792915220409,-0.5582411848979905,1.025733160954469,6.498936,99380.807292,-5.811198,-1795.75
2044|2021-12-06|Vinnytsia,2044|2021-12-06|Vinnytsia,2044,4030,Ukraine,Ukraine,Vinnytsia,Lozova,2021-12-06,2021,low_vis_1km,0.3507516622090021,-0.2567047600191757,0.3750072958617871,,False,False,Dfb,,49.233728,28.479445,48.88626053909163,36.31027032442569,same_country_year_koppen_uncertainty_lowgap_p25,2.249782,True,True,True,0.0,0.0,0.0,1.829147,,5713.788211594203,5039.966945384615,0.0001273239544735,,12.98230880577612,23.14377477649469,316.0482145347481,184.36827403145824,1.4746085107178015,-0.8105238816347977,-0.5582411848979905,0.8095767539651437,2.251866,99901.890625,-1.564128,-2316.833333
2044|2021-12-06|Vinnytsia,2044|2021-12-06|Vinnytsia,2044,1089,Ukraine,Ukraine,Vinnytsia,Kovel,2021-12-06,2021,low_vis_1km,0.3507516622090021,-0.3456370783780521,0.3750072958617871,,False,False,Dfb,,49.233728,28.479445,51.21789566047926,24.704436853501942,same_country_year_koppen_uncertainty_lowgap_p25,2.628958,True,True,True,0.0,0.334444,-0.334444,1.829147,,5713.788211594203,3431.8134027272727,0.0001273239544735,,12.98230880577612,17.86785928008107,316.0482145347481,441.6647128821463,1.4746085107178015,-1.346534218258172,-0.5582411848979905,0.7835832619854154,-0.602382,98813.057292,1.29012,-1228.0
2044|2021-12-09|Vinnytsia,2044|2021-12-09|Vinnytsia,2044,2506,Ukraine,Ukraine,Vinnytsia,Pervomaisk,2021-12-09,2021,low_ceiling_300m,0.3507516622090021,-0.1940390677410046,0.3750072958617871,,False,False,Dfb,,49.233728,28.479445,48.040325755688905,30.85700138527686,same_country_year_koppen_uncertainty_lowgap_p25,1.909526,True,True,True,0.0,0.0,0.0,0.339031,,5713.788211594203,3472.8745052941176,0.0001273239544735,,12.98230880577612,7.373265060801696,316.0482145347481,108.75395572508036,1.4746085107178015,0.5137792915220409,-0.5582411848979905,1.025733160954469,4.440973,99700.794271,-5.073893,-1702.0
2044|2021-12-09|Vinnytsia,2044|2021-12-09|Vinnytsia,2044,4030,Ukraine,Ukraine,Vinnytsia,Lozova,2021-12-09,2021,low_ceiling_300m,0.3507516622090021,-0.2567047600191757,0.3750072958617871,,False,False,Dfb,,49.233728,28.479445,48.88626053909163,36.31027032442569,same_country_year_koppen_uncertainty_lowgap_p25,2.249782,True,True,True,0.0,0.0,0.0,0.339031,,5713.788211594203,5039.966945384615,0.0001273239544735,,12.98230880577612,23.14377477649469,316.0482145347481,184.36827403145824,1.4746085107178015,-0.8105238816347977,-0.5582411848979905,0.8095767539651437,6.661839,99669.877604,-7.294759,-1671.083333
2044|2021-12-09|Vinnytsia,2044|2021-12-09|Vinnytsia,2044,1089,Ukraine,Ukraine,Vinnytsia,Kovel,2021-12-09,2021,low_ceiling_300m,0.3507516622090021,-0.3456370783780521,0.3750072958617871,,False,False,Dfb,,49.233728,28.479445,51.21789566047926,24.704436853501942,same_country_year_koppen_uncertainty_lowgap_p25,2.628958,True,True,True,0.0,0.0,0.0,0.339031,,5713.788211594203,3431.8134027272727,0.0001273239544735,,12.98230880577612,17.86785928008107,316.0482145347481,441.6647128821463,1.4746085107178015,-1.346534218258172,-0.5582411848979905,0.7835832619854154,-3.745225,99131.669271,3.112305,-1132.875
357|2021-12-02|Ensenada,357|2021-12-02|Ensenada,357,5,México,México,Ensenada,Rosarito,2021-12-02,2021,fog,0.3092718060361651,-0.3118878130725722,0.3058425261191852,,False,False,BSk,,31.868981,-116.596919,32.37649376352435,-117.05451024532564,same_country_year_koppen_uncertainty_lowgap_p25,0.750901,True,True,True,0.0,0.0,0.0,0.002384,,3811.671316666667,2569.436087586207,0.0001273239544735,,2.8949827654241225,9.847961667340336,2.5241468271537766,1.980261212917391,1.008626092465676,0.3531629037912664,-0.8670360520255979,1.3052772062803273,15.402521,99790.971354,-0.595866,-2317.791666
357|2021-12-02|Ensenada,357|2021-12-02|Ensenada,357,913,México,México,Ensenada,Tecate,2021-12-02,2021,fog,0.3092718060361651,-0.2810506242582953,0.3058425261191852,,False,False,BSk,,31.868981,-116.596919,32.5646551549511,-116.62289751088105,same_country_year_uncertainty_lowgap_p25,0.783255,True,False,True,0.0,0.0,0.0,0.002384,,3811.671316666667,3351.1524165,0.0001273239544735,,2.8949827654241225,2.9877776863311936,2.5241468271537766,46.533200544990414,1.008626092465676,0.4632241990763216,-0.8670360520255979,1.2940719916925751,14.729425,91900.929688,0.07723,5572.25
357|2021-12-02|Ensenada,357|2021-12-02|Ensenada,357,6251,México,México,Ensenada,Cadereyta Jiménez,2021-12-02,2021,fog,0.3092718060361651,-0.191361157182301,0.3058425261191852,,False,False,BSk,,31.868981,-116.596919,25.58432504239487,-99.99764015722496,same_country_year_uncertainty_lowgap_p25,1.087497,True,False,True,0.0,0.0,0.0,0.002384,,3811.671316666667,3409.790441304348,0.0001273239544735,,2.8949827654241225,10.651741488489913,2.5241468271537766,249.08491085844503,1.008626092465676,0.5657943377822148,-0.8670360520255979,0.9210425804747094,20.10117,95275.471354,-5.294515,2197.708334
357|2021-11-04|Ensenada,357|2021-11-04|Ensenada,357,5,México,México,Ensenada,Rosarito,2021-11-04,2021,fog,0.3092718060361651,-0.3118878130725722,0.3058425261191852,,False,False,BSk,,31.868981,-116.596919,32.37649376352435,-117.05451024532564,same_country_year_koppen_uncertainty_lowgap_p25,0.750901,True,True,True,0.0,0.0,0.0,0.004292,,3811.671316666667,2569.436087586207,0.0001273239544735,,2.8949827654241225,9.847961667340336,2.5241468271537766,1.980261212917391,1.008626092465676,0.3531629037912664,-0.8670360520255979,1.3052772062803273,16.372939,99523.473958,1.043538,-2331.791666
357|2021-11-04|Ensenada,357|2021-11-04|Ensenada,357,913,México,México,Ensenada,Tecate,2021-11-04,2021,fog,0.3092718060361651,-0.2810506242582953,0.3058425261191852,,False,False,BSk,,31.868981,-116.596919,32.5646551549511,-116.62289751088105,same_country_year_uncertainty_lowgap_p25,0.783255,True,False,True,0.0,0.0,0.0,0.004292,,3811.671316666667,3351.1524165,0.0001273239544735,,2.8949827654241225,2.9877776863311936,2.5241468271537766,46.533200544990414,1.008626092465676,0.4632241990763216,-0.8670360520255979,1.2940719916925751,18.620498,91681.223958,-1.204021,5510.458334
357|2021-11-04|Ensenada,357|2021-11-04|Ensenada,357,6251,México,México,Ensenada,Cadereyta Jiménez,2021-11-04,2021,fog,0.3092718060361651,-0.191361157182301,0.3058425261191852,,False,False,BSk,,31.868981,-116.596919,25.58432504239487,-99.99764015722496,same_country_year_uncertainty_lowgap_p25,1.087497,True,False,True,0.0,0.0,0.0,0.004292,,3811.671316666667,3409.790441304348,0.0001273239544735,,2.8949827654241225,10.651741488489913,2.5241468271537766,249.08491085844503,1.008626092465676,0.5657943377822148,-0.8670360520255979,0.9210425804747094,16.356582,95311.098958,1.059895,1880.583334
4225|2021-12-15|Stalowa Wola,4225|2021-12-15|Stalowa Wola,4225,3403,Poland,Poland,Stalowa Wola,Bełchatów,2021-12-15,2021,low_ceiling_300m,0.3000002026050176,-0.2107257920052998,0.2944317982840133,,False,False,Dfb,,50.564298,22.058214,51.35896353742977,19.375143003940927,same_country_year_koppen_uncertainty_lowgap_p25,0.272447,True,True,True,0.0,0.0,0.0,0.341892,,3356.946019375,3423.068758666667,0.0001273239544735,,7.639868288311741,3.477092658527253,349.8358306884888,233.8785275089932,1.5805936500494338,1.551784624385054,-0.9179806904420094,1.2725084682707946,3.934567,100436.105305,-2.844383,327.136883
4225|2021-12-15|Stalowa Wola,4225|2021-12-15|Stalowa Wola,4225,3349,Poland,Poland,Stalowa Wola,Płock,2021-12-15,2021,low_ceiling_300m,0.3000002026050176,-0.2565669814050171,0.2944317982840133,,False,False,Dfb,,50.564298,22.058214,52.54403783538433,19.72281251128816,same_country_year_koppen_uncertainty_lowgap_p25,0.659797,True,True,True,0.0,0.0,0.0,0.341892,,3356.946019375,3217.812315,0.0001273239544735,,7.639868288311741,1.4428704037794438,349.8358306884888,144.2506016126202,1.5805936500494338,0.8398498844272857,-0.9179806904420094,1.213550798492211,3.938491,101464.700521,-2.848307,-701.458333
4225|2021-12-15|Stalowa Wola,4225|2021-12-15|Stalowa Wola,4225,1080,Poland,Poland,Stalowa Wola,Słupsk,2021-12-15,2021,low_ceiling_300m,0.3000002026050176,-0.3036819984011183,0.2944317982840133,,False,False,Dfb,,50.564298,22.058214,54.463339597672,17.024806823494853,same_country_year_koppen_uncertainty_lowgap_p25,0.66085,True,True,True,0.0,0.0,0.0,0.341892,,3356.946019375,4364.374916842105,0.0001273239544735,,7.639868288311741,7.495769561299709,349.8358306884888,13.174767989702383,1.5805936500494338,1.6343689717394831,-0.9179806904420094,1.7753750461944244,6.331069,101924.325521,-5.240885,-1161.083333
4225|2021-11-17|Stalowa Wola,4225|2021-11-17|Stalowa Wola,4225,3403,Poland,Poland,Stalowa Wola,Bełchatów,2021-11-17,2021,fog,0.3000002026050176,-0.2107257920052998,0.2944317982840133,,False,False,Dfb,,50.564298,22.058214,51.35896353742977,19.375143003940927,same_country_year_koppen_uncertainty_lowgap_p25,0.272447,True,True,True,0.0,0.0,0.0,0.038147,,3356.946019375,3423.068758666667,0.0001273239544735,,7.639868288311741,3.477092658527253,349.8358306884888,233.8785275089932,1.5805936500494338,1.551784624385054,-0.9179806904420094,1.2725084682707946,4.470579,99674.679036,-2.743148,471.615235
4225|2021-11-17|Stalowa Wola,4225|2021-11-17|Stalowa Wola,4225,3349,Poland,Poland,Stalowa Wola,Płock,2021-11-17,2021,fog,0.3000002026050176,-0.2565669814050171,0.2944317982840133,,False,False,Dfb,,50.564298,22.058214,52.54403783538433,19.72281251128816,same_country_year_koppen_uncertainty_lowgap_p25,0.659797,True,True,True,0.0,0.0,0.0,0.038147,,3356.946019375,3217.812315,0.0001273239544735,,7.639868288311741,1.4428704037794438,349.8358306884888,144.2506016126202,1.5805936500494338,0.8398498844272857,-0.9179806904420094,1.213550798492211,3.979222,100714.835938,-2.251791,-568.541667
4225|2021-11-17|Stalowa Wola,4225|2021-11-17|Stalowa Wola,4225,1080,Poland,Poland,Stalowa Wola,Słupsk,2021-11-17,2021,fog,0.3000002026050176,-0.3036819984011183,0.2944317982840133,,False,False,Dfb,,50.564298,22.058214,54.463339597672,17.024806823494853,same_country_year_koppen_uncertainty_lowgap_p25,0.66085,True,True,True,0.0,0.051667,-0.051667,0.038147,,3356.946019375,4364.374916842105,0.0001273239544735,,7.639868288311741,7.495769561299709,349.8358306884888,13.174767989702383,1.5805936500494338,1.6343689717394831,-0.9179806904420094,1.7753750461944244,5.912734,101102.085938,-4.185303,-955.791667
4942|2022-12-26|Celaya,4942|2022-12-26|Celaya,4942,6696,México,México,Celaya,Matamoros,2022-12-26,2022,low_ceiling_1000m,0.4355736334993257,-0.2629107949259768,0.1821047102083698,,False,False,BSh,,20.531576,-100.820914,25.847048265415868,-97.50931699803468,same_country_year_koppen_uncertainty_lowgap_p25,1.363541,True,True,True,0.0,0.0,0.0,4.746437,,5500.956343939394,5099.120625252525,0.0001273239544735,,6.562864635255111,8.129910296062748,328.116473165505,29.96880844717999,0.6742196950005667,1.1084174637701594,-1.4194791898403902,1.718306627712613,10.710138,102331.21875,0.91512,-21320.291667
4942|2022-12-26|Celaya,4942|2022-12-26|Celaya,4942,4288,México,México,Celaya,San Francisco del Rincón,2022-12-26,2022,low_ceiling_1000m,0.4355736334993257,-0.2260774905487374,0.1821047102083698,,False,False,BSh,,20.531576,-100.820914,21.025504865614927,-101.8607450821336,same_country_year_koppen_uncertainty_lowgap_p25,1.54424,True,True,True,0.0,0.0,0.0,4.746437,,5500.956343939394,4393.776685714286,0.0001273239544735,,6.562864635255111,16.709251224239814,328.116473165505,324.4454119629594,0.6742196950005667,-0.5931200362533479,-1.4194791898403902,0.573290048675728,11.419936,82097.052083,0.205322,-1086.125
4942|2022-12-26|Celaya,4942|2022-12-26|Celaya,4942,4134,México,México,Celaya,Chihuahua,2022-12-26,2022,low_ceiling_1000m,0.4355736334993257,-0.2280772724811935,0.1821047102083698,,False,False,BSh,,20.531576,-100.820914,28.659020888249007,-106.0811875464914,same_country_year_koppen_uncertainty_lowgap_p25,1.77834,True,True,True,0.0,0.0,0.0,4.746437,,5500.956343939394,4201.6389046875,0.0001273239544735,,6.562864635255111,4.608050563636304,328.116473165505,391.7325558931292,0.6742196950005667,0.2840642732166048,-1.4194791898403902,1.263322798172695,7.437514,85770.96875,4.187744,-4760.041667
4942|2022-08-22|Celaya,4942|2022-08-22|Celaya,4942,6696,México,México,Celaya,Matamoros,2022-08-22,2022,low_ceiling_1000m,0.4355736334993257,-0.2629107949259768,0.1821047102083698,,False,False,BSh,,20.531576,-100.820914,25.847048265415868,-97.50931699803468,same_country_year_koppen_uncertainty_lowgap_p25,1.363541,True,True,True,0.0,0.0,0.0,15.800476,,5500.956343939394,5099.120625252525,0.0001273239544735,,6.562864635255111,8.129910296062748,328.116473165505,29.96880844717999,0.6742196950005667,1.1084174637701594,-1.4194791898403902,1.718306627712613,30.299768,101110.945312,-10.879639,-20210.458333
4942|2022-08-22|Celaya,4942|2022-08-22|Celaya,4942,4288,México,México,Celaya,San Francisco del Rincón,2022-08-22,2022,low_ceiling_1000m,0.4355736334993257,-0.2260774905487374,0.1821047102083698,,False,False,BSh,,20.531576,-100.820914,21.025504865614927,-101.8607450821336,same_country_year_koppen_uncertainty_lowgap_p25,1.54424,True,True,True,0.0,0.0,0.0,15.800476,,5500.956343939394,4393.776685714286,0.0001273239544735,,6.562864635255111,16.709251224239814,328.116473165505,324.4454119629594,0.6742196950005667,-0.5931200362533479,-1.4194791898403902,0.573290048675728,20.621545,81964.486979,-1.201416,-1064.0
4942|2022-08-22|Celaya,4942|2022-08-22|Celaya,4942,4134,México,México,Celaya,Chihuahua,2022-08-22,2022,low_ceiling_1000m,0.4355736334993257,-0.2280772724811935,0.1821047102083698,,False,False,BSh,,20.531576,-100.820914,28.659020888249007,-106.0811875464914,same_country_year_koppen_uncertainty_lowgap_p25,1.77834,True,True,True,0.0,0.598333,-0.598333,15.800476,,5500.956343939394,4201.6389046875,0.0001273239544735,,6.562864635255111,4.608050563636304,328.116473165505,391.7325558931292,0.6742196950005667,0.2840642732166048,-1.4194791898403902,1.263322798172695,22.911584,85502.861979,-3.491455,-4602.375
4379|2022-03-19|Karadeniz Ereğli,4379|2022-03-19|Karadeniz Ereğli,4379,3459,Turkey,Turkey,Karadeniz Ereğli,Yalova,2022-03-19,2022,low_ceiling_1000m,0.4239057131020607,-0.2173334564248427,0.2040506624642502,,False,False,,,41.265007,31.422627,40.65253863849585,29.2827278590132,same_country_year_koppen_uncertainty_lowgap_p25,0.816997,True,True,True,0.0,0.0,0.0,9.10902,,4424.80204,4905.462747058824,0.000254647908947,,1.7391893438228485,9.67680099117227,0.5836552227457015,1.3070794959245655,1.3358315692495748,1.1718900701813997,-1.3214987087939936,1.6409776177378312,0.950911,101395.5,-1.814697,-1235.166667
4379|2022-03-19|Karadeniz Ereğli,4379|2022-03-19|Karadeniz Ereğli,4379,858,Turkey,Turkey,Karadeniz Ereğli,Tekirdağ,2022-03-19,2022,low_ceiling_1000m,0.4239057131020607,-0.3010943158246248,0.2040506624642502,,False,False,,,41.265007,31.422627,40.97362181837198,27.521795993298632,same_country_year_koppen_uncertainty_lowgap_p25,0.951353,True,True,True,0.0,0.0,0.0,9.10902,,4424.80204,4822.32412,0.000254647908947,,1.7391893438228485,3.435653266875913,0.5836552227457015,1.2815414559229568,1.3358315692495748,0.3296049805374885,-1.3214987087939936,1.3884042633383085,1.241846,102530.958333,-2.105632,-2370.625
4379|2022-03-19|Karadeniz Ereğli,4379|2022-03-19|Karadeniz Ereğli,4379,4341,Turkey,Turkey,Karadeniz Ereğli,Düzce,2022-03-19,2022,low_ceiling_1000m,0.4239057131020607,-0.2243913266620748,0.2040506624642502,,False,False,,,41.265007,31.422627,40.84383926392352,31.157814680057847,same_country_year_koppen_uncertainty_lowgap_p25,1.03873,True,True,True,0.0,0.929444,-0.929444,9.10902,,4424.80204,6187.665303448276,0.000254647908947,,1.7391893438228485,2.063061364596871,0.5836552227457015,24.0677466235646,1.3358315692495748,0.438828918751529,-1.3214987087939936,1.1620849873042771,-7.085303,92880.083333,6.221517,7280.25
4379|2022-06-27|Karadeniz Ereğli,4379|2022-06-27|Karadeniz Ereğli,4379,3459,Turkey,Turkey,Karadeniz Ereğli,Yalova,2022-06-27,2022,thunder_or_convective,0.4239057131020607,-0.2173334564248427,0.2040506624642502,,False,False,,,41.265007,31.422627,40.65253863849585,29.2827278590132,same_country_year_koppen_uncertainty_lowgap_p25,0.816997,True,True,True,7.12,0.0,7.12,47.619343,,4424.80204,4905.462747058824,0.000254647908947,,1.7391893438228485,9.67680099117227,0.5836552227457015,1.3070794959245655,1.3358315692495748,1.1718900701813997,-1.3214987087939936,1.6409776177378312,21.600539,99462.830729,-2.499837,-1123.333333
4379|2022-06-27|Karadeniz Ereğli,4379|2022-06-27|Karadeniz Ereğli,4379,858,Turkey,Turkey,Karadeniz Ereğli,Tekirdağ,2022-06-27,2022,thunder_or_convective,0.4239057131020607,-0.3010943158246248,0.2040506624642502,,False,False,,,41.265007,31.422627,40.97362181837198,27.521795993298632,same_country_year_koppen_uncertainty_lowgap_p25,0.951353,True,True,True,7.12,0.051111,7.068889,47.619343,,4424.80204,4822.32412,0.000254647908947,,1.7391893438228485,3.435653266875913,0.5836552227457015,1.2815414559229568,1.3358315692495748,0.3296049805374885,-1.3214987087939936,1.3884042633383085,23.025018,100364.997396,-3.924316,-2025.5
4379|2022-06-27|Karadeniz Ereğli,4379|2022-06-27|Karadeniz Ereğli,4379,4341,Turkey,Turkey,Karadeniz Ereğli,Düzce,2022-06-27,2022,thunder_or_convective,0.4239057131020607,-0.2243913266620748,0.2040506624642502,,False,False,,,41.265007,31.422627,40.84383926392352,31.157814680057847,same_country_year_koppen_uncertainty_lowgap_p25,1.03873,True,True,True,7.12,3.846667,3.273333,47.619343,,4424.80204,6187.665303448276,0.000254647908947,,1.7391893438228485,2.063061364596871,0.5836552227457015,24.0677466235646,1.3358315692495748,0.438828918751529,-1.3214987087939936,1.1620849873042771,15.819533,91726.080729,3.281169,6613.416667
175|2022-09-14|Điện Biên Phủ,175|2022-09-14|Điện Biên Phủ,175,1739,Vietnam,Vietnam,Điện Biên Phủ,Phúc Yên,2022-09-14,2022,fog,0.4206542420932275,-0.2207820398304685,0.1673962528453861,,False,False,,,21.388702,103.018583,21.239375103723827,105.72237654564918,same_country_year_koppen_uncertainty_lowgap_p25,0.975366,True,True,True,0.0,0.0,0.0,1.330376,,3593.0871382352943,3784.632731,0.0001273239544735,,1.4621449867646352,8.447059325582973,333.03551537488755,92.50786143688232,0.7551669145649029,0.6904264882543372,-1.4851469590523374,1.2795443006863605,29.747349,100366.411458,-6.003174,-9325.541666
175|2022-09-14|Điện Biên Phủ,175|2022-09-14|Điện Biên Phủ,175,5031,Vietnam,Vietnam,Điện Biên Phủ,Trang Bang,2022-09-14,2022,fog,0.4206542420932275,-0.1913948350094969,0.1673962528453861,,False,False,,,21.388702,103.018583,11.024954059705768,106.37291346135945,same_country_year_koppen_uncertainty_lowgap_p25,1.04644,True,True,True,0.0,0.151667,-0.151667,1.330376,,3593.0871382352943,3158.056480952381,0.0001273239544735,,1.4621449867646352,12.209831124929222,333.03551537488755,56.9735070891997,0.7551669145649029,0.637184374146548,-1.4851469590523374,0.9071663554328984,27.468866,100982.119792,-3.724691,-9941.25
175|2022-09-14|Điện Biên Phủ,175|2022-09-14|Điện Biên Phủ,175,3097,Vietnam,Vietnam,Điện Biên Phủ,Lạng Sơn,2022-09-14,2022,fog,0.4206542420932275,-0.2232923276436526,0.1673962528453861,,False,False,,,21.388702,103.018583,21.85489840384316,106.76047743618248,same_country_year_koppen_uncertainty_lowgap_p25,1.260169,True,True,True,0.0,0.0,0.0,1.330376,,3593.0871382352943,5967.093841176471,0.0001273239544735,,1.4621449867646352,47.20246906060313,333.03551537488755,88.89480202986566,0.7551669145649029,0.6824090106994543,-1.4851469590523374,0.9338113133770318,27.493768,96953.119792,-3.749593,-5912.25
175|2022-05-20|Điện Biên Phủ,175|2022-05-20|Điện Biên Phủ,175,1739,Vietnam,Vietnam,Điện Biên Phủ,Phúc Yên,2022-05-20,2022,thunder_or_convective,0.4206542420932275,-0.2207820398304685,0.1673962528453861,,False,False,,,21.388702,103.018583,21.239375103723827,105.72237654564918,same_country_year_koppen_uncertainty_lowgap_p25,0.975366,True,True,True,2.977222,0.0,2.977222,15.307426,,3593.0871382352943,3784.632731,0.0001273239544735,,1.4621449867646352,8.447059325582973,333.03551537488755,92.50786143688232,0.7551669145649029,0.6904264882543372,-1.4851469590523374,1.2795443006863605,26.563837,100347.320312,-3.04305,-9570.25
175|2022-05-20|Điện Biên Phủ,175|2022-05-20|Điện Biên Phủ,175,5031,Vietnam,Vietnam,Điện Biên Phủ,Trang Bang,2022-05-20,2022,thunder_or_convective,0.4206542420932275,-0.1913948350094969,0.1673962528453861,,False,False,,,21.388702,103.018583,11.024954059705768,106.37291346135945,same_country_year_koppen_uncertainty_lowgap_p25,1.04644,True,True,True,2.977222,0.196111,2.781111,15.307426,,3593.0871382352943,3158.056480952381,0.0001273239544735,,1.4621449867646352,12.209831124929222,333.03551537488755,56.9735070891997,0.7551669145649029,0.637184374146548,-1.4851469590523374,0.9071663554328984,28.869257,100717.236979,-5.34847,-9940.166667
175|2022-05-20|Điện Biên Phủ,175|2022-05-20|Điện Biên Phủ,175,3097,Vietnam,Vietnam,Điện Biên Phủ,Lạng Sơn,2022-05-20,2022,thunder_or_convective,0.4206542420932275,-0.2232923276436526,0.1673962528453861,,False,False,,,21.388702,103.018583,21.85489840384316,106.76047743618248,same_country_year_koppen_uncertainty_lowgap_p25,1.260169,True,True,True,2.977222,0.0,2.977222,15.307426,,3593.0871382352943,5967.093841176471,0.0001273239544735,,1.4621449867646352,47.20246906060313,333.03551537488755,88.89480202986566,0.7551669145649029,0.6824090106994543,-1.4851469590523374,0.9338113133770318,24.227248,96919.903646,-0.706461,-6142.833334
10954|2022-01-10|Giridih,10954|2022-01-10|Giridih,10954,10132,India,India,Giridih,Thanjavur,2022-01-10,2022,low_vis_5km,0.4136882051021737,-0.1987262058582096,0.221502363859219,,False,False,Aw,,24.171116,86.306248,10.770179217220884,79.13268065039192,same_country_year_koppen_uncertainty_lowgap_p25,0.917763,True,True,True,0.0,0.0,0.0,0.088692,,5670.705629166667,7401.048096610169,0.0001273239544735,,3.925533527089168,6.228330151614349,256.6828591519296,61.48962511548593,0.8147679621759303,0.709386080459541,-1.2435833794512468,1.5685346024960791,26.473861,100758.174479,-8.289958,-2935.958333
10954|2022-01-10|Giridih,10954|2022-01-10|Giridih,10954,10080,India,India,Giridih,Siltara,2022-01-10,2022,low_vis_5km,0.4136882051021737,-0.2514754450573978,0.221502363859219,,False,False,Aw,,24.171116,86.306248,21.367822645426184,81.65945734260364,same_country_year_koppen_uncertainty_lowgap_p25,1.170544,True,True,True,0.0,0.033333,-0.033333,0.088692,,5670.705629166667,4028.20720625,0.0001273239544735,,3.925533527089168,15.350854292513652,256.6828591519296,395.2266457776779,0.8147679621759303,0.3553496493354016,-1.2435833794512468,1.0417592236788134,20.612126,98192.882812,-2.428223,-370.666666
10954|2022-01-10|Giridih,10954|2022-01-10|Giridih,10954,11432,India,India,Giridih,Chandpara,2022-01-10,2022,low_vis_5km,0.4136882051021737,-0.1999878668364216,0.221502363859219,,False,False,Aw,,24.171116,86.306248,22.968342743805323,88.78465529398024,same_country_year_koppen_uncertainty_lowgap_p25,1.273139,True,True,True,0.0,0.0,0.0,0.088692,,5670.705629166667,6661.472346666666,0.0001273239544735,,3.925533527089168,11.100908352194775,256.6828591519296,90.72386133387684,0.8147679621759303,0.0649327635917808,-1.2435833794512468,0.6986972468235431,20.888493,101428.716146,-2.70459,-3606.5
10954|2022-01-11|Giridih,10954|2022-01-11|Giridih,10954,10132,India,India,Giridih,Thanjavur,2022-01-11,2022,low_vis_5km,0.4136882051021737,-0.1987262058582096,0.221502363859219,,False,False,Aw,,24.171116,86.306248,10.770179217220884,79.13268065039192,same_country_year_koppen_uncertainty_lowgap_p25,0.917763,True,True,True,3.687222,0.0,3.687222,20.559311,,5670.705629166667,7401.048096610169,0.0001273239544735,,3.925533527089168,6.228330151614349,256.6828591519296,61.48962511548593,0.8147679621759303,0.709386080459541,-1.2435833794512468,1.5685346024960791,26.52629,100727.411458,-9.19987,-2942.125
10954|2022-01-11|Giridih,10954|2022-01-11|Giridih,10954,10080,India,India,Giridih,Siltara,2022-01-11,2022,low_vis_5km,0.4136882051021737,-0.2514754450573978,0.221502363859219,,False,False,Aw,,24.171116,86.306248,21.367822645426184,81.65945734260364,same_country_year_koppen_uncertainty_lowgap_p25,1.170544,True,True,True,3.687222,0.0,3.687222,20.559311,,5670.705629166667,4028.20720625,0.0001273239544735,,3.925533527089168,15.350854292513652,256.6828591519296,395.2266457776779,0.8147679621759303,0.3553496493354016,-1.2435833794512468,1.0417592236788134,18.666182,98187.703125,-1.339762,-402.416667
10954|2022-01-11|Giridih,10954|2022-01-11|Giridih,10954,11432,India,India,Giridih,Chandpara,2022-01-11,2022,low_vis_5km,0.4136882051021737,-0.1999878668364216,0.221502363859219,,False,False,Aw,,24.171116,86.306248,22.968342743805323,88.78465529398024,same_country_year_koppen_uncertainty_lowgap_p25,1.273139,True,True,True,3.687222,0.016111,3.671111,20.559311,,5670.705629166667,6661.472346666666,0.0001273239544735,,3.925533527089168,11.100908352194775,256.6828591519296,90.72386133387684,0.8147679621759303,0.0649327635917808,-1.2435833794512468,0.6986972468235431,21.120203,101403.703125,-3.793783,-3618.416667
7672|2022-01-08|Zigong,7672|2022-01-08|Zigong,7672,10851,China,China,Zigong,Yangjiang,2022-01-08,2022,fog,0.3962918468273839,-0.2684919246895326,0.2448491215782408,,False,False,Cwa,,29.352113,104.76754,21.86109235665186,111.97037709693542,same_country_year_koppen_uncertainty_lowgap_p25,1.328002,True,True,True,0.036667,0.0,0.036667,0.152588,,5587.709175903615,5796.998992857143,0.0001273239544735,,13.944562860724895,17.468869984535875,925.4341966168917,1.5520610440621192,1.2493189772096671,-0.0333592446423835,-1.1393488251465689,1.13035859483779,17.358067,101706.111979,-8.169922,-3390.375
7672|2022-01-08|Zigong,7672|2022-01-08|Zigong,7672,9653,China,China,Zigong,Ningming,2022-01-08,2022,fog,0.3962918468273839,-0.2364055099800891,0.2448491215782408,,False,False,Cwa,,29.352113,104.76754,22.12935904736112,107.0607294319672,same_country_year_koppen_uncertainty_lowgap_p25,1.503317,True,True,True,0.036667,0.0,0.036667,0.152588,,5587.709175903615,5478.231793,0.0001273239544735,,13.944562860724895,6.294069640784925,925.4341966168917,98.9386033000899,1.2493189772096671,0.2893818164565304,-1.1393488251465689,0.9329644076233063,13.310866,99448.111979,-4.122721,-1132.375
7672|2022-01-08|Zigong,7672|2022-01-08|Zigong,7672,7775,China,China,Zigong,Xingping,2022-01-08,2022,fog,0.3962918468273839,-0.2011199142959792,0.2448491215782408,,False,False,Cwa,,29.352113,104.76754,34.29434697258374,108.45167856092996,same_country_year_koppen_uncertainty_lowgap_p25,1.60142,True,True,True,0.036667,0.083333,-0.046666,0.152588,,5587.709175903615,5754.3302092307695,0.0001273239544735,,13.944562860724895,18.040643144473748,925.4341966168917,984.096143388074,1.2493189772096671,-0.6751661601135523,-1.1393488251465689,0.6321825718578709,2.681228,96670.778646,6.506917,1644.958333
7672|2022-01-07|Zigong,7672|2022-01-07|Zigong,7672,10851,China,China,Zigong,Yangjiang,2022-01-07,2022,fog,0.3962918468273839,-0.2684919246895326,0.2448491215782408,,False,False,Cwa,,29.352113,104.76754,21.86109235665186,111.97037709693542,same_country_year_koppen_uncertainty_lowgap_p25,1.328002,True,True,True,0.0,0.0,0.0,1.214504,,5587.709175903615,5796.998992857143,0.0001273239544735,,13.944562860724895,17.468869984535875,925.4341966168917,1.5520610440621192,1.2493189772096671,-0.0333592446423835,-1.1393488251465689,1.13035859483779,17.873763,101872.143229,-8.484049,-3485.0
7672|2022-01-07|Zigong,7672|2022-01-07|Zigong,7672,9653,China,China,Zigong,Ningming,2022-01-07,2022,fog,0.3962918468273839,-0.2364055099800891,0.2448491215782408,,False,False,Cwa,,29.352113,104.76754,22.12935904736112,107.0607294319672,same_country_year_koppen_uncertainty_lowgap_p25,1.503317,True,True,True,0.0,0.0,0.0,1.214504,,5587.709175903615,5478.231793,0.0001273239544735,,13.944562860724895,6.294069640784925,925.4341966168917,98.9386033000899,1.2493189772096671,0.2893818164565304,-1.1393488251465689,0.9329644076233063,15.983545,99480.893229,-6.593831,-1093.75
7672|2022-01-07|Zigong,7672|2022-01-07|Zigong,7672,7775,China,China,Zigong,Xingping,2022-01-07,2022,fog,0.3962918468273839,-0.2011199142959792,0.2448491215782408,,False,False,Cwa,,29.352113,104.76754,34.29434697258374,108.45167856092996,same_country_year_koppen_uncertainty_lowgap_p25,1.60142,True,True,True,0.0,0.0,0.0,1.214504,,5587.709175903615,5754.3302092307695,0.0001273239544735,,13.944562860724895,18.040643144473748,925.4341966168917,984.096143388074,1.2493189772096671,-0.6751661601135523,-1.1393488251465689,0.6321825718578709,3.272363,97001.601562,6.117351,1385.541667
3150|2022-02-27|Jiayuguan,3150|2022-02-27|Jiayuguan,3150,2595,China,China,Jiayuguan,51 farm of 12th division,2022-02-27,2022,gust_15ms,0.3862996318899703,-0.1976510325882386,0.3283721473180412,,False,False,BWk,,39.794314,98.275577,43.96724864695461,87.38223360309642,same_country_year_koppen_uncertainty_lowgap_p25,1.32897,True,True,True,0.0,0.0,0.0,0.021935,,4536.584714583333,4442.305184444444,0.0001273239544735,,8.861671366983087,10.60479599067984,1862.746143416928,1858.8180793556223,1.46762640326676,0.2927343140929839,-0.7664497071215839,1.1407169036718172,-5.503719,95300.208333,4.374186,-12741.25
3150|2022-02-27|Jiayuguan,3150|2022-02-27|Jiayuguan,3150,1544,China,China,Jiayuguan,Karamay,2022-02-27,2022,gust_15ms,0.3862996318899703,-0.2007332451012314,0.3283721473180412,,False,False,BWk,,39.794314,98.275577,45.591728819463455,84.87309691574201,same_country_year_koppen_uncertainty_lowgap_p25,2.290875,True,True,True,0.0,0.0,0.0,0.021935,,4536.584714583333,7392.438915789474,0.0001273239544735,,8.861671366983087,13.63341164554783,1862.746143416928,1647.4649718178034,1.46762640326676,-0.5035246955517338,-0.7664497071215839,0.8882086958687352,-6.735409,96825.5,5.605876,-14266.541667
3150|2022-02-27|Jiayuguan,3150|2022-02-27|Jiayuguan,3150,9035,China,China,Jiayuguan,Mengjin,2022-02-27,2022,gust_15ms,0.3862996318899703,-0.185505280017955,0.3283721473180412,,False,False,BWk,,39.794314,98.275577,34.821154682490125,112.4373388544098,same_country_year_uncertainty_lowgap_p25,0.977437,True,False,True,0.0,0.008333,-0.008333,0.021935,,4536.584714583333,5082.112604285714,0.0001273239544735,,8.861671366983087,9.67680991295296,1862.746143416928,627.202786069849,1.46762640326676,0.4656065717593693,-0.7664497071215839,1.058176165981801,12.158716,99223.291667,-13.288249,-16664.333334
3150|2022-04-08|Jiayuguan,3150|2022-04-08|Jiayuguan,3150,2595,China,China,Jiayuguan,51 farm of 12th division,2022-04-08,2022,gust_15ms,0.3862996318899703,-0.1976510325882386,0.3283721473180412,,False,False,BWk,,39.794314,98.275577,43.96724864695461,87.38223360309642,same_country_year_koppen_uncertainty_lowgap_p25,1.32897,True,True,True,0.0,0.0,0.0,0.0,,4536.584714583333,4442.305184444444,0.0001273239544735,,8.861671366983087,10.60479599067984,1862.746143416928,1858.8180793556223,1.46762640326676,0.2927343140929839,-0.7664497071215839,1.1407169036718172,20.001306,93584.286458,-4.575195,-11387.208333
3150|2022-04-08|Jiayuguan,3150|2022-04-08|Jiayuguan,3150,1544,China,China,Jiayuguan,Karamay,2022-04-08,2022,gust_15ms,0.3862996318899703,-0.2007332451012314,0.3283721473180412,,False,False,BWk,,39.794314,98.275577,45.591728819463455,84.87309691574201,same_country_year_koppen_uncertainty_lowgap_p25,2.290875,True,True,True,0.0,0.237778,-0.237778,0.0,,4536.584714583333,7392.438915789474,0.0001273239544735,,8.861671366983087,13.63341164554783,1862.746143416928,1647.4649718178034,1.46762640326676,-0.5035246955517338,-0.7664497071215839,0.8882086958687352,21.27629,94832.869792,-5.850179,-12635.791667
3150|2022-04-08|Jiayuguan,3150|2022-04-08|Jiayuguan,3150,9035,China,China,Jiayuguan,Mengjin,2022-04-08,2022,gust_15ms,0.3862996318899703,-0.185505280017955,0.3283721473180412,,False,False,BWk,,39.794314,98.275577,34.821154682490125,112.4373388544098,same_country_year_uncertainty_lowgap_p25,0.977437,True,False,True,0.0,0.0,0.0,0.0,,4536.584714583333,5082.112604285714,0.0001273239544735,,8.861671366983087,9.67680991295296,1862.746143416928,627.202786069849,1.46762640326676,0.4656065717593693,-0.7664497071215839,1.058176165981801,22.167485,98438.786458,-6.741374,-16241.708333
10936|2022-01-10|Phusro,10936|2022-01-10|Phusro,10936,10422,India,India,Phusro,Jagdalpur,2022-01-10,2022,low_vis_5km,0.3807833955489506,-0.20469522416022,0.2220568493550458,,False,False,,,23.772954,85.992166,19.084643956362275,82.01933462666783,same_country_year_koppen_uncertainty_lowgap_p25,0.976632,True,True,True,0.0,0.0,0.0,0.714302,,5655.4166263157895,7897.268533333334,0.0001273239544735,,21.40905865759822,2.09720911769055,243.41550296525784,197.25890664663825,1.0942813527463149,0.3918081130693948,-1.2411078087865106,1.1553097412744728,22.243717,94897.382812,-4.069417,3399.958334
10936|2022-01-10|Phusro,10936|2022-01-10|Phusro,10936,7703,India,India,Phusro,Alibag,2022-01-10,2022,low_vis_5km,0.3807833955489506,-0.3336737650573649,0.2220568493550458,,False,False,,,23.772954,85.992166,18.65317906395264,72.87724336527454,same_country_year_koppen_uncertainty_lowgap_p25,1.08782,True,True,True,0.0,0.0,0.0,0.714302,,5655.4166263157895,5933.119215789474,0.0001273239544735,,21.40905865759822,30.02403028448972,243.41550296525784,1.2215805635729218,1.0942813527463149,0.6176663395562872,-1.2411078087865106,1.4429319645589422,19.901676,100447.424479,-1.727376,-2150.083333
10936|2022-01-10|Phusro,10936|2022-01-10|Phusro,10936,7510,India,India,Phusro,Solan,2022-01-10,2022,low_vis_5km,0.3807833955489506,-0.2062853618670365,0.2220568493550458,,False,False,,,23.772954,85.992166,30.908388212732003,77.09741811561662,same_country_year_koppen_uncertainty_lowgap_p25,1.097945,True,True,True,0.0,0.0,0.0,0.714302,,5655.4166263157895,7570.576922,0.0001273239544735,,21.40905865759822,19.241837852679705,243.41550296525784,1065.5797697867183,1.0942813527463149,0.4940092247227342,-1.2411078087865106,0.9746582293451777,,,,
10936|2022-01-11|Phusro,10936|2022-01-11|Phusro,10936,10422,India,India,Phusro,Jagdalpur,2022-01-11,2022,low_vis_5km,0.3807833955489506,-0.20469522416022,0.2220568493550458,,False,False,,,23.772954,85.992166,19.084643956362275,82.01933462666783,same_country_year_koppen_uncertainty_lowgap_p25,0.976632,True,True,True,1.946111,0.512222,1.433889,9.416103,,5655.4166263157895,7897.268533333334,0.0001273239544735,,21.40905865759822,2.09720911769055,243.41550296525784,197.25890664663825,1.0942813527463149,0.3918081130693948,-1.2411078087865106,1.1553097412744728,20.813481,94854.536458,-2.88322,3404.666667
10936|2022-01-11|Phusro,10936|2022-01-11|Phusro,10936,7703,India,India,Phusro,Alibag,2022-01-11,2022,low_vis_5km,0.3807833955489506,-0.3336737650573649,0.2220568493550458,,False,False,,,23.772954,85.992166,18.65317906395264,72.87724336527454,same_country_year_koppen_uncertainty_lowgap_p25,1.08782,True,True,True,1.946111,0.0,1.946111,9.416103,,5655.4166263157895,5933.119215789474,0.0001273239544735,,21.40905865759822,30.02403028448972,243.41550296525784,1.2215805635729218,1.0942813527463149,0.6176663395562872,-1.2411078087865106,1.4429319645589422,20.181645,100423.703125,-2.251384,-2164.5
10936|2022-01-11|Phusro,10936|2022-01-11|Phusro,10936,7510,India,India,Phusro,Solan,2022-01-11,2022,low_vis_5km,0.3807833955489506,-0.2062853618670365,0.2220568493550458,,False,False,,,23.772954,85.992166,30.908388212732003,77.09741811561662,same_country_year_koppen_uncertainty_lowgap_p25,1.097945,True,True,True,1.946111,0.560556,1.385555,9.416103,,5655.4166263157895,7570.576922,0.0001273239544735,,21.40905865759822,19.241837852679705,243.41550296525784,1065.5797697867183,1.0942813527463149,0.4940092247227342,-1.2411078087865106,0.9746582293451777,8.088871,89094.203125,9.84139,9165.0
4263|2022-11-21|Rzeszów,4263|2022-11-21|Rzeszów,4263,3403,Poland,Poland,Rzeszów,Bełchatów,2022-11-21,2022,fog,0.3716182461126244,-0.2004857947467617,0.3762913675363333,,False,False,Dfb,,50.030827,22.002133,51.35896353742977,19.375143003940927,same_country_year_koppen_uncertainty_lowgap_p25,1.293619,True,True,True,0.0,0.0,0.0,1.025677,,4154.646042222223,3423.068758666667,0.0003819718634205,,6.854641766987755,3.477092658527253,391.4413423077526,233.8785275089932,2.1556911380739217,1.6091911482877987,-0.5525082844112332,1.2657983688374308,-0.350228,98218.086426,0.227562,-684.820801
4263|2022-11-21|Rzeszów,4263|2022-11-21|Rzeszów,4263,3939,Poland,Poland,Rzeszów,Nowy Sącz,2022-11-21,2022,fog,0.3716182461126244,-0.3290704897218872,0.3762913675363333,,False,False,Dfb,,50.030827,22.002133,49.61016223153979,20.69505660409441,same_country_year_koppen_uncertainty_lowgap_p25,1.410428,True,True,True,0.0,0.0,0.0,1.025677,,4154.646042222223,3048.9409969565218,0.0003819718634205,,6.854641766987755,3.556652967473742,391.4413423077526,396.5502193834211,2.1556911380739217,1.4737273529350294,-0.5525082844112332,1.783322930960156,-0.771185,93965.140625,0.648519,3568.125
4263|2022-11-21|Rzeszów,4263|2022-11-21|Rzeszów,4263,1080,Poland,Poland,Rzeszów,Słupsk,2022-11-21,2022,fog,0.3716182461126244,-0.338943296929475,0.3762913675363333,,False,False,Dfb,,50.030827,22.002133,54.463339597672,17.024806823494853,same_country_year_koppen_uncertainty_lowgap_p25,1.411013,True,True,True,0.0,0.0,0.0,1.025677,,4154.646042222223,4364.374916842105,0.0003819718634205,,6.854641766987755,7.495769561299709,391.4413423077526,13.174767989702383,2.1556911380739217,1.5930677588792082,-0.5525082844112332,1.9257985373753628,-0.878607,99970.890625,0.755941,-2437.625
4263|2022-11-25|Rzeszów,4263|2022-11-25|Rzeszów,4263,3403,Poland,Poland,Rzeszów,Bełchatów,2022-11-25,2022,low_ceiling_1000m,0.3716182461126244,-0.2004857947467617,0.3762913675363333,,False,False,Dfb,,50.030827,22.002133,51.35896353742977,19.375143003940927,same_country_year_koppen_uncertainty_lowgap_p25,1.293619,True,True,True,0.0,0.0,0.0,2.566338,,4154.646042222223,3423.068758666667,0.0003819718634205,,6.854641766987755,3.477092658527253,391.4413423077526,233.8785275089932,2.1556911380739217,1.6091911482877987,-0.5525082844112332,1.2657983688374308,1.535773,99433.243815,-0.170474,-784.858398
4263|2022-11-25|Rzeszów,4263|2022-11-25|Rzeszów,4263,3939,Poland,Poland,Rzeszów,Nowy Sącz,2022-11-25,2022,low_ceiling_1000m,0.3716182461126244,-0.3290704897218872,0.3762913675363333,,False,False,Dfb,,50.030827,22.002133,49.61016223153979,20.69505660409441,same_country_year_koppen_uncertainty_lowgap_p25,1.410428,True,True,True,0.0,0.0,0.0,2.566338,,4154.646042222223,3048.9409969565218,0.0003819718634205,,6.854641766987755,3.556652967473742,391.4413423077526,396.5502193834211,2.1556911380739217,1.4737273529350294,-0.5525082844112332,1.783322930960156,1.584456,95087.59375,-0.219157,3560.791667
4263|2022-11-25|Rzeszów,4263|2022-11-25|Rzeszów,4263,1080,Poland,Poland,Rzeszów,Słupsk,2022-11-25,2022,low_ceiling_1000m,0.3716182461126244,-0.338943296929475,0.3762913675363333,,False,False,Dfb,,50.030827,22.002133,54.463339597672,17.024806823494853,same_country_year_koppen_uncertainty_lowgap_p25,1.411013,True,True,True,0.0,0.0,0.0,2.566338,,4154.646042222223,4364.374916842105,0.0003819718634205,,6.854641766987755,7.495769561299709,391.4413423077526,13.174767989702383,2.1556911380739217,1.5930677588792082,-0.5525082844112332,1.9257985373753628,1.338037,101365.010417,0.027262,-2716.625
6403|2022-02-28|Nizhnekamsk,6403|2022-02-28|Nizhnekamsk,6403,6031,Russia,Russia,Nizhnekamsk,Ulyanovsk,2022-02-28,2022,fog,0.3684965980249938,-0.2535157021304398,0.323936263351427,,False,False,Dfb,,55.626131,51.811607,54.30457195226994,48.34297095737613,same_country_year_koppen_uncertainty_lowgap_p25,1.208799,True,True,True,0.0,0.0,0.0,0.015259,,5182.24729375,3883.0337009900986,0.0001273239544735,,27.4681670757702,8.398455944882189,684.6867668945697,636.9057543024679,1.0485390047995056,0.8954781903151975,-0.786254272439473,1.7795444283666118,0.479201,101286.854167,-1.05013,333.541666
6403|2022-02-28|Nizhnekamsk,6403|2022-02-28|Nizhnekamsk,6403,6242,Russia,Russia,Nizhnekamsk,Dimitrovgrad,2022-02-28,2022,fog,0.3684965980249938,-0.2383011523326504,0.323936263351427,,False,False,Dfb,,55.626131,51.811607,54.22085624156395,49.601213221695694,same_country_year_koppen_uncertainty_lowgap_p25,1.365917,True,True,True,0.0,0.0,0.0,0.015259,,5182.24729375,3687.210546666666,0.0001273239544735,,27.4681670757702,26.832945880058592,684.6867668945697,597.7864892031167,1.0485390047995056,-0.2629428577896834,-0.786254272439473,0.9147233606199884,0.827102,101642.979167,-1.398031,-22.583334
6403|2022-02-28|Nizhnekamsk,6403|2022-02-28|Nizhnekamsk,6403,6191,Russia,Russia,Nizhnekamsk,Glazov,2022-02-28,2022,fog,0.3684965980249938,-0.2058875232711255,0.323936263351427,,False,False,Dfb,,55.626131,51.811607,58.13911643512936,52.66242861757086,same_country_year_koppen_uncertainty_lowgap_p25,1.4818,True,True,True,0.0,0.0,0.0,0.015259,,5182.24729375,4237.4195015,0.0001273239544735,,27.4681670757702,8.852785414584394,684.6867668945697,589.9287712816352,1.0485390047995056,-0.3623308770717794,-0.786254272439473,0.8408471202565478,-4.448777,100245.104167,3.877848,1375.291666
6403|2022-04-18|Nizhnekamsk,6403|2022-04-18|Nizhnekamsk,6403,6031,Russia,Russia,Nizhnekamsk,Ulyanovsk,2022-04-18,2022,low_ceiling_300m,0.3684965980249938,-0.2535157021304398,0.323936263351427,,False,False,Dfb,,55.626131,51.811607,54.30457195226994,48.34297095737613,same_country_year_koppen_uncertainty_lowgap_p25,1.208799,True,True,True,0.0,0.047778,-0.047778,2.229691,,5182.24729375,3883.0337009900986,0.0001273239544735,,27.4681670757702,8.398455944882189,684.6867668945697,636.9057543024679,1.0485390047995056,0.8954781903151975,-0.786254272439473,1.7795444283666118,5.305699,100371.200521,-0.949789,255.166667
6403|2022-04-18|Nizhnekamsk,6403|2022-04-18|Nizhnekamsk,6403,6242,Russia,Russia,Nizhnekamsk,Dimitrovgrad,2022-04-18,2022,low_ceiling_300m,0.3684965980249938,-0.2383011523326504,0.323936263351427,,False,False,Dfb,,55.626131,51.811607,54.22085624156395,49.601213221695694,same_country_year_koppen_uncertainty_lowgap_p25,1.365917,True,True,True,0.0,0.013333,-0.013333,2.229691,,5182.24729375,3687.210546666666,0.0001273239544735,,27.4681670757702,26.832945880058592,684.6867668945697,597.7864892031167,1.0485390047995056,-0.2629428577896834,-0.786254272439473,0.9147233606199884,7.605829,100722.408854,-3.249919,-96.041666
6403|2022-04-18|Nizhnekamsk,6403|2022-04-18|Nizhnekamsk,6403,6191,Russia,Russia,Nizhnekamsk,Glazov,2022-04-18,2022,low_ceiling_300m,0.3684965980249938,-0.2058875232711255,0.323936263351427,,False,False,Dfb,,55.626131,51.811607,58.13911643512936,52.66242861757086,same_country_year_koppen_uncertainty_lowgap_p25,1.4818,True,True,True,0.0,0.0,0.0,2.229691,,5182.24729375,4237.4195015,0.0001273239544735,,27.4681670757702,8.852785414584394,684.6867668945697,589.9287712816352,1.0485390047995056,-0.3623308770717794,-0.786254272439473,0.8408471202565478,0.427118,99554.117188,3.928792,1072.25
10210|2022-11-11|Neyveli Township,10210|2022-11-11|Neyveli Township,10210,7349,India,India,Neyveli Township,Daman,2022-11-11,2022,low_vis_5km,0.3628333195334579,-0.181779430615022,0.2623591898675071,,False,False,,,11.605937,79.482999,20.426963397667024,72.84656791437195,same_country_year_koppen_uncertainty_lowgap_p25,1.163694,True,True,True,12.109444,0.0,12.109444,32.631397,,3434.0973779166666,3750.872209999999,0.000254647908947,,4.371302955955729,0.8125432946599426,26.16442768671589,1.915595245915084,1.4854227180927777,1.252070163754151,-1.0611729094180606,1.1739416678564338,27.064254,101389.278646,-3.03418,-884.458334
10210|2022-11-11|Neyveli Township,10210|2022-11-11|Neyveli Township,10210,10314,India,India,Neyveli Township,Chengalpattu,2022-11-11,2022,low_vis_5km,0.3628333195334579,-0.2216931742355386,0.2623591898675071,,False,False,,,11.605937,79.482999,12.680491964075646,79.98613079459547,same_country_year_koppen_uncertainty_lowgap_p25,1.439746,True,True,True,12.109444,0.564444,11.545,32.631397,,3434.0973779166666,4520.149968666667,0.000254647908947,,4.371302955955729,26.762482408475424,26.16442768671589,21.848999412535044,1.4854227180927777,0.3137827954180503,-1.0611729094180606,0.7835832619854154,25.041467,100603.861979,-1.011393,-99.041667
10210|2022-11-11|Neyveli Township,10210|2022-11-11|Neyveli Township,10210,11388,India,India,Neyveli Township,Durgachak,2022-11-11,2022,low_vis_5km,0.3628333195334579,-0.267965626668539,0.2623591898675071,,False,False,,,11.605937,79.482999,22.06690830400641,88.1201363562848,same_country_year_koppen_uncertainty_lowgap_p25,1.514984,True,True,True,12.109444,0.0,12.109444,32.631397,,3434.0973779166666,2903.276013793104,0.000254647908947,,4.371302955955729,7.023518257536653,26.16442768671589,1.9874971185513937,1.4854227180927777,0.0706274946714164,-1.0611729094180606,1.1282739037516964,25.66134,101346.986979,-1.631266,-842.166667
10210|2022-09-28|Neyveli Township,10210|2022-09-28|Neyveli Township,10210,7349,India,India,Neyveli Township,Daman,2022-09-28,2022,low_vis_5km,0.3628333195334579,-0.181779430615022,0.2623591898675071,,False,False,,,11.605937,79.482999,20.426963397667024,72.84656791437195,same_country_year_koppen_uncertainty_lowgap_p25,1.163694,True,True,True,0.0,0.0,0.0,8.13961,,3434.0973779166666,3750.872209999999,0.000254647908947,,4.371302955955729,0.8125432946599426,26.16442768671589,1.915595245915084,1.4854227180927777,1.252070163754151,-1.0611729094180606,1.1739416678564338,27.53339,100724.213542,2.125814,-601.916667
10210|2022-09-28|Neyveli Township,10210|2022-09-28|Neyveli Township,10210,10314,India,India,Neyveli Township,Chengalpattu,2022-09-28,2022,low_vis_5km,0.3628333195334579,-0.2216931742355386,0.2623591898675071,,False,False,,,11.605937,79.482999,12.680491964075646,79.98613079459547,same_country_year_koppen_uncertainty_lowgap_p25,1.439746,True,True,True,0.0,0.155556,-0.155556,8.13961,,3434.0973779166666,4520.149968666667,0.000254647908947,,4.371302955955729,26.762482408475424,26.16442768671589,21.848999412535044,1.4854227180927777,0.3137827954180503,-1.0611729094180606,0.7835832619854154,28.41604,100103.213542,1.243164,19.083333
10210|2022-09-28|Neyveli Township,10210|2022-09-28|Neyveli Township,10210,11388,India,India,Neyveli Township,Durgachak,2022-09-28,2022,low_vis_5km,0.3628333195334579,-0.267965626668539,0.2623591898675071,,False,False,,,11.605937,79.482999,22.06690830400641,88.1201363562848,same_country_year_koppen_uncertainty_lowgap_p25,1.514984,True,True,True,0.0,1.305556,-1.305556,8.13961,,3434.0973779166666,2903.276013793104,0.000254647908947,,4.371302955955729,7.023518257536653,26.16442768671589,1.9874971185513937,1.4854227180927777,0.0706274946714164,-1.0611729094180606,1.1282739037516964,29.570744,100417.963542,0.08846,-295.666667
56|2022-02-16|Brest,56|2022-02-16|Brest,56,1585,France,France,Brest,Caen,2022-02-16,2022,low_vis_5km,0.3598375220361931,-0.1848973835954289,0.3845210996322885,,False,False,Cfb,,48.395742,-4.48925,49.17675486973722,-0.358204929234041,same_country_year_koppen_uncertainty_lowgap_p25,0.611115,True,True,True,0.000556,0.050556,-0.05,2.408028,,3076.876057142857,2831.465037735849,0.0008912676813146,,1.317212077783021,2.2420940871322497,1.139574491431255,12.26733834091748,2.7660042401192504,1.93076183514792,-0.5157656040188342,1.5095117861210554,12.685571,100107.578125,-0.200032,316.791667
56|2022-02-16|Brest,56|2022-02-16|Brest,56,544,France,France,Brest,Saint-Nazaire,2022-02-16,2022,low_vis_5km,0.3598375220361931,-0.2328702583793902,0.3845210996322885,,False,False,Cfb,,48.395742,-4.48925,47.27677813565688,-2.2106401204496238,same_country_year_koppen_uncertainty_lowgap_p25,0.658349,True,True,True,0.000556,0.0,0.000556,2.408028,,3076.876057142857,1682.734944411765,0.0008912676813146,,1.317212077783021,4.50938274746412,1.139574491431255,0.3623114076915579,2.7660042401192504,2.017957750501674,-0.5157656040188342,1.5088603201566513,11.890161,101214.494792,0.595378,-790.125
56|2022-02-16|Brest,56|2022-02-16|Brest,56,1681,France,France,Brest,Le Havre,2022-02-16,2022,low_vis_5km,0.3598375220361931,-0.1903423798708172,0.3845210996322885,,False,False,Cfb,,48.395742,-4.48925,49.4870591728847,0.1598997825707736,same_country_year_koppen_uncertainty_lowgap_p25,0.742132,True,True,True,0.000556,0.0,0.000556,2.408028,,3076.876057142857,2015.3855174418604,0.0008912676813146,,1.317212077783021,3.952679858826151,1.139574491431255,0.5688784673683703,2.7660042401192504,1.9282616561200752,-0.5157656040188342,1.506905922263439,11.639917,99645.911458,0.845622,778.458334
56|2022-01-24|Brest,56|2022-01-24|Brest,56,1585,France,France,Brest,Caen,2022-01-24,2022,fog,0.3598375220361931,-0.1848973835954289,0.3845210996322885,,False,False,Cfb,,48.395742,-4.48925,49.17675486973722,-0.358204929234041,same_country_year_koppen_uncertainty_lowgap_p25,0.611115,True,True,True,0.0,0.0,0.0,0.026226,,3076.876057142857,2831.465037735849,0.0008912676813146,,1.317212077783021,2.2420940871322497,1.139574491431255,12.26733834091748,2.7660042401192504,1.93076183514792,-0.5157656040188342,1.5095117861210554,3.058333,102646.934896,0.823812,-247.166667
56|2022-01-24|Brest,56|2022-01-24|Brest,56,544,France,France,Brest,Saint-Nazaire,2022-01-24,2022,fog,0.3598375220361931,-0.2328702583793902,0.3845210996322885,,False,False,Cfb,,48.395742,-4.48925,47.27677813565688,-2.2106401204496238,same_country_year_koppen_uncertainty_lowgap_p25,0.658349,True,True,True,0.0,0.0,0.0,0.026226,,3076.876057142857,1682.734944411765,0.0008912676813146,,1.317212077783021,4.50938274746412,1.139574491431255,0.3623114076915579,2.7660042401192504,2.017957750501674,-0.5157656040188342,1.5088603201566513,3.491032,102803.809896,0.391113,-404.041667
56|2022-01-24|Brest,56|2022-01-24|Brest,56,1681,France,France,Brest,Le Havre,2022-01-24,2022,fog,0.3598375220361931,-0.1903423798708172,0.3845210996322885,,False,False,Cfb,,48.395742,-4.48925,49.4870591728847,0.1598997825707736,same_country_year_koppen_uncertainty_lowgap_p25,0.742132,True,True,True,0.0,0.0,0.0,0.026226,,3076.876057142857,2015.3855174418604,0.0008912676813146,,1.317212077783021,3.952679858826151,1.139574491431255,0.5688784673683703,2.7660042401192504,1.9282616561200752,-0.5157656040188342,1.506905922263439,3.77098,102289.393229,0.111165,110.375
4339|2022-11-22|Lublin,4339|2022-11-22|Lublin,4339,3403,Poland,Poland,Lublin,Bełchatów,2022-11-22,2022,fog,0.3508939265429664,-0.2004857947467617,0.3757368820405066,,False,False,Dfb,,51.239794,22.554886,51.35896353742977,19.375143003940927,same_country_year_koppen_uncertainty_lowgap_p25,1.104579,True,True,True,0.0,0.0,0.0,0.053883,,4178.979672222222,3423.068758666667,0.000254647908947,,13.081017647413086,3.477092658527253,313.08324423939416,233.8785275089932,2.134129974599158,1.6091911482877987,-0.554983855075969,1.2657983688374308,1.542714,98217.190267,-0.87112,184.38265
4339|2022-11-22|Lublin,4339|2022-11-22|Lublin,4339,1080,Poland,Poland,Lublin,Słupsk,2022-11-22,2022,fog,0.3508939265429664,-0.338943296929475,0.3757368820405066,,False,False,Dfb,,51.239794,22.554886,54.463339597672,17.024806823494853,same_country_year_koppen_uncertainty_lowgap_p25,1.194258,True,True,True,0.0,0.0,0.0,0.053883,,4178.979672222222,4364.374916842105,0.000254647908947,,13.081017647413086,7.495769561299709,313.08324423939416,13.174767989702383,2.134129974599158,1.5930677588792082,-0.554983855075969,1.9257985373753628,-0.883419,100157.739583,1.555013,-1756.166666
4339|2022-11-22|Lublin,4339|2022-11-22|Lublin,4339,3939,Poland,Poland,Lublin,Nowy Sącz,2022-11-22,2022,fog,0.3508939265429664,-0.3290704897218872,0.3757368820405066,,False,False,Dfb,,51.239794,22.554886,49.61016223153979,20.69505660409441,same_country_year_koppen_uncertainty_lowgap_p25,1.230355,True,True,True,0.0,0.0,0.0,0.053883,,4178.979672222222,3048.9409969565218,0.000254647908947,,13.081017647413086,3.556652967473742,313.08324423939416,396.5502193834211,2.134129974599158,1.4737273529350294,-0.554983855075969,1.783322930960156,0.273889,93907.822917,0.397705,4493.75
4339|2022-11-26|Lublin,4339|2022-11-26|Lublin,4339,3403,Poland,Poland,Lublin,Bełchatów,2022-11-26,2022,low_vis_5km,0.3508939265429664,-0.2004857947467617,0.3757368820405066,,False,False,Dfb,,51.239794,22.554886,51.35896353742977,19.375143003940927,same_country_year_koppen_uncertainty_lowgap_p25,1.104579,True,True,True,0.0,0.0,0.0,1.246929,,4178.979672222222,3423.068758666667,0.000254647908947,,13.081017647413086,3.477092658527253,313.08324423939416,233.8785275089932,2.134129974599158,1.6091911482877987,-0.554983855075969,1.2657983688374308,2.062732,100167.081543,-1.001856,-91.714355
4339|2022-11-26|Lublin,4339|2022-11-26|Lublin,4339,1080,Poland,Poland,Lublin,Słupsk,2022-11-26,2022,low_vis_5km,0.3508939265429664,-0.338943296929475,0.3757368820405066,,False,False,Dfb,,51.239794,22.554886,54.463339597672,17.024806823494853,same_country_year_koppen_uncertainty_lowgap_p25,1.194258,True,True,True,0.0,0.0,0.0,1.246929,,4178.979672222222,4364.374916842105,0.000254647908947,,13.081017647413086,7.495769561299709,313.08324423939416,13.174767989702383,2.134129974599158,1.5930677588792082,-0.554983855075969,1.9257985373753628,2.931482,102111.533854,-1.870606,-2036.166666
4339|2022-11-26|Lublin,4339|2022-11-26|Lublin,4339,3939,Poland,Poland,Lublin,Nowy Sącz,2022-11-26,2022,low_vis_5km,0.3508939265429664,-0.3290704897218872,0.3757368820405066,,False,False,Dfb,,51.239794,22.554886,49.61016223153979,20.69505660409441,same_country_year_koppen_uncertainty_lowgap_p25,1.230355,True,True,True,0.0,0.037778,-0.037778,1.246929,,4178.979672222222,3048.9409969565218,0.000254647908947,,13.081017647413086,3.556652967473742,313.08324423939416,396.5502193834211,2.134129974599158,1.4737273529350294,-0.554983855075969,1.783322930960156,3.097416,95747.492188,-2.03654,4327.875
2044|2022-01-09|Vinnytsia,2044|2022-01-09|Vinnytsia,2044,4030,Ukraine,Ukraine,Vinnytsia,Lozova,2022-01-09,2022,low_ceiling_1000m,0.3495773823976437,-0.2270440845943914,0.3771085040564991,,False,False,Dfb,,49.233728,28.479445,48.88626053909163,36.31027032442569,same_country_year_koppen_uncertainty_lowgap_p25,2.119364,True,True,True,0.562778,0.0,0.562778,5.747795,,5713.788211594203,5039.966945384615,0.0001273239544735,,12.98230880577612,23.14377477649469,316.0482145347481,184.36827403145824,1.2632894214342556,-0.815959568138784,-0.5488600750105693,0.7772640421306943,-1.267137,99624.953125,0.188477,-2140.5
2044|2022-01-09|Vinnytsia,2044|2022-01-09|Vinnytsia,2044,2506,Ukraine,Ukraine,Vinnytsia,Pervomaisk,2022-01-09,2022,low_ceiling_1000m,0.3495773823976437,-0.231062503282197,0.3771085040564991,,False,False,Dfb,,49.233728,28.479445,48.040325755688905,30.85700138527686,same_country_year_koppen_uncertainty_lowgap_p25,2.19997,True,True,True,0.562778,0.0,0.562778,5.747795,,5713.788211594203,3472.8745052941176,0.0001273239544735,,12.98230880577612,7.373265060801696,316.0482145347481,108.75395572508036,1.2632894214342556,-0.1560477139650206,-0.5488600750105693,0.9814334753749816,-0.403693,99361.286458,-0.674967,-1876.833333
2044|2022-01-09|Vinnytsia,2044|2022-01-09|Vinnytsia,2044,1089,Ukraine,Ukraine,Vinnytsia,Kovel,2022-01-09,2022,low_ceiling_1000m,0.3495773823976437,-0.346704010836092,0.3771085040564991,,False,False,Dfb,,49.233728,28.479445,51.21789566047926,24.704436853501942,same_country_year_koppen_uncertainty_lowgap_p25,2.638841,True,True,True,0.562778,0.0,0.562778,5.747795,,5713.788211594203,3431.8134027272727,0.0001273239544735,,12.98230880577612,17.86785928008107,316.0482145347481,441.6647128821463,1.2632894214342556,-1.5734559349127446,-0.5488600750105693,0.7852119268964252,-1.517625,98584.244792,0.438965,-1099.791667
2044|2022-01-23|Vinnytsia,2044|2022-01-23|Vinnytsia,2044,4030,Ukraine,Ukraine,Vinnytsia,Lozova,2022-01-23,2022,low_ceiling_1000m,0.3495773823976437,-0.2270440845943914,0.3771085040564991,,False,False,Dfb,,49.233728,28.479445,48.88626053909163,36.31027032442569,same_country_year_koppen_uncertainty_lowgap_p25,2.119364,True,True,True,0.0,0.0,0.0,1.9207,,5713.788211594203,5039.966945384615,0.0001273239544735,,12.98230880577612,23.14377477649469,316.0482145347481,184.36827403145824,1.2632894214342556,-0.815959568138784,-0.5488600750105693,0.7772640421306943,-5.534196,100126.234375,-0.334961,-1230.208333
2044|2022-01-23|Vinnytsia,2044|2022-01-23|Vinnytsia,2044,2506,Ukraine,Ukraine,Vinnytsia,Pervomaisk,2022-01-23,2022,low_ceiling_1000m,0.3495773823976437,-0.231062503282197,0.3771085040564991,,False,False,Dfb,,49.233728,28.479445,48.040325755688905,30.85700138527686,same_country_year_koppen_uncertainty_lowgap_p25,2.19997,True,True,True,0.0,0.0,0.0,1.9207,,5713.788211594203,3472.8745052941176,0.0001273239544735,,12.98230880577612,7.373265060801696,316.0482145347481,108.75395572508036,1.2632894214342556,-0.1560477139650206,-0.5488600750105693,0.9814334753749816,-3.703548,100445.859375,-2.165609,-1549.833333
2044|2022-01-23|Vinnytsia,2044|2022-01-23|Vinnytsia,2044,1089,Ukraine,Ukraine,Vinnytsia,Kovel,2022-01-23,2022,low_ceiling_1000m,0.3495773823976437,-0.346704010836092,0.3771085040564991,,False,False,Dfb,,49.233728,28.479445,51.21789566047926,24.704436853501942,same_country_year_koppen_uncertainty_lowgap_p25,2.638841,True,True,True,0.0,0.0,0.0,1.9207,,5713.788211594203,3431.8134027272727,0.0001273239544735,,12.98230880577612,17.86785928008107,316.0482145347481,441.6647128821463,1.2632894214342556,-1.5734559349127446,-0.5488600750105693,0.7852119268964252,-4.960547,100578.109375,-0.90861,-1682.083333
357|2022-01-07|Ensenada,357|2022-01-07|Ensenada,357,5,México,México,Ensenada,Rosarito,2022-01-07,2022,fog,0.3102698511481496,-0.3337947801973159,0.3079437343138971,,False,False,BSk,,31.868981,-116.596919,32.37649376352435,-117.05451024532564,same_country_year_koppen_uncertainty_lowgap_p25,0.892168,True,True,True,0.0,0.0,0.0,0.003338,,3811.671316666667,2569.436087586207,0.0001273239544735,,2.8949827654241225,9.847961667340336,2.5241468271537766,1.980261212917391,1.0255081364264378,0.1470353336513803,-0.8576549421381773,1.3129645046602982,13.086003,99240.476562,-1.225342,-2328.083333
357|2022-01-07|Ensenada,357|2022-01-07|Ensenada,357,5772,México,México,Ensenada,Santa Matilde,2022-01-07,2022,fog,0.3102698511481496,-0.1923038811363437,0.3079437343138971,,False,False,BSk,,31.868981,-116.596919,20.044546470729,-98.78409081019672,same_country_year_koppen_uncertainty_lowgap_p25,1.798455,True,True,True,0.0,0.0,0.0,0.003338,,3811.671316666667,3458.5348882142857,0.0001273239544735,,2.8949827654241225,3.9461346843594014,2.5241468271537766,173.35771699608745,1.0255081364264378,-0.3970019399416196,-0.8576549421381773,0.7336809691120507,12.78221,76162.893229,-0.921549,20749.5
357|2022-01-07|Ensenada,357|2022-01-07|Ensenada,357,913,México,México,Ensenada,Tecate,2022-01-07,2022,fog,0.3102698511481496,-0.3042570770175055,0.3079437343138971,,False,False,BSk,,31.868981,-116.596919,32.5646551549511,-116.62289751088105,same_country_year_uncertainty_lowgap_p25,0.92851,True,False,True,0.0,0.0,0.0,0.003338,,3811.671316666667,3351.1524165,0.0001273239544735,,2.8949827654241225,2.9877776863311936,2.5241468271537766,46.533200544990414,1.0255081364264378,0.2507998102878783,-0.8576549421381773,1.3046257403159236,11.088607,91319.143229,0.772054,5593.25
357|2022-02-20|Ensenada,357|2022-02-20|Ensenada,357,5,México,México,Ensenada,Rosarito,2022-02-20,2022,low_vis_5km,0.3102698511481496,-0.3337947801973159,0.3079437343138971,,False,False,BSk,,31.868981,-116.596919,32.37649376352435,-117.05451024532564,same_country_year_koppen_uncertainty_lowgap_p25,0.892168,True,True,True,0.0,0.0,0.0,0.000954,,3811.671316666667,2569.436087586207,0.0001273239544735,,2.8949827654241225,9.847961667340336,2.5241468271537766,1.980261212917391,1.0255081364264378,0.1470353336513803,-0.8576549421381773,1.3129645046602982,13.124038,99473.369792,-0.381022,-2346.458334
357|2022-02-20|Ensenada,357|2022-02-20|Ensenada,357,5772,México,México,Ensenada,Santa Matilde,2022-02-20,2022,low_vis_5km,0.3102698511481496,-0.1923038811363437,0.3079437343138971,,False,False,BSk,,31.868981,-116.596919,20.044546470729,-98.78409081019672,same_country_year_koppen_uncertainty_lowgap_p25,1.798455,True,True,True,0.0,0.0,0.0,0.000954,,3811.671316666667,3458.5348882142857,0.0001273239544735,,2.8949827654241225,3.9461346843594014,2.5241468271537766,173.35771699608745,1.0255081364264378,-0.3970019399416196,-0.8576549421381773,0.7336809691120507,13.353204,76418.244792,-0.610188,20708.666666
357|2022-02-20|Ensenada,357|2022-02-20|Ensenada,357,913,México,México,Ensenada,Tecate,2022-02-20,2022,low_vis_5km,0.3102698511481496,-0.3042570770175055,0.3079437343138971,,False,False,BSk,,31.868981,-116.596919,32.5646551549511,-116.62289751088105,same_country_year_uncertainty_lowgap_p25,0.92851,True,False,True,0.0,0.0,0.0,0.000954,,3811.671316666667,3351.1524165,0.0001273239544735,,2.8949827654241225,2.9877776863311936,2.5241468271537766,46.533200544990414,1.0255081364264378,0.2507998102878783,-0.8576549421381773,1.3046257403159236,11.979018,91479.119792,0.763998,5647.791666
4225|2022-11-21|Stalowa Wola,4225|2022-11-21|Stalowa Wola,4225,3403,Poland,Poland,Stalowa Wola,Bełchatów,2022-11-21,2022,fog,0.2988259227936592,-0.2004857947467617,0.2965330064787252,,False,False,Dfb,,50.564298,22.058214,51.35896353742977,19.375143003940927,same_country_year_koppen_uncertainty_lowgap_p25,0.31983,True,True,True,0.0,0.0,0.0,0.040531,,3356.946019375,3423.068758666667,0.0001273239544735,,7.639868288311741,3.477092658527253,349.8358306884888,233.8785275089932,1.563197629399968,1.6091911482877987,-0.9085995805545884,1.2657983688374308,-0.350228,98218.086426,0.483421,503.012532
4225|2022-11-21|Stalowa Wola,4225|2022-11-21|Stalowa Wola,4225,3349,Poland,Poland,Stalowa Wola,Płock,2022-11-21,2022,fog,0.2988259227936592,-0.2353565333928422,0.2965330064787252,,False,False,Dfb,,50.564298,22.058214,52.54403783538433,19.72281251128816,same_country_year_koppen_uncertainty_lowgap_p25,0.562056,True,True,True,0.0,0.0,0.0,0.040531,,3356.946019375,3217.812315,0.0001273239544735,,7.639868288311741,1.4428704037794438,349.8358306884888,144.2506016126202,1.563197629399968,0.9767524187008756,-0.9085995805545884,1.1949188719102504,-1.635362,99387.223958,1.768555,-666.125
4225|2022-11-21|Stalowa Wola,4225|2022-11-21|Stalowa Wola,4225,1080,Poland,Poland,Stalowa Wola,Słupsk,2022-11-21,2022,fog,0.2988259227936592,-0.338943296929475,0.2965330064787252,,False,False,Dfb,,50.564298,22.058214,54.463339597672,17.024806823494853,same_country_year_koppen_uncertainty_lowgap_p25,0.645707,True,True,True,0.0,0.0,0.0,0.040531,,3356.946019375,4364.374916842105,0.0001273239544735,,7.639868288311741,7.495769561299709,349.8358306884888,13.174767989702383,1.563197629399968,1.5930677588792082,-0.9085995805545884,1.9257985373753628,-0.878607,99970.890625,1.0118,-1249.791667
4225|2022-11-25|Stalowa Wola,4225|2022-11-25|Stalowa Wola,4225,3403,Poland,Poland,Stalowa Wola,Bełchatów,2022-11-25,2022,low_ceiling_1000m,0.2988259227936592,-0.2004857947467617,0.2965330064787252,,False,False,Dfb,,50.564298,22.058214,51.35896353742977,19.375143003940927,same_country_year_koppen_uncertainty_lowgap_p25,0.31983,True,True,True,0.0,0.0,0.0,1.78957,,3356.946019375,3423.068758666667,0.0001273239544735,,7.639868288311741,3.477092658527253,349.8358306884888,233.8785275089932,1.563197629399968,1.6091911482877987,-0.9085995805545884,1.2657983688374308,1.535773,99433.243815,-1.301333,408.516602
4225|2022-11-25|Stalowa Wola,4225|2022-11-25|Stalowa Wola,4225,3349,Poland,Poland,Stalowa Wola,Płock,2022-11-25,2022,low_ceiling_1000m,0.2988259227936592,-0.2353565333928422,0.2965330064787252,,False,False,Dfb,,50.564298,22.058214,52.54403783538433,19.72281251128816,same_country_year_koppen_uncertainty_lowgap_p25,0.562056,True,True,True,0.0,0.0,0.0,1.78957,,3356.946019375,3217.812315,0.0001273239544735,,7.639868288311741,1.4428704037794438,349.8358306884888,144.2506016126202,1.563197629399968,0.9767524187008756,-0.9085995805545884,1.1949188719102504,0.788232,100589.885417,-0.553792,-748.125
4225|2022-11-25|Stalowa Wola,4225|2022-11-25|Stalowa Wola,4225,1080,Poland,Poland,Stalowa Wola,Słupsk,2022-11-25,2022,low_ceiling_1000m,0.2988259227936592,-0.338943296929475,0.2965330064787252,,False,False,Dfb,,50.564298,22.058214,54.463339597672,17.024806823494853,same_country_year_koppen_uncertainty_lowgap_p25,0.645707,True,True,True,0.0,0.0,0.0,1.78957,,3356.946019375,4364.374916842105,0.0001273239544735,,7.639868288311741,7.495769561299709,349.8358306884888,13.174767989702383,1.563197629399968,1.5930677588792082,-0.9085995805545884,1.9257985373753628,1.338037,101365.010417,-1.103597,-1523.25
4942|2023-12-08|Celaya,4942|2023-12-08|Celaya,4942,6696,México,México,Celaya,Matamoros,2023-12-08,2023,low_ceiling_1000m,0.4410268152643283,-0.2661234158249506,0.1818712426311796,,False,False,BSh,,20.531576,-100.820914,25.847048265415868,-97.50931699803468,same_country_year_koppen_uncertainty_lowgap_p25,1.312913,True,True,True,0.0,0.0,0.0,2.049446,,5500.956343939394,5099.120625252525,0.0001273239544735,,6.562864635255111,8.129910296062748,328.116473165505,29.96880844717999,0.7378522675243129,1.0921266772375369,-1.420521535383437,1.718697507291256,22.55637,101183.783854,-8.891195,-20260.041666
4942|2023-12-08|Celaya,4942|2023-12-08|Celaya,4942,4288,México,México,Celaya,San Francisco del Rincón,2023-12-08,2023,low_ceiling_1000m,0.4410268152643283,-0.2292072720059968,0.1818712426311796,,False,False,BSh,,20.531576,-100.820914,21.025504865614927,-101.8607450821336,same_country_year_koppen_uncertainty_lowgap_p25,1.61455,True,True,True,0.0,0.0,0.0,2.049446,,5500.956343939394,4393.776685714286,0.0001273239544735,,6.562864635255111,16.709251224239814,328.116473165505,324.4454119629594,0.7378522675243129,-0.6404813970087139,-1.420521535383437,0.5588275042659537,13.495335,82015.783854,0.16984,-1092.041666
4942|2023-12-08|Celaya,4942|2023-12-08|Celaya,4942,4212,México,México,Celaya,Aguascalientes,2023-12-08,2023,low_ceiling_1000m,0.4410268152643283,-0.2474336597956218,0.1818712426311796,,False,False,BSh,,20.531576,-100.820914,21.88787978958307,-102.28936613173036,same_country_year_koppen_uncertainty_lowgap_p25,1.726824,True,True,True,0.0,0.0,0.0,2.049446,,5500.956343939394,5888.667485915494,0.0001273239544735,,6.562864635255111,1.1414261947941498,328.116473165505,284.26998841687225,0.7378522675243129,-0.0459513387661606,-1.420521535383437,1.232703897845695,12.932102,80281.867188,0.733073,641.875
4942|2023-12-12|Celaya,4942|2023-12-12|Celaya,4942,6696,México,México,Celaya,Matamoros,2023-12-12,2023,low_ceiling_1000m,0.4410268152643283,-0.2661234158249506,0.1818712426311796,,False,False,BSh,,20.531576,-100.820914,25.847048265415868,-97.50931699803468,same_country_year_koppen_uncertainty_lowgap_p25,1.312913,True,True,True,0.0,0.0,0.0,0.533104,,5500.956343939394,5099.120625252525,0.0001273239544735,,6.562864635255111,8.129910296062748,328.116473165505,29.96880844717999,0.7378522675243129,1.0921266772375369,-1.420521535383437,1.718697507291256,18.182326,102179.585938,-6.518636,-21190.416667
4942|2023-12-12|Celaya,4942|2023-12-12|Celaya,4942,4288,México,México,Celaya,San Francisco del Rincón,2023-12-12,2023,low_ceiling_1000m,0.4410268152643283,-0.2292072720059968,0.1818712426311796,,False,False,BSh,,20.531576,-100.820914,21.025504865614927,-101.8607450821336,same_country_year_koppen_uncertainty_lowgap_p25,1.61455,True,True,True,0.0,0.003333,-0.003333,0.533104,,5500.956343939394,4393.776685714286,0.0001273239544735,,6.562864635255111,16.709251224239814,328.116473165505,324.4454119629594,0.7378522675243129,-0.6404813970087139,-1.420521535383437,0.5588275042659537,11.696486,82083.127604,-0.032796,-1093.958333
4942|2023-12-12|Celaya,4942|2023-12-12|Celaya,4942,4212,México,México,Celaya,Aguascalientes,2023-12-12,2023,low_ceiling_1000m,0.4410268152643283,-0.2474336597956218,0.1818712426311796,,False,False,BSh,,20.531576,-100.820914,21.88787978958307,-102.28936613173036,same_country_year_koppen_uncertainty_lowgap_p25,1.726824,True,True,True,0.0,0.0,0.0,0.533104,,5500.956343939394,5888.667485915494,0.0001273239544735,,6.562864635255111,1.1414261947941498,328.116473165505,284.26998841687225,0.7378522675243129,-0.0459513387661606,-1.420521535383437,1.232703897845695,8.746291,80378.210938,2.917399,610.958333
4379|2023-07-09|Karadeniz Ereğli,4379|2023-07-09|Karadeniz Ereğli,4379,858,Turkey,Turkey,Karadeniz Ereğli,Tekirdağ,2023-07-09,2023,thunder_or_convective,0.4233745851876794,-0.2577734268559989,0.20381719488706,,False,False,,,41.265007,31.422627,40.97362181837198,27.521795993298632,same_country_year_koppen_uncertainty_lowgap_p25,0.761614,True,True,True,2.066111,0.0,2.066111,78.558922,,4424.80204,4822.32412,0.000254647908947,,1.7391893438228485,3.435653266875913,0.5836552227457015,1.2815414559229568,1.3367820021649253,0.6300861148551136,-1.3225410543370404,1.3312055516636163,24.279637,100499.104167,-4.093262,-2132.625
4379|2023-07-09|Karadeniz Ereğli,4379|2023-07-09|Karadeniz Ereğli,4379,3459,Turkey,Turkey,Karadeniz Ereğli,Yalova,2023-07-09,2023,thunder_or_convective,0.4233745851876794,-0.1925472324927138,0.20381719488706,,False,False,,,41.265007,31.422627,40.65253863849585,29.2827278590132,same_country_year_koppen_uncertainty_lowgap_p25,0.90559,True,True,True,2.066111,0.982778,1.083333,78.558922,,4424.80204,4905.462747058824,0.000254647908947,,1.7391893438228485,9.67680099117227,0.5836552227457015,1.3070794959245655,1.3367820021649253,1.409591103647157,-1.3225410543370404,1.6372642617407256,21.451756,99603.479167,-1.265381,-1237.0
4379|2023-07-09|Karadeniz Ereğli,4379|2023-07-09|Karadeniz Ereğli,4379,5938,Turkey,Turkey,Karadeniz Ereğli,Dörtyol,2023-07-09,2023,thunder_or_convective,0.4233745851876794,-0.1910654913959628,0.20381719488706,,False,False,,,41.265007,31.422627,36.837326743795344,36.220640776669775,same_country_year_koppen_uncertainty_lowgap_p25,0.917003,True,True,True,2.066111,0.0,2.066111,78.558922,,4424.80204,4540.7204483333335,0.000254647908947,,1.7391893438228485,0.7382404584014463,0.5836552227457015,4.679230938032254,1.3367820021649253,0.0156183480991505,-1.3225410543370404,0.6143324044331941,25.435236,94580.854167,-5.248861,3785.625
4379|2023-04-27|Karadeniz Ereğli,4379|2023-04-27|Karadeniz Ereğli,4379,858,Turkey,Turkey,Karadeniz Ereğli,Tekirdağ,2023-04-27,2023,thunder_or_convective,0.4233745851876794,-0.2577734268559989,0.20381719488706,,False,False,,,41.265007,31.422627,40.97362181837198,27.521795993298632,same_country_year_koppen_uncertainty_lowgap_p25,0.761614,True,True,True,1.011111,1.423333,-0.412222,25.444508,,4424.80204,4822.32412,0.000254647908947,,1.7391893438228485,3.435653266875913,0.5836552227457015,1.2815414559229568,1.3367820021649253,0.6300861148551136,-1.3225410543370404,1.3312055516636163,11.812474,100092.257812,-0.602295,-2140.083333
4379|2023-04-27|Karadeniz Ereğli,4379|2023-04-27|Karadeniz Ereğli,4379,3459,Turkey,Turkey,Karadeniz Ereğli,Yalova,2023-04-27,2023,thunder_or_convective,0.4233745851876794,-0.1925472324927138,0.20381719488706,,False,False,,,41.265007,31.422627,40.65253863849585,29.2827278590132,same_country_year_koppen_uncertainty_lowgap_p25,0.90559,True,True,True,1.011111,3.523333,-2.512222,25.444508,,4424.80204,4905.462747058824,0.000254647908947,,1.7391893438228485,9.67680099117227,0.5836552227457015,1.3070794959245655,1.3367820021649253,1.409591103647157,-1.3225410543370404,1.6372642617407256,10.4072,99104.549479,0.802979,-1152.375
4379|2023-04-27|Karadeniz Ereğli,4379|2023-04-27|Karadeniz Ereğli,4379,5938,Turkey,Turkey,Karadeniz Ereğli,Dörtyol,2023-04-27,2023,thunder_or_convective,0.4233745851876794,-0.1910654913959628,0.20381719488706,,False,False,,,41.265007,31.422627,36.837326743795344,36.220640776669775,same_country_year_koppen_uncertainty_lowgap_p25,0.917003,True,True,True,1.011111,0.666111,0.345,25.444508,,4424.80204,4540.7204483333335,0.000254647908947,,1.7391893438228485,0.7382404584014463,0.5836552227457015,4.679230938032254,1.3367820021649253,0.0156183480991505,-1.3225410543370404,0.6143324044331941,15.028864,94930.674479,-3.818685,3021.5
10954|2023-01-02|Giridih,10954|2023-01-02|Giridih,10954,10080,India,India,Giridih,Siltara,2023-01-02,2023,low_vis_5km,0.4203141318544344,-0.2235904274861455,0.2212688962820288,,False,False,Aw,,24.171116,86.306248,21.367822645426184,81.65945734260364,same_country_year_koppen_uncertainty_lowgap_p25,1.060776,True,True,True,0.0,0.0,0.0,0.545979,,5670.705629166667,4028.20720625,0.0001273239544735,,3.925533527089168,15.350854292513652,256.6828591519296,395.2266457776779,0.881582818330633,0.5954497786046751,-1.2446257249942934,1.0265800667081948,19.833195,98489.75,-4.302246,-249.666667
10954|2023-01-02|Giridih,10954|2023-01-02|Giridih,10954,11398,India,India,Giridih,Haringhata,2023-01-02,2023,low_vis_5km,0.4203141318544344,-0.2119818954156103,0.2212688962820288,,False,False,Aw,,24.171116,86.306248,22.962794762878264,88.54336568455774,same_country_year_koppen_uncertainty_lowgap_p25,1.299485,True,True,True,0.0,0.0,0.0,0.545979,,5670.705629166667,2963.504170625,0.0001273239544735,,3.925533527089168,9.318275738603049,256.6828591519296,86.94568044875058,0.881582818330633,0.6046860360150121,-1.2446257249942934,1.0207820196249977,18.683211,101850.291667,-3.152262,-3610.208334
10954|2023-01-02|Giridih,10954|2023-01-02|Giridih,10954,10060,India,India,Giridih,Ranipet,2023-01-02,2023,low_vis_5km,0.4203141318544344,-0.1887004660017331,0.2212688962820288,,False,False,Aw,,24.171116,86.306248,12.93184089221432,79.31877395295768,same_country_year_koppen_uncertainty_lowgap_p25,1.369619,True,True,True,0.0,0.0,0.0,0.545979,,5670.705629166667,4208.574927397261,0.0001273239544735,,3.925533527089168,24.480192466473977,256.6828591519296,91.50755583627044,0.881582818330633,-0.5687484355545956,-1.2446257249942934,0.5052770019919252,23.990991,98754.625,-8.460042,-514.541667
10954|2023-01-17|Giridih,10954|2023-01-17|Giridih,10954,10080,India,India,Giridih,Siltara,2023-01-17,2023,low_vis_5km,0.4203141318544344,-0.2235904274861455,0.2212688962820288,,False,False,Aw,,24.171116,86.306248,21.367822645426184,81.65945734260364,same_country_year_koppen_uncertainty_lowgap_p25,1.060776,True,True,True,0.0,0.0,0.0,0.000954,,5670.705629166667,4028.20720625,0.0001273239544735,,3.925533527089168,15.350854292513652,256.6828591519296,395.2266457776779,0.881582818330633,0.5954497786046751,-1.2446257249942934,1.0265800667081948,21.435704,98102.6875,-7.383138,-258.75
10954|2023-01-17|Giridih,10954|2023-01-17|Giridih,10954,11398,India,India,Giridih,Haringhata,2023-01-17,2023,low_vis_5km,0.4203141318544344,-0.2119818954156103,0.2212688962820288,,False,False,Aw,,24.171116,86.306248,22.962794762878264,88.54336568455774,same_country_year_koppen_uncertainty_lowgap_p25,1.299485,True,True,True,0.0,0.0,0.0,0.000954,,5670.705629166667,2963.504170625,0.0001273239544735,,3.925533527089168,9.318275738603049,256.6828591519296,86.94568044875058,0.881582818330633,0.6046860360150121,-1.2446257249942934,1.0207820196249977,17.596836,101512.3125,-3.54427,-3668.375
10954|2023-01-17|Giridih,10954|2023-01-17|Giridih,10954,10060,India,India,Giridih,Ranipet,2023-01-17,2023,low_vis_5km,0.4203141318544344,-0.1887004660017331,0.2212688962820288,,False,False,Aw,,24.171116,86.306248,12.93184089221432,79.31877395295768,same_country_year_koppen_uncertainty_lowgap_p25,1.369619,True,True,True,0.0,0.0,0.0,0.000954,,5670.705629166667,4208.574927397261,0.0001273239544735,,3.925533527089168,24.480192466473977,256.6828591519296,91.50755583627044,0.881582818330633,-0.5687484355545956,-1.2446257249942934,0.5052770019919252,22.449457,98580.854167,-8.396891,-736.916667
175|2023-09-12|Điện Biên Phủ,175|2023-09-12|Điện Biên Phủ,175,1739,Vietnam,Vietnam,Điện Biên Phủ,Phúc Yên,2023-09-12,2023,thunder_or_convective,0.420123114178846,-0.2143398788363719,0.1671627852681958,,False,False,,,21.388702,103.018583,21.239375103723827,105.72237654564918,same_country_year_koppen_uncertainty_lowgap_p25,1.023516,True,True,True,0.0,0.048889,-0.048889,20.47348,,3593.0871382352943,3784.632731,0.0001273239544735,,1.4621449867646352,8.447059325582973,333.03551537488755,92.50786143688232,0.7452165119704096,0.7564875327752963,-1.4861893045953842,1.2828016305083814,27.887252,99968.432292,-3.380778,-9250.666667
175|2023-09-12|Điện Biên Phủ,175|2023-09-12|Điện Biên Phủ,175,3097,Vietnam,Vietnam,Điện Biên Phủ,Lạng Sơn,2023-09-12,2023,thunder_or_convective,0.420123114178846,-0.2400932919115876,0.1671627852681958,,False,False,,,21.388702,103.018583,21.85489840384316,106.76047743618248,same_country_year_koppen_uncertainty_lowgap_p25,1.270881,True,True,True,0.0,2.579444,-2.579444,20.47348,,3593.0871382352943,5967.093841176471,0.0001273239544735,,1.4621449867646352,47.20246906060313,333.03551537488755,88.89480202986566,0.7452165119704096,0.6555477192243342,-1.4861893045953842,0.997524684695767,24.951135,96498.932292,-0.444661,-5781.166667
175|2023-09-12|Điện Biên Phủ,175|2023-09-12|Điện Biên Phủ,175,3961,Vietnam,Vietnam,Điện Biên Phủ,Uông Bí,2023-09-12,2023,thunder_or_convective,0.420123114178846,-0.2100972309263728,0.1671627852681958,,False,False,,,21.388702,103.018583,21.03490777407487,106.76732967765548,same_country_year_koppen_uncertainty_lowgap_p25,1.294209,True,True,True,0.0,0.460556,-0.460556,20.47348,,3593.0871382352943,4098.370023529412,0.0001273239544735,,1.4621449867646352,25.43286032301884,333.03551537488755,1.393744426980823,0.7452165119704096,0.5828414828008214,-1.4861893045953842,0.772768926976305,27.232955,99484.807292,-2.726481,-8767.041667
175|2023-04-26|Điện Biên Phủ,175|2023-04-26|Điện Biên Phủ,175,1739,Vietnam,Vietnam,Điện Biên Phủ,Phúc Yên,2023-04-26,2023,low_ceiling_1000m,0.420123114178846,-0.2143398788363719,0.1671627852681958,,False,False,,,21.388702,103.018583,21.239375103723827,105.72237654564918,same_country_year_koppen_uncertainty_lowgap_p25,1.023516,True,True,True,0.0,0.0,0.0,1.605034,,3593.0871382352943,3784.632731,0.0001273239544735,,1.4621449867646352,8.447059325582973,333.03551537488755,92.50786143688232,0.7452165119704096,0.7564875327752963,-1.4861893045953842,1.2828016305083814,22.68138,100900.932292,-0.43042,-9726.541667
175|2023-04-26|Điện Biên Phủ,175|2023-04-26|Điện Biên Phủ,175,3097,Vietnam,Vietnam,Điện Biên Phủ,Lạng Sơn,2023-04-26,2023,low_ceiling_1000m,0.420123114178846,-0.2400932919115876,0.1671627852681958,,False,False,,,21.388702,103.018583,21.85489840384316,106.76047743618248,same_country_year_koppen_uncertainty_lowgap_p25,1.270881,True,True,True,0.0,0.0,0.0,1.605034,,3593.0871382352943,5967.093841176471,0.0001273239544735,,1.4621449867646352,47.20246906060313,333.03551537488755,88.89480202986566,0.7452165119704096,0.6555477192243342,-1.4861893045953842,0.997524684695767,21.523747,97353.140625,0.727213,-6178.75
175|2023-04-26|Điện Biên Phủ,175|2023-04-26|Điện Biên Phủ,175,3961,Vietnam,Vietnam,Điện Biên Phủ,Uông Bí,2023-04-26,2023,low_ceiling_1000m,0.420123114178846,-0.2100972309263728,0.1671627852681958,,False,False,,,21.388702,103.018583,21.03490777407487,106.76732967765548,same_country_year_koppen_uncertainty_lowgap_p25,1.294209,True,True,True,0.0,0.007778,-0.007778,1.605034,,3593.0871382352943,4098.370023529412,0.0001273239544735,,1.4621449867646352,25.43286032301884,333.03551537488755,1.393744426980823,0.7452165119704096,0.5828414828008214,-1.4861893045953842,0.772768926976305,23.376611,100444.765625,-1.125651,-9270.375
7672|2023-01-04|Zigong,7672|2023-01-04|Zigong,7672,10851,China,China,Zigong,Yangjiang,2023-01-04,2023,low_vis_5km,0.3914452877892949,-0.2380468052748434,0.2446156540010506,,False,False,Cwa,,29.352113,104.76754,21.86109235665186,111.97037709693542,same_country_year_koppen_uncertainty_lowgap_p25,1.204275,True,True,True,0.0,0.0,0.0,1.464367,,5587.709175903615,5796.998992857143,0.0001273239544735,,13.944562860724895,17.468869984535875,925.4341966168917,1.5520610440621192,1.209105461839837,0.1217491524306661,-1.1403911706896157,1.062801574329071,16.218774,102076.481771,-7.81429,-3534.0
7672|2023-01-04|Zigong,7672|2023-01-04|Zigong,7672,9653,China,China,Zigong,Ningming,2023-01-04,2023,low_vis_5km,0.3914452877892949,-0.2456175285971237,0.2446156540010506,,False,False,Cwa,,29.352113,104.76754,22.12935904736112,107.0607294319672,same_country_year_koppen_uncertainty_lowgap_p25,1.500499,True,True,True,0.0,0.0,0.0,1.464367,,5587.709175903615,5478.231793,0.0001273239544735,,13.944562860724895,6.294069640784925,925.4341966168917,98.9386033000899,1.209105461839837,0.2536161667826749,-1.1403911706896157,0.9534855855020392,16.096134,99699.106771,-7.69165,-1156.625
7672|2023-01-04|Zigong,7672|2023-01-04|Zigong,7672,7775,China,China,Zigong,Xingping,2023-01-04,2023,low_vis_5km,0.3914452877892949,-0.2212644176158996,0.2446156540010506,,False,False,Cwa,,29.352113,104.76754,34.29434697258374,108.45167856092996,same_country_year_koppen_uncertainty_lowgap_p25,1.682723,True,True,True,0.0,0.029444,-0.029444,1.464367,,5587.709175903615,5754.3302092307695,0.0001273239544735,,13.944562860724895,18.040643144473748,925.4341966168917,984.096143388074,1.209105461839837,-0.843729846664965,-1.1403911706896157,0.6396092838520788,3.371851,96928.106771,5.032633,1614.375
7672|2023-02-07|Zigong,7672|2023-02-07|Zigong,7672,10851,China,China,Zigong,Yangjiang,2023-02-07,2023,low_vis_5km,0.3914452877892949,-0.2380468052748434,0.2446156540010506,,False,False,Cwa,,29.352113,104.76754,21.86109235665186,111.97037709693542,same_country_year_koppen_uncertainty_lowgap_p25,1.204275,True,True,True,0.0,0.0,0.0,1.783848,,5587.709175903615,5796.998992857143,0.0001273239544735,,13.944562860724895,17.468869984535875,925.4341966168917,1.5520610440621192,1.209105461839837,0.1217491524306661,-1.1403911706896157,1.062801574329071,20.381453,101274.203125,-8.5472,-3670.125
7672|2023-02-07|Zigong,7672|2023-02-07|Zigong,7672,9653,China,China,Zigong,Ningming,2023-02-07,2023,low_vis_5km,0.3914452877892949,-0.2456175285971237,0.2446156540010506,,False,False,Cwa,,29.352113,104.76754,22.12935904736112,107.0607294319672,same_country_year_koppen_uncertainty_lowgap_p25,1.500499,True,True,True,0.0,0.0,0.0,1.783848,,5587.709175903615,5478.231793,0.0001273239544735,,13.944562860724895,6.294069640784925,925.4341966168917,98.9386033000899,1.209105461839837,0.2536161667826749,-1.1403911706896157,0.9534855855020392,15.500431,98830.078125,-3.666178,-1226.0
7672|2023-02-07|Zigong,7672|2023-02-07|Zigong,7672,7775,China,China,Zigong,Xingping,2023-02-07,2023,low_vis_5km,0.3914452877892949,-0.2212644176158996,0.2446156540010506,,False,False,Cwa,,29.352113,104.76754,34.29434697258374,108.45167856092996,same_country_year_koppen_uncertainty_lowgap_p25,1.682723,True,True,True,0.0,0.556667,-0.556667,1.783848,,5587.709175903615,5754.3302092307695,0.0001273239544735,,13.944562860724895,18.040643144473748,925.4341966168917,984.096143388074,1.209105461839837,-0.843729846664965,-1.1403911706896157,0.6396092838520788,8.266626,96209.828125,3.567627,1394.25
10936|2023-01-02|Phusro,10936|2023-01-02|Phusro,10936,10422,India,India,Phusro,Jagdalpur,2023-01-02,2023,low_vis_5km,0.3802522676345693,-0.1910307087607536,0.2218233817778555,,False,False,,,23.772954,85.992166,19.084643956362275,82.01933462666783,same_country_year_koppen_uncertainty_lowgap_p25,0.924601,True,True,True,0.0,0.0,0.0,0.442028,,5655.4166263157895,7897.268533333334,0.0001273239544735,,21.40905865759822,2.09720911769055,243.41550296525784,197.25890664663825,1.0925485030746265,0.5094052880851531,-1.2421501543295577,1.1465149507550154,23.285425,95146.791667,-7.543132,3562.0
10936|2023-01-02|Phusro,10936|2023-01-02|Phusro,10936,7703,India,India,Phusro,Alibag,2023-01-02,2023,low_vis_5km,0.3802522676345693,-0.335651812144028,0.2218233817778555,,False,False,,,23.772954,85.992166,18.65317906395264,72.87724336527454,same_country_year_koppen_uncertainty_lowgap_p25,1.082621,True,True,True,0.0,0.0,0.0,0.442028,,5655.4166263157895,5933.119215789474,0.0001273239544735,,21.40905865759822,30.02403028448972,243.41550296525784,1.2215805635729218,1.0925485030746265,0.5900565464408167,-1.2421501543295577,1.4362870117220197,23.063175,100576.541667,-7.320882,-1867.75
10936|2023-01-02|Phusro,10936|2023-01-02|Phusro,10936,10228,India,India,Phusro,Mangalagiri,2023-01-02,2023,low_vis_5km,0.3802522676345693,-0.1863177973026468,0.2218233817778555,,False,False,,,23.772954,85.992166,16.43444936281629,80.5708647410434,same_country_year_koppen_uncertainty_lowgap_p25,1.110854,True,True,True,0.0,0.0,0.0,0.442028,,5655.4166263157895,5769.246811111111,0.0001273239544735,,21.40905865759822,14.329553860682354,243.41550296525784,58.595644042704514,1.0925485030746265,0.837285451446862,-1.2421501543295577,1.006124035425903,26.2462,101097.583333,-10.503907,-2388.791666
10936|2023-01-17|Phusro,10936|2023-01-17|Phusro,10936,10422,India,India,Phusro,Jagdalpur,2023-01-17,2023,low_vis_5km,0.3802522676345693,-0.1910307087607536,0.2218233817778555,,False,False,,,23.772954,85.992166,19.084643956362275,82.01933462666783,same_country_year_koppen_uncertainty_lowgap_p25,0.924601,True,True,True,0.0,0.0,0.0,0.008583,,5655.4166263157895,7897.268533333334,0.0001273239544735,,21.40905865759822,2.09720911769055,243.41550296525784,197.25890664663825,1.0925485030746265,0.5094052880851531,-1.2421501543295577,1.1465149507550154,22.291498,94908.854167,-6.653483,3395.25
10936|2023-01-17|Phusro,10936|2023-01-17|Phusro,10936,7703,India,India,Phusro,Alibag,2023-01-17,2023,low_vis_5km,0.3802522676345693,-0.335651812144028,0.2218233817778555,,False,False,,,23.772954,85.992166,18.65317906395264,72.87724336527454,same_country_year_koppen_uncertainty_lowgap_p25,1.082621,True,True,True,0.0,0.0,0.0,0.008583,,5655.4166263157895,5933.119215789474,0.0001273239544735,,21.40905865759822,30.02403028448972,243.41550296525784,1.2215805635729218,1.0925485030746265,0.5900565464408167,-1.2421501543295577,1.4362870117220197,20.968907,100371.520833,-5.330892,-2067.416666
10936|2023-01-17|Phusro,10936|2023-01-17|Phusro,10936,10228,India,India,Phusro,Mangalagiri,2023-01-17,2023,low_vis_5km,0.3802522676345693,-0.1863177973026468,0.2218233817778555,,False,False,,,23.772954,85.992166,16.43444936281629,80.5708647410434,same_country_year_koppen_uncertainty_lowgap_p25,1.110854,True,True,True,0.0,0.0,0.0,0.008583,,5655.4166263157895,5769.246811111111,0.0001273239544735,,21.40905865759822,14.329553860682354,243.41550296525784,58.595644042704514,1.0925485030746265,0.837285451446862,-1.2421501543295577,1.006124035425903,24.384108,100936.4375,-8.746093,-2632.333333
4263|2023-12-14|Rzeszów,4263|2023-12-14|Rzeszów,4263,3403,Poland,Poland,Rzeszów,Bełchatów,2023-12-14,2023,low_ceiling_300m,0.3744367573292752,-0.2084375545462639,0.3760578999591432,,False,False,Dfb,,50.030827,22.002133,51.35896353742977,19.375143003940927,same_country_year_koppen_uncertainty_lowgap_p25,1.254038,True,True,True,0.0,0.0,0.0,0.332832,,4154.646042222223,3423.068758666667,0.0003819718634205,,6.854641766987755,3.477092658527253,391.4413423077526,233.8785275089932,2.1663066247464537,1.557321338959636,-0.5535506299542795,1.2837136828585476,2.539864,98767.196452,-0.855188,-1024.886556
4263|2023-12-14|Rzeszów,4263|2023-12-14|Rzeszów,4263,1080,Poland,Poland,Rzeszów,Słupsk,2023-12-14,2023,low_ceiling_300m,0.3744367573292752,-0.3359052952775624,0.3760578999591432,,False,False,Dfb,,50.030827,22.002133,54.463339597672,17.024806823494853,same_country_year_koppen_uncertainty_lowgap_p25,1.384723,True,True,True,0.0,0.0,0.0,0.332832,,4154.646042222223,4364.374916842105,0.0003819718634205,,6.854641766987755,7.495769561299709,391.4413423077526,13.174767989702383,2.1663066247464537,1.562182104276344,-0.5535506299542795,1.904430453742904,1.917424,101068.101562,-0.232748,-3325.791666
4263|2023-12-14|Rzeszów,4263|2023-12-14|Rzeszów,4263,3939,Poland,Poland,Rzeszów,Nowy Sącz,2023-12-14,2023,low_ceiling_300m,0.3744367573292752,-0.2840059599667999,0.3760578999591432,,False,False,Dfb,,50.030827,22.002133,49.61016223153979,20.69505660409441,same_country_year_koppen_uncertainty_lowgap_p25,1.513368,True,True,True,0.0,0.0,0.0,0.332832,,4154.646042222223,3048.9409969565218,0.0003819718634205,,6.854641766987755,3.556652967473742,391.4413423077526,396.5502193834211,2.1663066247464537,1.3218371168589091,-0.5535506299542795,1.51791569706187,1.386662,94229.351562,0.298014,3512.958334
4263|2023-01-22|Rzeszów,4263|2023-01-22|Rzeszów,4263,3403,Poland,Poland,Rzeszów,Bełchatów,2023-01-22,2023,low_ceiling_1000m,0.3744367573292752,-0.2084375545462639,0.3760578999591432,,False,False,Dfb,,50.030827,22.002133,51.35896353742977,19.375143003940927,same_country_year_koppen_uncertainty_lowgap_p25,1.254038,True,True,True,0.0,0.0,0.0,0.614643,,4154.646042222223,3423.068758666667,0.0003819718634205,,6.854641766987755,3.477092658527253,391.4413423077526,233.8785275089932,2.1663066247464537,1.557321338959636,-0.5535506299542795,1.2837136828585476,0.968708,100338.5166,-0.300735,-1031.527017
4263|2023-01-22|Rzeszów,4263|2023-01-22|Rzeszów,4263,1080,Poland,Poland,Rzeszów,Słupsk,2023-01-22,2023,low_ceiling_1000m,0.3744367573292752,-0.3359052952775624,0.3760578999591432,,False,False,Dfb,,50.030827,22.002133,54.463339597672,17.024806823494853,same_country_year_koppen_uncertainty_lowgap_p25,1.384723,True,True,True,0.0,0.0,0.0,0.614643,,4154.646042222223,4364.374916842105,0.0003819718634205,,6.854641766987755,7.495769561299709,391.4413423077526,13.174767989702383,2.1663066247464537,1.562182104276344,-0.5535506299542795,1.904430453742904,1.340662,102806.322917,-0.672689,-3499.333334
4263|2023-01-22|Rzeszów,4263|2023-01-22|Rzeszów,4263,3939,Poland,Poland,Rzeszów,Nowy Sącz,2023-01-22,2023,low_ceiling_1000m,0.3744367573292752,-0.2840059599667999,0.3760578999591432,,False,False,Dfb,,50.030827,22.002133,49.61016223153979,20.69505660409441,same_country_year_koppen_uncertainty_lowgap_p25,1.513368,True,True,True,0.0,0.0,0.0,0.614643,,4154.646042222223,3048.9409969565218,0.0003819718634205,,6.854641766987755,3.556652967473742,391.4413423077526,396.5502193834211,2.1663066247464537,1.3218371168589091,-0.5535506299542795,1.51791569706187,-1.234534,95628.989583,1.902507,3678.0
3944|2023-03-08|Belgorod,3944|2023-03-08|Belgorod,3944,6031,Russia,Russia,Belgorod,Ulyanovsk,2023-03-08,2023,fog,0.3726032088665428,-0.2786609086871849,0.414463316406934,,False,False,Dfb,,50.591021,36.590908,54.30457195226994,48.34297095737613,same_country_year_koppen_uncertainty_lowgap_p25,0.933379,True,True,True,0.116111,0.0,0.116111,2.060413,,4805.58424868421,3883.0337009900986,0.0001273239544735,,4.307196090145686,8.398455944882189,310.8719019755848,636.9057543024679,1.3739197565090011,0.5010284812192969,-0.3820847881230845,1.7710753708293565,-0.301408,99307.515625,3.505046,-834.333333
3944|2023-03-08|Belgorod,3944|2023-03-08|Belgorod,3944,7378,Russia,Russia,Belgorod,Young Leninist,2023-03-08,2023,fog,0.3726032088665428,-0.1953587075809801,0.414463316406934,,False,False,Dfb,,50.591021,36.590908,54.87960970913622,83.0067198381084,same_country_year_koppen_uncertainty_lowgap_p25,1.534877,True,True,True,0.116111,0.0,0.116111,2.060413,,4805.58424868421,1981.16886,0.0001273239544735,,4.307196090145686,2.3258718543025725,310.8719019755848,873.4625454980894,1.3739197565090011,0.672944875048587,-0.3820847881230845,1.4411078598586105,-2.086076,98783.432292,5.289714,-310.25
3944|2023-03-08|Belgorod,3944|2023-03-08|Belgorod,3944,6191,Russia,Russia,Belgorod,Glazov,2023-03-08,2023,fog,0.3726032088665428,-0.1898317268205219,0.414463316406934,,False,False,Dfb,,50.591021,36.590908,58.13911643512936,52.66242861757086,same_country_year_koppen_uncertainty_lowgap_p25,1.650538,True,True,True,0.116111,0.0,0.116111,2.060413,,4805.58424868421,4237.4195015,0.0001273239544735,,4.307196090145686,8.852785414584394,310.8719019755848,589.9287712816352,1.3739197565090011,-0.3705573963017547,-0.3820847881230845,0.8284692669328668,-6.794653,98346.265625,9.998291,126.916667
3944|2023-12-18|Belgorod,3944|2023-12-18|Belgorod,3944,6031,Russia,Russia,Belgorod,Ulyanovsk,2023-12-18,2023,low_vis_5km,0.3726032088665428,-0.2786609086871849,0.414463316406934,,False,False,Dfb,,50.591021,36.590908,54.30457195226994,48.34297095737613,same_country_year_koppen_uncertainty_lowgap_p25,0.933379,True,True,True,0.0,0.0,0.0,1.100063,,4805.58424868421,3883.0337009900986,0.0001273239544735,,4.307196090145686,8.398455944882189,310.8719019755848,636.9057543024679,1.3739197565090011,0.5010284812192969,-0.3820847881230845,1.7710753708293565,-0.702307,99056.182292,2.628988,527.666666
3944|2023-12-18|Belgorod,3944|2023-12-18|Belgorod,3944,7378,Russia,Russia,Belgorod,Young Leninist,2023-12-18,2023,low_vis_5km,0.3726032088665428,-0.1953587075809801,0.414463316406934,,False,False,Dfb,,50.591021,36.590908,54.87960970913622,83.0067198381084,same_country_year_koppen_uncertainty_lowgap_p25,1.534877,True,True,True,0.0,0.0,0.0,1.100063,,4805.58424868421,1981.16886,0.0001273239544735,,4.307196090145686,2.3258718543025725,310.8719019755848,873.4625454980894,1.3739197565090011,0.672944875048587,-0.3820847881230845,1.4411078598586105,-24.430441,102354.307292,26.357122,-2770.458334
3944|2023-12-18|Belgorod,3944|2023-12-18|Belgorod,3944,6191,Russia,Russia,Belgorod,Glazov,2023-12-18,2023,low_vis_5km,0.3726032088665428,-0.1898317268205219,0.414463316406934,,False,False,Dfb,,50.591021,36.590908,58.13911643512936,52.66242861757086,same_country_year_koppen_uncertainty_lowgap_p25,1.650538,True,True,True,0.0,0.0,0.0,1.100063,,4805.58424868421,4237.4195015,0.0001273239544735,,4.307196090145686,8.852785414584394,310.8719019755848,589.9287712816352,1.3739197565090011,-0.3705573963017547,-0.3820847881230845,0.8284692669328668,-6.498531,97304.557292,8.425212,2279.291666
6403|2023-01-28|Nizhnekamsk,6403|2023-01-28|Nizhnekamsk,6403,6031,Russia,Russia,Nizhnekamsk,Ulyanovsk,2023-01-28,2023,fog,0.3713151092416448,-0.2786609086871849,0.3237027957742368,,False,False,Dfb,,55.626131,51.811607,54.30457195226994,48.34297095737613,same_country_year_koppen_uncertainty_lowgap_p25,1.229209,True,True,True,0.0,0.0,0.0,0.843525,,5182.24729375,3883.0337009900986,0.0001273239544735,,27.4681670757702,8.398455944882189,684.6867668945697,636.9057543024679,0.9378477578496812,0.5010284812192969,-0.7872966179825198,1.7710753708293565,-4.72194,100747.067708,-0.110026,75.916667
6403|2023-01-28|Nizhnekamsk,6403|2023-01-28|Nizhnekamsk,6403,6242,Russia,Russia,Nizhnekamsk,Dimitrovgrad,2023-01-28,2023,fog,0.3713151092416448,-0.2327931817079574,0.3237027957742368,,False,False,Dfb,,55.626131,51.811607,54.22085624156395,49.601213221695694,same_country_year_koppen_uncertainty_lowgap_p25,1.391651,True,True,True,0.0,0.0,0.0,0.843525,,5182.24729375,3687.210546666666,0.0001273239544735,,27.4681670757702,26.832945880058592,684.6867668945697,597.7864892031167,0.9378477578496812,-0.4142587191052951,-0.7872966179825198,0.8827363817677406,-5.705501,101149.734375,0.873535,-326.75
6403|2023-01-28|Nizhnekamsk,6403|2023-01-28|Nizhnekamsk,6403,6191,Russia,Russia,Nizhnekamsk,Glazov,2023-01-28,2023,fog,0.3713151092416448,-0.1898317268205219,0.3237027957742368,,False,False,Dfb,,55.626131,51.811607,58.13911643512936,52.66242861757086,same_country_year_koppen_uncertainty_lowgap_p25,1.416894,True,True,True,0.0,0.0,0.0,0.843525,,5182.24729375,4237.4195015,0.0001273239544735,,27.4681670757702,8.852785414584394,684.6867668945697,589.9287712816352,0.9378477578496812,-0.3705573963017547,-0.7872966179825198,0.8284692669328668,-7.017676,99307.567708,2.18571,1515.416667
6403|2023-10-29|Nizhnekamsk,6403|2023-10-29|Nizhnekamsk,6403,6031,Russia,Russia,Nizhnekamsk,Ulyanovsk,2023-10-29,2023,low_ceiling_300m,0.3713151092416448,-0.2786609086871849,0.3237027957742368,,False,False,Dfb,,55.626131,51.811607,54.30457195226994,48.34297095737613,same_country_year_koppen_uncertainty_lowgap_p25,1.229209,True,True,True,0.026667,0.0,0.026667,11.618137,,5182.24729375,3883.0337009900986,0.0001273239544735,,27.4681670757702,8.398455944882189,684.6867668945697,636.9057543024679,0.9378477578496812,0.5010284812192969,-0.7872966179825198,1.7710753708293565,1.83704,98055.473958,-1.024251,-29.375
6403|2023-10-29|Nizhnekamsk,6403|2023-10-29|Nizhnekamsk,6403,6242,Russia,Russia,Nizhnekamsk,Dimitrovgrad,2023-10-29,2023,low_ceiling_300m,0.3713151092416448,-0.2327931817079574,0.3237027957742368,,False,False,Dfb,,55.626131,51.811607,54.22085624156395,49.601213221695694,same_country_year_koppen_uncertainty_lowgap_p25,1.391651,True,True,True,0.026667,0.449444,-0.422777,11.618137,,5182.24729375,3687.210546666666,0.0001273239544735,,27.4681670757702,26.832945880058592,684.6867668945697,597.7864892031167,0.9378477578496812,-0.4142587191052951,-0.7872966179825198,0.8827363817677406,2.441125,98318.348958,-1.628336,-292.25
6403|2023-10-29|Nizhnekamsk,6403|2023-10-29|Nizhnekamsk,6403,6191,Russia,Russia,Nizhnekamsk,Glazov,2023-10-29,2023,low_ceiling_300m,0.3713151092416448,-0.1898317268205219,0.3237027957742368,,False,False,Dfb,,55.626131,51.811607,58.13911643512936,52.66242861757086,same_country_year_koppen_uncertainty_lowgap_p25,1.416894,True,True,True,0.026667,1.430556,-1.403889,11.618137,,5182.24729375,4237.4195015,0.0001273239544735,,27.4681670757702,8.852785414584394,684.6867668945697,589.9287712816352,0.9378477578496812,-0.3705573963017547,-0.7872966179825198,0.8284692669328668,-1.566606,97321.765625,2.379395,704.333333
56|2023-01-04|Brest,56|2023-01-04|Brest,56,1585,France,France,Brest,Caen,2023-01-04,2023,low_vis_5km,0.3634108066362015,-0.2072564131351266,0.3842876320550983,,False,False,Cfb,,48.395742,-4.48925,49.17675486973722,-0.358204929234041,same_country_year_koppen_uncertainty_lowgap_p25,0.727015,True,True,True,0.689444,0.0,0.689444,1.913071,,3076.876057142857,2831.465037735849,0.0008912676813146,,1.317212077783021,2.2420940871322497,1.139574491431255,12.26733834091748,2.677244094771551,1.659036287396167,-0.5168079495618808,1.538958047712127,12.958032,101720.190104,-0.101481,72.541667
56|2023-01-04|Brest,56|2023-01-04|Brest,56,544,France,France,Brest,Saint-Nazaire,2023-01-04,2023,low_vis_5km,0.3634108066362015,-0.2500985632941443,0.3842876320550983,,False,False,Cfb,,48.395742,-4.48925,47.27677813565688,-2.2106401204496238,same_country_year_koppen_uncertainty_lowgap_p25,0.753213,True,True,True,0.689444,0.992778,-0.303334,1.913071,,3076.876057142857,1682.734944411765,0.0008912676813146,,1.317212077783021,4.50938274746412,1.139574491431255,0.3623114076915579,2.677244094771551,1.779440454940004,-0.5168079495618808,1.5308798697535149,12.674015,102620.606771,0.182536,-827.875
56|2023-01-04|Brest,56|2023-01-04|Brest,56,944,France,France,Brest,Cherbourg-en-Cotentin,2023-01-04,2023,low_vis_5km,0.3634108066362015,-0.2106112367561456,0.3842876320550983,,False,False,Cfb,,48.395742,-4.48925,49.64957377202679,-1.637778072916062,same_country_year_koppen_uncertainty_lowgap_p25,0.771456,True,True,True,0.689444,0.0,0.689444,1.913071,,3076.876057142857,1909.6476935483872,0.0008912676813146,,1.317212077783021,0.4182947886392194,1.139574491431255,1.22604575078238,2.677244094771551,1.775892390759792,-0.5168079495618808,1.433616001267962,12.45258,101722.398438,0.403971,70.333333
56|2023-07-31|Brest,56|2023-07-31|Brest,56,1585,France,France,Brest,Caen,2023-07-31,2023,low_vis_5km,0.3634108066362015,-0.2072564131351266,0.3842876320550983,,False,False,Cfb,,48.395742,-4.48925,49.17675486973722,-0.358204929234041,same_country_year_koppen_uncertainty_lowgap_p25,0.727015,True,True,True,2.048333,0.225556,1.822777,10.42223,,3076.876057142857,2831.465037735849,0.0008912676813146,,1.317212077783021,2.2420940871322497,1.139574491431255,12.26733834091748,2.677244094771551,1.659036287396167,-0.5168079495618808,1.538958047712127,18.144006,100455.46875,-0.620361,11.333333
56|2023-07-31|Brest,56|2023-07-31|Brest,56,544,France,France,Brest,Saint-Nazaire,2023-07-31,2023,low_vis_5km,0.3634108066362015,-0.2500985632941443,0.3842876320550983,,False,False,Cfb,,48.395742,-4.48925,47.27677813565688,-2.2106401204496238,same_country_year_koppen_uncertainty_lowgap_p25,0.753213,True,True,True,2.048333,0.09,1.958333,10.42223,,3076.876057142857,1682.734944411765,0.0008912676813146,,1.317212077783021,4.50938274746412,1.139574491431255,0.3623114076915579,2.677244094771551,1.779440454940004,-0.5168079495618808,1.5308798697535149,19.22205,101270.84375,-1.698405,-804.041667
56|2023-07-31|Brest,56|2023-07-31|Brest,56,944,France,France,Brest,Cherbourg-en-Cotentin,2023-07-31,2023,low_vis_5km,0.3634108066362015,-0.2106112367561456,0.3842876320550983,,False,False,Cfb,,48.395742,-4.48925,49.64957377202679,-1.637778072916062,same_country_year_koppen_uncertainty_lowgap_p25,0.771456,True,True,True,2.048333,2.319444,-0.271111,10.42223,,3076.876057142857,1909.6476935483872,0.0008912676813146,,1.317212077783021,0.4182947886392194,1.139574491431255,1.22604575078238,2.677244094771551,1.775892390759792,-0.5168079495618808,1.433616001267962,17.121139,100489.34375,0.402506,-22.541667
10210|2023-03-19|Neyveli Township,10210|2023-03-19|Neyveli Township,10210,9624,India,India,Neyveli Township,Palladam,2023-03-19,2023,low_vis_5km,0.3623021916190765,-0.1820246820703996,0.2621257222903169,,False,False,,,11.605937,79.482999,10.998086056717556,77.2831690775284,same_country_year_koppen_uncertainty_lowgap_p25,1.403556,True,True,True,0.0,0.0,0.0,25.877476,,3434.0973779166666,3514.614816923077,0.000254647908947,,4.371302955955729,12.070786972048316,26.16442768671589,131.89456882040574,1.4836898684210895,0.1670260262509783,-1.0622152549611072,0.8734855650731994,29.327509,97201.255208,-0.898682,3207.416667
10210|2023-03-19|Neyveli Township,10210|2023-03-19|Neyveli Township,10210,9614,India,India,Neyveli Township,Anchal,2023-03-19,2023,low_vis_5km,0.3623021916190765,-0.3428302383260612,0.2621257222903169,,False,False,,,11.605937,79.482999,8.924571983959563,76.91890632490029,same_country_year_koppen_uncertainty_lowgap_p25,1.490177,True,True,True,0.0,0.0,0.0,25.877476,,3434.0973779166666,4549.723428,0.000254647908947,,4.371302955955729,9.243552191481006,26.16442768671589,25.548484109231637,1.4836898684210895,-0.2177445448114579,-1.0622152549611072,1.1628015998651209,27.373895,98076.255208,1.054932,2332.416667
10210|2023-03-19|Neyveli Township,10210|2023-03-19|Neyveli Township,10210,10422,India,India,Neyveli Township,Jagdalpur,2023-03-19,2023,low_vis_5km,0.3623021916190765,-0.1910307087607536,0.2621257222903169,,False,False,,,11.605937,79.482999,19.084643956362275,82.01933462666783,same_country_year_koppen_uncertainty_lowgap_p25,1.516729,True,True,True,0.0,0.0,0.0,25.877476,,3434.0973779166666,7897.268533333334,0.000254647908947,,4.371302955955729,2.09720911769055,26.16442768671589,197.25890664663825,1.4836898684210895,0.5094052880851531,-1.0622152549611072,1.1465149507550154,21.525262,94438.046875,6.903565,5970.625
10210|2023-08-12|Neyveli Township,10210|2023-08-12|Neyveli Township,10210,9624,India,India,Neyveli Township,Palladam,2023-08-12,2023,low_vis_5km,0.3623021916190765,-0.1820246820703996,0.2621257222903169,,False,False,,,11.605937,79.482999,10.998086056717556,77.2831690775284,same_country_year_koppen_uncertainty_lowgap_p25,1.403556,True,True,True,2.102222,0.0,2.102222,16.71648,,3434.0973779166666,3514.614816923077,0.000254647908947,,4.371302955955729,12.070786972048316,26.16442768671589,131.89456882040574,1.4836898684210895,0.1670260262509783,-1.0622152549611072,0.8734855650731994,27.731653,97329.226562,0.764974,3036.0
10210|2023-08-12|Neyveli Township,10210|2023-08-12|Neyveli Township,10210,9614,India,India,Neyveli Township,Anchal,2023-08-12,2023,low_vis_5km,0.3623021916190765,-0.3428302383260612,0.2621257222903169,,False,False,,,11.605937,79.482999,8.924571983959563,76.91890632490029,same_country_year_koppen_uncertainty_lowgap_p25,1.490177,True,True,True,2.102222,0.056111,2.046111,16.71648,,3434.0973779166666,4549.723428,0.000254647908947,,4.371302955955729,9.243552191481006,26.16442768671589,25.548484109231637,1.4836898684210895,-0.2177445448114579,-1.0622152549611072,1.1628015998651209,26.356571,98238.268229,2.140056,2126.958333
10210|2023-08-12|Neyveli Township,10210|2023-08-12|Neyveli Township,10210,10422,India,India,Neyveli Township,Jagdalpur,2023-08-12,2023,low_vis_5km,0.3623021916190765,-0.1910307087607536,0.2621257222903169,,False,False,,,11.605937,79.482999,19.084643956362275,82.01933462666783,same_country_year_koppen_uncertainty_lowgap_p25,1.516729,True,True,True,2.102222,0.443333,1.658889,16.71648,,3434.0973779166666,7897.268533333334,0.000254647908947,,4.371302955955729,2.09720911769055,26.16442768671589,197.25890664663825,1.4836898684210895,0.5094052880851531,-1.0622152549611072,1.1465149507550154,26.792118,94244.434896,1.704509,6120.791666
4339|2023-01-23|Lublin,4339|2023-01-23|Lublin,4339,3403,Poland,Poland,Lublin,Bełchatów,2023-01-23,2023,low_vis_5km,0.3537124377596172,-0.2084375545462639,0.3755034144633164,,False,False,Dfb,,51.239794,22.554886,51.35896353742977,19.375143003940927,same_country_year_koppen_uncertainty_lowgap_p25,1.064998,True,True,True,0.0,0.0,0.0,0.133038,,4178.979672222222,3423.068758666667,0.000254647908947,,13.081017647413086,3.477092658527253,313.08324423939416,233.8785275089932,2.14474546127169,1.557321338959636,-0.5560262006190155,1.2837136828585476,0.884218,101112.335775,1.351311,-56.471192
4339|2023-01-23|Lublin,4339|2023-01-23|Lublin,4339,1080,Poland,Poland,Lublin,Słupsk,2023-01-23,2023,low_vis_5km,0.3537124377596172,-0.3359052952775624,0.3755034144633164,,False,False,Dfb,,51.239794,22.554886,54.463339597672,17.024806823494853,same_country_year_koppen_uncertainty_lowgap_p25,1.167969,True,True,True,0.0,0.0,0.0,0.133038,,4178.979672222222,4364.374916842105,0.000254647908947,,13.081017647413086,7.495769561299709,313.08324423939416,13.174767989702383,2.14474546127169,1.562182104276344,-0.5560262006190155,1.904430453742904,0.45615,103423.40625,1.779379,-2367.541667
4339|2023-01-23|Lublin,4339|2023-01-23|Lublin,4339,4107,Poland,Poland,Lublin,Mielec,2023-01-23,2023,low_vis_5km,0.3537124377596172,-0.2366389839321078,0.3755034144633164,,False,False,Dfb,,51.239794,22.554886,50.29769328585175,21.44420840091096,same_country_year_koppen_uncertainty_lowgap_p25,1.282118,True,True,True,0.0,0.0,0.0,0.133038,,4178.979672222222,2886.9516644444443,0.000254647908947,,13.081017647413086,2.6576747356967148,313.08324423939416,361.2594458462124,2.14474546127169,1.1494763110341863,-0.5560262006190155,1.4911404459248558,2.294204,100837.489583,-0.058675,218.375
4339|2023-01-22|Lublin,4339|2023-01-22|Lublin,4339,3403,Poland,Poland,Lublin,Bełchatów,2023-01-22,2023,low_vis_5km,0.3537124377596172,-0.2084375545462639,0.3755034144633164,,False,False,Dfb,,51.239794,22.554886,51.35896353742977,19.375143003940927,same_country_year_koppen_uncertainty_lowgap_p25,1.064998,True,True,True,0.0,0.0,0.0,0.704288,,4178.979672222222,3423.068758666667,0.000254647908947,,13.081017647413086,3.477092658527253,313.08324423939416,233.8785275089932,2.14474546127169,1.557321338959636,-0.5560262006190155,1.2837136828585476,0.968708,100338.5166,0.381963,-0.943683
4339|2023-01-22|Lublin,4339|2023-01-22|Lublin,4339,1080,Poland,Poland,Lublin,Słupsk,2023-01-22,2023,low_vis_5km,0.3537124377596172,-0.3359052952775624,0.3755034144633164,,False,False,Dfb,,51.239794,22.554886,54.463339597672,17.024806823494853,same_country_year_koppen_uncertainty_lowgap_p25,1.167969,True,True,True,0.0,0.0,0.0,0.704288,,4178.979672222222,4364.374916842105,0.000254647908947,,13.081017647413086,7.495769561299709,313.08324423939416,13.174767989702383,2.14474546127169,1.562182104276344,-0.5560262006190155,1.904430453742904,1.340662,102806.322917,0.010009,-2468.75
4339|2023-01-22|Lublin,4339|2023-01-22|Lublin,4339,4107,Poland,Poland,Lublin,Mielec,2023-01-22,2023,low_vis_5km,0.3537124377596172,-0.2366389839321078,0.3755034144633164,,False,False,Dfb,,51.239794,22.554886,50.29769328585175,21.44420840091096,same_country_year_koppen_uncertainty_lowgap_p25,1.282118,True,True,True,0.0,0.0,0.0,0.704288,,4178.979672222222,2886.9516644444443,0.000254647908947,,13.081017647413086,2.6576747356967148,313.08324423939416,361.2594458462124,2.14474546127169,1.1494763110341863,-0.5560262006190155,1.4911404459248558,0.989181,100098.114583,0.36149,239.458334
4225|2023-12-14|Stalowa Wola,4225|2023-12-14|Stalowa Wola,4225,3403,Poland,Poland,Stalowa Wola,Bełchatów,2023-12-14,2023,low_ceiling_300m,0.3016444340103102,-0.2084375545462639,0.296299538901535,,False,False,Dfb,,50.564298,22.058214,51.35896353742977,19.375143003940927,same_country_year_koppen_uncertainty_lowgap_p25,0.280249,True,True,True,0.0,0.0,0.0,0.24271,,3356.946019375,3423.068758666667,0.0001273239544735,,7.639868288311741,3.477092658527253,349.8358306884888,233.8785275089932,1.5738131160725,1.557321338959636,-0.9096419260976352,1.2837136828585476,2.539864,98767.196452,-0.687382,185.071777
4225|2023-12-14|Stalowa Wola,4225|2023-12-14|Stalowa Wola,4225,1080,Poland,Poland,Stalowa Wola,Słupsk,2023-12-14,2023,low_ceiling_300m,0.3016444340103102,-0.3359052952775624,0.296299538901535,,False,False,Dfb,,50.564298,22.058214,54.463339597672,17.024806823494853,same_country_year_koppen_uncertainty_lowgap_p25,0.619418,True,True,True,0.0,0.0,0.0,0.24271,,3356.946019375,4364.374916842105,0.0001273239544735,,7.639868288311741,7.495769561299709,349.8358306884888,13.174767989702383,1.5738131160725,1.562182104276344,-0.9096419260976352,1.904430453742904,1.917424,101068.101562,-0.064942,-2115.833333
4225|2023-12-14|Stalowa Wola,4225|2023-12-14|Stalowa Wola,4225,3349,Poland,Poland,Stalowa Wola,Płock,2023-12-14,2023,low_ceiling_300m,0.3016444340103102,-0.2516589681124784,0.296299538901535,,False,False,Dfb,,50.564298,22.058214,52.54403783538433,19.72281251128816,same_country_year_koppen_uncertainty_lowgap_p25,0.74136,True,True,True,0.0,0.0,0.0,0.24271,,3356.946019375,3217.812315,0.0001273239544735,,7.639868288311741,1.4428704037794438,349.8358306884888,144.2506016126202,1.5738131160725,0.7043100091154214,-0.9096419260976352,1.1472967099123008,1.697127,100016.559896,0.155355,-1064.291667
4225|2023-01-22|Stalowa Wola,4225|2023-01-22|Stalowa Wola,4225,3403,Poland,Poland,Stalowa Wola,Bełchatów,2023-01-22,2023,low_ceiling_1000m,0.3016444340103102,-0.2084375545462639,0.296299538901535,,False,False,Dfb,,50.564298,22.058214,51.35896353742977,19.375143003940927,same_country_year_koppen_uncertainty_lowgap_p25,0.280249,True,True,True,0.0,0.0,0.0,0.28491,,3356.946019375,3423.068758666667,0.0001273239544735,,7.639868288311741,3.477092658527253,349.8358306884888,233.8785275089932,1.5738131160725,1.557321338959636,-0.9096419260976352,1.2837136828585476,0.968708,100338.5166,0.625616,241.806317
4225|2023-01-22|Stalowa Wola,4225|2023-01-22|Stalowa Wola,4225,1080,Poland,Poland,Stalowa Wola,Słupsk,2023-01-22,2023,low_ceiling_1000m,0.3016444340103102,-0.3359052952775624,0.296299538901535,,False,False,Dfb,,50.564298,22.058214,54.463339597672,17.024806823494853,same_country_year_koppen_uncertainty_lowgap_p25,0.619418,True,True,True,0.0,0.0,0.0,0.28491,,3356.946019375,4364.374916842105,0.0001273239544735,,7.639868288311741,7.495769561299709,349.8358306884888,13.174767989702383,1.5738131160725,1.562182104276344,-0.9096419260976352,1.904430453742904,1.340662,102806.322917,0.253662,-2226.0
4225|2023-01-22|Stalowa Wola,4225|2023-01-22|Stalowa Wola,4225,3349,Poland,Poland,Stalowa Wola,Płock,2023-01-22,2023,low_ceiling_1000m,0.3016444340103102,-0.2516589681124784,0.296299538901535,,False,False,Dfb,,50.564298,22.058214,52.54403783538433,19.72281251128816,same_country_year_koppen_uncertainty_lowgap_p25,0.74136,True,True,True,0.0,0.0,0.0,0.28491,,3356.946019375,3217.812315,0.0001273239544735,,7.639868288311741,1.4428704037794438,349.8358306884888,144.2506016126202,1.5738131160725,0.7043100091154214,-0.9096419260976352,1.1472967099123008,0.995447,101742.322917,0.598877,-1162.0
6023|2023-11-27|Ciudad Valles,6023|2023-11-27|Ciudad Valles,6023,5931,México,México,Ciudad Valles,Tlaxcala,2023-11-27,2023,low_ceiling_1000m,0.2961605393634641,-0.2407898240340542,0.3082939356796825,,False,False,,,21.997964,-99.011314,19.320166608173352,-98.20864277768524,same_country_year_koppen_uncertainty_lowgap_p25,0.837102,True,True,True,0.053333,0.0,0.053333,5.245686,,3522.665821875,3270.257888709677,0.0001273239544735,,5.046969075707412,4.564715560913405,119.2622508650016,177.75175836089892,0.6667952709394886,0.2810991644782825,-0.8560914238236068,1.1768081180998122,14.443262,75830.315104,6.820312,24479.541667
6023|2023-11-27|Ciudad Valles,6023|2023-11-27|Ciudad Valles,6023,913,México,México,Ciudad Valles,Tecate,2023-11-27,2023,low_ceiling_1000m,0.2961605393634641,-0.2818214343710575,0.3082939356796825,,False,False,,,21.997964,-99.011314,32.5646551549511,-116.62289751088105,same_country_year_koppen_uncertainty_lowgap_p25,0.883565,True,True,True,0.053333,0.0,0.053333,5.245686,,3522.665821875,3351.1524165,0.0001273239544735,,5.046969075707412,2.9877776863311936,119.2622508650016,46.533200544990414,0.6667952709394886,0.6055185127409468,-0.8560914238236068,1.3634531169016264,11.66665,91628.690104,9.596924,8681.166667
6023|2023-11-27|Ciudad Valles,6023|2023-11-27|Ciudad Valles,6023,5665,México,México,Ciudad Valles,Los Reyes Acozac,2023-11-27,2023,low_ceiling_1000m,0.2961605393634641,-0.2277088804695873,0.3082939356796825,,False,False,,,21.997964,-99.011314,19.769817801191763,-98.98357972298383,same_country_year_koppen_uncertainty_lowgap_p25,0.895327,True,True,True,0.053333,0.0,0.053333,5.245686,,3522.665821875,2881.8143990476187,0.0001273239544735,,5.046969075707412,2.1303144332224124,119.2622508650016,205.77910967433348,0.6667952709394886,0.1728729523905792,-0.8560914238236068,0.8779806802275888,16.290674,77995.231771,4.9729,22314.625
6023|2023-11-20|Ciudad Valles,6023|2023-11-20|Ciudad Valles,6023,5931,México,México,Ciudad Valles,Tlaxcala,2023-11-20,2023,fog,0.2961605393634641,-0.2407898240340542,0.3082939356796825,,False,False,,,21.997964,-99.011314,19.320166608173352,-98.20864277768524,same_country_year_koppen_uncertainty_lowgap_p25,0.837102,True,True,True,0.0,0.0,0.0,0.0,,3522.665821875,3270.257888709677,0.0001273239544735,,5.046969075707412,4.564715560913405,119.2622508650016,177.75175836089892,0.6667952709394886,0.2810991644782825,-0.8560914238236068,1.1768081180998122,16.67547,75619.708333,8.301025,23216.333334
6023|2023-11-20|Ciudad Valles,6023|2023-11-20|Ciudad Valles,6023,913,México,México,Ciudad Valles,Tecate,2023-11-20,2023,fog,0.2961605393634641,-0.2818214343710575,0.3082939356796825,,False,False,,,21.997964,-99.011314,32.5646551549511,-116.62289751088105,same_country_year_koppen_uncertainty_lowgap_p25,0.883565,True,True,True,0.0,0.0,0.0,0.0,,3522.665821875,3351.1524165,0.0001273239544735,,5.046969075707412,2.9877776863311936,119.2622508650016,46.533200544990414,0.6667952709394886,0.6055185127409468,-0.8560914238236068,1.3634531169016264,12.419936,91738.0,12.556559,7098.041667
6023|2023-11-20|Ciudad Valles,6023|2023-11-20|Ciudad Valles,6023,5665,México,México,Ciudad Valles,Los Reyes Acozac,2023-11-20,2023,fog,0.2961605393634641,-0.2277088804695873,0.3082939356796825,,False,False,,,21.997964,-99.011314,19.769817801191763,-98.98357972298383,same_country_year_koppen_uncertainty_lowgap_p25,0.895327,True,True,True,0.0,0.0,0.0,0.0,,3522.665821875,2881.8143990476187,0.0001273239544735,,5.046969075707412,2.1303144332224124,119.2622508650016,205.77910967433348,0.6667952709394886,0.1728729523905792,-0.8560914238236068,0.8779806802275888,19.375747,77700.208333,5.600748,21135.833334
4942|2024-08-04|Celaya,4942|2024-08-04|Celaya,4942,6696,México,México,Celaya,Matamoros,2024-08-04,2024,low_ceiling_1000m,0.4406242367708505,-0.2653861246890704,0.1809957392167162,,False,False,BSh,,20.531576,-100.820914,25.847048265415868,-97.50931699803468,same_country_year_koppen_uncertainty_lowgap_p25,1.359312,True,True,True,0.0,0.0,0.0,0.000477,,5500.956343939394,5099.120625252525,0.0001273239544735,,6.562864635255111,8.129910296062748,328.116473165505,29.96880844717999,0.8877052833276559,1.2893169269784446,-1.424430331169863,1.7438440935172594,28.920282,101169.828125,-8.705485,-20292.541667
4942|2024-08-04|Celaya,4942|2024-08-04|Celaya,4942,4288,México,México,Celaya,San Francisco del Rincón,2024-08-04,2024,low_ceiling_1000m,0.4406242367708505,-0.1954659225046431,0.1809957392167162,,False,False,BSh,,20.531576,-100.820914,21.025504865614927,-101.8607450821336,same_country_year_koppen_uncertainty_lowgap_p25,1.434046,True,True,True,0.0,0.0,0.0,0.000477,,5500.956343939394,4393.776685714286,0.0001273239544735,,6.562864635255111,16.709251224239814,328.116473165505,324.4454119629594,0.8877052833276559,-0.2550699430867042,-1.424430331169863,0.5353095829509606,21.333938,81946.786458,-1.119141,-1069.5
4942|2024-08-04|Celaya,4942|2024-08-04|Celaya,4942,4212,México,México,Celaya,Aguascalientes,2024-08-04,2024,low_ceiling_1000m,0.4406242367708505,-0.2246054512847671,0.1809957392167162,,False,False,BSh,,20.531576,-100.820914,21.88787978958307,-102.28936613173036,same_country_year_koppen_uncertainty_lowgap_p25,1.627137,True,True,True,0.0,0.0,0.0,0.000477,,5500.956343939394,5888.667485915494,0.0001273239544735,,6.562864635255111,1.1414261947941498,328.116473165505,284.26998841687225,0.8877052833276559,0.2693594444462144,-1.424430331169863,1.198436788118033,20.22676,80313.286458,-0.011963,564.0
4942|2024-07-29|Celaya,4942|2024-07-29|Celaya,4942,6696,México,México,Celaya,Matamoros,2024-07-29,2024,low_ceiling_1000m,0.4406242367708505,-0.2653861246890704,0.1809957392167162,,False,False,BSh,,20.531576,-100.820914,25.847048265415868,-97.50931699803468,same_country_year_koppen_uncertainty_lowgap_p25,1.359312,True,True,True,0.0,0.0,0.0,0.814915,,5500.956343939394,5099.120625252525,0.0001273239544735,,6.562864635255111,8.129910296062748,328.116473165505,29.96880844717999,0.8877052833276559,1.2893169269784446,-1.424430331169863,1.7438440935172594,29.762516,101385.111979,-9.378825,-20409.458333
4942|2024-07-29|Celaya,4942|2024-07-29|Celaya,4942,4288,México,México,Celaya,San Francisco del Rincón,2024-07-29,2024,low_ceiling_1000m,0.4406242367708505,-0.1954659225046431,0.1809957392167162,,False,False,BSh,,20.531576,-100.820914,21.025504865614927,-101.8607450821336,same_country_year_koppen_uncertainty_lowgap_p25,1.434046,True,True,True,0.0,0.257778,-0.257778,0.814915,,5500.956343939394,4393.776685714286,0.0001273239544735,,6.562864635255111,16.709251224239814,328.116473165505,324.4454119629594,0.8877052833276559,-0.2550699430867042,-1.424430331169863,0.5353095829509606,21.604557,82047.903646,-1.220866,-1072.25
4942|2024-07-29|Celaya,4942|2024-07-29|Celaya,4942,4212,México,México,Celaya,Aguascalientes,2024-07-29,2024,low_ceiling_1000m,0.4406242367708505,-0.2246054512847671,0.1809957392167162,,False,False,BSh,,20.531576,-100.820914,21.88787978958307,-102.28936613173036,same_country_year_koppen_uncertainty_lowgap_p25,1.627137,True,True,True,0.0,0.0,0.0,0.814915,,5500.956343939394,5888.667485915494,0.0001273239544735,,6.562864635255111,1.1414261947941498,328.116473165505,284.26998841687225,0.8877052833276559,0.2693594444462144,-1.424430331169863,1.198436788118033,20.461003,80403.778646,-0.077312,571.875
4379|2024-10-01|Karadeniz Ereğli,4379|2024-10-01|Karadeniz Ereğli,4379,858,Turkey,Turkey,Karadeniz Ereğli,Tekirdağ,2024-10-01,2024,thunder_or_convective,0.4232680801838852,-0.261211102989864,0.2029416914725967,,False,False,,,41.265007,31.422627,40.97362181837198,27.521795993298632,same_country_year_koppen_uncertainty_lowgap_p25,0.817678,True,True,True,11.673889,0.0,11.673889,63.107014,,4424.80204,4822.32412,0.000254647908947,,1.7391893438228485,3.435653266875913,0.5836552227457015,1.2815414559229568,1.326610357886486,0.5248430917731162,-1.3264498501234656,1.300912384318819,16.83469,100082.052083,-1.96818,-2095.791666
4379|2024-10-01|Karadeniz Ereğli,4379|2024-10-01|Karadeniz Ereğli,4379,3459,Turkey,Turkey,Karadeniz Ereğli,Yalova,2024-10-01,2024,thunder_or_convective,0.4232680801838852,-0.2288333205412422,0.2029416914725967,,False,False,,,41.265007,31.422627,40.65253863849585,29.2827278590132,same_country_year_koppen_uncertainty_lowgap_p25,0.857579,True,True,True,11.673889,0.116667,11.557222,63.107014,,4424.80204,4905.462747058824,0.000254647908947,,1.7391893438228485,9.67680099117227,0.5836552227457015,1.3070794959245655,1.326610357886486,1.109458280371001,-1.3264498501234656,1.654658402990319,16.646865,99191.135417,-1.780355,-1204.875
4379|2024-10-01|Karadeniz Ereğli,4379|2024-10-01|Karadeniz Ereğli,4379,4341,Turkey,Turkey,Karadeniz Ereğli,Düzce,2024-10-01,2024,thunder_or_convective,0.4232680801838852,-0.2167878958928382,0.2029416914725967,,False,False,,,41.265007,31.422627,40.84383926392352,31.157814680057847,same_country_year_koppen_uncertainty_lowgap_p25,1.036714,True,True,True,11.673889,7.460556,4.213333,63.107014,,4424.80204,6187.665303448276,0.000254647908947,,1.7391893438228485,2.063061364596871,0.5836552227457015,24.0677466235646,1.326610357886486,0.4344795297519234,-1.3264498501234656,1.1218243907040948,9.62831,91358.802083,5.2382,6627.458334
4379|2024-11-15|Karadeniz Ereğli,4379|2024-11-15|Karadeniz Ereğli,4379,858,Turkey,Turkey,Karadeniz Ereğli,Tekirdağ,2024-11-15,2024,low_vis_5km,0.4232680801838852,-0.261211102989864,0.2029416914725967,,False,False,,,41.265007,31.422627,40.97362181837198,27.521795993298632,same_country_year_koppen_uncertainty_lowgap_p25,0.817678,True,True,True,0.145556,0.062778,0.082778,9.246826,,4424.80204,4822.32412,0.000254647908947,,1.7391893438228485,3.435653266875913,0.5836552227457015,1.2815414559229568,1.326610357886486,0.5248430917731162,-1.3264498501234656,1.300912384318819,11.315769,100594.645833,0.763265,-1964.125
4379|2024-11-15|Karadeniz Ereğli,4379|2024-11-15|Karadeniz Ereğli,4379,3459,Turkey,Turkey,Karadeniz Ereğli,Yalova,2024-11-15,2024,low_vis_5km,0.4232680801838852,-0.2288333205412422,0.2029416914725967,,False,False,,,41.265007,31.422627,40.65253863849585,29.2827278590132,same_country_year_koppen_uncertainty_lowgap_p25,0.857579,True,True,True,0.145556,0.095556,0.05,9.246826,,4424.80204,4905.462747058824,0.000254647908947,,1.7391893438228485,9.67680099117227,0.5836552227457015,1.3070794959245655,1.326610357886486,1.109458280371001,-1.3264498501234656,1.654658402990319,12.734064,99660.979167,-0.65503,-1030.458334
4379|2024-11-15|Karadeniz Ereğli,4379|2024-11-15|Karadeniz Ereğli,4379,4341,Turkey,Turkey,Karadeniz Ereğli,Düzce,2024-11-15,2024,low_vis_5km,0.4232680801838852,-0.2167878958928382,0.2029416914725967,,False,False,,,41.265007,31.422627,40.84383926392352,31.157814680057847,same_country_year_koppen_uncertainty_lowgap_p25,1.036714,True,True,True,0.145556,0.014444,0.131112,9.246826,,4424.80204,6187.665303448276,0.000254647908947,,1.7391893438228485,2.063061364596871,0.5836552227457015,24.0677466235646,1.326610357886486,0.4344795297519234,-1.3264498501234656,1.1218243907040948,8.778579,91816.270833,3.300455,6814.25
175|2024-08-12|Điện Biên Phủ,175|2024-08-12|Điện Biên Phủ,175,1739,Vietnam,Vietnam,Điện Biên Phủ,Phúc Yên,2024-08-12,2024,low_ceiling_1000m,0.4200166091750519,-0.2026419280393709,0.1662872818537325,,False,False,,,21.388702,103.018583,21.239375103723827,105.72237654564918,same_country_year_koppen_uncertainty_lowgap_p25,1.097347,True,True,True,0.255556,0.232778,0.022778,36.012173,,3593.0871382352943,3784.632731,0.0001273239544735,,1.4621449867646352,8.447059325582973,333.03551537488755,92.50786143688232,0.695678410223623,0.8797998287640459,-1.4900981003818097,1.2805214996329666,29.367466,99811.861979,-5.934,-9267.25
175|2024-08-12|Điện Biên Phủ,175|2024-08-12|Điện Biên Phủ,175,5153,Vietnam,Vietnam,Điện Biên Phủ,Đức Hòa,2024-08-12,2024,low_ceiling_1000m,0.4200166091750519,-0.2055794754966947,0.1662872818537325,,False,False,,,21.388702,103.018583,10.804232396756316,106.48257587481343,same_country_year_koppen_uncertainty_lowgap_p25,1.290402,True,True,True,0.255556,1.194444,-0.938888,36.012173,,3593.0871382352943,2575.7760983783783,0.0001273239544735,,1.4621449867646352,14.46553938024939,333.03551537488755,30.17357802197721,0.695678410223623,0.6482876043696253,-1.4900981003818097,0.909251046518992,28.329543,100764.361979,-4.896077,-10219.75
175|2024-08-12|Điện Biên Phủ,175|2024-08-12|Điện Biên Phủ,175,1915,Vietnam,Vietnam,Điện Biên Phủ,Quốc Oai,2024-08-12,2024,low_ceiling_1000m,0.4200166091750519,-0.2245310685766385,0.1662872818537325,,False,False,,,21.388702,103.018583,21.007861014080067,105.630204110918,same_country_year_koppen_uncertainty_lowgap_p25,1.412692,True,True,True,0.255556,1.956667,-1.701111,36.012173,,3593.0871382352943,4624.6180125,0.0001273239544735,,1.4621449867646352,13.994866023961986,333.03551537488755,97.64515293678105,0.695678410223623,0.3191954923246033,-1.4900981003818097,0.888143549272295,29.336705,100030.611979,-5.903239,-9486.0
175|2024-08-13|Điện Biên Phủ,175|2024-08-13|Điện Biên Phủ,175,1739,Vietnam,Vietnam,Điện Biên Phủ,Phúc Yên,2024-08-13,2024,thunder_or_convective,0.4200166091750519,-0.2026419280393709,0.1662872818537325,,False,False,,,21.388702,103.018583,21.239375103723827,105.72237654564918,same_country_year_koppen_uncertainty_lowgap_p25,1.097347,True,True,True,0.677222,4.174444,-3.497222,21.988869,,3593.0871382352943,3784.632731,0.0001273239544735,,1.4621449867646352,8.447059325582973,333.03551537488755,92.50786143688232,0.695678410223623,0.8797998287640459,-1.4900981003818097,1.2805214996329666,28.219008,100087.119792,-4.873453,-9311.5
175|2024-08-13|Điện Biên Phủ,175|2024-08-13|Điện Biên Phủ,175,5153,Vietnam,Vietnam,Điện Biên Phủ,Đức Hòa,2024-08-13,2024,thunder_or_convective,0.4200166091750519,-0.2055794754966947,0.1662872818537325,,False,False,,,21.388702,103.018583,10.804232396756316,106.48257587481343,same_country_year_koppen_uncertainty_lowgap_p25,1.290402,True,True,True,0.677222,0.121667,0.555555,21.988869,,3593.0871382352943,2575.7760983783783,0.0001273239544735,,1.4621449867646352,14.46553938024939,333.03551537488755,30.17357802197721,0.695678410223623,0.6482876043696253,-1.4900981003818097,0.909251046518992,29.712579,100818.119792,-6.367024,-10042.5
175|2024-08-13|Điện Biên Phủ,175|2024-08-13|Điện Biên Phủ,175,1915,Vietnam,Vietnam,Điện Biên Phủ,Quốc Oai,2024-08-13,2024,thunder_or_convective,0.4200166091750519,-0.2245310685766385,0.1662872818537325,,False,False,,,21.388702,103.018583,21.007861014080067,105.630204110918,same_country_year_koppen_uncertainty_lowgap_p25,1.412692,True,True,True,0.677222,4.550556,-3.873334,21.988869,,3593.0871382352943,4624.6180125,0.0001273239544735,,1.4621449867646352,13.994866023961986,333.03551537488755,97.64515293678105,0.695678410223623,0.3191954923246033,-1.4900981003818097,0.888143549272295,28.521743,100311.078125,-5.176188,-9535.458333
10954|2024-07-05|Giridih,10954|2024-07-05|Giridih,10954,10132,India,India,Giridih,Thanjavur,2024-07-05,2024,low_vis_5km,0.4169657521495562,-0.1882122477521233,0.2203933928675655,,False,False,Aw,,24.171116,86.306248,10.770179217220884,79.13268065039192,same_country_year_koppen_uncertainty_lowgap_p25,0.858279,True,True,True,3.101111,0.411111,2.69,22.56155,,5670.705629166667,7401.048096610169,0.0001273239544735,,3.925533527089168,6.228330151614349,256.6828591519296,61.48962511548593,0.934122820271034,0.8967303425675327,-1.2485345207807186,1.575049262140122,30.862156,100052.158854,-3.056234,-3768.916666
10954|2024-07-05|Giridih,10954|2024-07-05|Giridih,10954,10080,India,India,Giridih,Siltara,2024-07-05,2024,low_vis_5km,0.4169657521495562,-0.2250752055345092,0.2203933928675655,,False,False,Aw,,24.171116,86.306248,21.367822645426184,81.65945734260364,same_country_year_koppen_uncertainty_lowgap_p25,1.052036,True,True,True,3.101111,0.009444,3.091667,22.56155,,5670.705629166667,4028.20720625,0.0001273239544735,,3.925533527089168,15.350854292513652,256.6828591519296,395.2266457776779,0.934122820271034,0.6050572147186454,-1.2485345207807186,1.0207820196249977,28.139825,96823.658854,-0.333903,-540.416666
10954|2024-07-05|Giridih,10954|2024-07-05|Giridih,10954,11398,India,India,Giridih,Haringhata,2024-07-05,2024,low_vis_5km,0.4169657521495562,-0.2028168818066873,0.2203933928675655,,False,False,Aw,,24.171116,86.306248,22.962794762878264,88.54336568455774,same_country_year_koppen_uncertainty_lowgap_p25,1.345876,True,True,True,3.101111,0.049444,3.051667,22.56155,,5670.705629166667,2963.504170625,0.0001273239544735,,3.925533527089168,9.318275738603049,256.6828591519296,86.94568044875058,0.934122820271034,0.7084974009176515,-1.2485345207807186,1.0109448835624937,29.394952,99939.742188,-1.58903,-3656.5
10954|2024-01-18|Giridih,10954|2024-01-18|Giridih,10954,10132,India,India,Giridih,Thanjavur,2024-01-18,2024,low_vis_5km,0.4169657521495562,-0.1882122477521233,0.2203933928675655,,False,False,Aw,,24.171116,86.306248,10.770179217220884,79.13268065039192,same_country_year_koppen_uncertainty_lowgap_p25,0.858279,True,True,True,0.0,0.0,0.0,2.094269,,5670.705629166667,7401.048096610169,0.0001273239544735,,3.925533527089168,6.228330151614349,256.6828591519296,61.48962511548593,0.934122820271034,0.8967303425675327,-1.2485345207807186,1.575049262140122,26.943465,100711.088542,-11.970703,-2927.208334
10954|2024-01-18|Giridih,10954|2024-01-18|Giridih,10954,10080,India,India,Giridih,Siltara,2024-01-18,2024,low_vis_5km,0.4169657521495562,-0.2250752055345092,0.2203933928675655,,False,False,Aw,,24.171116,86.306248,21.367822645426184,81.65945734260364,same_country_year_koppen_uncertainty_lowgap_p25,1.052036,True,True,True,0.0,0.0,0.0,2.094269,,5670.705629166667,4028.20720625,0.0001273239544735,,3.925533527089168,15.350854292513652,256.6828591519296,395.2266457776779,0.934122820271034,0.6050572147186454,-1.2485345207807186,1.0207820196249977,21.677271,98038.796875,-6.704509,-254.916667
10954|2024-01-18|Giridih,10954|2024-01-18|Giridih,10954,11398,India,India,Giridih,Haringhata,2024-01-18,2024,low_vis_5km,0.4169657521495562,-0.2028168818066873,0.2203933928675655,,False,False,Aw,,24.171116,86.306248,22.962794762878264,88.54336568455774,same_country_year_koppen_uncertainty_lowgap_p25,1.345876,True,True,True,0.0,0.839444,-0.839444,2.094269,,5670.705629166667,2963.504170625,0.0001273239544735,,3.925533527089168,9.318275738603049,256.6828591519296,86.94568044875058,0.934122820271034,0.7084974009176515,-1.2485345207807186,1.0109448835624937,16.059757,101464.088542,-1.086995,-3680.208334
7672|2024-12-22|Zigong,7672|2024-12-22|Zigong,7672,10851,China,China,Zigong,Yangjiang,2024-12-22,2024,low_vis_5km,0.4100816151982435,-0.2868893906558044,0.2437401505865872,,False,False,Cwa,,29.352113,104.76754,21.86109235665186,111.97037709693542,same_country_year_koppen_uncertainty_lowgap_p25,1.600301,True,True,True,0.0,0.0,0.0,2.274036,,5587.709175903615,5796.998992857143,0.0001273239544735,,13.944562860724895,17.468869984535875,925.4341966168917,1.5520610440621192,1.163454922858877,-0.5065484616102796,-1.1442999664760412,1.0687299146051494,15.268996,101827.34375,-8.0507,-3507.625
7672|2024-12-22|Zigong,7672|2024-12-22|Zigong,7672,9653,China,China,Zigong,Ningming,2024-12-22,2024,low_vis_5km,0.4100816151982435,-0.2481562678054161,0.2437401505865872,,False,False,Cwa,,29.352113,104.76754,22.12935904736112,107.0607294319672,same_country_year_koppen_uncertainty_lowgap_p25,1.614892,True,True,True,0.0,0.0,0.0,2.274036,,5587.709175903615,5478.231793,0.0001273239544735,,13.944562860724895,6.294069640784925,925.4341966168917,98.9386033000899,1.163454922858877,0.0168954570670547,-1.1442999664760412,0.9599350985496414,13.032017,99475.552083,-5.813721,-1155.833333
7672|2024-12-22|Zigong,7672|2024-12-22|Zigong,7672,7775,China,China,Zigong,Xingping,2024-12-22,2024,low_vis_5km,0.4100816151982435,-0.2112530991307175,0.2437401505865872,,False,False,Cwa,,29.352113,104.76754,34.29434697258374,108.45167856092996,same_country_year_koppen_uncertainty_lowgap_p25,1.737796,True,True,True,0.0,0.0,0.0,2.274036,,5587.709175903615,5754.3302092307695,0.0001273239544735,,13.944562860724895,18.040643144473748,925.4341966168917,984.096143388074,1.163454922858877,-0.9988321035646796,-1.1442999664760412,0.633680943576,-0.359666,97010.010417,7.577962,1309.708333
7672|2024-05-02|Zigong,7672|2024-05-02|Zigong,7672,10851,China,China,Zigong,Yangjiang,2024-05-02,2024,low_vis_5km,0.4100816151982435,-0.2868893906558044,0.2437401505865872,,False,False,Cwa,,29.352113,104.76754,21.86109235665186,111.97037709693542,same_country_year_koppen_uncertainty_lowgap_p25,1.600301,True,True,True,0.692778,0.0,0.692778,2.295494,,5587.709175903615,5796.998992857143,0.0001273239544735,,13.944562860724895,17.468869984535875,925.4341966168917,1.5520610440621192,1.163454922858877,-0.5065484616102796,-1.1442999664760412,1.0687299146051494,24.107874,100861.184896,-7.691,-3732.791667
7672|2024-05-02|Zigong,7672|2024-05-02|Zigong,7672,9653,China,China,Zigong,Ningming,2024-05-02,2024,low_vis_5km,0.4100816151982435,-0.2481562678054161,0.2437401505865872,,False,False,Cwa,,29.352113,104.76754,22.12935904736112,107.0607294319672,same_country_year_koppen_uncertainty_lowgap_p25,1.614892,True,True,True,0.692778,0.097222,0.595556,2.295494,,5587.709175903615,5478.231793,0.0001273239544735,,13.944562860724895,6.294069640784925,925.4341966168917,98.9386033000899,1.163454922858877,0.0168954570670547,-1.1442999664760412,0.9599350985496414,21.147994,98425.518229,-4.73112,-1297.125
7672|2024-05-02|Zigong,7672|2024-05-02|Zigong,7672,7775,China,China,Zigong,Xingping,2024-05-02,2024,low_vis_5km,0.4100816151982435,-0.2112530991307175,0.2437401505865872,,False,False,Cwa,,29.352113,104.76754,34.29434697258374,108.45167856092996,same_country_year_koppen_uncertainty_lowgap_p25,1.737796,True,True,True,0.692778,0.69,0.002778,2.295494,,5587.709175903615,5754.3302092307695,0.0001273239544735,,13.944562860724895,18.040643144473748,925.4341966168917,984.096143388074,1.163454922858877,-0.9988321035646796,-1.1442999664760412,0.633680943576,17.201054,95610.684896,-0.78418,1517.708333
3795|2024-06-14|Francisco Beltrão,3795|2024-06-14|Francisco Beltrão,3795,2872,Brazil,Brazil,Francisco Beltrão,Foz do Iguaçu,2024-06-14,2024,gust_15ms,0.3817525672016538,-0.2279271527866327,0.2327963579057958,,False,False,Cfa,,-26.064775,-53.053956,-25.522872867444423,-54.56013205839889,same_country_year_koppen_uncertainty_lowgap_p25,0.765348,True,True,True,0.0,0.0,0.0,0.0,,2723.78540625,3053.800426760564,0.000254647908947,,1.1363891633711107,1.4435183100764912,410.6497062384072,559.6529668817774,0.6767331320172272,0.6837808617441355,-1.1931599138063589,1.6957007587477868,24.583378,98355.111979,-4.078613,-4170.0
3795|2024-06-14|Francisco Beltrão,3795|2024-06-14|Francisco Beltrão,3795,6334,Brazil,Brazil,Francisco Beltrão,Lençóis Paulista,2024-06-14,2024,gust_15ms,0.3817525672016538,-0.2476955987180459,0.2327963579057958,,False,False,Cfa,,-26.064775,-53.053956,-22.601948663988097,-48.794308565303375,same_country_year_koppen_uncertainty_lowgap_p25,1.04354,True,True,True,0.0,0.0,0.0,0.0,,2723.78540625,3898.380126428572,0.000254647908947,,1.1363891633711107,3.3674261108411487,410.6497062384072,265.6318504195208,0.6767331320172272,-0.5507417136724032,-1.1931599138063589,0.8566777431915701,21.603805,95184.320312,-1.09904,-999.208333
3795|2024-06-14|Francisco Beltrão,3795|2024-06-14|Francisco Beltrão,3795,7266,Brazil,Brazil,Francisco Beltrão,Amparo,2024-06-14,2024,gust_15ms,0.3817525672016538,-0.2725780127556205,0.2327963579057958,,False,False,Cfa,,-26.064775,-53.053956,-22.70909654963709,-46.77852551661239,same_country_year_koppen_uncertainty_lowgap_p25,1.195725,True,True,True,0.0,0.0,0.0,0.0,,2723.78540625,3177.48536,0.000254647908947,,1.1363891633711107,1.8626838043907183,410.6497062384072,141.88516252752584,0.6767331320172272,-0.5689085987548572,-1.1931599138063589,0.7721826076083415,19.37773,92747.320312,1.127035,1437.791667
3795|2024-01-09|Francisco Beltrão,3795|2024-01-09|Francisco Beltrão,3795,2872,Brazil,Brazil,Francisco Beltrão,Foz do Iguaçu,2024-01-09,2024,gust_15ms,0.3817525672016538,-0.2279271527866327,0.2327963579057958,,False,False,Cfa,,-26.064775,-53.053956,-25.522872867444423,-54.56013205839889,same_country_year_koppen_uncertainty_lowgap_p25,0.765348,True,True,True,0.0,0.0,0.0,0.207424,,2723.78540625,3053.800426760564,0.000254647908947,,1.1363891633711107,1.4435183100764912,410.6497062384072,559.6529668817774,0.6767331320172272,0.6837808617441355,-1.1931599138063589,1.6957007587477868,28.521702,98298.851562,-3.233643,-4228.458333
3795|2024-01-09|Francisco Beltrão,3795|2024-01-09|Francisco Beltrão,3795,6334,Brazil,Brazil,Francisco Beltrão,Lençóis Paulista,2024-01-09,2024,gust_15ms,0.3817525672016538,-0.2476955987180459,0.2327963579057958,,False,False,Cfa,,-26.064775,-53.053956,-22.601948663988097,-48.794308565303375,same_country_year_koppen_uncertainty_lowgap_p25,1.04354,True,True,True,0.0,0.0,0.0,0.207424,,2723.78540625,3898.380126428572,0.000254647908947,,1.1363891633711107,3.3674261108411487,410.6497062384072,265.6318504195208,0.6767331320172272,-0.5507417136724032,-1.1931599138063589,0.8566777431915701,27.65899,94719.518229,-2.370931,-649.125
3795|2024-01-09|Francisco Beltrão,3795|2024-01-09|Francisco Beltrão,3795,7266,Brazil,Brazil,Francisco Beltrão,Amparo,2024-01-09,2024,gust_15ms,0.3817525672016538,-0.2725780127556205,0.2327963579057958,,False,False,Cfa,,-26.064775,-53.053956,-22.70909654963709,-46.77852551661239,same_country_year_koppen_uncertainty_lowgap_p25,1.195725,True,True,True,0.0,0.0,0.0,0.207424,,2723.78540625,3177.48536,0.000254647908947,,1.1363891633711107,1.8626838043907183,410.6497062384072,141.88516252752584,0.6767331320172272,-0.5689085987548572,-1.1931599138063589,0.7721826076083415,25.492649,92266.893229,-0.20459,1803.5
10936|2024-07-05|Phusro,10936|2024-07-05|Phusro,10936,11100,India,India,Phusro,Ghatsila,2024-07-05,2024,low_vis_5km,0.380145762630775,-0.2032735504973578,0.2209478783633922,,False,False,,,23.772954,85.992166,22.593748328892307,86.47386412125354,same_country_year_koppen_uncertainty_lowgap_p25,0.852079,True,True,True,0.263889,11.031667,-10.767778,19.529819,,5655.4166263157895,4671.33135,0.0001273239544735,,21.40905865759822,27.098682037009205,243.41550296525784,139.6710591681029,1.130778431850576,0.2241723821731244,-1.246058950115983,0.5869056873317763,29.086033,97950.575521,-0.818196,-1201.75
10936|2024-07-05|Phusro,10936|2024-07-05|Phusro,10936,10422,India,India,Phusro,Jagdalpur,2024-07-05,2024,low_vis_5km,0.380145762630775,-0.1893964009216442,0.2209478783633922,,False,False,,,23.772954,85.992166,19.084643956362275,82.01933462666783,same_country_year_koppen_uncertainty_lowgap_p25,0.925956,True,True,True,0.263889,0.111667,0.152222,19.529819,,5655.4166263157895,7897.268533333334,0.0001273239544735,,21.40905865759822,2.09720911769055,243.41550296525784,197.25890664663825,1.130778431850576,0.5299238820604704,-1.246058950115983,1.1358309089387857,26.206964,93857.075521,2.060873,2891.75
10936|2024-07-05|Phusro,10936|2024-07-05|Phusro,10936,11248,India,India,Phusro,Bolpur,2024-07-05,2024,low_vis_5km,0.380145762630775,-0.1837578115788591,0.2209478783633922,,False,False,,,23.772954,85.992166,23.669723644433745,87.69021897325028,same_country_year_koppen_uncertainty_lowgap_p25,1.039533,True,True,True,0.263889,15.363333,-15.099444,19.529819,,5655.4166263157895,5945.840408,0.0001273239544735,,21.40905865759822,25.28276070903349,243.41550296525784,147.92635457118803,1.130778431850576,0.3665753936881888,-1.246058950115983,0.7934203980479191,29.750177,99467.242188,-1.48234,-2718.416667
10936|2024-01-18|Phusro,10936|2024-01-18|Phusro,10936,11100,India,India,Phusro,Ghatsila,2024-01-18,2024,low_vis_5km,0.380145762630775,-0.2032735504973578,0.2209478783633922,,False,False,,,23.772954,85.992166,22.593748328892307,86.47386412125354,same_country_year_koppen_uncertainty_lowgap_p25,0.852079,True,True,True,0.0,0.045556,-0.045556,2.492428,,5655.4166263157895,4671.33135,0.0001273239544735,,21.40905865759822,27.098682037009205,243.41550296525784,139.6710591681029,1.130778431850576,0.2241723821731244,-1.246058950115983,0.5869056873317763,17.549504,99410.838542,-1.911133,-1168.583334
10936|2024-01-18|Phusro,10936|2024-01-18|Phusro,10936,10422,India,India,Phusro,Jagdalpur,2024-01-18,2024,low_vis_5km,0.380145762630775,-0.1893964009216442,0.2209478783633922,,False,False,,,23.772954,85.992166,19.084643956362275,82.01933462666783,same_country_year_koppen_uncertainty_lowgap_p25,0.925956,True,True,True,0.0,0.0,0.0,2.492428,,5655.4166263157895,7897.268533333334,0.0001273239544735,,21.40905865759822,2.09720911769055,243.41550296525784,197.25890664663825,1.130778431850576,0.5299238820604704,-1.246058950115983,1.1358309089387857,22.454045,94792.005208,-6.815674,3450.25
10936|2024-01-18|Phusro,10936|2024-01-18|Phusro,10936,11248,India,India,Phusro,Bolpur,2024-01-18,2024,low_vis_5km,0.380145762630775,-0.1837578115788591,0.2209478783633922,,False,False,,,23.772954,85.992166,23.669723644433745,87.69021897325028,same_country_year_koppen_uncertainty_lowgap_p25,1.039533,True,True,True,0.0,0.0,0.0,2.492428,,5655.4166263157895,5945.840408,0.0001273239544735,,21.40905865759822,25.28276070903349,243.41550296525784,147.92635457118803,1.130778431850576,0.3665753936881888,-1.246058950115983,0.7934203980479191,16.099959,101064.380208,-0.461588,-2822.125
11179|2024-02-09|Ruijin,11179|2024-02-09|Ruijin,11179,10147,China,China,Ruijin,Huangpi,2024-02-09,2024,fog,0.3785155701999296,-0.1857897892129355,0.2599661472013074,,False,False,Cfa,,25.879708,116.03473,30.87973756061052,114.36420738955418,same_country_year_koppen_uncertainty_lowgap_p25,0.893781,True,True,True,0.0,0.0,0.0,0.0,,7939.638925925926,8076.089663157895,0.0001273239544735,,10.122166973120173,14.286580025790276,235.45269555838192,525.7948992858819,1.2165218398051023,-0.1037335365473169,-1.07185695123429,0.8302282250367589,3.570052,101923.315104,1.48112,-3174.125
11179|2024-02-09|Ruijin,11179|2024-02-09|Ruijin,11179,11511,China,China,Ruijin,Lishui,2024-02-09,2024,fog,0.3785155701999296,-0.2028412151601771,0.2599661472013074,,False,False,Cfa,,25.879708,116.03473,28.4586626483912,119.92408876600491,same_country_year_koppen_uncertainty_lowgap_p25,1.263071,True,True,True,0.0,0.0,0.0,0.0,,7939.638925925926,10546.052746153846,0.0001273239544735,,10.122166973120173,12.688574943705843,235.45269555838192,72.6542411516816,1.2165218398051023,0.0795796198895273,-1.07185695123429,1.0519872393199607,6.072738,97577.815104,-1.021566,1171.375
11179|2024-02-09|Ruijin,11179|2024-02-09|Ruijin,11179,10233,China,China,Ruijin,Lingling,2024-02-09,2024,fog,0.3785155701999296,-0.1865613792268483,0.2599661472013074,,False,False,Cfa,,25.879708,116.03473,26.23012546292775,111.62028914818733,same_country_year_koppen_uncertainty_lowgap_p25,1.345064,True,True,True,0.0,0.0,0.0,0.0,,7939.638925925926,5429.330140740741,0.0001273239544735,,10.122166973120173,12.486487594558072,235.45269555838192,403.2337972431547,1.2165218398051023,0.2572687892073648,-1.07185695123429,1.0983716159855423,4.401514,100570.106771,0.649658,-1820.916667
11179|2024-03-16|Ruijin,11179|2024-03-16|Ruijin,11179,10147,China,China,Ruijin,Huangpi,2024-03-16,2024,low_vis_5km,0.3785155701999296,-0.1857897892129355,0.2599661472013074,,False,False,Cfa,,25.879708,116.03473,30.87973756061052,114.36420738955418,same_country_year_koppen_uncertainty_lowgap_p25,0.893781,True,True,True,0.0,0.096667,-0.096667,3.148556,,7939.638925925926,8076.089663157895,0.0001273239544735,,10.122166973120173,14.286580025790276,235.45269555838192,525.7948992858819,1.2165218398051023,-0.1037335365473169,-1.07185695123429,0.8302282250367589,17.609623,100871.804688,1.189616,-3024.75
11179|2024-03-16|Ruijin,11179|2024-03-16|Ruijin,11179,11511,China,China,Ruijin,Lishui,2024-03-16,2024,low_vis_5km,0.3785155701999296,-0.2028412151601771,0.2599661472013074,,False,False,Cfa,,25.879708,116.03473,28.4586626483912,119.92408876600491,same_country_year_koppen_uncertainty_lowgap_p25,1.263071,True,True,True,0.0,0.0,0.0,3.148556,,7939.638925925926,10546.052746153846,0.0001273239544735,,10.122166973120173,12.688574943705843,235.45269555838192,72.6542411516816,1.2165218398051023,0.0795796198895273,-1.07185695123429,1.0519872393199607,16.090662,96820.763021,2.708577,1026.291667
11179|2024-03-16|Ruijin,11179|2024-03-16|Ruijin,11179,10233,China,China,Ruijin,Lingling,2024-03-16,2024,low_vis_5km,0.3785155701999296,-0.1865613792268483,0.2599661472013074,,False,False,Cfa,,25.879708,116.03473,26.23012546292775,111.62028914818733,same_country_year_koppen_uncertainty_lowgap_p25,1.345064,True,True,True,0.0,0.0,0.0,3.148556,,7939.638925925926,5429.330140740741,0.0001273239544735,,10.122166973120173,12.486487594558072,235.45269555838192,403.2337972431547,1.2165218398051023,0.2572687892073648,-1.07185695123429,1.0983716159855423,16.434574,99343.804688,2.364665,-1496.75
4263|2024-11-11|Rzeszów,4263|2024-11-11|Rzeszów,4263,3895,Poland,Poland,Rzeszów,Radom,2024-11-11,2024,low_vis_5km,0.372961990363072,-0.1828615760588428,0.3751823965446799,,False,False,Dfb,,50.030827,22.002133,51.39715030586778,21.14998992056338,same_country_year_koppen_uncertainty_lowgap_p25,1.017248,True,True,True,0.031667,0.0,0.031667,0.060081,,4154.646042222223,3719.5327936170215,0.0003819718634205,,6.854641766987755,6.278813671204973,391.4413423077526,270.3479974750545,2.088819564008978,0.8613294924770359,-0.5574594257407048,1.2679482065199643,1.041488,101268.375,-2.013998,-1597.5
4263|2024-11-11|Rzeszów,4263|2024-11-11|Rzeszów,4263,3403,Poland,Poland,Rzeszów,Bełchatów,2024-11-11,2024,low_vis_5km,0.372961990363072,-0.1897538331500462,0.3751823965446799,,False,False,Dfb,,50.030827,22.002133,51.35896353742977,19.375143003940927,same_country_year_koppen_uncertainty_lowgap_p25,1.217343,True,True,True,0.031667,0.0,0.031667,0.060081,,4154.646042222223,3423.068758666667,0.0003819718634205,,6.854641766987755,3.477092658527253,391.4413423077526,233.8785275089932,2.088819564008978,1.3332322290938354,-0.5574594257407048,1.1628015998651209,-0.005977,100512.238933,-0.966533,-841.363933
4263|2024-11-11|Rzeszów,4263|2024-11-11|Rzeszów,4263,3068,Poland,Poland,Rzeszów,Częstochowa,2024-11-11,2024,low_vis_5km,0.372961990363072,-0.1970056016943235,0.3751823965446799,,False,False,Dfb,,50.030827,22.002133,50.806943282062505,19.11058915941061,same_country_year_koppen_uncertainty_lowgap_p25,1.392447,True,True,True,0.031667,0.0,0.031667,0.060081,,4154.646042222223,3509.551136170213,0.0003819718634205,,6.854641766987755,10.835414166121913,391.4413423077526,276.77328123796974,2.088819564008978,1.2127321290861086,-0.5574594257407048,1.4441697498913104,0.11001,99671.708333,-1.08252,-0.833333
4263|2024-12-02|Rzeszów,4263|2024-12-02|Rzeszów,4263,3895,Poland,Poland,Rzeszów,Radom,2024-12-02,2024,fog,0.372961990363072,-0.1828615760588428,0.3751823965446799,,False,False,Dfb,,50.030827,22.002133,51.39715030586778,21.14998992056338,same_country_year_koppen_uncertainty_lowgap_p25,1.017248,True,True,True,0.001667,0.0,0.001667,0.009537,,4154.646042222223,3719.5327936170215,0.0003819718634205,,6.854641766987755,6.278813671204973,391.4413423077526,270.3479974750545,2.088819564008978,0.8613294924770359,-0.5574594257407048,1.2679482065199643,2.224807,100425.815104,0.467285,-1390.541666
4263|2024-12-02|Rzeszów,4263|2024-12-02|Rzeszów,4263,3403,Poland,Poland,Rzeszów,Bełchatów,2024-12-02,2024,fog,0.372961990363072,-0.1897538331500462,0.3751823965446799,,False,False,Dfb,,50.030827,22.002133,51.35896353742977,19.375143003940927,same_country_year_koppen_uncertainty_lowgap_p25,1.217343,True,True,True,0.001667,0.0,0.001667,0.009537,,4154.646042222223,3423.068758666667,0.0003819718634205,,6.854641766987755,3.477092658527253,391.4413423077526,233.8785275089932,2.088819564008978,1.3332322290938354,-0.5574594257407048,1.1628015998651209,3.387399,99618.678385,-0.695307,-583.404947
4263|2024-12-02|Rzeszów,4263|2024-12-02|Rzeszów,4263,3068,Poland,Poland,Rzeszów,Częstochowa,2024-12-02,2024,fog,0.372961990363072,-0.1970056016943235,0.3751823965446799,,False,False,Dfb,,50.030827,22.002133,50.806943282062505,19.11058915941061,same_country_year_koppen_uncertainty_lowgap_p25,1.392447,True,True,True,0.001667,0.0,0.001667,0.009537,,4154.646042222223,3509.551136170213,0.0003819718634205,,6.854641766987755,10.835414166121913,391.4413423077526,276.77328123796974,2.088819564008978,1.2127321290861086,-0.5574594257407048,1.4441697498913104,3.33646,98853.565104,-0.644368,181.708334
3944|2024-12-24|Belgorod,3944|2024-12-24|Belgorod,3944,6031,Russia,Russia,Belgorod,Ulyanovsk,2024-12-24,2024,low_vis_5km,0.3711284419003394,-0.2626354846883355,0.4135878129924706,,False,False,Dfb,,50.591021,36.590908,54.30457195226994,48.34297095737613,same_country_year_koppen_uncertainty_lowgap_p25,0.871027,True,True,True,0.0,0.0,0.0,0.628471,,4805.58424868421,3883.0337009900986,0.0001273239544735,,4.307196090145686,8.398455944882189,310.8719019755848,636.9057543024679,1.732563944176238,0.9182003383774758,-0.3859935839095103,1.7349190098049212,-11.313625,100914.445312,14.444661,-995.916666
3944|2024-12-24|Belgorod,3944|2024-12-24|Belgorod,3944,7378,Russia,Russia,Belgorod,Young Leninist,2024-12-24,2024,low_vis_5km,0.3711284419003394,-0.2022927573492249,0.4135878129924706,,False,False,Dfb,,50.591021,36.590908,54.87960970913622,83.0067198381084,same_country_year_koppen_uncertainty_lowgap_p25,1.494658,True,True,True,0.0,0.0,0.0,0.628471,,4805.58424868421,1981.16886,0.0001273239544735,,4.307196090145686,2.3258718543025725,310.8719019755848,873.4625454980894,1.732563944176238,0.9153923656057292,-0.3859935839095103,1.4207169751727584,-18.739808,102615.153646,21.870844,-2696.625
3944|2024-12-24|Belgorod,3944|2024-12-24|Belgorod,3944,6673,Russia,Russia,Belgorod,Лобаново,2024-12-24,2024,low_vis_5km,0.3711284419003394,-0.2326251159843124,0.4135878129924706,,False,False,Dfb,,50.591021,36.590908,57.88721369880574,56.30397792361633,same_country_year_koppen_uncertainty_lowgap_p25,1.630695,True,True,True,0.0,0.0,0.0,0.628471,,4805.58424868421,4149.35510125,0.0001273239544735,,4.307196090145686,5.9008614737121965,310.8719019755848,617.0284976892343,1.732563944176238,-0.130596914705915,-0.3859935839095103,0.9742673497665356,-10.039537,100918.111979,13.170573,-999.583333
3944|2024-12-23|Belgorod,3944|2024-12-23|Belgorod,3944,6031,Russia,Russia,Belgorod,Ulyanovsk,2024-12-23,2024,low_vis_5km,0.3711284419003394,-0.2626354846883355,0.4135878129924706,,False,False,Dfb,,50.591021,36.590908,54.30457195226994,48.34297095737613,same_country_year_koppen_uncertainty_lowgap_p25,0.871027,True,True,True,0.0,0.0,0.0,2.350807,,4805.58424868421,3883.0337009900986,0.0001273239544735,,4.307196090145686,8.398455944882189,310.8719019755848,636.9057543024679,1.732563944176238,0.9182003383774758,-0.3859935839095103,1.7349190098049212,-5.564642,100676.575521,8.511067,-1686.958333
3944|2024-12-23|Belgorod,3944|2024-12-23|Belgorod,3944,7378,Russia,Russia,Belgorod,Young Leninist,2024-12-23,2024,low_vis_5km,0.3711284419003394,-0.2022927573492249,0.4135878129924706,,False,False,Dfb,,50.591021,36.590908,54.87960970913622,83.0067198381084,same_country_year_koppen_uncertainty_lowgap_p25,1.494658,True,True,True,0.0,0.0,0.0,2.350807,,4805.58424868421,1981.16886,0.0001273239544735,,4.307196090145686,2.3258718543025725,310.8719019755848,873.4625454980894,1.732563944176238,0.9153923656057292,-0.3859935839095103,1.4207169751727584,-17.342176,102045.908854,20.288601,-3056.291666
3944|2024-12-23|Belgorod,3944|2024-12-23|Belgorod,3944,6673,Russia,Russia,Belgorod,Лобаново,2024-12-23,2024,low_vis_5km,0.3711284419003394,-0.2326251159843124,0.4135878129924706,,False,False,Dfb,,50.591021,36.590908,57.88721369880574,56.30397792361633,same_country_year_koppen_uncertainty_lowgap_p25,1.630695,True,True,True,0.0,0.0,0.0,2.350807,,4805.58424868421,4149.35510125,0.0001273239544735,,4.307196090145686,5.9008614737121965,310.8719019755848,617.0284976892343,1.732563944176238,-0.130596914705915,-0.3859935839095103,0.9742673497665356,-2.219753,100562.825521,5.166178,-1573.208333
56|2024-12-25|Brest,56|2024-12-25|Brest,56,544,France,France,Brest,Saint-Nazaire,2024-12-25,2024,low_vis_5km,0.3699883558515737,-0.1803818548392978,0.383412128640635,,False,False,Cfb,,48.395742,-4.48925,47.27677813565688,-2.2106401204496238,same_country_year_koppen_uncertainty_lowgap_p25,0.598993,True,True,True,0.032778,0.105,-0.072222,0.201225,,3076.876057142857,1682.734944411765,0.0008912676813146,,1.317212077783021,4.50938274746412,1.139574491431255,0.3623114076915579,2.553671841832088,1.860878845050017,-0.5207167453483061,1.3585671221685942,9.858667,103223.427083,0.606527,-433.208333
56|2024-12-25|Brest,56|2024-12-25|Brest,56,4336,France,France,Brest,Metz,2024-12-25,2024,low_vis_5km,0.3699883558515737,-0.1866219654882719,0.383412128640635,,False,False,Cfb,,48.395742,-4.48925,49.11779807832805,6.174180184457295,same_country_year_koppen_uncertainty_lowgap_p25,0.819209,True,True,True,0.032778,0.351111,-0.318333,0.201225,,3076.876057142857,3035.12495106383,0.0008912676813146,,1.317212077783021,1.3851706334807503,1.139574491431255,252.41027802486147,2.553671841832088,1.809288927193316,-0.5207167453483061,1.5998701153839234,4.491968,100615.260417,5.973226,2174.958333
56|2024-12-25|Brest,56|2024-12-25|Brest,56,4412,France,France,Brest,Nancy,2024-12-25,2024,low_vis_5km,0.3699883558515737,-0.1866367940149761,0.383412128640635,,False,False,Cfb,,48.395742,-4.48925,48.68329560552609,6.187999931184372,same_country_year_koppen_uncertainty_lowgap_p25,0.887317,True,True,True,0.032778,0.119444,-0.086666,0.201225,,3076.876057142857,3732.356429310345,0.0008912676813146,,1.317212077783021,0.4638140815190174,1.139574491431255,280.33706773638505,2.553671841832088,2.021084302961959,-0.5207167453483061,1.761694260941935,4.236353,100366.46875,6.228841,2423.75
56|2024-12-26|Brest,56|2024-12-26|Brest,56,544,France,France,Brest,Saint-Nazaire,2024-12-26,2024,low_vis_5km,0.3699883558515737,-0.1803818548392978,0.383412128640635,,False,False,Cfb,,48.395742,-4.48925,47.27677813565688,-2.2106401204496238,same_country_year_koppen_uncertainty_lowgap_p25,0.598993,True,True,True,0.0,0.0,0.0,0.229359,,3076.876057142857,1682.734944411765,0.0008912676813146,,1.317212077783021,4.50938274746412,1.139574491431255,0.3623114076915579,2.553671841832088,1.860878845050017,-0.5207167453483061,1.3585671221685942,7.430017,103062.440104,0.829671,-379.625
56|2024-12-26|Brest,56|2024-12-26|Brest,56,4336,France,France,Brest,Metz,2024-12-26,2024,low_vis_5km,0.3699883558515737,-0.1866219654882719,0.383412128640635,,False,False,Cfb,,48.395742,-4.48925,49.11779807832805,6.174180184457295,same_country_year_koppen_uncertainty_lowgap_p25,0.819209,True,True,True,0.0,0.0,0.0,0.229359,,3076.876057142857,3035.12495106383,0.0008912676813146,,1.317212077783021,1.3851706334807503,1.139574491431255,252.41027802486147,2.553671841832088,1.809288927193316,-0.5207167453483061,1.5998701153839234,3.137292,100598.690104,5.122396,2084.125
56|2024-12-26|Brest,56|2024-12-26|Brest,56,4412,France,France,Brest,Nancy,2024-12-26,2024,low_vis_5km,0.3699883558515737,-0.1866367940149761,0.383412128640635,,False,False,Cfb,,48.395742,-4.48925,48.68329560552609,6.187999931184372,same_country_year_koppen_uncertainty_lowgap_p25,0.887317,True,True,True,0.0,0.0,0.0,0.229359,,3076.876057142857,3732.356429310345,0.0008912676813146,,1.317212077783021,0.4638140815190174,1.139574491431255,280.33706773638505,2.553671841832088,2.021084302961959,-0.5207167453483061,1.761694260941935,2.578048,100325.940104,5.68164,2356.875
6403|2024-12-29|Nizhnekamsk,6403|2024-12-29|Nizhnekamsk,6403,6031,Russia,Russia,Nizhnekamsk,Ulyanovsk,2024-12-29,2024,low_ceiling_300m,0.3698403422754413,-0.2626354846883355,0.3228272923597735,,False,False,Dfb,,55.626131,51.811607,54.30457195226994,48.34297095737613,same_country_year_koppen_uncertainty_lowgap_p25,1.166857,True,True,True,0.0,0.0,0.0,0.30756,,5182.24729375,3883.0337009900986,0.0001273239544735,,27.4681670757702,8.398455944882189,684.6867668945697,636.9057543024679,1.2530283577789525,0.9182003383774758,-0.7912054137689452,1.7349190098049212,-6.515672,100838.265625,0.587077,160.708333
6403|2024-12-29|Nizhnekamsk,6403|2024-12-29|Nizhnekamsk,6403,7378,Russia,Russia,Nizhnekamsk,Young Leninist,2024-12-29,2024,low_ceiling_300m,0.3698403422754413,-0.2022927573492249,0.3228272923597735,,False,False,Dfb,,55.626131,51.811607,54.87960970913622,83.0067198381084,same_country_year_koppen_uncertainty_lowgap_p25,1.38298,True,True,True,0.0,0.0,0.0,0.30756,,5182.24729375,1981.16886,0.0001273239544735,,27.4681670757702,2.3258718543025725,684.6867668945697,873.4625454980894,1.2530283577789525,0.9153923656057292,-0.7912054137689452,1.4207169751727584,-5.540086,99826.848958,-0.388509,1172.125
6403|2024-12-29|Nizhnekamsk,6403|2024-12-29|Nizhnekamsk,6403,6242,Russia,Russia,Nizhnekamsk,Dimitrovgrad,2024-12-29,2024,low_ceiling_300m,0.3698403422754413,-0.2402571311973928,0.3228272923597735,,False,False,Dfb,,55.626131,51.811607,54.22085624156395,49.601213221695694,same_country_year_koppen_uncertainty_lowgap_p25,1.419134,True,True,True,0.0,0.0,0.0,0.30756,,5182.24729375,3687.210546666666,0.0001273239544735,,27.4681670757702,26.832945880058592,684.6867668945697,597.7864892031167,1.2530283577789525,-0.1750090521436343,-0.7912054137689452,0.8853422456253571,-6.778937,101249.140625,0.850342,-250.166667
6403|2024-12-27|Nizhnekamsk,6403|2024-12-27|Nizhnekamsk,6403,6031,Russia,Russia,Nizhnekamsk,Ulyanovsk,2024-12-27,2024,low_ceiling_1000m,0.3698403422754413,-0.2626354846883355,0.3228272923597735,,False,False,Dfb,,55.626131,51.811607,54.30457195226994,48.34297095737613,same_country_year_koppen_uncertainty_lowgap_p25,1.166857,True,True,True,0.028333,0.353889,-0.325556,1.692772,,5182.24729375,3883.0337009900986,0.0001273239544735,,27.4681670757702,8.398455944882189,684.6867668945697,636.9057543024679,1.2530283577789525,0.9182003383774758,-0.7912054137689452,1.7349190098049212,-2.442592,101066.291667,0.731526,-169.333334
6403|2024-12-27|Nizhnekamsk,6403|2024-12-27|Nizhnekamsk,6403,7378,Russia,Russia,Nizhnekamsk,Young Leninist,2024-12-27,2024,low_ceiling_1000m,0.3698403422754413,-0.2022927573492249,0.3228272923597735,,False,False,Dfb,,55.626131,51.811607,54.87960970913622,83.0067198381084,same_country_year_koppen_uncertainty_lowgap_p25,1.38298,True,True,True,0.028333,0.0,0.028333,1.692772,,5182.24729375,1981.16886,0.0001273239544735,,27.4681670757702,2.3258718543025725,684.6867668945697,873.4625454980894,1.2530283577789525,0.9153923656057292,-0.7912054137689452,1.4207169751727584,-9.821173,100078.041667,8.110107,818.916666
6403|2024-12-27|Nizhnekamsk,6403|2024-12-27|Nizhnekamsk,6403,6242,Russia,Russia,Nizhnekamsk,Dimitrovgrad,2024-12-27,2024,low_ceiling_1000m,0.3698403422754413,-0.2402571311973928,0.3228272923597735,,False,False,Dfb,,55.626131,51.811607,54.22085624156395,49.601213221695694,same_country_year_koppen_uncertainty_lowgap_p25,1.419134,True,True,True,0.028333,0.226111,-0.197778,1.692772,,5182.24729375,3687.210546666666,0.0001273239544735,,27.4681670757702,26.832945880058592,684.6867668945697,597.7864892031167,1.2530283577789525,-0.1750090521436343,-0.7912054137689452,0.8853422456253571,-2.541795,101431.375,0.830729,-534.416667
2617|2024-08-21|Río Cuarto,2617|2024-08-21|Río Cuarto,2617,3443,Argentina,Argentina,Río Cuarto,Funes,2024-08-21,2024,low_ceiling_300m,0.3685748006671401,-0.1825771907297301,0.3736940407400922,,False,False,Cwa,,-33.12169,-64.348265,-32.91871118991632,-60.8221861818703,same_country_year_uncertainty_lowgap_p25,0.537437,True,False,True,0.0,0.080556,-0.080556,1.004219,,3358.2219511627904,2924.080648,0.0001273239544735,,4.284361053901343,3.913801869633391,562.5719925533739,229.1355510967376,1.338980034604993,0.6630166707121725,-0.5641043785776282,1.31485375595707,10.789453,100947.671875,-4.297689,-4167.75
2617|2024-08-21|Río Cuarto,2617|2024-08-21|Río Cuarto,2617,4739,Argentina,Argentina,Río Cuarto,Puerto Iguazú,2024-08-21,2024,low_ceiling_300m,0.3685748006671401,-0.3247462687251825,0.3736940407400922,,False,False,Cwa,,-33.12169,-64.348265,-25.613647935089677,-54.5791210294304,same_country_year_uncertainty_lowgap_p25,1.103417,True,False,True,0.0,0.052778,-0.052778,1.004219,,3358.2219511627904,4460.19593,0.0001273239544735,,4.284361053901343,8.242771024791876,562.5719925533739,560.3984346298093,1.338980034604993,0.5225452545997996,-0.5641043785776282,1.6762870730085395,24.453923,98457.671875,-17.962159,-1677.75
2617|2024-08-21|Río Cuarto,2617|2024-08-21|Río Cuarto,2617,4775,Argentina,Argentina,Río Cuarto,Oberá,2024-08-21,2024,low_ceiling_300m,0.3685748006671401,-0.2089291626288753,0.3736940407400922,,False,False,Cwa,,-33.12169,-64.348265,-27.484677112419533,-55.11966082247188,same_country_year_uncertainty_lowgap_p25,1.396997,True,False,True,0.0,0.0,0.0,1.004219,,3358.2219511627904,3919.478466,0.0001273239544735,,4.284361053901343,3.8293330385356095,562.5719925533739,465.9431140469189,1.338980034604993,-0.5089563797090272,-0.5641043785776282,0.8721826331443912,23.04987,98148.088542,-16.558106,-1368.166667
2617|2024-02-29|Río Cuarto,2617|2024-02-29|Río Cuarto,2617,3443,Argentina,Argentina,Río Cuarto,Funes,2024-02-29,2024,low_ceiling_1000m,0.3685748006671401,-0.1825771907297301,0.3736940407400922,,False,False,Cwa,,-33.12169,-64.348265,-32.91871118991632,-60.8221861818703,same_country_year_uncertainty_lowgap_p25,0.537437,True,False,True,10.332778,0.0,10.332778,26.925087,,3358.2219511627904,2924.080648,0.0001273239544735,,4.284361053901343,3.913801869633391,562.5719925533739,229.1355510967376,1.338980034604993,0.6630166707121725,-0.5641043785776282,1.31485375595707,25.697656,100891.315104,-2.358154,-4326.291666
2617|2024-02-29|Río Cuarto,2617|2024-02-29|Río Cuarto,2617,4739,Argentina,Argentina,Río Cuarto,Puerto Iguazú,2024-02-29,2024,low_ceiling_1000m,0.3685748006671401,-0.3247462687251825,0.3736940407400922,,False,False,Cwa,,-33.12169,-64.348265,-25.613647935089677,-54.5791210294304,same_country_year_uncertainty_lowgap_p25,1.103417,True,False,True,10.332778,0.633889,9.698889,26.925087,,3358.2219511627904,4460.19593,0.0001273239544735,,4.284361053901343,8.242771024791876,562.5719925533739,560.3984346298093,1.338980034604993,0.5225452545997996,-0.5641043785776282,1.6762870730085395,25.748031,98629.690104,-2.408529,-2064.666666
2617|2024-02-29|Río Cuarto,2617|2024-02-29|Río Cuarto,2617,4775,Argentina,Argentina,Río Cuarto,Oberá,2024-02-29,2024,low_ceiling_1000m,0.3685748006671401,-0.2089291626288753,0.3736940407400922,,False,False,Cwa,,-33.12169,-64.348265,-27.484677112419533,-55.11966082247188,same_country_year_uncertainty_lowgap_p25,1.396997,True,False,True,10.332778,0.0,10.332778,26.925087,,3358.2219511627904,3919.478466,0.0001273239544735,,4.284361053901343,3.8293330385356095,562.5719925533739,465.9431140469189,1.338980034604993,-0.5089563797090272,-0.5641043785776282,0.8721826331443912,23.289535,98434.356771,0.049967,-1869.333333
4339|2024-12-28|Lublin,4339|2024-12-28|Lublin,4339,3068,Poland,Poland,Lublin,Częstochowa,2024-12-28,2024,low_ceiling_300m,0.3522376707934139,-0.1970056016943235,0.374627911048853,,False,False,Dfb,,51.239794,22.554886,50.806943282062505,19.11058915941061,same_country_year_koppen_uncertainty_lowgap_p25,0.929834,True,True,True,0.0,0.0,0.0,0.470638,,4178.979672222222,3509.551136170213,0.000254647908947,,13.081017647413086,10.835414166121913,313.08324423939416,276.77328123796974,2.027847687537088,1.2127321290861086,-0.5599349964054414,1.4441697498913104,1.135451,99791.195312,-1.818359,801.708334
4339|2024-12-28|Lublin,4339|2024-12-28|Lublin,4339,3403,Poland,Poland,Lublin,Bełchatów,2024-12-28,2024,low_ceiling_300m,0.3522376707934139,-0.1897538331500462,0.374627911048853,,False,False,Dfb,,51.239794,22.554886,51.35896353742977,19.375143003940927,same_country_year_koppen_uncertainty_lowgap_p25,1.028303,True,True,True,0.0,0.0,0.0,0.470638,,4178.979672222222,3423.068758666667,0.000254647908947,,13.081017647413086,3.477092658527253,313.08324423939416,233.8785275089932,2.027847687537088,1.3332322290938354,-0.5599349964054414,1.1628015998651209,0.890333,100605.291505,-1.573241,-12.387859
4339|2024-12-28|Lublin,4339|2024-12-28|Lublin,4339,1080,Poland,Poland,Lublin,Słupsk,2024-12-28,2024,low_ceiling_300m,0.3522376707934139,-0.3263237101215857,0.374627911048853,,False,False,Dfb,,51.239794,22.554886,54.463339597672,17.024806823494853,same_country_year_koppen_uncertainty_lowgap_p25,1.191404,True,True,True,0.0,0.0,0.0,0.470638,,4178.979672222222,4364.374916842105,0.000254647908947,,13.081017647413086,7.495769561299709,313.08324423939416,13.174767989702383,2.027847687537088,1.453923092256968,-0.5599349964054414,1.8684043859113493,4.036412,102338.528646,-4.71932,-1745.625
4339|2024-12-29|Lublin,4339|2024-12-29|Lublin,4339,3068,Poland,Poland,Lublin,Częstochowa,2024-12-29,2024,low_ceiling_300m,0.3522376707934139,-0.1970056016943235,0.374627911048853,,False,False,Dfb,,51.239794,22.554886,50.806943282062505,19.11058915941061,same_country_year_koppen_uncertainty_lowgap_p25,0.929834,True,True,True,0.0,0.0,0.0,0.300884,,4178.979672222222,3509.551136170213,0.000254647908947,,13.081017647413086,10.835414166121913,313.08324423939416,276.77328123796974,2.027847687537088,1.2127321290861086,-0.5599349964054414,1.4441697498913104,0.868361,99427.807292,-0.296386,707.208333
4339|2024-12-29|Lublin,4339|2024-12-29|Lublin,4339,3403,Poland,Poland,Lublin,Bełchatów,2024-12-29,2024,low_ceiling_300m,0.3522376707934139,-0.1897538331500462,0.374627911048853,,False,False,Dfb,,51.239794,22.554886,51.35896353742977,19.375143003940927,same_country_year_koppen_uncertainty_lowgap_p25,1.028303,True,True,True,0.0,0.0,0.0,0.300884,,4178.979672222222,3423.068758666667,0.000254647908947,,13.081017647413086,3.477092658527253,313.08324423939416,233.8785275089932,2.027847687537088,1.3332322290938354,-0.5599349964054414,1.1628015998651209,0.731668,100199.354981,-0.159693,-64.339356
4339|2024-12-29|Lublin,4339|2024-12-29|Lublin,4339,1080,Poland,Poland,Lublin,Słupsk,2024-12-29,2024,low_ceiling_300m,0.3522376707934139,-0.3263237101215857,0.374627911048853,,False,False,Dfb,,51.239794,22.554886,54.463339597672,17.024806823494853,same_country_year_koppen_uncertainty_lowgap_p25,1.191404,True,True,True,0.0,0.349444,-0.349444,0.300884,,4178.979672222222,4364.374916842105,0.000254647908947,,13.081017647413086,7.495769561299709,313.08324423939416,13.174767989702383,2.027847687537088,1.453923092256968,-0.5599349964054414,1.8684043859113493,2.884393,101693.848958,-2.312418,-1558.833333
357|2024-11-28|Ensenada,357|2024-11-28|Ensenada,357,5,México,México,Ensenada,Rosarito,2024-11-28,2024,fog,0.3052569681443155,-0.3424087683503803,0.3068347633222436,,False,False,BSk,,31.868981,-116.596919,32.37649376352435,-117.05451024532564,same_country_year_koppen_uncertainty_lowgap_p25,0.75316,True,True,True,0.0,0.0,0.0,0.001907,,3811.671316666667,2569.436087586207,0.0001273239544735,,2.8949827654241225,9.847961667340336,2.5241468271537766,1.980261212917391,1.1383560688693088,0.4353111193782644,-0.8626060834676494,1.426384729063075,14.665776,99531.125,0.488525,-2346.166667
357|2024-11-28|Ensenada,357|2024-11-28|Ensenada,357,5772,México,México,Ensenada,Santa Matilde,2024-11-28,2024,fog,0.3052569681443155,-0.2214376103414764,0.3068347633222436,,False,False,BSk,,31.868981,-116.596919,20.044546470729,-98.78409081019672,same_country_year_koppen_uncertainty_lowgap_p25,1.653628,True,True,True,0.0,0.0,0.0,0.001907,,3811.671316666667,3458.5348882142857,0.0001273239544735,,2.8949827654241225,3.9461346843594014,2.5241468271537766,173.35771699608745,1.1383560688693088,-0.0460871900292603,-0.8626060834676494,0.9429969834751318,13.245447,76191.916667,1.908854,20993.041666
357|2024-11-28|Ensenada,357|2024-11-28|Ensenada,357,913,México,México,Ensenada,Tecate,2024-11-28,2024,fog,0.3052569681443155,-0.3140009465557419,0.3068347633222436,,False,False,BSk,,31.868981,-116.596919,32.5646551549511,-116.62289751088105,same_country_year_uncertainty_lowgap_p25,0.782282,True,False,True,0.0,0.001667,-0.001667,0.001907,,3811.671316666667,3351.1524165,0.0001273239544735,,2.8949827654241225,2.9877776863311936,2.5241468271537766,46.533200544990414,1.1383560688693088,0.5587274222711186,-0.8626060834676494,1.4284042735527285,13.277673,91619.541667,1.876628,5565.416666
357|2024-04-11|Ensenada,357|2024-04-11|Ensenada,357,5,México,México,Ensenada,Rosarito,2024-04-11,2024,fog,0.3052569681443155,-0.3424087683503803,0.3068347633222436,,False,False,BSk,,31.868981,-116.596919,32.37649376352435,-117.05451024532564,same_country_year_koppen_uncertainty_lowgap_p25,0.75316,True,True,True,0.0,0.0,0.0,0.0,,3811.671316666667,2569.436087586207,0.0001273239544735,,2.8949827654241225,9.847961667340336,2.5241468271537766,1.980261212917391,1.1383560688693088,0.4353111193782644,-0.8626060834676494,1.426384729063075,15.119592,99314.697917,0.406169,-2328.416667
357|2024-04-11|Ensenada,357|2024-04-11|Ensenada,357,5772,México,México,Ensenada,Santa Matilde,2024-04-11,2024,fog,0.3052569681443155,-0.2214376103414764,0.3068347633222436,,False,False,BSk,,31.868981,-116.596919,20.044546470729,-98.78409081019672,same_country_year_koppen_uncertainty_lowgap_p25,1.653628,True,True,True,0.0,0.0,0.0,0.0,,3811.671316666667,3458.5348882142857,0.0001273239544735,,2.8949827654241225,3.9461346843594014,2.5241468271537766,173.35771699608745,1.1383560688693088,-0.0460871900292603,-0.8626060834676494,0.9429969834751318,16.829309,76167.239583,-1.303548,20819.041667
357|2024-04-11|Ensenada,357|2024-04-11|Ensenada,357,913,México,México,Ensenada,Tecate,2024-04-11,2024,fog,0.3052569681443155,-0.3140009465557419,0.3068347633222436,,False,False,BSk,,31.868981,-116.596919,32.5646551549511,-116.62289751088105,same_country_year_uncertainty_lowgap_p25,0.782282,True,False,True,0.0,0.0,0.0,0.0,,3811.671316666667,3351.1524165,0.0001273239544735,,2.8949827654241225,2.9877776863311936,2.5241468271537766,46.533200544990414,1.1383560688693088,0.5587274222711186,-0.8626060834676494,1.4284042735527285,16.136357,91463.989583,-0.610596,5522.291667
4225|2024-11-11|Stalowa Wola,4225|2024-11-11|Stalowa Wola,4225,3403,Poland,Poland,Stalowa Wola,Bełchatów,2024-11-11,2024,fog,0.3001696670441069,-0.1897538331500462,0.2954240354870717,,False,False,Dfb,,50.564298,22.058214,51.35896353742977,19.375143003940927,same_country_year_koppen_uncertainty_lowgap_p25,0.243554,True,True,True,0.0,0.0,0.0,0.039577,,3356.946019375,3423.068758666667,0.0001273239544735,,7.639868288311741,3.477092658527253,349.8358306884888,233.8785275089932,1.4513857304788464,1.3332322290938354,-0.9135507218840606,1.1628015998651209,-0.005977,100512.238933,-0.123515,397.261067
4225|2024-11-11|Stalowa Wola,4225|2024-11-11|Stalowa Wola,4225,3349,Poland,Poland,Stalowa Wola,Płock,2024-11-11,2024,fog,0.3001696670441069,-0.2309708510797178,0.2954240354870717,,False,False,Dfb,,50.564298,22.058214,52.54403783538433,19.72281251128816,same_country_year_koppen_uncertainty_lowgap_p25,0.542095,True,True,True,0.0,0.0,0.0,0.039577,,3356.946019375,3217.812315,0.0001273239544735,,7.639868288311741,1.4428704037794438,349.8358306884888,144.2506016126202,1.4513857304788464,0.9176470050443782,-0.9135507218840606,1.1910752227202652,0.411198,101723.708333,-0.54069,-814.208333
4225|2024-11-11|Stalowa Wola,4225|2024-11-11|Stalowa Wola,4225,1080,Poland,Poland,Stalowa Wola,Słupsk,2024-11-11,2024,fog,0.3001696670441069,-0.3263237101215857,0.2954240354870717,,False,False,Dfb,,50.564298,22.058214,54.463339597672,17.024806823494853,same_country_year_koppen_uncertainty_lowgap_p25,0.642853,True,True,True,0.0,0.0,0.0,0.039577,,3356.946019375,4364.374916842105,0.0001273239544735,,7.639868288311741,7.495769561299709,349.8358306884888,13.174767989702383,1.4513857304788464,1.453923092256968,-0.9135507218840606,1.8684043859113493,2.763818,102388.333333,-2.89331,-1478.833333
4225|2024-12-02|Stalowa Wola,4225|2024-12-02|Stalowa Wola,4225,3403,Poland,Poland,Stalowa Wola,Bełchatów,2024-12-02,2024,fog,0.3001696670441069,-0.1897538331500462,0.2954240354870717,,False,False,Dfb,,50.564298,22.058214,51.35896353742977,19.375143003940927,same_country_year_koppen_uncertainty_lowgap_p25,0.243554,True,True,True,0.0,0.0,0.0,0.014305,,3356.946019375,3423.068758666667,0.0001273239544735,,7.639868288311741,3.477092658527253,349.8358306884888,233.8785275089932,1.4513857304788464,1.3332322290938354,-0.9135507218840606,1.1628015998651209,3.387399,99618.678385,-0.852534,584.636719
4225|2024-12-02|Stalowa Wola,4225|2024-12-02|Stalowa Wola,4225,3349,Poland,Poland,Stalowa Wola,Płock,2024-12-02,2024,fog,0.3001696670441069,-0.2309708510797178,0.2954240354870717,,False,False,Dfb,,50.564298,22.058214,52.54403783538433,19.72281251128816,same_country_year_koppen_uncertainty_lowgap_p25,0.542095,True,True,True,0.0,0.0,0.0,0.014305,,3356.946019375,3217.812315,0.0001273239544735,,7.639868288311741,1.4428704037794438,349.8358306884888,144.2506016126202,1.4513857304788464,0.9176470050443782,-0.9135507218840606,1.1910752227202652,2.675002,100665.690104,-0.140137,-462.375
4225|2024-12-02|Stalowa Wola,4225|2024-12-02|Stalowa Wola,4225,1080,Poland,Poland,Stalowa Wola,Słupsk,2024-12-02,2024,fog,0.3001696670441069,-0.3263237101215857,0.2954240354870717,,False,False,Dfb,,50.564298,22.058214,54.463339597672,17.024806823494853,same_country_year_koppen_uncertainty_lowgap_p25,0.642853,True,True,True,0.0,0.0,0.0,0.014305,,3356.946019375,4364.374916842105,0.0001273239544735,,7.639868288311741,7.495769561299709,349.8358306884888,13.174767989702383,1.4513857304788464,1.453923092256968,-0.9135507218840606,1.8684043859113493,3.039341,100923.440104,-0.504476,-720.125
