iteration,null_mean_contrast_mm
0,0.1954483333333333
1,0.2058138245614035
2,-0.07464912280701752
3,0.33135476315789475
4,0.15948829824561403
5,0.014288482456140356
6,0.10146199122807016
7,-0.013450280701754387
8,-0.09584308771929825
9,0.23487815789473682
10,-0.21110136842105262
11,-0.06519980701754385
12,-0.02546293859649125
13,0.0806871140350877
14,0.19213451754385963
15,-0.03237816666666664
16,-0.19807016666666663
17,-0.08207114912280702
18,-0.07901559649122805
19,-0.2194492894736842
20,-0.024960999999999987
21,0.08932748245614035
22,-0.13205163157894736
23,-0.09220268421052631
24,-0.09848444736842106
25,-0.06927874561403508
26,-0.1764035
27,-0.03854287719298246
28,-0.17686646491228072
29,0.29548732456140353
30,-0.1539425087719298
31,-0.0027875438596491183
32,0.138357701754386
33,-0.04248536842105265
34,-0.07025341228070174
35,-0.2079775701754386
36,-0.14450292982456142
37,-0.0016861491228070211
38,0.09027286842105262
39,0.10592102631578948
40,-0.16025341228070172
41,-0.07602338596491225
42,-0.015813824561403508
43,0.025531210526315826
44,0.2856237894736842
45,-0.014249535087719289
46,-0.1323879210526316
47,0.06288010526315789
48,-0.0641861403508772
49,0.06350875438596489
50,-0.20140350877192983
51,-0.0910087894736842
52,-0.01597951754385965
53,-0.03279238596491227
54,-0.05930798245614036
55,0.1528703596491228
56,-0.17765595614035085
57,-0.06480019298245611
58,-0.11460040350877192
59,-0.013508789473684198
60,-0.14222221929824558
61,0.24389864035087722
62,0.009434728070175466
63,-0.059473710526315754
64,-0.14073098245614035
65,0.09534112280701752
66,0.020867447368421062
67,0.00500488596491229
68,-0.1701949210526316
69,-0.04661792982456139
70,-0.025540964912280684
71,0.07408383333333333
72,0.056310912280701765
73,-0.06366959649122805
74,0.1013206754385965
75,-0.15385474561403512
76,-0.07357212280701755
77,-0.15615497368421055
78,-0.32607699122807016
79,-0.18891812280701756
80,-0.2061111052631579
81,-0.12418617543859649
82,0.0521686052631579
83,-0.032080877192982464
84,-0.030750473684210508
85,0.03956626315789473
86,-0.07221249122807018
87,0.14541425438596492
88,-0.05733430701754388
89,0.034678377192982446
90,0.4154239561403508
91,-0.062319684210526305
92,0.23739277192982455
93,0.13442980701754387
94,-0.0032748508771929838
95,-0.18643762280701753
96,0.0356530350877193
97,0.2072807105263158
98,-0.22388400877192977
99,-0.14390839473684208
100,0.31090154385964913
101,-0.036267078947368456
102,0.10069200877192984
103,0.042602359649122824
104,0.16076025438596492
105,-0.04721732456140351
106,-0.04392297368421052
107,-0.06458088596491227
108,-0.005765087719298245
109,0.04391812280701755
110,-0.14461986842105265
111,-0.19783623684210525
112,-0.10540449122807016
113,0.04160331578947369
114,0.05201750877192984
115,-0.04209551754385964
116,-0.19854774561403507
117,0.01303607017543859
118,-0.10541421929824563
119,-0.02684208771929821
120,-0.09619394736842106
121,0.14708576315789473
122,0.08315301754385965
123,-0.20634502631578946
124,-0.14898635087719297
125,-0.2133723157894737
126,-0.05415691228070174
127,-0.14309455263157894
128,0.02207600000000001
129,-0.04304090350877193
130,0.021949298245614025
131,0.006423017543859631
132,0.06230993859649119
133,0.10401559649122807
134,-0.08605264912280702
135,0.07125728070175438
136,0.005770000000000023
137,-0.11295321052631575
138,-0.1153557192982456
139,0.20929337719298247
140,0.10467837719298245
141,-0.10915202631578946
142,-0.07164233333333334
143,0.21452728947368416
144,0.14421052631578948
145,-0.029624771929824573
146,-0.14969785087719298
147,0.02371831578947369
148,0.006983412280701775
149,-0.0453118947368421
150,-0.17967348245614034
151,0.050423991228070175
152,-0.18611598245614033
153,-0.00741228070175437
154,0.02408869298245615
155,0.025760245614035105
156,0.0009503070175438623
157,0.3178119122807017
158,-0.12107216666666665
159,-0.017051657894736845
160,-0.12640350877192982
161,0.18638889473684214
162,0.077241701754386
163,0.11119395614035088
164,0.044654000000000006
165,-0.013767026315789474
166,-0.07992202631578949
167,0.035784587719298225
168,0.07062867543859648
169,0.1549025438596491
170,0.172032149122807
171,0.03692007017543859
172,0.07521928070175439
173,-0.06872321929824561
174,0.10120858771929826
175,-0.22081383333333338
176,0.03633040350877193
177,-0.07307015789473684
178,0.07360623684210525
179,-0.09403021929824558
180,-0.14751463157894737
181,0.05157407017543861
182,0.11812377192982454
183,0.11752435964912282
184,0.02365985087719298
185,-0.16634989473684206
186,0.14385479824561404
187,0.01618421052631579
188,0.05790937719298245
189,-0.06021441228070177
190,0.037080894736842104
191,-0.00875242105263159
192,0.005331385964912292
193,-0.04988304385964911
194,-0.2570808947368421
195,0.006052631578947362
196,0.0759210614035088
197,0.0925926052631579
198,-0.17863547368421048
199,0.17513156140350877
200,-0.026257324561403495
201,0.032919096491228074
202,-0.1402534298245614
203,0.03761207894736841
204,-0.15593565789473682
205,-0.10873292105263159
206,-0.06431285964912281
207,-0.15299221929824558
208,-0.2727241578947368
209,0.022821640350877217
210,-0.10173003508771927
211,-0.052119877192982465
212,-0.07913254385964912
213,0.2418518596491228
214,-0.13319202631578947
215,0.01722710526315792
216,-0.22600877192982455
217,-0.2038255438596491
218,-0.1439132631578947
219,0.024273859649122834
220,-0.1614425
221,-0.04648149122807017
222,0.04552631578947367
223,0.2005409298245614
224,0.03649121052631578
225,0.017738780701754397
226,0.04211013157894735
227,0.024936640350877174
228,-0.03743663157894737
229,-0.026345026315789454
230,-0.04384989473684211
231,-0.11485869298245611
232,0.20305556140350878
233,0.12204192105263158
234,0.04217347368421052
235,0.08644246491228072
236,-0.0830506754385965
237,-0.1182261052631579
238,-0.13995611403508773
239,-0.19405457894736844
240,-0.07341133333333333
241,-0.07587720175438598
242,0.20306043859649123
243,0.12947369298245617
244,-0.3316179473684211
245,-0.0436257543859649
246,-0.02723198245614033
247,-0.041671552631578956
248,0.16582360526315792
249,0.02345519298245612
250,0.10879627192982456
251,-0.2039717456140351
252,-0.21657896491228068
253,0.03655456140350877
254,-0.18807016666666665
255,0.10946882456140349
256,0.007836280701754385
257,-0.07316762280701754
258,0.05690543859649125
259,0.08652534210526315
260,-0.06321149999999999
261,0.24319685087719295
262,-0.07477582456140351
263,0.033065307017543864
264,0.01929823684210527
265,0.1950194912280702
266,0.18879630701754385
267,0.035570184210526316
268,-0.11487812280701752
269,0.10794836842105264
270,0.04959551754385966
271,-0.22026314912280698
272,0.03589180701754389
273,0.1930799035087719
274,-0.09595029824561405
275,-0.07893274561403507
276,-0.03312377192982456
277,0.16697857017543863
278,-0.21531189473684212
279,0.048518543859649134
280,0.09884013157894739
281,-0.0008528333333333377
282,-0.010107201754385953
283,-0.11573587719298245
284,-0.06344544736842106
285,0.14531675438596492
286,-0.11171051754385965
287,-0.06724656140350875
288,-0.026744640350877195
289,-0.05538009649122809
290,0.08417641228070176
291,-0.017768043859649106
292,-0.042280736842105274
293,-0.009049657894736838
294,-0.019751482456140355
295,0.11405458771929826
296,0.1052826403508772
297,0.16835284210526313
298,-0.09678358771929825
299,0.038245578947368415
300,-0.06663255263157898
301,0.06619394736842107
302,0.15268029824561405
303,0.0025048684210526276
304,0.061228052631578954
305,0.04827487719298246
306,-0.16852827192982459
307,-0.20198343859649123
308,0.2149366403508772
309,0.049965903508771926
310,-0.15811402631578947
311,-0.06969297368421051
312,-0.09129142105263155
313,0.13569689473684213
314,-0.05511210526315788
315,0.05773878947368422
316,0.02715884210526316
317,-0.016788456140350884
318,-0.24325537719298246
319,-0.13125243859649122
320,-0.1263060350877193
321,-0.08971249122807017
322,0.08006336842105265
323,-0.053674464912280694
324,0.004332350877192964
325,0.18535577192982453
326,0.2263206754385965
327,0.033216368421052626
328,-0.018226114035087712
329,0.011773903508771931
330,-0.11396199122807019
331,-0.15160817543859645
332,-0.027183236842105246
333,0.17777780701754384
334,0.07406434210526316
335,-0.025345982456140347
336,-0.20514617543859648
337,-0.0281335087719298
338,0.04195905263157897
339,-0.14951754385964908
340,0.09997077192982458
341,-0.041963938596491224
342,-0.029308
343,0.014264157894736826
344,-0.09129142982456136
345,0.021881078947368415
346,-0.13348442105263156
347,0.062353798245614024
348,0.04225145614035089
349,-0.15323585087719296
350,-0.05299707017543859
351,-0.029478543859649126
352,-0.1996101578947368
353,0.19379628070175436
354,0.08973194736842108
355,-0.006301157894736842
356,-0.12519980701754382
357,-0.13038988596491227
358,-0.12835280701754384
359,-0.09924948245614035
360,-0.0702290701754386
361,0.021973701754385982
362,0.025906394736842114
363,0.08904972807017546
364,-0.03690057894736841
365,0.11052633333333337
366,0.016725166666666673
367,0.024663763157894748
368,0.06507311403508771
369,0.1083479473684211
370,0.11492200877192982
371,0.040604298245614054
372,-0.12238301754385966
373,0.10995615789473683
374,0.025272903508771948
375,0.29575048245614033
376,0.017309964912280693
377,-0.040180333333333325
378,-0.10086742105263156
379,-0.1259210350877193
380,0.1613304210526316
381,-0.041125710526315785
382,0.029556552631578917
383,-0.05030214035087722
384,0.13222221929824562
385,-0.13935672807017543
386,-0.14630605263157898
387,0.011437640350877179
388,0.05910817543859648
389,0.038523394736842104
390,-0.06544835087719297
391,-0.054917149122807006
392,0.1998343157894737
393,-0.18092103508771928
394,-0.1333089649122807
395,-0.1172124736842105
396,0.012163736842105272
397,-0.04986355263157895
398,-0.07189569298245617
399,0.09408871052631577
400,0.03375733333333335
401,-0.02718813157894736
402,0.06324076315789473
403,0.16285089473684206
404,-0.04659845614035089
405,0.0937670614035088
406,-0.06459063157894736
407,0.031783614035087726
408,-0.20461500000000002
409,0.07080897368421053
410,-0.0007943333333333106
411,-0.19844542105263158
412,0.016486342105263164
413,-0.2367446315789474
414,-0.1081530438596491
415,0.008718324561403493
416,0.22722711403508775
417,0.0053801228070175485
418,-0.17191519298245614
419,-0.15086258771929825
420,0.03531677192982456
421,0.08983431578947366
422,0.07806528070175438
423,-0.11631091228070177
424,0.21189083333333336
425,-0.03501949999999998
426,0.1583186842105263
427,-0.03173976315789473
428,0.040136447368421056
429,0.056808008771929853
430,0.23359650877192983
431,-0.22303605263157888
432,0.15343080701754386
433,0.07010233333333335
434,-0.05869884210526313
435,0.09211015789473685
436,-0.13107210526315788
437,0.09172027192982457
438,0.02377678947368423
439,0.06430314912280703
440,0.11904971929824561
441,-0.1421734649122807
442,-0.10814816666666664
443,0.2772319385964912
444,0.19524854385964913
445,0.09556043859649126
446,0.10001463157894734
447,0.10075536842105264
448,0.03233429824561403
449,-0.05065299122807019
450,0.013347938596491245
451,0.1251754561403509
452,0.0739083947368421
453,-0.08990253508771928
454,-0.09210040350877191
455,-0.06544832456140351
456,-0.053362578947368434
457,0.12229040350877195
458,-0.03176414912280704
459,-0.18127680701754384
460,-0.2071832456140351
461,0.2740497105263157
462,-0.03537525438596491
463,0.07857702631578947
464,0.18748050877192987
465,0.3950243596491228
466,0.033313833333333334
467,-0.10225633333333332
468,0.2364863684210526
469,0.0802241754385965
470,-0.029683210526315788
471,-0.15234894736842106
472,-0.04730993859649126
473,-0.0825584736842105
474,0.1489424649122807
475,0.02808965789473684
476,-0.1969785701754386
477,0.141905447368421
478,0.07343079824561399
479,0.0900974298245614
480,0.03738791228070172
481,-0.14237816666666667
482,-0.09978556140350878
483,0.02970760526315792
484,0.09742690350877192
485,-0.2032553596491228
486,0.010307008771929822
487,-0.13001463157894738
488,0.13354774561403512
489,0.1574951052631579
490,-0.1411062456140351
491,0.03090643859649126
492,-0.09135964912280704
493,-0.10970763157894738
494,0.2972417192982456
495,-0.1373001929824561
496,0.024571149122807008
497,-0.003133543859649108
498,0.16615987719298245
499,-0.14946879824561404
500,-0.05886449999999999
501,0.022217324561403497
502,0.07521929824561405
503,0.12732943859649123
504,-0.19446395614035086
505,0.1837865614035088
506,-0.1957163947368421
507,0.07436648245614035
508,0.021335271929824585
509,-0.11260233333333332
510,0.020375254385964922
511,0.09451753508771932
512,-0.2531335263157895
513,-0.10553117543859648
514,0.1215253245614035
515,0.03269492982456142
516,-0.09232944736842107
517,-0.14585283333333335
518,0.09148634210526317
519,-0.03443957894736841
520,-0.00010720175438594674
521,0.010526315789473675
522,-0.1850682192982456
523,0.07704676315789474
524,-0.07316761403508773
525,0.04579434210526316
526,-0.04767056140350875
527,-0.01858187719298244
528,0.09955650877192984
529,-0.031247561403508765
530,-0.09493663157894736
531,0.022860631578947372
532,-0.05902047368421051
533,0.04479044736842103
534,0.0883528157894737
535,-0.09762668421052631
536,0.19266569298245612
537,0.045448359649122826
538,0.053411307017543874
539,0.0004385877192982428
540,-0.09524852631578949
541,0.32146685087719296
542,-0.012426921052631558
543,-0.09815789473684211
544,0.06103313157894736
545,-0.21818712280701755
546,0.16486356140350877
547,0.044171543859649144
548,-0.04785573684210526
549,0.05384992105263159
550,-0.03586258771929823
551,-0.1364327456140351
552,0.03878168421052635
553,0.11119882456140351
554,-0.10648148245614038
555,-0.00963449999999999
556,0.10076999122807016
557,-0.09695416666666667
558,0.13001464912280702
559,-0.07376216666666667
560,-0.27953214912280705
561,-0.02413742105263156
562,-0.11038986842105264
563,-0.08449805263157895
564,-0.157378149122807
565,0.017592587719298256
566,0.06360628070175438
567,-0.0739376140350877
568,0.07862083333333336
569,-0.03259747368421053
570,0.0812475701754386
571,0.055194938596491216
572,-0.13259745614035087
573,-0.0774366403508772
574,0.03391808771929825
575,-0.21892300877192983
576,-0.1516910438596491
577,-0.0639619736842105
578,-0.03164714912280704
579,0.17880601754385964
580,-0.019502938596491232
581,0.04700778947368422
582,-0.20011209649122805
583,0.017412298245614043
584,-0.0413401403508772
585,0.007597473684210554
586,-0.14151558771929823
587,0.06641812280701755
588,-0.22790448245614034
589,-0.08857210526315788
590,0.02007308771929827
591,0.0916227894736842
592,0.03386939473684208
593,0.10203701754385967
594,-0.23088207017543863
595,-0.007529236842105246
596,-0.05369884210526315
597,0.06461501754385963
598,-0.24349416666666662
599,0.13316276315789474
600,-0.28507310526315793
601,-0.07367446491228069
602,-0.13415692105263158
603,-0.13772902631578945
604,0.04852339473684208
605,0.21533136842105263
606,-0.03731481578947369
607,0.1522563596491228
608,0.06233431578947369
609,-0.06915205263157893
610,0.019619912280701753
611,0.04785087719298244
612,-0.1534795350877193
613,-0.05666668421052632
614,0.03846003508771932
615,0.11651557894736844
616,-0.05779240350877195
617,0.04738304385964913
618,0.18309942105263158
619,0.1725487280701754
620,-0.022231973684210492
621,-0.1085087456140351
622,-0.12369396491228069
623,0.057451289473684206
624,0.2097125
625,0.06340155263157896
626,-0.11171052631578948
627,0.03249515789473684
628,0.002280719298245599
629,-0.04967349122807016
630,-0.04895223684210528
631,-0.21875734210526313
632,-0.15684697368421052
633,0.26643275438596487
634,0.24553118421052628
635,-0.03944933333333334
636,0.24137425438596494
637,0.12961012280701753
638,-0.018065307017543854
639,-0.24868908771929826
640,0.1413255438596491
641,-0.01239765789473682
642,0.26449805263157894
643,-0.24058968421052632
644,-0.17591619298245614
645,0.08794348245614036
646,-0.2609405438596491
647,0.2422563245614035
648,-0.10953217543859649
649,0.11941031578947368
650,-0.10656919298245618
651,-0.09241228070175438
652,-0.06922027192982452
653,0.05908869298245615
654,0.06445420175438597
655,-0.045029219298245604
656,0.2558089736842105
657,0.03381091228070175
658,0.08810428070175437
659,0.1020224210526316
660,-0.18013645614035087
661,-0.13899610526315787
662,-0.02274366666666666
663,0.08941520175438598
664,0.10084307894736844
665,0.21201267543859648
666,0.21925927192982458
667,0.02012670175438598
668,0.06439083333333333
669,-0.07266081578947367
670,-0.03802633333333332
671,0.1677192807017544
672,-0.07610133333333333
673,0.020808956140350898
674,0.04033625438596492
675,0.04010232456140352
676,0.2845467807017544
677,0.19973683333333334
678,-0.17710525438596494
679,-0.08800680701754386
680,-0.15115007894736843
681,0.0016374298245614106
682,0.05174462280701752
683,0.16002921929824562
684,-0.11951751754385968
685,-0.09105263157894737
686,-0.07450777192982456
687,0.1324756403508772
688,-0.07631581578947365
689,-0.12691033333333335
690,0.14248536842105267
691,0.12120370175438597
692,-0.00856236842105263
693,0.013884043859649137
694,-0.0638742456140351
695,-0.12509257017543857
696,0.009381070175438573
697,0.0507066403508772
698,0.05580406140350878
699,0.08039471929824563
700,-0.09007311403508772
701,0.0901559298245614
702,0.11890352631578949
703,-0.013801184210526311
704,0.1952972368421053
705,-0.12918616666666669
706,0.09454680701754384
707,0.092197850877193
708,-0.165531201754386
709,-0.03787522807017543
710,-0.02708090350877193
711,-0.22785572807017543
712,0.014873280701754421
713,0.08678364035087717
714,-0.20339668421052629
715,0.04587233333333335
716,-0.07456627192982457
717,0.0331335350877193
718,-0.043689070175438605
719,0.15165205263157897
720,0.006788482456140364
721,0.04820663157894736
722,-0.0799171403508772
723,0.0032309649122807317
724,-0.009878157894736833
725,-0.057085754385964915
726,-0.13529240350877192
727,-0.17085284210526314
728,0.05846978947368422
729,-0.014181280701754399
730,0.28461500877192986
731,0.07083332456140352
732,0.0627826666666667
733,-0.07501460526315791
734,-0.14462473684210522
735,-0.0290009649122807
736,-0.0801267192982456
737,0.19004385087719297
738,0.2995906578947368
739,0.051150087719298264
740,0.014152070175438602
741,-0.07464911403508771
742,-0.03355750877192981
743,0.033109184210526325
744,-0.016734868421052616
745,0.12511696491228072
746,0.28424463157894736
747,-0.04496587719298245
748,-0.05164232456140349
749,-0.03937625438596491
750,0.11567738596491225
751,0.17117932456140353
752,-0.161218350877193
753,-0.15442981578947368
754,0.015838210526315802
755,0.03200777192982454
756,0.08970757017543862
757,-0.1841715350877193
758,-0.007041921052631578
759,0.09882064912280701
760,0.03643275438596492
761,0.057534122807017536
762,-0.07768516666666667
763,-0.0056578947368421135
764,0.01815302631578948
765,-0.015238798245614044
766,-0.0262573245614035
767,0.19572612280701757
768,-0.024234859649122812
769,-0.008572131578947364
770,0.25316765789473683
771,-0.1147173596491228
772,-0.09683722807017542
773,-0.13976120175438597
774,0.08962476315789474
775,0.028840140350877206
776,0.10879629824561406
777,-0.08168130701754388
778,0.048869385964912276
779,-0.15013644736842105
780,0.14052145614035086
781,0.12509749122807015
782,0.10730511403508776
783,-0.16566764912280701
784,-0.06078948245614034
785,0.04888888596491231
786,0.05034116666666667
787,-0.2390789298245614
788,-0.022270964912280696
789,-0.014254368421052667
790,0.14298730701754386
791,-0.10008284210526314
792,-0.02613549999999999
793,0.1687134385964912
794,0.024892798245614037
795,0.00950777192982454
796,0.17115496491228072
797,0.010243666666666703
798,0.20206139473684212
799,-0.07589182456140349
800,-0.11213936842105263
801,-0.08551656140350877
802,-0.12971735964912282
803,0.013269964912280713
804,0.23340644736842106
805,0.17349905263157894
806,-0.008089657894736842
807,0.03479532456140352
808,0.145146201754386
809,-0.13226608771929824
810,0.25790444736842105
811,0.006320657894736839
812,0.0151754649122807
813,0.18776803508771933
814,-0.16999514035087718
815,0.013942508771929835
816,-0.06142788596491227
817,0.035102315789473676
818,-0.02390348245614037
819,-0.13947856140350878
820,0.17284114035087716
821,-0.011554570175438582
822,0.02272417543859646
823,-0.0927777894736842
824,-0.032548728070175434
825,-0.18549706140350875
826,-0.07184209649122808
827,-0.0380945350877193
828,-0.11952729824561403
829,-0.021330429824561414
830,-0.057270956140350895
831,0.03608676315789474
832,-0.08838695614035086
833,0.22270466666666672
834,0.1906189035087719
835,-0.018425912280701742
836,-0.24184695614035087
837,0.20247563157894738
838,0.09052144736842103
839,-0.07263646491228068
840,-0.013036087719298223
841,0.06977094736842106
842,-0.13487814912280702
843,0.011764114035087715
844,0.26495615789473687
845,-0.16688599122807016
846,-0.04241227192982453
847,0.07215885964912279
848,0.004800201754385967
849,-0.006481491228070156
850,-0.03359650877192982
851,0.029191035087719298
852,0.012207614035087735
853,0.11969300000000001
854,0.08113548245614036
855,0.07364521052631577
856,-0.05757797368421051
857,0.10326021929824561
858,-0.0946003947368421
859,-0.16764131578947367
860,-0.15634017543859646
861,0.01005846491228072
862,0.1590838245614035
863,0.09824074561403508
864,-0.16147177192982456
865,-0.11360623684210526
866,-0.10547270175438594
867,-0.06874757894736842
868,-0.030536035087719293
869,-0.019848964912280703
870,-0.05944932456140351
871,-0.05122321052631578
872,0.17142298245614035
873,-0.09131091228070175
874,0.1472271052631579
875,0.24124268421052633
876,0.08847951754385966
877,-0.04580894736842106
878,0.05172514912280701
879,-0.2830750438596491
880,0.10331873684210525
881,-0.07455651754385964
882,0.1917738859649123
883,-0.013153017543859622
884,-0.0817105350877193
885,0.1977534035087719
886,-0.1213011842105263
887,-0.15538497368421053
888,0.12749023684210525
889,-0.08128167543859646
890,0.0439766052631579
891,0.12692981578947368
892,-0.10179336842105262
893,-0.22409356140350878
894,-0.053630596491228054
895,0.037119877192982445
896,-0.2611695789473684
897,-0.015360614035087705
898,0.1297270877192982
899,0.09232942982456142
900,0.05442492982456142
901,0.013206649122807031
902,0.18407406140350877
903,0.13325533333333334
904,0.03971734210526314
905,0.1309063947368421
906,0.03749023684210528
907,-0.010818710526315778
908,0.12645223684210527
909,-0.12000973684210525
910,0.07266084210526315
911,0.16414229824561405
912,0.08668618421052632
913,0.0038450175438596505
914,-0.032709543859649116
915,-0.09019979824561403
916,0.013060447368421052
917,-0.046276824561403494
918,0.05214424561403511
919,0.09456141228070174
920,-0.14600389473684208
921,0.012875271929824551
922,-0.04842103508771931
923,-0.1550731052631579
924,-0.1509307807017544
925,-0.06145224561403509
926,-0.09403017543859649
927,0.0674171578947368
928,0.03200780701754385
929,0.1424025087719298
930,0.016539956140350892
931,-0.1415594561403509
932,-0.07845518421052629
933,0.011408350877192988
934,-0.06123292982456142
935,-0.015068228070175459
936,0.03649119298245613
937,0.0646247456140351
938,-0.03339179824561403
939,0.12390836842105263
940,-0.07652533333333329
941,-0.22658381578947367
942,-0.11301172807017543
943,-0.04691520175438595
944,-0.2470614122807017
945,0.009975631578947371
946,-0.0009697894736842075
947,0.017743684210526307
948,0.20861596491228068
949,0.10028754385964914
950,0.03775829824561403
951,-0.0383869298245614
952,-0.17047758771929822
953,-0.019356728070175425
954,-0.04391326315789473
955,-0.09427387719298246
956,0.21061890350877194
957,-0.03865498245614034
958,0.06664719298245614
959,0.03095521052631578
960,0.08628171052631578
961,-0.13889376315789473
962,-0.07624267543859649
963,-0.07930796491228069
964,-0.0075438947368420975
965,0.024639385964912296
966,-0.15882552631578947
967,0.07898635087719301
968,-0.22804582456140352
969,0.12426415789473683
970,-0.10019005263157896
971,-0.08596976315789469
972,-0.09530214912280703
973,0.1418518596491228
974,-0.05076997368421053
975,-0.09775829824561404
976,0.21588206140350877
977,0.1457212456140351
978,0.08261696491228071
979,0.03040933333333334
980,0.2564376228070175
981,-0.151281649122807
982,-0.09501950877192983
983,0.18893762280701756
984,-0.016861596491228065
985,0.13738792982456144
986,-0.09785573684210527
987,0.027387885964912262
988,0.11578459649122808
989,0.03924950877192981
990,-0.0866569298245614
991,-0.022748535087719294
992,0.1221198859649123
993,0.13748537719298243
994,-0.03835770175438596
995,-0.09138888596491229
996,-0.05456626315789476
997,0.022509736842105256
998,-0.11579433333333335
999,0.18198828070175438
1000,-0.044517543859649115
1001,0.11235378070175436
1002,0.05979046491228068
1003,-0.026515587719298267
1004,-0.05918615789473685
1005,0.0513450350877193
1006,0.16116474561403507
1007,-0.14669102631578948
1008,0.03664232456140352
1009,0.09701753508771932
1010,-0.03480504385964914
1011,0.15257799122807017
1012,0.020633517543859652
1013,0.023932728070175453
1014,0.12755849122807017
1015,-0.030911307017543844
1016,0.020955192982456117
1017,-0.03961012280701753
1018,0.14740252631578946
1019,-0.060950307017543844
1020,0.07447855263157893
1021,0.014863587719298247
1022,0.22542396491228076
1023,0.24490250000000002
1024,-0.00451265789473683
1025,-0.07592106140350878
1026,-0.11837721052631577
1027,-0.002154000000000001
1028,0.026647175438596498
1029,-0.04666180701754384
1030,-0.15479531578947364
1031,0.18782165789473682
1032,0.003747552631578946
1033,0.09907407017543858
1034,0.11027777192982456
1035,0.04585284210526315
1036,0.13283138596491229
1037,0.0013888771929824826
1038,-0.13597466666666666
1039,0.0427923947368421
1040,0.13420077192982457
1041,-0.1761306052631579
1042,-0.1389522543859649
1043,-0.03236840350877192
1044,-0.1469200701754386
1045,-0.09875729824561404
1046,-0.11576507894736841
1047,-0.01621345614035086
1048,0.0253801403508772
1049,0.06256821052631578
1050,-0.026574096491228064
1051,0.02889863157894736
1052,-0.021539947368421047
1053,0.08285088596491229
1054,-0.0538986140350877
1055,0.057037026315789434
1056,-0.0972125
1057,0.11691520175438591
1058,0.08903510526315789
1059,-0.22979044736842105
1060,0.15848440350877194
1061,-0.09662769298245612
1062,0.10456140350877194
1063,-0.05173490350877193
1064,0.01078947368421053
1065,-0.06218810526315791
1066,-0.03178852631578946
1067,-0.06059940350877193
1068,-0.03606723684210528
1069,-0.07351854385964911
1070,-0.14899612280701754
1071,-0.005838184210526287
1072,-0.07132067543859648
1073,-0.1260185438596491
1074,0.2919201052631579
1075,-0.15129142105263158
1076,0.19140352631578947
1077,0.015964929824561408
1078,-0.05969298245614033
1079,-0.019161763157894737
1080,-0.11762668421052633
1081,0.060584815789473674
1082,-0.16619393859649123
1083,-0.003801166666666645
1084,0.0013255350877192972
1085,-0.062071149122807
1086,-0.09764621052631578
1087,0.12385964035087718
1088,0.1618957105263158
1089,-0.007051649122807015
1090,0.23673488596491224
1091,0.014907412280701757
1092,-0.16846980701754383
1093,-0.07691036842105263
1094,0.07326998245614035
1095,-0.04294346491228071
1096,-0.07758771052631579
1097,0.21420076315789477
1098,-0.030560438596491234
1099,0.02494635087719298
1100,-0.05291909649122807
1101,0.1171101666666667
1102,0.2607992192982456
1103,0.030453201754385952
1104,0.08433236842105266
1105,0.056793368421052634
1106,-0.0525828596491228
1107,0.293231
1108,-0.02941033333333335
1109,0.274103298245614
1110,-0.11521442982456141
1111,0.05943468421052631
1112,0.13406434210526316
1113,0.1614961140350877
1114,-0.0507992280701754
1115,-0.12027292982456138
1116,0.288991201754386
1117,-0.06146200877192981
1118,-0.0694005701754386
1119,0.2705214561403509
1120,0.14229044736842106
1121,0.08237328947368425
1122,-0.13515106140350874
1123,-0.06069200877192982
1124,-0.001481482456140332
1125,-0.012387947368421064
1126,0.06240739473684211
1127,0.12814814035087718
1128,0.02348440350877194
1129,0.10286549122807018
1130,0.12820664035087723
1131,-0.16490254385964914
1132,-0.00444442982456138
1133,0.08143278947368422
1134,-0.07298247368421053
1135,-0.17465401754385962
1136,0.039200798245614024
1137,-0.08969298245614037
1138,0.10674465789473686
1139,0.008523403508771916
1140,-0.2087670438596491
1141,-0.06832848245614036
1142,-0.00633529824561401
1143,0.044415192982456136
1144,-0.12973196491228067
1145,0.10523393859649122
1146,-0.21432749122807018
1147,-0.1286111052631579
1148,-0.04627194736842104
1149,0.10198832456140354
1150,-0.20318713157894738
1151,0.1141666403508772
1152,0.011345017543859625
1153,-0.0767495087719298
1154,0.029975640350877197
1155,-0.09846005263157896
1156,0.08450778070175438
1157,0.0747612192982456
1158,0.07874757017543858
1159,0.0558625701754386
1160,-0.07092104385964913
1161,-0.04995127192982457
1162,-0.09878652631578945
1163,0.0015156315789473431
1164,0.23069200877192983
1165,0.0964376140350877
1166,-0.17785577192982452
1167,0.07761208771929826
1168,0.15167155263157897
1169,-0.025492184210526337
1170,-0.037694947368421036
1171,0.05409843859649124
1172,0.013162763157894733
1173,-0.24858673684210528
1174,0.10897657894736842
1175,-0.06978556140350879
1176,0.07993666666666666
1177,-0.038942491228070204
1178,-0.05116958771929824
1179,0.1265984385964912
1180,0.01323100877192983
1181,-0.02670080701754385
1182,0.24066764912280697
1183,-0.018913271929824546
1184,-0.10593080701754383
1185,-0.09868420175438597
1186,0.0341812807017544
1187,-0.10054579824561401
1188,-0.0840156052631579
1189,-0.14622320175438594
1190,-0.10686159649122805
1191,-0.0387865350877193
1192,0.03521442982456141
1193,0.026115982456140354
1194,-0.02330896491228071
1195,-0.07006335087719298
1196,0.040267999999999964
1197,-0.06080898245614036
1198,-0.1843762105263158
1199,0.029249499999999987
1200,-0.10280701754385968
1201,0.13341616666666667
1202,-0.09118421052631577
1203,0.00705654385964913
1204,0.0014424736842105533
1205,-0.07977094736842104
1206,-0.051155008771929814
1207,0.07548247368421053
1208,-0.06790935087719298
1209,-0.11707602631578946
1210,-0.055623789473684196
1211,-0.13341617543859646
1212,-0.04442009649122807
1213,0.09050685087719297
1214,0.0503265
1215,-0.1646247543859649
1216,0.18196881578947371
1217,-0.07451756140350878
1218,-0.1187816842105263
1219,-0.10691034210526315
1220,0.15948830701754388
1221,-0.09288985964912282
1222,-0.06784600877192981
1223,-0.15325047368421052
1224,-0.09913744736842103
1225,0.007183254385964922
1226,-0.08141814035087719
1227,0.11926901754385963
1228,-0.050433701754385975
1229,0.01950778947368424
1230,0.10366961403508773
1231,-0.09382552631578948
1232,0.22344054385964915
1233,0.04169592105263159
1234,0.033523421052631584
1235,0.2121734649122807
1236,0.03745613157894736
1237,0.20872319298245615
1238,0.1585477456140351
1239,0.012651096491228074
1240,-0.00520464035087721
1241,-0.024805043859649135
1242,0.07227579824561406
1243,0.02269488596491229
1244,0.01832359649122808
1245,0.058893780701754384
1246,0.23332845614035086
1247,-0.051695894736842114
1248,0.028961991228070166
1249,-0.20657894736842106
1250,0.11151068421052632
1251,0.1434795614035088
1252,-0.008538017543859645
1253,0.05399120175438592
1254,-0.041276807017543854
1255,-0.025677421052631565
1256,-0.07318225438596487
1257,0.09237821929824563
1258,-0.0741812894736842
1259,0.04560914912280699
1260,-0.10432262280701754
1261,0.04292883333333335
1262,0.0918957105263158
1263,0.09653020175438598
1264,-0.02928849999999999
1265,-0.077563350877193
1266,0.010277807017543836
1267,-0.08859648245614034
1268,-0.0907017192982456
1269,0.002241692982456134
1270,-0.055004894736842086
1271,0.019049736842105272
1272,0.036077000000000005
1273,0.03361112280701756
1274,0.01362571052631577
1275,0.11671050877192983
1276,-0.01688599122807017
1277,0.02012181578947369
1278,-0.13295320175438596
1279,0.047651070175438626
1280,-0.06154480701754384
1281,-0.12214910526315789
1282,0.09941031578947368
1283,-0.10849414035087719
1284,0.21613546491228072
1285,0.10608675438596489
1286,0.02573587719298245
1287,-0.2610429035087719
1288,0.040896684210526335
1289,0.14287037719298243
1290,-0.042363570175438583
1291,0.11428847368421052
1292,-0.061885982456140354
1293,0.18111110526315788
1294,0.057914263157894726
1295,-0.03103798245614033
1296,0.014205675438596504
1297,-0.0797758421052632
1298,0.07249514035087716
1299,0.031759271929824515
1300,-0.08648634210526315
1301,0.10006333333333335
1302,-0.011671552631578952
1303,0.04963937719298245
1304,0.036866464912280704
1305,-0.06130600877192983
1306,0.0008479473684210461
1307,-0.1309308245614035
1308,-0.09214424561403509
1309,-0.06399124561403509
1310,-0.032626701754385964
1311,-0.05538009649122809
1312,0.17226119298245618
1313,-0.12001947368421052
1314,0.20335282456140352
1315,-0.029074043859649113
1316,-0.0011159736842105198
1317,0.135453201754386
1318,-0.020750508771929826
1319,0.09872319298245615
1320,0.06023879824561407
1321,0.009566298245614058
1322,0.18926902631578948
1323,-0.06729041228070175
1324,-0.04222222807017546
1325,-0.11144248245614033
1326,-0.044025333333333326
1327,-0.08547270175438598
1328,-0.07766571929824562
1329,0.1942251140350877
1330,-0.12169103508771931
1331,0.11783139473684212
1332,0.07492199122807018
1333,-0.19800683333333333
1334,-0.08250488596491228
1335,0.0569785701754386
1336,0.04263646491228071
1337,-0.049439561403508754
1338,0.028036017543859648
1339,-0.08289959649122806
1340,-0.0920760350877193
1341,-0.03125241228070177
1342,-0.07193470175438595
1343,0.08830407894736844
1344,-0.13235380701754385
1345,-0.019507807017543833
1346,0.09615985087719299
1347,0.04522903508771931
1348,0.1870224298245614
1349,-0.15482942982456138
1350,0.19096003508771933
1351,0.01818714035087721
1352,-0.09645709649122805
1353,-0.04437135087719297
1354,0.20888887719298238
1355,-0.037797245614035066
1356,0.11571637719298246
1357,0.0739424912280702
1358,0.0024269122807017603
1359,0.14275341228070174
1360,-0.05529726315789475
1361,-0.024678368421052636
1362,0.04414720175438597
1363,-0.06881090350877195
1364,0.06649122807017545
1365,-0.21055557017543855
1366,-0.0665643245614035
1367,-0.15879628947368418
1368,-0.06848927192982454
1369,-0.1255360789473684
1370,0.1663888596491228
1371,-0.060307017543859656
1372,-0.05314816666666663
1373,0.2135526140350877
1374,-0.10814327192982456
1375,-0.04236357017543859
1376,0.20123779824561402
1377,0.12123781578947364
1378,-0.10917639473684208
1379,0.06483430701754385
1380,-0.1946052543859649
1381,0.04922028947368419
1382,-0.08583334210526317
1383,-0.005609157894736848
1384,-0.06746101754385964
1385,0.09656433333333334
1386,0.08277291228070176
1387,0.14137428947368422
1388,0.013036061403508752
1389,0.064498052631579
1390,0.07246586842105265
1391,-0.17888887719298244
1392,0.07033139473684209
1393,-0.05862573684210526
1394,0.012543850877192985
1395,0.05866957894736842
1396,0.09153994736842105
1397,0.0496393684210526
1398,0.006330394736842119
1399,0.03901073684210525
1400,-0.013684228070175442
1401,0.06094052631578947
1402,0.16705655263157895
1403,-0.1479532192982456
1404,0.021447342105263178
1405,0.06359647368421054
1406,0.047090657894736834
1407,-0.015506807017543846
1408,0.32365985964912275
1409,0.005516543859649126
1410,0.12424953508771933
1411,-0.15502923684210526
1412,0.12300197368421055
1413,0.04822122807017543
1414,-0.07465887719298245
1415,0.03952728070175436
1416,-0.07118422807017544
1417,-0.12044831578947368
1418,0.02293861403508773
1419,0.030506842105263145
1420,-0.03511695614035089
1421,0.03589668421052634
1422,0.02870371929824565
1423,-0.2074366403508772
1424,-0.005677412280701744
1425,-0.04991225438596491
1426,0.010677394736842115
1427,-0.12189571052631577
1428,0.08229046491228073
1429,-0.09140839473684212
1430,0.10913252631578944
1431,0.02265103508771929
1432,0.008114017543859675
1433,0.3114620263157895
1434,0.1476218157894737
1435,-0.06758285964912282
1436,0.17882552631578943
1437,-0.14355263157894738
1438,-0.05210527192982456
1439,-0.1284795438596491
1440,-0.1724512456140351
1441,0.12396199122807018
1442,-0.09603313157894737
1443,-0.13296294736842104
1444,-0.09514619298245611
1445,0.04632067543859649
1446,-0.0867446403508772
1447,-0.07580898245614033
1448,0.08573098245614033
1449,0.002153991228070184
1450,0.2659064298245614
1451,0.22245614035087719
1452,-0.06285577192982456
1453,0.023001956140350884
1454,-0.004770982456140348
1455,-0.15273876315789472
1456,0.21242202631578946
1457,-0.1345175438596491
1458,0.2522465964912281
1459,0.04513158771929824
1460,0.3351559561403509
1461,0.04500974561403509
1462,-0.02064324561403507
1463,0.04490251754385965
1464,0.11524365789473683
1465,0.046788491228070155
1466,0.016812850877192982
1467,-0.2146588684210526
1468,-0.08927386842105264
1469,0.02344054385964914
1470,0.12991712280701756
1471,0.04849415789473684
1472,0.13188594736842105
1473,-0.18497074561403506
1474,0.25641813157894733
1475,-0.015740745614035087
1476,0.07540447368421051
1477,0.004278745614035091
1478,0.1277728859649123
1479,0.10893277192982455
1480,0.01812862280701752
1481,-0.05320175438596491
1482,-0.10545809649122806
1483,0.015199780701754394
1484,-0.033932754385964915
1485,0.07573104385964913
1486,0.016457105263157894
1487,-0.04443957894736842
1488,-0.03224171929824561
1489,-0.07000485964912281
1490,-0.027987342105263144
1491,-0.23672514912280707
1492,-0.16548730701754388
1493,-0.02042399122807016
1494,0.04576023684210526
1495,-0.04153507894736842
1496,-0.22137912280701758
1497,-0.030438605263157874
1498,-0.0809113157894737
1499,0.07275827192982458
1500,-0.002300157894736833
1501,0.009122807017543874
1502,-0.05959552631578946
1503,-0.02058966666666665
1504,-0.02014621929824561
1505,-0.04826993859649118
1506,-0.04662280701754385
1507,-0.04733917543859649
1508,0.0658966842105263
1509,0.06502924561403507
1510,-0.12936159649122805
1511,0.11276316666666668
1512,-0.11328945614035087
1513,0.03200292982456142
1514,-0.11915691228070177
1515,0.13097951754385964
1516,0.022007815789473667
1517,-0.036773885964912274
1518,0.10211014035087723
1519,0.21059452631578948
1520,-0.043162763157894704
1521,-0.10632552631578948
1522,0.15577486842105262
1523,-0.17072611403508772
1524,-0.09218323684210529
1525,-0.004064333333333345
1526,0.03089180701754388
1527,-0.14002922807017543
1528,0.21686645614035088
1529,-0.04438110526315788
1530,-0.01401073684210526
1531,-0.012558464912280708
1532,-0.07596492982456139
1533,0.059444464912280705
1534,0.026608166666666665
1535,0.12058479824561404
1536,0.038162798245614034
1537,0.22076998245614035
1538,-0.06862085964912279
1539,-0.01717835087719296
1540,-0.04932262280701758
1541,0.027772903508771905
1542,-0.05510235087719296
1543,-0.014278763157894716
1544,0.0014961228070175553
1545,0.29650584210526315
1546,0.07944442105263158
1547,-0.08365497368421053
1548,0.08797756140350875
1549,0.06514619298245614
1550,-0.09324075438596488
1551,0.07763159649122808
1552,-0.11018517543859649
1553,0.2115204561403509
1554,0.014049736842105268
1555,-0.12601849999999998
1556,-0.08492201754385965
1557,-0.2210575087719298
1558,-0.04399606140350877
1559,-0.05193471052631579
1560,0.02842590350877196
1561,0.05081382456140353
1562,0.04330409649122808
1563,-0.130570149122807
1564,-0.23140352631578948
1565,0.12182746491228069
1566,0.0977339298245614
1567,-0.12334792982456139
1568,0.31263159649122807
1569,-0.01306531578947367
1570,-0.15926900000000002
1571,-0.2432407631578947
1572,0.12444932456140345
1573,-0.069566298245614
1574,0.0021686140350877293
1575,-0.13187621052631582
1576,-0.007943508771929824
1577,0.10502927192982456
1578,-0.04002438596491228
1579,-0.013572114035087705
1580,0.1748440263157895
1581,-0.1630604210526316
1582,0.1927144210526316
1583,0.08365983333333334
1584,-0.1537670614035088
1585,0.004707596491228065
1586,-0.12113548245614032
1587,-0.005380105263157891
1588,-0.2113303947368421
1589,0.045048728070175424
1590,-0.1655117105263158
1591,0.14691518421052632
1592,-0.12923491228070172
1593,-0.10237328070175443
1594,0.09230993859649121
1595,0.01461015789473684
1596,0.15302144736842105
1597,0.07808479824561405
1598,-0.05176414035087718
1599,-0.018523438596491228
1600,0.0595662807017544
1601,-0.052923973684210514
1602,-0.05518519298245614
1603,-0.25906921052631576
1604,0.051544833333333345
1605,-0.12760721929824564
1606,-0.10786546491228069
1607,0.03426414912280703
1608,-0.03757310526315791
1609,0.15145709649122807
1610,0.05476609649122807
1611,0.1843859649122807
1612,-0.06013158771929822
1613,0.10282650877192981
1614,-0.08706628947368422
1615,0.02172514912280703
1616,-0.04706138596491228
1617,-0.02733430701754386
1618,0.0379044649122807
1619,0.07558967543859647
1620,0.08862085964912281
1621,-0.017870368421052614
1622,-0.12257797368421049
1623,-0.0033966842105263018
1624,-0.07183235087719299
1625,0.014741719298245607
1626,-0.07940547368421053
1627,0.01549221052631581
1628,-0.11038984210526313
1629,-0.06547271929824561
1630,-0.08009258771929822
1631,0.20128656140350876
1632,0.22388398245614033
1633,-0.21120368421052635
1634,-0.04484892105263159
1635,-0.0447904561403509
1636,0.1937280789473684
1637,0.08687621052631578
1638,0.08886452631578949
1639,-0.0991374298245614
1640,0.005740754385964918
1641,0.028308964912280698
1642,0.03210035964912283
1643,-0.23281187719298246
1644,0.19146199122807017
1645,-0.20374757017543857
1646,0.025662780701754376
1647,0.06006820175438599
1648,-0.06642786842105261
1649,0.22388402631578946
1650,-0.12394738596491225
1651,-0.2417689736842105
1652,0.038523394736842104
1653,0.1780652894736842
1654,-0.009264140350877201
1655,0.0736647192982456
1656,0.04684697368421052
1657,0.01303605263157895
1658,0.062412307017543876
1659,-0.19925437719298247
1660,-0.018050675438596498
1661,-0.09631093859649123
1662,0.2861598245614035
1663,0.06477094736842107
1664,0.11068227192982454
1665,0.23597465789473687
1666,0.0404775789473684
1667,-0.07382066666666666
1668,0.13362572807017548
1669,-0.05869885087719298
1670,-0.12927878070175441
1671,-0.05370369298245613
1672,0.05607699999999999
1673,0.06837719298245613
1674,0.0036501140350877364
1675,0.11985865789473685
1676,0.19749999999999998
1677,0.02822125438596491
1678,-0.16057506140350877
1679,0.07435185087719297
1680,-0.18348928070175438
1681,0.12241227192982455
1682,0.043235885964912256
1683,-0.02156435087719297
1684,-0.11558479824561402
1685,0.07323585964912281
1686,0.050258315789473686
1687,-0.1143908157894737
1688,0.08815792105263158
1689,-0.0589912192982456
1690,0.029269017543859646
1691,0.06782651754385965
1692,0.057470736842105276
1693,-0.1007797456140351
1694,0.1934990438596491
1695,0.15224659649122807
1696,0.06045320175438597
1697,-0.14711013157894737
1698,0.09301168421052627
1699,-0.1270614298245614
1700,-0.12646196491228073
1701,0.028464921052631577
1702,0.054697850877193005
1703,0.017797271929824575
1704,-0.06972707894736842
1705,-0.195955149122807
1706,0.034965894736842106
1707,0.08463450877192982
1708,-0.10787525438596486
1709,-0.001515587719298217
1710,0.020794350877192974
1711,-0.04598439473684211
1712,-0.13447855263157893
1713,-0.04812866666666665
1714,-0.046057499999999994
1715,0.020672526315789436
1716,-0.23573099122807015
1717,0.03159843859649123
1718,0.0072612368421052405
1719,0.005321631578947377
1720,0.1628460087719298
1721,-0.03359648245614037
1722,0.1515399649122807
1723,-0.04933237719298249
1724,0.06546295614035084
1725,-0.03336741228070178
1726,-0.09633528947368418
1727,0.16235865789473686
1728,-0.19390835087719296
1729,-0.18986842105263158
1730,-0.0790204736842105
1731,-0.09278265789473684
1732,0.20195419298245615
1733,0.02131579824561405
1734,0.05148148245614037
1735,0.08240250877192984
1736,-0.05482454385964911
1737,0.08895221929824557
1738,-0.024429798245614042
1739,-0.22456627192982456
1740,-0.2826997982456141
1741,-0.08534599122807017
1742,-0.017977578947368435
1743,0.13827484210526314
1744,-0.07494636842105262
1745,0.03330896491228072
1746,0.02045321929824564
1747,0.0011549649122806788
1748,-0.18141810526315785
1749,0.17072124561403504
1750,0.12403512280701756
1751,0.21321148245614033
1752,-0.1689229912280702
1753,-0.17262186842105262
1754,-0.060087701754385936
1755,-0.13559455263157894
1756,-0.12394250877192982
1757,-0.2775731052631579
1758,0.0011208596491227968
1759,-0.036418114035087705
1760,-0.15123294736842108
1761,0.23793859649122806
1762,-0.21092594736842105
1763,-0.08080892105263153
1764,0.3294006052631579
1765,0.019917149122807
1766,0.14703703508771931
1767,-0.10777778070175437
1768,0.1746345263157895
1769,0.005253385964912286
1770,0.024702710526315775
1771,0.22384013157894736
1772,0.014088692982456127
1773,-0.09700778070175438
1774,0.26431288596491226
1775,-0.01314330701754387
1776,-0.09697368421052632
1777,0.06578457017543861
1778,0.19595026315789477
1779,-0.1403021666666667
1780,-0.10287522807017542
1781,-0.0955068245614035
1782,0.17746100877192986
1783,0.02545320175438599
1784,0.12079433333333331
1785,0.07674467543859648
1786,0.06913255263157897
1787,-0.015955149122807
1788,-0.12628167543859647
1789,-0.1548245526315789
1790,0.032855728070175456
1791,0.2417494912280702
1792,0.15150098245614035
1793,0.24137915789473685
1794,0.025779701754385976
1795,0.05377679824561403
1796,-0.03519491228070175
1797,0.09934212280701754
1798,0.23958090350877193
1799,0.216052649122807
1800,0.03152046491228069
1801,-0.04834795614035087
1802,0.035769964912280704
1803,0.016471745614035083
1804,0.22445904385964913
1805,0.018884008771929833
1806,0.06936646491228068
1807,0.09455651754385964
1808,0.06410334210526314
1809,-0.05535577192982455
1810,0.19209551754385967
1811,0.022777798245614066
1812,0.12817739473684212
1813,0.05566277192982455
1814,0.1971685964912281
1815,0.011608175438596484
1816,-0.03747562280701753
1817,0.038157885964912264
1818,-0.052699807017543863
1819,0.03353801754385967
1820,-0.18932260526315792
1821,-0.09104776315789473
1822,-6.820175438595009e-05
1823,-0.1703752280701754
1824,0.25198831578947367
1825,0.15040448245614033
1826,0.23997077192982452
1827,-0.22894736842105262
1828,-0.02256334210526317
1829,-0.05140835964912279
1830,0.0788499210526316
1831,-0.0953654912280702
1832,0.04379629824561406
1833,0.024278763157894737
1834,0.045614035087719294
1835,-0.11585285087719299
1836,0.012324535087719288
1837,-0.08089670175438597
1838,-0.10757795614035089
1839,0.2630360526315789
1840,0.0004970614035087736
1841,-0.10618421929824559
1842,-0.043562368421052614
1843,0.10113545614035091
1844,-0.03323099122807018
1845,-0.13989764912280697
1846,-0.12124755263157891
1847,0.1023732807017544
1848,-0.25456627192982456
1849,-0.08724171052631577
1850,-0.030818701754385957
1851,0.09944448245614036
1852,-0.07268030701754387
1853,-0.18486839473684208
1854,-0.06931774561403507
1855,0.14775826315789475
1856,0.05464913157894738
1857,0.08101850877192983
1858,-0.1134405350877193
1859,-0.09481970175438596
1860,-0.10526801754385967
1861,0.03896196491228071
1862,-0.14908871052631578
1863,0.10190057017543859
1864,0.025526315789473702
1865,-0.028016614035087734
1866,-0.04077972807017543
1867,-0.031583798245614005
1868,-0.19344540350877193
1869,0.013343105263157889
1870,0.2780701578947369
1871,-0.006530210526315779
1872,-0.08480507017543859
1873,0.013021429824561401
1874,-0.17425927192982454
1875,0.057641315789473714
1876,0.07965885964912282
1877,0.11351362280701753
1878,0.04224172807017544
1879,0.07613062280701752
1880,0.010024368421052634
1881,-0.019468807017543846
1882,-0.03057015789473685
1883,0.022071149122807027
1884,0.1326657105263158
1885,0.12519983333333334
1886,0.10233919298245614
1887,0.045277798245614044
1888,-0.045843078947368394
1889,0.04461012280701754
1890,0.06937623684210525
1891,-0.0757358596491228
1892,-0.09782164035087719
1893,0.14830898245614035
1894,0.2023148157894737
1895,0.058806043859649125
1896,-0.19645225438596492
1897,-0.06826998245614033
1898,-0.03889863157894735
1899,-0.014078947368421045
1900,-0.003654999999999999
1901,-0.011432745614035079
1902,0.22052630701754386
1903,-0.12609160526315788
1904,-0.17702730701754388
1905,0.06291909649122808
1906,-0.21454190350877192
1907,-0.08186646491228068
1908,-0.0733966754385965
1909,-0.12566277192982458
1910,-0.11156920175438596
1911,-0.0004532280701754137
1912,-0.019556570175438617
1913,-0.01919103508771929
1914,-0.0736939736842105
1915,0.08932749122807015
1916,-0.1492251666666667
1917,0.082012649122807
1918,0.20903505263157895
1919,-0.10904482456140349
1920,0.08544346491228069
1921,0.20976120175438595
1922,-0.01831387719298244
1923,-0.06879631578947368
1924,0.03452241228070174
1925,0.06297269298245615
1926,0.09896194736842105
1927,0.03595517543859651
1928,-0.06821638596491227
1929,-0.06468813157894739
1930,-0.09239277192982455
1931,0.010404491228070167
1932,-0.15158867543859647
1933,0.051154964912280686
1934,-0.05280212280701754
1935,0.11133040350877192
1936,0.2577193070175438
1937,0.08525826315789474
1938,0.08693470175438596
1939,-0.0317982543859649
1940,-0.103620850877193
1941,-0.24461991228070173
1942,0.15742200877192986
1943,-0.04346980701754386
1944,-0.1890204385964912
1945,-0.0687280701754386
1946,0.13188593859649123
1947,-0.0772758245614035
1948,-0.15137428070175438
1949,-0.1131822807017544
1950,-0.022368447368421047
1951,0.14509745614035086
1952,-0.18326021052631578
1953,0.23027773684210529
1954,0.03173978070175437
1955,0.12840644736842105
1956,-0.08471249999999998
1957,-0.19796781578947367
1958,0.02570176315789475
1959,-0.009551666666666694
1960,0.020190078947368403
1961,0.08976607894736845
1962,-0.11343083333333333
1963,-0.04663256140350878
1964,-0.15955652631578948
1965,0.02013645614035084
1966,-0.07719784210526315
1967,-0.04222220175438595
1968,0.024035087719298253
1969,-0.12242692982456137
1970,-0.17721246491228068
1971,0.26922514912280704
1972,0.09405946491228069
1973,-0.1276852192982456
1974,-0.1838694035087719
1975,-0.07723197368421049
1976,-0.06506335087719298
1977,-0.043294350877193
1978,0.03392301754385967
1979,0.13671050877192975
1980,-0.16418129824561403
1981,-0.03493664035087716
1982,-0.05883528070175439
1983,-0.053918140350877206
1984,-0.05122807894736845
1985,0.09056042105263157
1986,0.027919122807017555
1987,0.10459064912280704
1988,-0.14474657894736842
1989,-0.0039035175438596526
1990,-0.007290447368421084
1991,0.24557991228070178
1992,-0.1516276754385965
1993,0.004454175438596497
1994,0.07122800877192981
1995,-0.161276798245614
1996,0.21807016666666665
1997,-0.10884991228070175
1998,-0.13892785964912283
1999,-0.11749513157894736
2000,-0.11207109649122804
2001,-0.11973683333333333
2002,0.05882066666666668
2003,0.05515592982456139
2004,0.1809210701754386
2005,-0.11114035964912276
2006,0.0911647192982456
2007,0.17419587719298246
2008,-0.15569687719298245
2009,-0.2268128245614035
2010,-0.1739717192982456
2011,-0.059878157894736835
2012,-0.15120856140350877
2013,-0.12899124561403508
2014,-0.02923001754385965
2015,0.1774561403508772
2016,0.12937621052631576
2017,-0.0310428596491228
2018,-0.11767054385964912
2019,0.05474659649122808
2020,0.014191026315789506
2021,-0.05326509649122806
2022,0.12921541228070174
2023,0.06522902631578946
2024,-0.23255362280701752
2025,-0.28768029824561403
2026,0.039327491228070166
2027,0.1344152192982456
2028,-0.12778752631578946
2029,0.07854285964912282
2030,0.1346539912280702
2031,-0.22137914035087716
2032,0.17029729824561401
2033,-0.262197850877193
2034,-0.11293862280701755
2035,-0.19947368421052633
2036,-0.03439571052631577
2037,0.12081382456140355
2038,0.05834794736842103
2039,-0.10313349122807014
2040,-0.1880019561403509
2041,0.01064325438596493
2042,-0.23983918421052627
2043,0.09697856140350877
2044,0.05678849999999999
2045,0.1533820614035087
2046,-0.14897662280701754
2047,-0.10447856140350875
2048,-0.0025731052631578913
2049,-0.09698342982456139
2050,-0.05398633333333332
2051,-0.0913498947368421
2052,0.1257456140350877
2053,0.14894736842105263
2054,0.02461012280701756
2055,0.15928851754385964
2056,-0.02278265789473682
2057,-0.05988790350877193
2058,-0.054171543859649084
2059,0.016793377192982437
2060,-0.03258771929824562
2061,0.008479517543859637
2062,-0.06464423684210525
2063,-0.17942980701754388
2064,-0.21638887719298244
2065,0.10615985087719297
2066,0.039975631578947374
2067,0.2779678245614035
2068,0.26072614035087716
2069,-0.042037052631578954
2070,-0.005214429824561375
2071,-0.02088205263157894
2072,-0.016461973684210516
2073,-0.19024853508771924
2074,-0.26763642982456143
2075,0.1849463859649123
2076,-0.06283624561403507
2077,-0.1768469649122807
2078,0.026642324561403516
2079,0.13189570175438597
2080,-0.20959552631578945
2081,-0.13573099122807017
2082,-0.08560428947368419
2083,0.02442008771929824
2084,-0.012660824561403515
2085,-0.1410428421052632
2086,-0.1371832192982456
2087,-0.03481968421052636
2088,0.09139377192982455
2089,-0.03060430701754385
2090,0.0025487368421052703
2091,-0.08694444736842105
2092,-0.04454678947368423
2093,-0.015292385964912277
2094,0.0454239912280702
2095,0.1702339210526316
2096,0.011047763157894745
2097,-0.1132212192982456
2098,0.06331869298245617
2099,0.11681285087719297
2100,0.023898640350877194
2101,-0.1316422894736842
2102,-0.07284601754385966
2103,-0.10496100877192982
2104,0.026773877192982454
2105,0.09243176315789475
2106,-0.17911307894736841
2107,-0.02293371052631579
2108,7.797368421054513e-05
2109,0.023469780701754386
2110,-0.07790448245614036
2111,-0.024800201754385978
2112,0.07766083333333333
2113,-0.013884026315789458
2114,0.16051657017543855
2115,-0.11211499122807016
2116,0.09974171052631577
2117,-0.05016567543859648
2118,-0.18577485087719298
2119,0.03477579824561403
2120,-0.21156432456140348
2121,-0.08841134210526316
2122,0.0012962894736841797
2123,0.2964668771929825
2124,-0.027831412280701764
2125,-0.13032647368421052
2126,-0.1013011842105263
2127,-0.014434719298245621
2128,0.12626215789473688
2129,0.03314327192982456
2130,-0.091505850877193
2131,-0.0006530175438596429
2132,-0.13564327192982456
2133,0.012115035087719273
2134,-0.021364526315789466
2135,0.1424658771929824
2136,0.07850392105263156
2137,-0.04758284210526315
2138,-0.058718324561403495
2139,0.23044348245614032
2140,-0.06161793859649121
2141,-0.21528265789473683
2142,-0.2305994210526316
2143,-0.03815789473684211
2144,-0.09769493859649124
2145,0.20394249999999997
2146,-0.020155921052631573
2147,0.06920080701754386
2148,0.21610135087719295
2149,0.14256822807017544
2150,-0.0331530438596491
2151,-0.111890850877193
2152,0.14251947368421053
2153,0.2656237894736842
2154,0.028250464912280688
2155,0.1166081929824561
2156,-0.038547763157894724
2157,0.013411289473684243
2158,-0.05143274561403505
2159,-0.027231964912280696
2160,-0.054522438596491224
2161,-0.15997562280701755
2162,0.08303119298245616
2163,0.02099904385964913
2164,0.08783140350877196
2165,0.15528750877192982
2166,0.029922017543859668
2167,-0.012227105263157862
2168,0.030409342105263155
2169,0.1989376403508772
2170,0.021120877192982473
2171,-0.10947367543859647
2172,-0.03751949999999998
2173,0.021973675438596508
2174,-0.0815838157894737
2175,0.10670078947368422
2176,0.10079922807017544
2177,-0.1425731140350877
2178,0.04406918421052632
2179,0.07341619298245614
2180,0.16860136842105264
2181,0.013391815789473712
2182,-0.12916670175438597
2183,0.1224951403508772
2184,-0.10524365789473683
2185,-0.1332455789473684
2186,0.26335770175438594
2187,0.20767544736842106
2188,-0.13267055263157898
2189,-0.004878157894736834
2190,0.16198829824561406
2191,-0.04992203508771929
2192,-0.05583819298245616
2193,-0.042719298245614004
2194,0.0048538245614034746
2195,-0.07754872807017543
2196,0.05075534210526315
2197,0.012543859649122798
2198,-0.033883999999999984
2199,0.047290491228070185
2200,-0.11113546491228068
2201,0.08559940350877193
2202,-0.042982438596491215
2203,0.1144200614035088
2204,-0.0037719385964912113
2205,-0.13737328070175436
2206,0.01937135964912281
2207,0.03420077192982455
2208,-0.01668127192982456
2209,0.012768052631578956
2210,0.0696247543859649
2211,0.11933721929824562
2212,0.29518028947368424
2213,0.033957131578947364
2214,-0.16595027192982456
2215,0.0753313947368421
2216,-0.02641812280701753
2217,-0.1305994210526316
2218,0.18161309649122806
2219,-0.05420078947368421
2220,0.021301175438596495
2221,-0.023903491228070183
2222,-0.0013011842105263266
2223,0.004673517543859649
2224,-0.05001461403508771
2225,-0.08690059649122805
2226,0.1099025350877193
2227,0.0018810877192982618
2228,0.012290482456140353
2229,0.04878168421052629
2230,0.08805070175438595
2231,-0.07343079824561402
2232,0.06640840350877193
2233,-0.16266078070175438
2234,-0.11716861403508771
2235,0.1317885
2236,-0.12446881578947369
2237,-0.009897675438596478
2238,-0.16794833333333337
2239,-0.16691518421052629
2240,0.04632067543859647
2241,0.00893764912280704
2242,-0.048445421052631575
2243,0.24295318421052628
2244,0.06321151754385963
2245,0.0829873245614035
2246,0.08934694736842101
2247,-0.07300196491228073
2248,0.10977095614035086
2249,0.09279727192982457
2250,-0.05545318421052629
2251,0.10348438596491229
2252,-0.075199798245614
2253,0.1874463947368421
2254,-0.07787527192982455
2255,-0.06484404385964912
2256,0.17270954385964912
2257,-0.17195907017543863
2258,0.02922026315789475
2259,-0.12702240350877192
2260,0.08740742105263162
2261,0.04583332456140352
2262,-0.013859622807017554
2263,0.10710036842105261
2264,-0.1895175350877193
2265,0.13621346491228062
2266,-0.14502922807017543
2267,-0.04136938596491229
2268,-0.02965397368421052
2269,0.12336257017543857
2270,-0.06607699122807016
2271,0.0321003859649123
2272,-0.017475614035087718
2273,0.06349415789473685
2274,0.16865983333333331
2275,-0.013109140350877192
2276,-0.024746578947368415
2277,0.1284795263157895
2278,-0.08129630701754383
2279,-0.10315300877192982
2280,0.2980653157894737
2281,0.03375241228070177
2282,-0.03589671052631578
2283,-0.09573585964912279
2284,-0.03342591228070175
2285,0.1896003947368421
2286,0.1306578859649123
2287,0.068718350877193
2288,-0.10653995614035089
2289,0.05015105263157897
2290,-0.007724184210526315
2291,-0.008416192982456123
2292,-0.2312768245614035
2293,0.06730020175438596
2294,0.27954190350877195
2295,-0.023601342105263146
2296,-0.0066276842105263386
2297,0.03571639473684208
2298,-0.0067397631578947365
2299,-0.02344053508771929
2300,0.09576512280701754
2301,-0.16154971052631578
2302,0.007733929824561385
2303,-0.016359614035087712
2304,-0.16494638596491226
2305,-0.044259245614035075
2306,0.07865984210526317
2307,-0.02451266666666665
2308,0.07002921929824564
2309,-0.16067736842105265
2310,0.012743666666666667
2311,-0.13793372807017548
2312,-0.23855263157894735
2313,-0.0010136754385964826
2314,0.13770469298245613
2315,-0.0973976403508772
2316,-0.03423976315789473
2317,-0.029946403508771913
2318,-0.030872307017543853
2319,0.0678703596491228
2320,0.04286549122807014
2321,0.027149122807017544
2322,-0.09961500877192982
2323,-0.09137914912280702
2324,0.016705640350877193
2325,-0.0389181403508772
2326,-0.152178350877193
2327,0.036764122807017546
2328,0.1150926052631579
2329,-0.08554094736842105
2330,-0.046583824561403496
2331,-0.06429823684210524
2332,-0.12354773684210524
2333,-0.010448315789473672
2334,0.20754873684210529
2335,-0.054137412280701736
2336,-0.24254386842105266
2337,0.04255843859649123
2338,-0.09974661403508771
2339,-0.09329435964912285
2340,-0.0752826578947368
2341,0.21466863157894736
2342,0.03883528947368422
2343,-0.06928849122807017
2344,0.013045815789473655
2345,0.0818031140350877
2346,-0.09867444736842101
2347,-0.05809455263157896
2348,-0.20573099122807018
2349,-0.0033577017543859654
2350,-0.22336254385964913
2351,-0.03973197368421053
2352,-0.10703217543859647
2353,0.26003900877192976
2354,-0.12687135087719295
2355,0.011067236842105269
2356,0.16492201754385968
2357,-0.2333771842105263
2358,-0.18575045614035085
2359,-0.16788499122807019
2360,-0.07861113157894736
2361,-0.07620370175438597
2362,0.14140836842105262
2363,0.06614524561403508
2364,0.006803140350877169
2365,-0.13486844736842105
2366,0.1776656842105263
2367,-0.024980508771929803
2368,0.06584309649122806
2369,-0.1512377894736842
2370,0.08662767543859652
2371,-0.056929824561403525
2372,0.1669736578947368
2373,0.195994149122807
2374,0.06936648245614035
2375,-0.07310429824561401
2376,-0.14412280701754385
2377,-0.06238303508771931
2378,-0.0851413245614035
2379,-0.04673000877192981
2380,0.08519980701754383
2381,-0.06066761403508771
2382,-0.030672517543859613
2383,-0.09915691228070177
2384,0.0038888859649122845
2385,-0.18326024561403506
2386,-0.011091605263157906
2387,0.036466868421052595
2388,0.07937622807017546
2389,-0.09916665789473685
2390,-0.08288988596491227
2391,0.24473684210526317
2392,-0.005131578947368405
2393,-0.08201751754385966
2394,-0.1021393947368421
2395,-0.04217350877192983
2396,0.06884501754385965
2397,0.12020464912280703
2398,-0.012665692982456152
2399,-0.13281678070175437
2400,-0.2465886842105263
2401,-0.06895711403508772
2402,-0.01693470175438594
2403,0.07926414035087719
2404,0.3197027280701754
2405,0.3345857631578948
2406,-0.24748535964912277
2407,0.1685185350877193
2408,-0.2127144035087719
2409,-0.12933725438596488
2410,-0.007953228070175435
2411,-0.10488302631578944
2412,-0.14704677192982454
2413,-0.01924465789473681
2414,0.11985376315789475
2415,0.056496096491228054
2416,0.06463449122807018
2417,-0.2287573157894737
2418,0.04683721929824563
2419,-0.24729042982456137
2420,0.1200389736842105
2421,0.02488791228070176
2422,-0.0258138245614035
2423,-0.12139865789473686
2424,-0.021803131578947393
2425,-0.08182262280701753
2426,-0.11876706140350875
2427,0.039668614035087736
2428,0.029624745614035095
2429,-0.07518517543859649
2430,0.09593078070175438
2431,0.2139814824561403
2432,-0.05639378947368421
2433,0.10953702631578947
2434,-0.030823587719298245
2435,0.04045809649122808
2436,0.17082846491228068
2437,-0.1949853684210526
2438,-0.15904971929824563
2439,0.12388401754385968
2440,-0.16383527192982458
2441,-0.1963986140350877
2442,-0.12071150877192982
2443,-0.1004922192982456
2444,0.05400585964912281
2445,-0.030999017543859652
2446,0.03678362280701758
2447,-0.031437605263157885
2448,-0.045419114035087714
2449,-0.12565790350877193
2450,-0.03827484210526316
2451,-0.05068224561403507
2452,-0.0289376140350877
2453,0.009200789473684232
2454,-0.040911307017543835
2455,-0.12259748245614033
2456,0.03831872807017545
2457,0.162563350877193
2458,-0.019351877192982456
2459,0.045950289473684236
2460,0.1379873157894737
2461,-0.039873315789473666
2462,-0.06443469298245613
2463,-0.1067543947368421
2464,-0.03212475438596489
2465,-0.0562670350877193
2466,-0.06702728947368419
2467,0.14054580701754382
2468,-0.1852095263157895
2469,0.13237817543859648
2470,-0.0688742894736842
2471,0.14442984210526313
2472,-0.009965912280701743
2473,0.08781673684210527
2474,0.029035087719298268
2475,0.07120371052631577
2476,0.2379678245614035
2477,-0.10956142105263157
2478,-0.13133041228070175
2479,0.020370403508771947
2480,0.07274364912280701
2481,-0.045497070175438574
2482,0.03990255263157893
2483,0.08333331578947369
2484,0.08846489473684209
2485,-0.04273388596491228
2486,-0.0007845789473683979
2487,0.31245613157894736
2488,0.09470272807017543
2489,-0.019098464912280688
2490,0.10774364035087722
2491,0.08684210526315789
2492,-0.07043859649122806
2493,-0.2633820438596491
2494,-0.07130115789473686
2495,-0.1605068245614035
2496,-0.040287517543859626
2497,-0.22218322807017543
2498,-0.13648635087719296
2499,-0.07475634210526316
2500,-0.007436657894736827
2501,-0.04608672807017543
2502,-0.16317251754385964
2503,0.047509736842105285
2504,-0.18802629824561404
2505,0.10777290350877197
2506,-0.07905456140350879
2507,-0.15612086842105266
2508,-0.12573097368421055
2509,0.03347463157894738
2510,-0.0643567192982456
2511,-0.10729533333333331
2512,-0.0864035
2513,0.05758287719298244
2514,-0.13273879824561402
2515,0.057422017543859664
2516,0.05693467543859648
2517,-0.09068713157894737
2518,0.03591132456140349
2519,0.15949319298245615
2520,-0.06688597368421051
2521,-0.004668614035087723
2522,-0.10050680701754384
2523,-0.026544824561403512
2524,-0.04777778070175437
2525,0.034532192982456154
2526,-0.055999008771929815
2527,0.14212472807017543
2528,-0.13451266666666667
2529,0.14124269298245617
2530,-0.2123781754385965
2531,0.19788987719298246
2532,0.015307008771929809
2533,-0.03708090350877192
2534,0.24872805263157893
2535,-0.012324570175438601
2536,0.14728557894736843
2537,-0.06380116666666666
2538,0.0001023508771929845
2539,-0.11252923684210525
2540,0.26173974561403507
2541,0.01275827192982456
2542,-0.0182456140350877
2543,0.10774855263157895
2544,0.00691522807017544
2545,0.11013646491228073
2546,0.06091618421052634
2547,-0.13604774561403507
2548,0.08032164912280704
2549,0.0001267017543859582
2550,-0.22208091228070176
2551,-0.02605750877192982
2552,-0.06166178947368419
2553,0.023620842105263155
2554,-0.057845982456140345
2555,0.04869883333333331
2556,-0.13865983333333332
2557,-0.2029678684210526
2558,-0.07035572807017543
2559,0.18337719298245614
2560,0.091257350877193
2561,-0.16535573684210525
2562,-0.09488304385964912
2563,0.11870857894736843
2564,-0.26173976315789477
2565,-0.08814815789473682
2566,-0.043898649122807006
2567,0.014171508771929811
2568,0.04217345614035087
2569,-0.12768515789473683
2570,-0.011837228070175463
2571,-0.14245614035087717
2572,0.03546784210526313
2573,0.05301655263157895
2574,-0.08721248245614034
2575,-0.007963008771929814
2576,0.11954190350877188
2577,-0.1794736842105263
2578,-0.12667644736842104
2579,-0.06909358771929823
2580,-0.07316762280701754
2581,-0.1384307894736842
2582,-0.004361587719298253
2583,0.1406627894736842
2584,-0.020160815789473697
2585,-0.03735867543859648
2586,-0.06854774561403508
2587,-0.1779434561403509
2588,0.2652241842105263
2589,0.007475640350877216
2590,-0.15924464912280703
2591,-0.21104288596491227
2592,0.2400097631578947
2593,0.06771442105263155
2594,0.08406433333333332
2595,0.14212963157894737
2596,0.0632992192982456
2597,-0.02403998245614033
2598,0.08653508771929824
2599,0.07075536842105264
2600,-0.05653997368421051
2601,-0.00891810526315788
2602,-0.05915693859649124
2603,-0.11940058771929822
2604,-0.14544345614035087
2605,-0.08264129824561403
2606,0.15304580701754383
2607,-0.015584789473684194
2608,-0.16498049122807018
2609,-0.09964426315789471
2610,-0.1776754298245614
2611,-0.056832368421052604
2612,0.2131676403508772
2613,-0.15853802631578945
2614,-0.044473701754385975
2615,-0.02030701754385965
2616,0.033503912280701736
2617,0.2229532368421053
2618,-0.02033140350877193
2619,0.12842590350877192
2620,-0.07582846491228071
2621,0.022524359649122822
2622,-0.11316275438596489
2623,-0.08947367543859648
2624,0.02179335087719297
2625,-0.008455157894736843
2626,-0.008401543859649111
2627,0.008352824561403528
2628,0.032407377192982444
2629,-0.09833332456140352
2630,-0.2650146052631579
2631,-0.217807
2632,-0.021842114035087724
2633,0.015053614035087717
2634,0.007699780701754384
2635,-0.15476119298245614
2636,-0.13713450877192981
2637,-0.09452243859649123
2638,-0.08096976315789471
2639,-0.02384502631578946
2640,0.11811889473684213
2641,-0.1048879385964912
2642,-0.0032309912280701816
2643,0.03041911403508774
2644,-0.01117445614035087
2645,-0.12311891228070175
2646,-0.13302630701754384
2647,0.12530214912280702
2648,-0.07246589473684209
2649,0.09838694736842106
2650,0.01609648245614036
2651,0.035263175438596465
2652,0.0065448508771929845
2653,-0.11118905263157894
2654,0.17597953508771932
2655,-0.010194938596491232
2656,0.059829421052631594
2657,-0.12631579824561404
2658,-0.12406431578947369
2659,-0.10026801754385968
2660,-0.24483433333333332
2661,0.16523391228070175
2662,-0.09889374561403508
2663,0.06613058771929822
2664,0.16438599122807018
2665,-0.050014614035087716
2666,0.033747587719298255
2667,0.1763450350877193
2668,-0.017665692982456162
2669,0.0032066403508771843
2670,-0.04498538596491225
2671,-0.13486355263157895
2672,-0.0021832280701754346
2673,0.021739754385964906
2674,-0.09941030701754384
2675,0.016608166666666657
2676,-0.012480491228070174
2677,-0.22146685087719295
2678,-0.040151078947368454
2679,0.02238792105263159
2680,0.20355264912280702
2681,0.27646199122807014
2682,-0.10722710526315792
2683,-0.1225243684210526
2684,-0.011588675438596482
2685,-0.07234403508771926
2686,0.21372315789473684
2687,-0.06824559649122805
2688,-0.04506335087719297
2689,0.03130118421052632
2690,-0.1500974561403509
2691,-0.16126708771929824
2692,0.10498539473684208
2693,-0.02289963157894739
2694,-0.06913742105263154
2695,-0.03125243859649123
2696,0.018094543859649113
2697,-0.10934212280701751
2698,-0.13313841228070175
2699,-0.13799220175438598
2700,0.14857212280701754
2701,-0.071437649122807
2702,0.2573099473684211
2703,0.013825552631578962
2704,0.10238305263157893
2705,-0.2026900438596491
2706,-0.1152728947368421
2707,-0.12856236842105262
2708,-0.19122318421052628
2709,0.01033624561403511
2710,-0.12346491228070175
2711,0.05483918421052634
2712,-0.03462476315789475
2713,-0.11509259649122806
2714,-0.05579435087719296
2715,0.06854286842105263
2716,0.26625245614035087
2717,-0.07215890350877191
2718,0.23853800877192985
2719,-0.09379141228070176
2720,0.19501462280701753
2721,-0.020969789473684195
2722,0.24134500877192985
2723,-0.05883528947368419
2724,-0.0037865526315789396
2725,0.27472710526315786
2726,-0.10366473684210525
2727,-0.02849415789473685
2728,-0.008703684210526294
2729,0.15625244736842103
2730,5.358771929823907e-05
2731,-0.04189083333333334
2732,0.012495122807017542
2733,0.10350392105263158
2734,0.015453210526315793
2735,0.10120858771929825
2736,0.07807502631578948
2737,0.1521637456140351
2738,-0.05849901754385964
2739,-0.14160333333333333
2740,0.016023403508771936
2741,-0.27068714035087715
2742,-0.00437137719298247
2743,0.08095517543859651
2744,-0.10699317543859647
2745,-0.054293368421052646
2746,-0.1096588859649123
2747,-0.06493178070175439
2748,-0.009546771929824565
2749,0.03138888596491229
2750,0.0010818684210526363
2751,0.09440057894736842
2752,0.09138401754385965
2753,0.06561401754385966
2754,-0.09594543859649121
2755,0.07381578070175436
2756,-0.008304078947368428
2757,0.03998536842105264
2758,-0.03855751754385966
2759,0.0768031140350877
2760,-0.2628898684210526
2761,-0.1257699736842105
2762,-0.03707599122807014
2763,0.0414327456140351
2764,0.07065791228070174
2765,0.0050877105263158065
2766,-0.12621832456140347
2767,0.03149607017543858
2768,0.08704192105263159
2769,0.0676559736842105
2770,-0.06996101754385964
2771,0.05689570175438599
2772,-0.1439424912280702
2773,-0.04316764912280699
2774,0.011145228070175454
2775,-0.09394248245614033
2776,0.10462961403508775
2777,-0.22897173684210523
2778,-0.0536062543859649
2779,-0.13213936842105262
2780,0.029673464912280734
2781,-0.02354772807017544
2782,-0.1733333596491228
2783,0.06449804385964912
2784,0.09366471929824562
2785,-0.0962962807017544
2786,0.10061406140350877
2787,-0.07079922807017541
2788,0.02232943859649122
2789,0.013942517543859655
2790,-0.08813840350877196
2791,0.005935666666666643
2792,0.0239473596491228
2793,0.0783040789473684
2794,-0.011164736842105253
2795,-0.12509748245614036
2796,0.21187623684210527
2797,0.13167642105263158
2798,-0.09098929824561401
2799,-0.043528263157894716
2800,-0.18391812280701753
2801,0.09322125438596493
2802,0.16250974561403508
2803,0.03423001754385966
2804,-0.0032699736842105266
2805,-0.05889376315789473
2806,-0.23759744736842106
2807,0.03311891228070173
2808,-0.05301169298245612
2809,-0.22703702631578948
2810,-0.03890840350877195
2811,-0.04423976315789475
2812,-0.007202728070175436
2813,0.22436651754385964
2814,-0.06205167543859652
2815,-0.12547759649122808
2816,0.02961014035087721
2817,-0.21564815789473685
2818,0.15459065789473683
2819,-0.13140835087719296
2820,0.12555066666666667
2821,-0.17528264912280703
2822,-0.0717348859649123
2823,-0.256081850877193
2824,-0.056793368421052634
2825,0.08415204385964914
2826,-0.026179359649122796
2827,0.12446883333333335
2828,-0.07310917543859648
2829,-0.11708089473684209
2830,0.14182263157894734
2831,-0.23173976315789468
2832,0.04005849122807018
2833,0.10551656140350876
2834,-0.10265109649122806
2835,0.12115986842105263
2836,-0.03680797368421052
2837,0.0647222105263158
2838,-0.0947953245614035
2839,-0.09046784210526315
2840,0.17385477192982454
2841,0.1515448245614035
2842,-0.0987767894736842
2843,-0.13061402631578947
2844,-0.08487814912280701
2845,0.03361111403508772
2846,0.015882043859649114
2847,-0.21710038596491224
2848,-0.008123763157894736
2849,0.024356728070175422
2850,-0.16211985087719297
2851,0.040911324561403506
2852,0.10522415789473681
2853,-0.019697877192982455
2854,-0.14301169298245614
2855,0.08382065789473683
2856,0.0030312105263157665
2857,0.11440545614035084
2858,0.13696392982456138
2859,-0.14111109649122808
2860,-0.15527292982456137
2861,0.030960026315789507
2862,-0.16876704385964914
2863,-0.0965545789473684
2864,0.07551171052631578
2865,-0.008162736842105252
2866,0.08371831578947365
2867,0.04662280701754388
2868,0.019580894736842127
2869,0.09312864912280698
2870,0.09527778070175437
2871,-0.024113078947368426
2872,-0.22348439473684212
2873,0.0015691842105263433
2874,0.07101364035087716
2875,0.16211987719298246
2876,0.10958088596491229
2877,-0.07478555263157895
2878,0.0007699824561403384
2879,0.03621832456140353
2880,-0.1841812894736842
2881,-0.1670955087719298
2882,0.2800243596491228
2883,-0.01654972807017546
2884,-0.07310428947368423
2885,0.06992691228070176
2886,0.08271442105263158
2887,-0.007397649122807008
2888,0.008845043859649121
2889,-0.014142289473684198
2890,0.10269494736842107
2891,-0.030784578947368395
2892,0.10300193859649122
2893,-0.1396052543859649
2894,-0.1631529912280702
2895,-0.07109162280701756
2896,-0.08943469298245614
2897,0.08499998245614036
2898,0.18498049999999996
2899,-0.033494131578947366
2900,-0.02671538596491228
2901,0.02806041228070179
2902,-0.04265108771929824
2903,0.1142153947368421
2904,0.2181237807017544
2905,-0.2593031403508772
2906,-0.058996105263157884
2907,0.015243666666666668
2908,-0.11189084210526315
2909,-0.031510728070175464
2910,-0.04470273684210526
2911,0.0708869649122807
2912,0.11453214912280703
2913,-0.06780214912280702
2914,-0.055043859649122846
2915,0.08433235087719297
2916,-0.15907894736842104
2917,-0.01942493859649122
2918,0.1513986140350877
2919,0.2083918245614035
2920,-0.07911307017543859
2921,-0.14191033333333333
2922,-0.04544347368421049
2923,-0.1307114912280702
2924,0.09482457017543862
2925,-0.021423000000000015
2926,0.09596002631578948
2927,-0.07633526315789474
2928,-0.14197856140350879
2929,-0.16720759649122807
2930,-0.0666227894736842
2931,0.011408403508771954
2932,0.06550680701754387
2933,-0.05524365789473682
2934,-0.02546784210526318
2935,0.17586743859649123
2936,-0.010760210526315775
2937,0.18934696491228067
2938,0.07262184210526317
2939,0.09303120175438592
2940,0.15750972807017546
2941,0.11550194736842105
2942,0.26000974561403506
2943,0.09630603508771929
2944,-0.03086744736842107
2945,-0.17846489473684213
2946,-0.062129631578947374
2947,0.00349903508771931
2948,-0.18078460526315787
2949,0.11410329824561401
2950,-0.013538008771929818
2951,0.0017543859649123096
2952,-0.035428868421052626
2953,0.13613058771929828
2954,0.02224171052631579
2955,-0.12246591228070176
2956,0.042339157894736815
2957,-0.18639863157894734
2958,0.08751460526315785
2959,0.1003118947368421
2960,0.17759745614035088
2961,-0.0009454210526315881
2962,-0.05238304385964914
2963,0.011189078947368402
2964,0.0838986403508772
2965,0.1203947456140351
2966,0.08139373684210527
2967,-0.15026801754385966
2968,0.04392785964912281
2969,-0.06647172807017544
2970,0.009049710526315792
2971,-0.11837234210526312
2972,-0.14552631578947373
2973,-0.0030847807017544064
2974,-0.08300197368421053
2975,0.08812379824561405
2976,0.0014278771929824706
2977,0.011637429824561422
2978,0.04294832456140353
2979,-0.12620371929824561
2980,0.11275340350877193
2981,-0.02684700877192981
2982,-0.04394735964912281
2983,-0.09304580701754385
2984,-0.0014669035087718977
2985,-0.020068228070175432
2986,-0.007100412280701731
2987,-0.03224657894736844
2988,0.17789960526315787
2989,-0.05957114035087722
2990,-0.039624771929824554
2991,0.05795319298245616
2992,0.24923487719298246
2993,-0.08531676315789473
2994,-0.07828947368421049
2995,-0.06491713157894737
2996,0.025116947368421055
2997,-0.16826510526315788
2998,-0.18190545614035086
2999,0.2581578771929825
3000,0.1263596228070175
3001,0.09864522807017544
3002,0.11015592105263158
3003,-0.127846
3004,-0.09560919298245615
3005,-0.22973685087719298
3006,-0.08467836842105261
3007,0.018279728070175406
3008,-0.2438352543859649
3009,0.02041422807017545
3010,-0.12417153508771929
3011,-0.01994639473684211
3012,0.1390789649122807
3013,0.11912282456140351
3014,0.16426902631578946
3015,0.05799217543859653
3016,-0.057500008771929824
3017,0.04091129824561401
3018,0.2344542105263158
3019,-0.004619894736842112
3020,-0.08804092105263157
3021,0.06084311403508773
3022,-0.06219298245614033
3023,0.006661789473684211
3024,0.08519981578947368
3025,0.0528557456140351
3026,-0.22148635964912283
3027,-0.11118419298245615
3028,-0.1269347192982456
3029,0.009624754385964884
3030,-0.017738833333333325
3031,-0.010404499999999997
3032,0.10496101754385967
3033,-0.17508284210526312
3034,-0.06338207017543859
3035,-0.26875729824561406
3036,-0.008552614035087721
3037,-0.05861599122807019
3038,0.02492203508771931
3039,0.10431770175438597
3040,0.09853314912280701
3041,-0.0014717543859649228
3042,0.008279754385964925
3043,-0.008352833333333342
3044,0.10421542105263158
3045,-0.014268991228070188
3046,-0.04456140350877194
3047,-0.09980993859649122
3048,-0.07223684210526314
3049,-0.07566276315789473
3050,0.18135475438596488
3051,-0.06706627192982455
3052,-0.03842106140350874
3053,-0.03192008771929825
3054,0.06289473684210528
3055,-0.04637916666666666
3056,-0.026481473684210506
3057,0.1577095438596491
3058,0.01155945614035088
3059,0.11400585964912273
3060,-0.04448831578947368
3061,-0.06081383333333332
3062,0.06442008771929823
3063,-0.18647173684210527
3064,0.04409358771929822
3065,0.014483429824561382
3066,0.14659842982456142
3067,-0.2096588596491228
3068,-0.014970780701754376
3069,0.00927388596491229
3070,0.003572114035087717
3071,0.1947319649122807
3072,0.026018543859649156
3073,0.1255847631578947
3074,0.10828946491228066
3075,-0.20143275438596492
3076,0.024936631578947356
3077,-0.0026559122807017573
3078,0.21959552631578952
3079,-0.11096489473684208
3080,0.1769541842105263
3081,0.13219297368421054
3082,0.1560575263157895
3083,0.009239754385964919
3084,-0.11097466666666665
3085,0.21217835087719297
3086,-0.0470321754385965
3087,-0.06788498245614034
3088,-0.10778750877192983
3089,-0.08963939473684208
3090,0.07702239473684214
3091,-0.10232945614035088
3092,-0.1612621842105263
3093,-0.15892301754385965
3094,0.04009746491228071
3095,0.17347467543859652
3096,0.0706871315789474
3097,-0.16919104385964912
3098,0.03133039473684209
3099,0.10672028070175439
3100,-0.0621003947368421
3101,0.16051166666666666
3102,-0.00734403508771932
3103,0.010243675438596504
3104,-0.10911794736842105
3105,-0.18613057017543858
3106,0.06771441228070177
3107,-0.2375195
3108,-0.1403606403508772
3109,0.09612086842105265
3110,-0.03019492105263158
3111,0.18235379824561404
3112,0.042392771929824595
3113,0.03723195614035088
3114,0.07376218421052631
3115,-0.1576218245614035
3116,-0.030667640350877184
3117,0.06114035087719298
3118,-0.0374658859649123
3119,-0.03391813157894737
3120,-0.13466859649122806
3121,-0.30879629824561394
3122,0.12215400877192983
3123,-0.026778736842105258
3124,-0.17305555263157896
3125,0.04418128947368423
3126,0.011798263157894725
3127,0.1298148070175439
3128,-0.05104776315789474
3129,0.010472719298245605
3130,0.0510672456140351
3131,0.01406433333333334
3132,-0.1002192807017544
3133,-0.09078461403508772
3134,-0.06357696491228068
3135,0.13301654385964912
3136,0.12447857017543859
3137,-0.07568714035087719
3138,0.18159840350877193
3139,0.036106219298245625
3140,-0.19704191228070175
3141,0.2354532280701754
3142,-0.009113043859649122
3143,0.1302485
3144,0.1295224385964912
3145,0.04938596491228072
3146,-0.06009255263157896
3147,0.1578557280701754
3148,0.24070176315789477
3149,0.01492200877192984
3150,-0.15537521929824563
3151,-0.0712573245614035
3152,-0.0002290438596491359
3153,0.064917149122807
3154,0.197782649122807
3155,-0.0323635438596491
3156,0.030038991228070182
3157,0.17745614912280705
3158,-0.05035090350877193
3159,-0.0762183245614035
3160,0.1298343333333333
3161,0.11222712280701756
3162,0.1915399473684211
3163,-0.004093552631578933
3164,-0.12014621929824561
3165,-0.129936649122807
3166,-0.04358671929824559
3167,-0.07695906140350878
3168,-0.04368908771929823
3169,-0.046179342105263144
3170,0.23371832456140346
3171,-0.16015107894736838
3172,0.0845126754385965
3173,0.031184210526315804
3174,-0.1946978684210526
3175,0.19184696491228073
3176,-0.11156920175438594
3177,-0.22921539473684208
3178,0.026423026315789497
3179,-0.13161793859649124
3180,0.14565301754385962
3181,-0.1255653245614035
3182,-0.0010672456140350657
3183,0.08661793859649121
3184,0.10771928947368424
3185,0.007504885964912278
3186,-0.0029580789473684366
3187,-0.12898634210526314
3188,0.3527485175438596
3189,0.1352631403508772
3190,-0.11241714912280704
3191,0.1943469210526316
3192,0.2052923947368421
3193,-0.15526802631578948
3194,-0.12989278070175436
3195,0.12585769298245614
3196,-0.019044833333333306
3197,0.08269492105263158
3198,0.04842107017543863
3199,-0.021115982456140336
3200,-0.1112572894736842
3201,0.15208090350877193
3202,-0.046559438596491226
3203,0.12387427192982453
3204,0.023406421052631594
3205,0.16404968421052632
3206,0.06766571929824561
3207,0.040472710526315785
3208,0.220219298245614
3209,0.03861113157894736
3210,-0.15316762280701757
3211,-0.1392738947368421
3212,-0.06313349122807016
3213,-0.0358430789473684
3214,0.023825535087719323
3215,-0.0458187192982456
3216,0.06150583333333332
3217,0.10028267543859642
3218,0.1039522543859649
3219,-0.005477570175438601
3220,0.05772418421052632
3221,-0.006627675438596485
3222,0.032758280701754405
3223,-0.13606235087719296
3224,0.07237816666666666
3225,-0.04226119298245612
3226,0.10470273684210527
3227,0.00011693859649123277
3228,-0.10941034210526317
3229,0.13560427192982458
3230,0.32538012280701756
3231,-0.06518520175438597
3232,0.11813840350877194
3233,0.044960982456140365
3234,-0.07039961403508772
3235,-0.02083819298245614
3236,-0.03943471052631577
3237,0.09541910526315787
3238,0.18972224561403508
3239,0.07519492105263159
3240,-0.10649610526315788
3241,0.039956122807017554
3242,-0.07014134210526317
3243,0.02882065789473685
3244,-0.04588207894736842
3245,-0.0364571403508772
3246,-0.14171052631578948
3247,0.16925440350877194
3248,0.1327095526315789
3249,-0.10076999122807014
3250,0.02282650877192981
3251,-0.1329434736842105
3252,0.05430797368421053
3253,0.11858675438596493
3254,-0.044103315789473685
3255,0.043703719298245604
3256,0.012037078947368444
3257,-0.23182748245614035
3258,0.05320663157894738
3259,0.05349415789473686
3260,0.05708090350877195
3261,0.11090158771929826
3262,-0.09491228070175438
3263,0.0187719210526316
3264,-0.009429807017543868
3265,-0.08654480701754384
3266,-0.05961989473684211
3267,0.11892787719298244
3268,-0.16613542982456145
3269,-0.05389862280701755
3270,0.011637421052631576
3271,-0.20240252631578945
3272,0.14807992982456142
3273,-0.054113052631578965
3274,0.07108673684210524
3275,-0.20105752631578946
3276,-0.07597951754385966
3277,-0.12123292105263157
3278,-0.005214412280701747
3279,-0.1417933684210526
3280,-0.008494166666666669
3281,0.204371350877193
3282,0.009030219298245615
3283,0.23461986842105267
3284,-0.1198440438596491
3285,-0.03224660526315788
3286,0.15551167543859648
3287,-0.014366438596491227
3288,-0.034108175438596504
3289,0.26660331578947366
3290,-0.13817740350877192
3291,0.07106237719298246
3292,-0.27676900877192984
3293,-0.021598438596491226
3294,0.14307507017543852
3295,-0.12369882456140352
3296,-0.11605263157894737
3297,-0.17694931578947368
3298,0.0005019561403508735
3299,-0.2000341140350877
3300,-0.036247561403508766
3301,0.0036062543859648787
3302,0.013654973684210519
3303,-0.0383869298245614
3304,0.07953705263157897
3305,0.09820173684210526
3306,-0.21661307894736845
3307,0.03404481578947368
3308,0.1789230175438596
3309,0.037041903508771935
3310,0.21843565789473682
3311,0.04653021052631581
3312,0.03272415789473686
3313,0.09692497368421055
3314,-0.023854763157894723
3315,0.010409342105263179
3316,-0.11167636842105261
3317,-0.17715400877192983
3318,0.06961987719298247
3319,-0.019624754385964893
3320,0.06367445614035089
3321,0.10242688596491224
3322,-0.052612070175438584
3323,-0.009697842105263161
3324,0.025053614035087733
3325,-0.13397659649122803
3326,0.06311889473684211
3327,-0.13941033333333336
3328,0.0682212456140351
3329,-0.03729532456140352
3330,0.034069201754385985
3331,-0.09469300000000001
3332,0.13560914035087718
3333,0.07092589473684213
3334,0.0550926052631579
3335,0.015935649122807035
3336,-0.10792399122807017
3337,-0.01652534210526314
3338,-0.08968321929824559
3339,-0.0824853947368421
3340,-0.1801803333333333
3341,0.19555554385964913
3342,0.029658833333333353
3343,0.026101368421052637
3344,0.016008763157894734
3345,-0.10579922807017543
3346,-0.06664714912280702
3347,0.11632554385964913
3348,-0.045448359649122805
3349,-0.15007308771929823
3350,0.07159355263157895
3351,-0.11469786842105259
3352,-0.185989298245614
3353,0.1707894912280702
3354,0.0046198771929824665
3355,0.13311890350877195
3356,0.16853313157894734
3357,0.3448732807017544
3358,-0.06898148245614037
3359,0.1017007543859649
3360,0.17548731578947369
3361,0.13862086842105265
3362,0.14124755263157895
3363,-0.06858676315789473
3364,-0.06452725438596492
3365,0.07071637719298246
3366,-0.20523879824561403
3367,0.28943957894736844
3368,-0.028118921052631574
3369,-0.10823586842105265
3370,0.09147172807017546
3371,0.015570157894736831
3372,0.19140347368421048
3373,-0.0767982456140351
3374,0.2593177105263158
3375,-0.049410324561403506
3376,-0.04512184210526316
3377,-0.03239278070175437
3378,-0.13219300877192977
3379,0.1885965087719298
3380,-0.13907408771929824
3381,-0.006398666666666664
3382,-0.02706140350877191
3383,0.09894735964912282
3384,0.06309453508771931
3385,-0.03135966666666666
3386,-0.017002929824561412
3387,0.14874270175438595
3388,-0.09505849122807015
3389,-0.0059161666666666755
3390,0.10102340350877193
3391,-0.1031920087719298
3392,-0.0978362456140351
3393,0.0869395964912281
3394,0.07163741228070175
3395,-0.12702242982456138
3396,-0.18810914912280702
3397,-0.07152051754385964
3398,-0.026998035087719287
3399,-0.06964423684210526
3400,-0.2302777719298246
3401,-0.006890859649122803
3402,0.09189571052631579
3403,-0.024439587719298234
3404,-0.016496087719298225
3405,-0.1879726929824561
3406,-0.0031920175438596536
3407,-0.25825047368421056
3408,-0.08881091228070175
3409,-0.16466373684210528
3410,-0.20200778070175437
3411,0.09133529824561404
3412,0.07318710526315791
3413,0.028528263157894754
3414,-0.02505846491228071
3415,0.016150096491228092
3416,0.05570664912280701
3417,0.21838694736842107
3418,0.2380214385964913
3419,-0.10827970175438596
3420,0.2509990175438596
3421,0.1429093596491228
3422,-0.0817348947368421
3423,-0.09782165789473686
3424,0.17499512280701754
3425,-0.14968326315789476
3426,-0.014088701754385959
3427,-0.06284114035087718
3428,0.05657407894736843
3429,-0.07378656140350875
3430,-0.2972319736842105
3431,-0.05041421929824558
3432,-0.13568226315789472
3433,-0.03697854385964911
3434,0.17170563157894736
3435,0.08230993859649122
3436,-0.22018031578947367
3437,-0.035526315789473684
3438,0.029512701754385993
3439,0.05519005263157896
3440,-0.02579922807017543
3441,-0.06046783333333333
3442,0.08942495614035086
3443,-0.015263149122807006
3444,0.13944443859649122
3445,0.05259260526315788
3446,0.2432310087719298
3447,0.13201265789473685
3448,0.05029728070175438
3449,-0.21415202631578947
3450,-0.052110131578947394
3451,0.1561695789473684
3452,-0.2447709385964912
3453,-0.19099415789473684
3454,-0.09768030701754385
3455,0.23992692105263155
3456,-0.062080903508771886
3457,-0.08592104385964908
3458,0.08568225438596493
3459,0.058815771929824553
3460,0.09345520175438592
3461,-0.024561421052631576
3462,-0.06283137719298244
3463,0.1506773771929825
3464,0.05885480701754385
3465,-0.015443473684210524
3466,-0.1534892719298246
3467,-0.07203215789473683
3468,-0.1306627543859649
3469,-0.09498051754385965
3470,-0.12876705263157895
3471,-0.009293368421052635
3472,0.2076851842105263
3473,-0.16701754385964915
3474,-0.12076511403508772
3475,0.12592105263157896
3476,-0.03307990350877193
3477,0.16031187719298243
3478,0.10470270175438597
3479,0.24986354385964912
3480,0.0805263157894737
3481,-0.09162280701754383
3482,-0.23175435964912283
3483,-0.04139377192982457
3484,-0.24381090350877194
3485,-0.1262134298245614
3486,0.19704190350877193
3487,0.13034114035087718
3488,-0.034878175438596504
3489,-0.12266082456140351
3490,-0.013391798245614036
3491,-0.07293859649122807
3492,0.13265107017543862
3493,-0.12339180701754385
3494,-0.023703657894736836
3495,0.10098928070175436
3496,0.03249025438596492
3497,-0.12671539473684207
3498,0.17537040350877192
3499,-0.032826543859649164
3500,-0.002451263157894743
3501,-0.15664230701754384
3502,-0.0014425087719298214
3503,-0.06615497368421053
3504,0.1797709385964912
3505,-0.13368420175438595
3506,0.17143763157894734
3507,-0.1796734736842105
3508,0.10530702631578946
3509,-0.018401543859649122
3510,-0.12951754385964911
3511,-0.16197855263157893
3512,0.03481481578947367
3513,0.11472220175438594
3514,-0.04686157017543858
3515,-0.020165701754385968
3516,0.08321150877192982
3517,-0.037529228070175426
3518,0.07482456140350875
3519,0.14632066666666665
3520,0.18350389473684212
3521,-0.05542399122807016
3522,-0.013874254385964931
3523,0.03838207017543862
3524,-0.06411305263157893
3525,-0.16101851754385962
3526,-0.12357213157894736
3527,-0.052056499999999985
3528,0.0026510614035087977
3529,-0.04267058771929823
3530,-0.04502435964912281
3531,0.15530702631578946
3532,-0.1528849649122807
3533,-0.12644249122807016
3534,-0.037938614035087706
3535,0.004590657894736847
3536,0.2508284561403509
3537,-0.09979045614035088
3538,-0.16022418421052628
3539,-0.08438595614035087
3540,-0.02136451754385963
3541,0.00017057017543862125
3542,-0.07903021929824565
3543,-0.22697368421052633
3544,0.13443959649122805
3545,0.021876219298245594
3546,0.026934675438596522
3547,-0.07808480701754385
3548,-0.16054581578947366
3549,-0.03255357894736841
3550,0.12404971052631576
3551,-0.03959551754385963
3552,-0.14206137719298242
3553,0.07065300877192981
3554,-0.03344056140350876
3555,-0.19016566666666668
3556,-0.17003412280701755
3557,-0.04140350877192981
3558,-0.08739766666666667
3559,0.014434684210526329
3560,-0.13284109649122805
3561,0.033240736842105274
3562,-0.01649611403508773
3563,0.03622318421052634
3564,-0.13156433333333334
3565,-0.2197514561403509
3566,-0.07076023684210525
3567,0.14175438596491227
3568,-0.012592570175438592
3569,-0.04695907894736841
3570,-0.18051658771929824
3571,0.1878021666666667
3572,-0.033304096491228063
3573,-0.04496099999999998
3574,0.13873781578947372
3575,-0.08668127192982454
3576,-0.13878653508771932
3577,-0.03652535964912281
3578,0.10865498245614036
3579,0.007100403508771938
3580,-0.06062863157894737
3581,-0.10427876315789472
3582,-0.10894737719298248
3583,-0.06366959649122805
3584,0.02524367543859649
3585,-0.2361647105263158
3586,-0.20704189473684212
3587,0.1419298245614035
3588,0.0641471842105263
3589,0.06367934210526316
3590,-0.18125243859649123
3591,0.035394745614035106
3592,0.06622318421052628
3593,0.13192494736842103
3594,-0.05313351754385964
3595,0.12229531578947367
3596,-0.030224184210526306
3597,-0.027889877192982443
3598,0.03891810526315791
3599,-0.03763159649122804
3600,-0.043114043859649114
3601,-0.18198342982456142
3602,-0.004195912280701761
3603,-0.043513675438596494
3604,-0.04955651754385963
3605,0.3229922105263158
3606,0.15974171929824565
3607,0.2414278859649123
3608,0.09955654385964911
3609,-0.030243675438596476
3610,0.051403517543859634
3611,0.043445429824561385
3612,-0.038538017543859646
3613,0.04981481578947371
3614,-0.1031676403508772
3615,-0.14403999122807018
3616,-0.04319200000000003
3617,-0.014824561403508787
3618,-0.1290594649122807
3619,0.22259746491228066
3620,-0.10585282456140352
3621,-0.1158430701754386
3622,-0.15430801754385967
3623,0.055604271929824575
3624,0.18296293859649124
3625,-0.13173000877192986
3626,-0.06376216666666668
3627,-0.051842070175438584
3628,0.06830898245614038
3629,-0.1378752631578947
3630,0.09536551754385965
3631,0.01681285964912279
3632,-0.08773392105263156
3633,0.11225635087719299
3634,0.13136450877192982
3635,-0.0779434736842105
3636,0.20136937719298242
3637,-0.06850877192982456
3638,0.06196881578947369
3639,-0.07618910526315789
3640,0.22552142982456141
3641,-0.10018515789473681
3642,0.0932407456140351
3643,-0.11206138596491229
3644,0.0413206403508772
3645,-0.011959087719298234
3646,0.04892791228070178
3647,0.21711013157894737
3648,0.12353312280701756
3649,-0.0064766052631578825
3650,0.11140838596491229
3651,-0.05917153508771931
3652,0.004142289473684195
3653,-0.0403362543859649
3654,0.29806045614035087
3655,0.05703216666666668
3656,0.09851850877192982
3657,0.2051413333333333
3658,0.04684211403508774
3659,0.10428364912280703
3660,-0.03951754385964913
3661,0.11274851754385966
3662,-0.21804093859649123
3663,-0.07769494736842104
3664,-0.031574061403508755
3665,0.09153506140350876
3666,-0.009741710526315783
3667,-0.01923000877192982
3668,-0.06246101754385963
3669,0.024980491228070178
3670,0.09834797368421053
3671,-0.13742201754385966
3672,-0.18116961403508772
3673,-0.16424951754385966
3674,-0.10809942982456142
3675,-0.10342105263157897
3676,0.14803607017543857
3677,-0.02490740350877194
3678,-0.027090614035087716
3679,0.1211842192982456
3680,-0.26871345614035086
3681,0.0099902456140351
3682,0.1450828333333333
3683,0.06165205263157895
3684,0.0674220263157895
3685,-0.1189376140350877
3686,0.03161792105263157
3687,-0.14527778070175437
3688,0.11052144736842102
3689,0.027007789473684207
3690,-0.06926899999999998
3691,0.1305555350877193
3692,-0.16153997368421055
3693,0.22369881578947365
3694,-0.09190059649122807
3695,0.08912765789473688
3696,0.048411307017543856
3697,-0.12741714035087723
3698,-0.12373291228070171
3699,0.061885956140350876
3700,0.08623785087719298
3701,0.0354386140350877
3702,0.26577971052631577
3703,0.2663986315789474
3704,-0.15043370175438597
3705,0.07405458771929826
3706,0.05980021929824562
3707,-0.026715394736842105
3708,-0.03809452631578948
3709,0.049605254385964935
3710,-0.021315780701754387
3711,-0.09837231578947367
3712,0.08327488596491228
3713,0.033036035087719295
3714,0.1254142280701754
3715,-0.044619903508771916
3716,0.02661304385964909
3717,-0.1367105350877193
3718,-0.020989263157894747
3719,-0.17518518421052628
3720,0.03647173684210527
3721,0.016720289473684202
3722,-0.07845030701754385
3723,-0.10096492105263156
3724,0.07641328947368421
3725,-0.165604298245614
3726,0.019532149122807024
3727,0.11343564912280699
3728,0.0004629824561403221
3729,-0.18401558771929824
3730,-0.13023875438596494
3731,-0.06751463157894737
3732,-0.17174951754385964
3733,-0.08081383333333332
3734,0.04078946491228069
3735,0.10513642982456141
3736,-0.04196394736842103
3737,0.042368429824561404
3738,0.05505849122807017
3739,-0.15381578947368424
3740,-0.04029237719298247
3741,-0.07021442105263158
3742,0.20509748245614032
3743,-0.3015107280701754
3744,-0.04528266666666665
3745,0.021169596491228064
3746,-0.0017641228070175313
3747,-0.017563359649122787
3748,-0.047548728070175426
3749,0.04264619298245613
3750,-0.073859649122807
3751,0.03933233333333332
3752,0.01192010526315791
3753,0.06480992105263153
3754,0.2128996228070175
3755,-0.20658870175438598
3756,-0.20057016666666666
3757,-0.09529239473684208
3758,-0.054766078947368395
3759,-0.23691520175438593
3760,-0.21757307894736844
3761,0.0727582807017544
3762,-0.1037426754385965
3763,0.03318227192982458
3764,0.1624122894736842
3765,-0.007344052631578948
3766,-0.14476122807017544
3767,0.030609201754385966
3768,-0.14683721929824564
3769,-0.0003411140350877359
3770,0.025321640350877205
3771,0.05707601754385967
3772,0.1594054561403509
3773,0.10049707894736841
3774,-0.06360623684210526
3775,-0.05665692105263157
3776,0.12142300877192987
3777,0.08612573684210528
3778,0.06206137719298248
3779,0.12668127192982456
3780,-0.10065301754385965
3781,-0.02615011403508772
3782,0.07583330701754386
3783,0.029166657894736842
3784,0.05542399122807016
3785,-0.09633529824561403
3786,0.02224656140350877
3787,0.05943956140350879
3788,0.08883039473684208
3789,0.09269005263157898
3790,0.042114999999999986
3791,-0.17436646491228067
3792,-0.02587718421052631
3793,-0.030004868421052603
3794,-0.026569192982456163
3795,0.017621798245614034
3796,-0.039663745614035066
3797,0.04386937719298247
3798,-0.05550195614035086
3799,-0.0918031403508772
3800,0.3743518596491228
3801,-0.053572087719298236
3802,0.17370856140350877
3803,0.346398649122807
3804,0.01711013157894737
3805,-0.04454677192982456
3806,0.03506333333333333
3807,0.010623771929824569
3808,-0.021086728070175437
3809,-0.04313839473684209
3810,0.0990399298245614
3811,-0.13957114035087717
3812,-0.09084797368421053
3813,0.005813824561403517
3814,-0.07561890350877193
3815,-0.007675421052631584
3816,-0.002909350877192977
3817,-0.05181774561403509
3818,0.1195906315789474
3819,-0.0231188947368421
3820,0.14344544736842108
3821,-0.06222222807017543
3822,-0.02424949122807016
3823,-0.08001948245614034
3824,0.1861159649122807
3825,-0.24192494736842102
3826,-0.04920078070175438
3827,0.06974169298245615
3828,0.07569686842105264
3829,-0.03549707017543859
3830,-0.06383041228070174
3831,0.137236850877193
3832,-0.15109643859649124
3833,-0.04056043859649123
3834,-0.1428801228070175
3835,-0.02596001754385965
3836,-0.09054579824561401
3837,0.043732929824561416
3838,-0.042344070175438585
3839,0.007621859649122805
3840,-0.017124763157894733
3841,-0.06766569298245612
3842,-0.24137916666666667
3843,-0.028157885964912265
3844,-0.027860631578947366
3845,-0.06715885087719296
3846,0.21600391228070173
3847,0.08921538596491227
3848,0.05021442105263159
3849,-0.004814824561403498
3850,0.0549853859649123
3851,-0.03806531578947368
3852,-0.036700771929824565
3853,0.06557992982456141
3854,-0.12865497368421056
3855,-0.12149123684210525
3856,0.015657903508771914
3857,-0.16995614035087717
3858,0.007022412280701732
3859,-0.05153021052631577
3860,0.06750000877192981
3861,0.09264133333333335
3862,0.011676403508771924
3863,0.19953705263157898
3864,0.08247072807017544
3865,0.08719297368421053
3866,-0.09351364035087718
3867,-0.04793370175438595
3868,-0.1105263157894737
3869,-0.07742687719298244
3870,-0.14343078070175438
3871,-0.07399121929824563
3872,0.08211012280701757
3873,-0.1657846140350877
3874,0.06806526315789474
3875,0.046169587719298244
3876,0.13005846491228065
3877,0.02347468421052634
3878,0.19882555263157892
3879,0.04233429824561402
3880,-0.19722223684210524
3881,-0.15565788596491226
3882,0.2883966842105263
3883,-0.15099901754385964
3884,0.21268028070175438
3885,-0.023947368421052613
3886,-0.09250971052631578
3887,0.017651061403508788
3888,0.021072122807017552
3889,-0.26762183333333334
3890,0.005316771929824587
3891,0.17252435964912283
3892,0.15997563157894734
3893,0.04661307017543859
3894,-0.16460040350877192
3895,-0.1373635438596491
3896,-0.14005361403508773
3897,-0.22201755263157893
3898,-0.06347951754385964
3899,0.1515350964912281
3900,0.14236352631578947
3901,0.1777485263157895
3902,0.07260234210526317
3903,0.10365010526315792
3904,-0.12589670175438594
3905,0.16195419298245617
3906,0.0977631754385965
3907,0.06699805263157894
3908,-0.1596442456140351
3909,-0.16316762280701755
3910,-0.05243664035087722
3911,0.013328438596491247
3912,-0.11740255263157895
3913,-0.08963449122807017
3914,0.02308480701754386
3915,-0.03746585964912281
3916,0.13592591228070175
3917,-0.14563353508771926
3918,-0.1109649035087719
3919,0.2731773771929825
3920,-0.08129629824561405
3921,-0.0938596403508772
3922,0.09909355263157894
3923,-0.10425438596491228
3924,-0.09051655263157896
3925,0.05690057017543861
3926,0.013489271929824543
3927,0.09747560526315788
3928,0.11535574561403508
3929,0.042758298245614036
3930,-0.21962964912280702
3931,0.11350874561403508
3932,-0.09828949122807017
3933,-0.22630602631578947
3934,0.04093079824561403
3935,-0.17768516666666667
3936,-0.007100403508771946
3937,0.02497072807017543
3938,0.1285672807017544
3939,0.04619394736842105
3940,-0.15970760526315791
3941,0.2013547807017544
3942,0.015458078947368427
3943,0.01760723684210526
3944,-0.04120367543859649
3945,0.049780719298245624
3946,-0.09186160526315788
3947,-0.033611131578947365
3948,0.2691325526315789
3949,-0.006661807017543837
3950,0.12162766666666663
3951,-0.04932748245614036
3952,0.05662769298245616
3953,0.19804580701754385
3954,0.07037037719298246
3955,-0.03195906140350876
3956,0.10881091228070176
3957,-0.1548099385964912
3958,0.04153022807017545
3959,0.3233722982456141
3960,-0.0042300087719298225
3961,-0.16697856140350875
3962,-0.1011111228070175
3963,-0.06408384210526315
3964,-0.18003899122807018
3965,0.10211989473684213
3966,0.019351833333333353
3967,0.12185185964912279
3968,-0.04718321929824561
3969,-0.0806725087719298
3970,0.016998087719298244
3971,-0.13724660526315788
3972,-0.18803606140350876
3973,-0.04710526315789475
3974,-0.09805555263157895
3975,-0.012119885964912279
3976,0.1054044561403509
3977,0.11201267543859651
3978,0.023182271929824565
3979,0.04715395614035084
3980,0.11436647368421052
3981,0.12654481578947366
3982,-0.10059940350877192
3983,0.11743175438596495
3984,-0.09365985087719297
3985,-0.19043371929824562
3986,0.12173978070175438
3987,-0.038767061403508773
3988,-0.18671540350877197
3989,-0.09737818421052633
3990,0.04383042105263161
3991,0.11697370175438596
3992,-0.23039957894736843
3993,0.05121835087719301
3994,0.029532166666666658
3995,-0.2251851666666667
3996,0.113538
3997,0.1991520175438596
3998,-0.009308
3999,-0.06600385964912281
4000,-0.028484403508771922
4001,-0.1710282456140351
4002,-0.0694834210526316
4003,0.09126705263157893
4004,-0.2203801052631579
4005,0.12447854385964909
4006,0.0107066140350877
4007,-0.15887912280701755
4008,-0.07461499122807015
4009,0.04538496491228068
4010,0.0029434736842105396
4011,-0.04850877192982456
4012,-0.08462964035087718
4013,0.09596490350877195
4014,0.036179350877193
4015,0.06467835964912283
4016,-0.14487819298245613
4017,-0.1845272894736842
4018,0.20446880701754386
4019,-0.17115983333333334
4020,0.25635965789473686
4021,-0.12285573684210523
4022,0.12307016666666666
4023,0.16402046491228073
4024,-0.0909600438596491
4025,0.00020466666666669507
4026,-0.044361605263157876
4027,-0.11371343859649123
4028,0.05844539473684211
4029,0.12525341228070178
4030,-0.11414228070175438
4031,-0.1514230087719298
4032,0.017651078947368427
4033,0.17659844736842106
4034,0.04571151754385962
4035,0.1066861315789474
4036,-0.010024385964912256
4037,0.07904969298245615
4038,0.06249023684210525
4039,0.15361112280701755
4040,-0.11573096491228067
4041,0.0792251228070175
4042,0.10323099999999998
4043,-0.07738303508771928
4044,-0.11946878070175437
4045,0.011598438596491211
4046,-0.037061429824561405
4047,0.11236354385964915
4048,-0.07110621929824561
4049,0.20167645614035087
4050,0.11314328070175435
4051,0.17949319298245614
4052,-0.07279236842105263
4053,0.08366956140350879
4054,-0.1281968947368421
4055,-0.03565302631578947
4056,-0.10486352631578948
4057,0.014731973684210517
4058,0.08492201754385965
4059,0.20830895614035091
4060,0.02560915789473686
4061,-0.22520954385964911
4062,0.007928842105263153
4063,0.0086647105263158
4064,0.08117933333333335
4065,-0.0001559649122806951
4066,-0.009108210526315795
4067,0.32648635087719297
4068,0.013776842105263164
4069,-0.026812877192982462
4070,0.10783626315789471
4071,0.2601754473684211
4072,-0.07780706140350875
4073,0.03417151754385965
4074,-0.10615497368421054
4075,0.23699316666666662
4076,0.05780215789473683
4077,-0.09871345614035085
4078,-0.06578948245614033
4079,0.12286058771929827
4080,-0.02942496491228068
4081,-0.21014130701754385
4082,0.09526803508771929
4083,-0.15913742105263154
4084,0.1568177456140351
4085,0.06419589473684212
4086,0.11424950877192983
4087,-0.23790937719298244
4088,-0.06237331578947369
4089,0.013499017543859647
4090,-0.20268519298245613
4091,0.11311890350877195
4092,-0.009000956140350872
4093,-0.15879145614035084
4094,-0.023216377192982446
4095,-0.027407421052631564
4096,-0.025350885964912282
4097,0.12499514035087722
4098,-0.10031190350877191
4099,-0.19336744736842104
4100,-0.27083820175438594
4101,0.05833821929824562
4102,-0.10359647368421052
4103,0.13859162280701756
4104,0.13603312280701757
4105,-0.08726120175438597
4106,-0.053767061403508794
4107,-0.013713429824561404
4108,0.02287524561403509
4109,-0.11923975438596492
4110,-0.2065740789473684
4111,0.09569199122807016
4112,-0.07331385087719298
4113,-0.021920061403508762
4114,-0.0832894649122807
4115,-0.02202728070175437
4116,-0.10882067543859648
4117,0.11912771929824564
4118,0.07868419298245614
4119,-0.007154008771929832
4120,-0.04912768421052631
4121,0.027597473684210533
4122,0.21836257894736844
4123,0.12734404385964912
4124,-0.15996588596491226
4125,0.0056871315789473725
4126,0.04408869298245611
4127,0.004200780701754383
4128,0.06123781578947368
4129,-0.15566277192982456
4130,-0.03692007017543858
4131,-0.10196393859649121
4132,0.1749415087719298
4133,-0.0251413245614035
4134,0.07901558771929824
4135,0.32884989473684206
4136,-0.11238302631578947
4137,-0.0405799298245614
4138,0.004707605263157903
4139,-0.04565299999999999
4140,0.07031677192982458
4141,-0.06542886842105262
4142,0.016988315789473688
4143,-0.0960623684210526
4144,-0.07928364912280703
4145,-0.011003894736842093
4146,0.10887428947368423
4147,-0.13846007017543857
4148,-0.09918614912280702
4149,-0.09991227192982456
4150,-0.11914229824561402
4151,0.025409324561403514
4152,-0.13535084210526313
4153,0.19135965789473686
4154,0.011310912280701767
4155,-0.02266569298245616
4156,0.04298731578947369
4157,-0.05755358771929822
4158,0.016398622807017545
4159,-0.017782631578947373
4160,-0.09416177192982456
4161,-0.03696397368421052
4162,0.17171053508771927
4163,0.12178364912280708
4164,-0.01592595614035087
4165,0.04413255263157895
4166,-0.16876705263157893
4167,-0.16267546491228066
4168,-0.04666668421052631
4169,-0.15709068421052635
4170,0.01780213157894738
4171,-0.16652531578947366
4172,-0.12163254385964911
4173,0.015180307017543863
4174,0.011018526315789461
4175,0.11454676315789473
4176,0.15153022807017544
4177,-0.010545771929824558
4178,-0.1289327543859649
4179,-0.028927885964912258
4180,0.10876218421052632
4181,-0.11202728947368419
4182,0.019390842105263165
4183,-0.14051168421052632
4184,-0.1791423157894737
4185,-0.05884503508771928
4186,-0.23074560526315785
4187,-0.10659356140350876
4188,-0.07345032456140349
4189,0.1826072017543859
4190,-0.028396675438596482
4191,-0.08993663157894737
4192,-0.15922513157894735
4193,-0.08057992105263158
4194,0.22808479824561403
4195,0.00034113157894734075
4196,0.0013791315789473825
4197,-0.14146192982456138
4198,-0.02096492105263158
4199,0.03626706140350877
4200,-0.13630114912280702
4201,-0.055833333333333346
4202,0.13684697368421056
4203,-0.05184210526315789
4204,0.2194395526315789
4205,0.04343079824561404
4206,-0.14255358771929827
4207,-0.2549853947368421
4208,0.07374268421052631
4209,-0.0066569122807017544
4210,0.0029093684210526635
4211,-0.07475634210526315
4212,0.1562085701754386
4213,-0.010891807017543857
4214,-0.06140841228070173
4215,-0.002797280701754368
4216,0.08163744736842105
4217,-0.1350048684210526
4218,0.08130115789473683
4219,0.2428898596491228
4220,0.22572613157894733
4221,0.012446385964912298
4222,-0.11212963157894736
4223,-0.10485381578947371
4224,-0.06943470175438597
4225,0.05069200877192983
4226,-0.22263640350877192
4227,-0.00016569298245613782
4228,0.03519004385964915
4229,-0.09751949122807016
4230,0.24677387719298247
4231,-0.0813157894736842
4232,-0.1274512807017544
4233,-0.06609648245614035
4234,-0.03779240350877191
4235,0.13342105263157897
4236,-0.15422028070175442
4237,0.03696883333333333
4238,0.019210543859649123
4239,0.048572131578947374
4240,0.09817250000000002
4241,-0.12405943859649121
4242,0.056861614035087715
4243,0.052504868421052654
4244,-0.06927385964912282
4245,0.11132550877192984
4246,0.01866471052631579
4247,-0.054819675438596456
4248,-0.13634013157894737
4249,-0.18513644736842105
4250,0.08432259649122809
4251,0.025516561403508768
4252,0.1370760087719298
4253,0.03935185087719299
4254,-0.029278763157894728
4255,-0.07430800877192983
4256,-0.01542395614035087
4257,0.05288987719298245
4258,-0.09526803508771928
4259,0.04058479824561402
4260,-0.04151556140350876
4261,-0.03504387719298243
4262,-0.1509161754385965
4263,-0.043231017543859655
4264,-0.03850878070175438
4265,0.17850879824561403
4266,-0.021418122807017544
4267,-0.16723684210526316
4268,-0.16585281578947367
4269,-0.1861062456140351
4270,-0.009152061403508771
4271,-0.21164716666666666
4272,-0.008654982456140346
4273,-0.20850875438596492
4274,-0.02083822807017544
4275,-0.06570661403508771
4276,-0.047958096491228085
4277,-0.05694930701754384
4278,0.20230994736842103
4279,-0.10398149122807014
4280,-0.0800926052631579
4281,-0.07465399122807019
4282,0.09055557017543858
4283,-0.008942517543859645
4284,-0.07769980701754384
4285,0.16639860526315794
4286,0.01850391228070177
4287,0.29575532456140347
4288,-0.044303114035087715
4289,-0.05621831578947365
4290,-0.12472709649122807
4291,0.029064324561403503
4292,0.0743177456140351
4293,0.08341130701754386
4294,-0.11099902631578948
4295,0.10028752631578948
4296,-0.09998049122807016
4297,-0.019498052631578933
4298,0.015370359649122794
4299,0.1214571140350877
4300,0.10299220175438595
4301,0.04649608771929826
4302,0.12636939473684208
4303,0.04424464912280703
4304,0.11797755263157894
4305,0.044980526315789485
4306,0.10103803508771932
4307,-0.09004383333333332
4308,0.145448350877193
4309,0.04117930701754388
4310,-0.011042894736842121
4311,0.039005842105263165
4312,0.07381092982456142
4313,-0.07036064912280701
4314,-0.15629141228070176
4315,0.09744151754385967
4316,0.00588692982456141
4317,0.11956139473684212
4318,0.013416157894736854
4319,-0.07451265789473685
4320,-0.08435182456140349
4321,0.05042398245614035
4322,-0.013742710526315786
4323,0.08739278947368422
4324,-0.042865508771929815
4325,0.026062385964912275
4326,-0.20263159649122806
4327,0.1472319736842105
4328,0.15582848245614037
4329,0.02360137719298247
4330,0.30490742982456137
4331,0.11038988596491228
4332,-0.06696881578947368
4333,-0.06592593859649123
4334,-0.03830410526315788
4335,0.1626900438596491
4336,0.01979535087719299
4337,-0.0871783684210526
4338,-0.13695906140350878
4339,0.06365009649122806
4340,-0.0903703859649123
4341,0.09404972807017542
4342,0.06789957894736845
4343,-0.037855736842105234
4344,0.06703218421052633
4345,0.03380118421052631
4346,0.08226608771929822
4347,0.12970758771929827
4348,0.003416201754385956
4349,0.19337230701754385
4350,0.1094931754385965
4351,-0.11785086842105261
4352,0.03958086842105263
4353,-0.05182261403508772
4354,-0.06324559649122807
4355,-0.06157406140350876
4356,0.03527292105263156
4357,0.13291909649122804
4358,-0.05617934210526319
4359,0.11653508771929819
4360,-0.08871831578947371
4361,-0.07478068421052632
4362,-0.029044807017543868
4363,-0.030287543859649105
4364,0.09649613157894736
4365,-0.020302140350877195
4366,0.2711744736842105
4367,0.07892788596491229
4368,0.09095030701754386
4369,-0.14705166666666666
4370,0.1494054649122807
4371,-0.22821149999999998
4372,-0.13992204385964915
4373,0.03370371929824559
4374,-0.055238789473684276
4375,-0.12684701754385963
4376,-0.1390302280701754
4377,0.17164716666666668
4378,-0.011627675438596488
4379,-0.0008187280701754439
4380,0.20668128070175437
4381,0.18293857894736842
4382,-0.04713449122807018
4383,0.03649122807017544
4384,0.07791424561403511
4385,0.16668618421052628
4386,0.3158235789473684
4387,0.025531184210526314
4388,-0.05481482456140352
4389,0.07063351754385966
4390,0.04399608771929823
4391,-0.07743664912280701
4392,0.041569210526315785
4393,-0.17151559649122805
4394,-0.09942005263157896
4395,0.031218342105263162
4396,-0.06454678947368422
4397,0.04866961403508772
4398,0.21429823684210528
4399,0.05017541228070178
4400,0.07966375438596492
4401,0.0410818596491228
4402,0.1263693947368421
4403,0.21268030701754387
4404,-0.1989327543859649
4405,0.10326022807017543
4406,0.01874271929824561
4407,0.05028266666666663
4408,-0.03519493859649121
4409,-0.09771441228070177
4410,-0.06936158771929823
4411,0.02557991228070177
4412,-0.020745596491228063
4413,-0.025818692982456128
4414,-0.03786550000000002
4415,-0.004005842105263163
4416,-0.11107212280701753
4417,-0.04519978947368421
4418,0.1693664649122807
4419,0.22285088596491226
4420,-0.0994298245614035
4421,-0.15186648245614034
4422,-0.09600877192982453
4423,0.22384990350877193
4424,0.09151071929824561
4425,-0.04622321052631579
4426,0.096929850877193
4427,0.023572149122806998
4428,0.1337280789473684
4429,0.28285575438596494
4430,-0.18102337719298245
4431,-0.06086257894736841
4432,0.11261211403508771
4433,0.1284892894736842
4434,-0.14557504385964912
4435,-0.0092885087719298
4436,-0.17856726315789473
4437,-0.18076507894736837
4438,-0.02462964035087719
4439,0.08544346491228068
4440,-0.12980992982456138
4441,0.06379628947368421
4442,0.3089083859649122
4443,-0.020755368421052627
4444,0.042563342105263156
4445,0.056642307017543865
4446,0.163820649122807
4447,0.11184211403508772
4448,0.13672512280701754
4449,-0.10981479824561402
4450,0.049649122807017554
4451,0.22071151754385965
4452,-0.013123745614035065
4453,0.28958089473684206
4454,0.22056039473684214
4455,-0.07946878947368423
4456,-0.037041903508771956
4457,-0.12657893859649125
4458,0.07882067543859647
4459,-0.048128666666666695
4460,-0.05347466666666663
4461,-0.08389375438596493
4462,0.17625730701754388
4463,0.1453362719298246
4464,0.023245596491228072
4465,0.1910575087719298
4466,-0.007032157894736838
4467,-0.05872807894736843
4468,-0.09595518421052629
4469,0.046734885964912286
4470,-0.19801170175438595
4471,-0.11331385087719296
4472,0.3339132280701754
4473,-0.16568226315789472
4474,0.14935186842105264
4475,-0.006700780701754388
4476,0.24300194736842104
4477,0.17563355263157895
4478,0.16301167543859651
4479,0.1626949298245614
4480,0.06497073684210525
4481,0.14448340350877195
4482,-0.11192494736842104
4483,-0.0777680350877193
4484,-0.04311400877192982
4485,-0.06484405263157893
4486,0.2557261140350877
4487,0.02855751754385967
4488,0.06722221052631579
4489,0.24416178070175434
4490,0.05282652631578949
4491,-0.04640836842105263
4492,0.023810903508771932
4493,-0.013372298245614016
4494,0.0824707543859649
4495,0.23904971929824562
4496,0.0209990350877193
4497,-0.15157893859649121
4498,-0.1683625789473684
4499,-0.1523343245614035
4500,-0.058177385964912245
4501,0.14073586842105262
4502,0.007134517543859666
4503,-0.08155458771929823
4504,-0.017110157894736848
4505,0.2564619736842106
4506,0.10102827192982457
4507,-0.08908383333333333
4508,0.2762377982456141
4509,-0.10863546491228071
4510,0.028674464912280716
4511,0.06486356140350874
4512,0.2535428684210526
4513,-0.07054580701754387
4514,0.08048249122807019
4515,-0.04612086842105262
4516,0.25365984210526316
4517,-0.1220564912280702
4518,0.04371834210526313
4519,-0.08596003508771928
4520,0.07370857894736843
4521,-0.08784113157894738
4522,-0.006115982456140359
4523,-0.0973050701754386
4524,0.043070166666666666
4525,0.11217835964912283
4526,0.010565315789473676
4527,-0.17350389473684208
4528,0.12414715789473683
4529,0.08891322807017542
4530,-0.013991228070175435
4531,0.03285086842105262
4532,-0.10987329824561405
4533,0.13308967543859648
4534,-0.09664230701754384
4535,-0.0929970789473684
4536,0.0014863771929824728
4537,-0.17029238596491225
4538,0.034473701754385966
4539,0.02107698245614036
4540,0.17252437719298247
4541,-0.08923976315789472
4542,0.10964913157894736
4543,-0.008742684210526298
4544,0.00582844736842106
4545,0.05644738596491232
4546,0.047197850877193
4547,0.006116008771929827
4548,0.1725292543859649
4549,0.13053604385964912
4550,-0.011598412280701763
4551,0.11807990350877193
4552,0.023869385964912275
4553,-0.1521880877192982
4554,-0.09593569298245613
4555,0.1919395701754386
4556,-0.017841131578947355
4557,-0.19333821929824566
4558,-0.11685670175438594
4559,0.020248526315789456
4560,0.11480993859649125
4561,0.012280710526315805
4562,0.15935670175438596
4563,-0.04767542105263156
4564,-0.04804583333333332
4565,-0.16900098245614034
4566,0.2615838245614035
4567,0.07575049122807016
4568,0.005833333333333346
4569,0.056978535087719266
4570,-0.11503411403508772
4571,0.10573584210526316
4572,0.0976511052631579
4573,0.0036257280701754596
4574,0.026627657894736857
4575,-0.04950783333333333
4576,-0.16755361403508773
4577,0.07883038596491225
4578,-0.08706137719298247
4579,4.868421052651786e-06
4580,-0.01785086842105265
4581,0.009210552631578953
4582,-0.1299854035087719
4583,-0.1219152368421053
4584,0.010448324561403518
4585,0.061159833333333344
4586,-0.012797263157894739
4587,-0.07270470175438593
4588,0.06439573684210527
4589,0.07931288596491227
4590,0.20739277192982458
4591,-0.18663256140350873
4592,0.14224660526315785
4593,-0.14031186842105264
4594,-0.09979044736842106
4595,-0.15051657894736845
4596,0.07090643859649122
4597,-0.1565156052631579
4598,-0.10504387719298243
4599,-0.058484429824561396
4600,0.3821101228070175
4601,-0.019049719298245622
4602,0.14676901754385963
4603,0.14004873684210525
4604,-0.017997070175438622
4605,-0.10535574561403509
4606,-0.008806035087719296
4607,-0.059069184210526295
4608,0.09084795614035085
4609,0.2673586929824561
4610,-0.004439535087719303
4611,0.14841618421052633
4612,0.09583331578947368
4613,0.04859650000000002
4614,0.03847465789473684
4615,-0.08291420175438596
4616,0.04312867543859648
4617,0.1813937456140351
4618,0.016515605263157915
4619,0.022495114035087714
4620,-0.06406920175438593
4621,0.06058969298245614
4622,-0.2202241754385965
4623,-0.03454191228070177
4624,-0.057241692982456134
4625,-0.09344541228070176
4626,0.08265594736842108
4627,0.23395223684210523
4628,0.14518029824561404
4629,0.19433235964912282
4630,0.30003897368421056
4631,0.013625719298245619
4632,0.05565301754385965
4633,0.04227582456140352
4634,-0.13442007017543858
4635,0.13826025438596487
4636,0.29575047368421054
4637,-0.03578947368421051
4638,-0.14184210526315785
4639,0.03719297368421054
4640,0.061924964912280715
4641,-0.08901558771929823
4642,-0.03754386842105264
4643,0.0510623596491228
4644,0.0826998157894737
4645,0.25180798245614033
4646,-0.053099403508771945
4647,0.22166669298245614
4648,-0.12167642105263159
4649,0.15824073684210527
4650,-0.15600876315789472
4651,0.010448359649122807
4652,-0.031398631578947366
4653,0.09758283333333333
4654,0.06380114912280704
4655,0.02043858771929825
4656,0.01618907017543857
4657,0.1103070087719298
4658,-0.1339327543859649
4659,-0.054556526315789465
4660,-0.11260232456140351
4661,0.09139865789473686
4662,-0.028347956140350877
4663,-0.21196392105263154
4664,0.15473683333333332
4665,-0.012933701754385954
4666,-0.21862573684210523
4667,0.019814789473684237
4668,0.08070176315789473
4669,-0.0797563333333333
4670,-0.054717368421052646
4671,-0.10478071929824559
4672,0.01577971052631577
4673,-0.047295315789473685
4674,-0.2510867719298245
4675,-0.17835770175438595
4676,-0.08366473684210525
4677,0.20317250877192983
4678,0.005448359649122819
4679,-0.138966850877193
4680,-0.0816812543859649
4681,-0.050326491228070175
4682,0.07124265789473685
4683,0.11339668421052632
4684,-0.09320664035087721
4685,-0.07335770175438597
4686,0.10949808771929825
4687,0.23546297368421057
4688,-0.06099901754385967
4689,-0.08816764035087717
4690,0.08672027192982458
4691,-0.13257799122807015
4692,-0.08961499122807016
4693,-0.03275342982456142
4694,-0.2320126754385965
4695,-0.025653017543859662
4696,0.14741715789473683
4697,0.02671540350877195
4698,-0.0737524298245614
4699,0.12534114912280706
4700,-0.1486306140350877
4701,-0.02155457017543858
4702,0.09457115789473683
4703,0.031861596491228085
4704,0.036325526315789496
4705,0.04457603508771929
4706,-0.04205651754385966
4707,-0.10063351754385966
4708,-0.10364035964912281
4709,0.13172512280701754
4710,0.2483479561403509
4711,0.029639359649122794
4712,0.029035114035087715
4713,-0.007134517543859631
4714,0.09095514912280701
4715,0.10072123684210527
4716,0.0644152192982456
4717,-0.030838192982456124
4718,-0.02322612280701753
4719,-0.11216376315789472
4720,0.11516083333333334
4721,-0.020141324561403516
4722,-0.06454190350877191
4723,-0.15780701754385965
4724,-0.07935182456140351
4725,0.1825681929824561
4726,0.08053602631578946
4727,0.06727584210526316
4728,-0.09338693859649123
4729,-0.2303996140350877
4730,0.046642298245614056
4731,0.15797759649122803
4732,0.21079436842105265
4733,-0.13418127192982454
4734,-0.04674953508771933
4735,-0.12740738596491225
4736,-0.11199805263157891
4737,0.03982944736842104
4738,-0.03869393859649123
4739,0.12255360526315791
4740,-0.020092587719298238
4741,0.05617448245614032
4742,0.14986842982456142
4743,0.3144590789473684
4744,0.22682261403508774
4745,0.06786063157894737
4746,-0.14291422807017543
4747,0.015901561403508763
4748,0.002850885964912295
4749,-0.13251948245614034
4750,-0.03331868421052635
4751,-0.10686645614035085
4752,0.06498534210526316
4753,0.012212473684210523
4754,0.18724173684210524
4755,0.10113061403508772
4756,-0.03227097368421052
4757,0.0759746578947368
4758,0.10448832456140349
4759,0.024502912280701766
4760,0.1078606140350877
4761,0.11503898245614036
4762,-0.015979552631578933
4763,0.04720759649122808
4764,0.2686013596491228
4765,-0.1111793596491228
4766,-0.1416228245614035
4767,-0.22539472807017544
4768,0.04550680701754386
4769,0.10046294736842108
4770,0.14099415789473682
4771,-0.09978068421052634
4772,-0.029761219298245625
4773,-0.022475649122807015
4774,-0.01865983333333333
4775,-0.14389864912280703
4776,-0.013572131578947363
4777,0.16326022807017543
4778,-0.15034112280701756
4779,-0.08395222807017542
4780,0.01732457894736842
4781,-0.2791861754385964
4782,-0.07428363157894735
4783,0.07537526315789474
4784,0.1990545789473684
4785,0.09429827192982457
4786,-0.04548735087719298
4787,-0.058055561403508774
4788,0.028367456140350862
4789,0.049220271929824554
4790,0.10559942105263158
4791,-0.16273880701754387
4792,0.0037085438596490858
4793,-0.1359502631578947
4794,0.07698343859649122
4795,0.11458577192982455
4796,-0.09085770175438596
4797,0.16640350877192986
4798,-0.0919103157894737
4799,-0.10859652631578949
4800,0.2057651140350877
4801,-0.14462962280701755
4802,0.007451263157894741
4803,-0.060731
4804,-0.24077484210526318
4805,0.020960043859649124
4806,-0.08519978947368419
4807,-0.15891327192982455
4808,-0.05234891228070176
4809,-0.1744103157894737
4810,-0.2579337105263158
4811,0.1191081842105263
4812,0.016271947368421063
4813,-0.008401570175438586
4814,0.22770953508771924
4815,-0.19913252631578948
4816,-0.04034599122807018
4817,0.07254388596491228
4818,-0.04282164035087719
4819,-0.007100377192982457
4820,-0.027436657894736868
4821,-0.05170565789473682
4822,-0.0780701842105263
4823,0.010662763157894764
4824,-0.02053605263157893
4825,0.25527288596491227
4826,0.01780213157894739
4827,0.07597952631578948
4828,-0.016725140350877212
4829,-0.29264134210526316
4830,0.06716373684210526
4831,-0.06879142105263157
4832,0.028021438596491227
4833,0.14155947368421057
4834,-0.08209551754385962
4835,0.006871359649122818
4836,0.14565788596491225
4837,-0.042807008771929805
4838,0.056676421052631584
4839,-0.023542885964912264
4840,0.05715399999999996
4841,-0.12752923684210526
4842,0.0360331578947368
4843,-0.014200789473684207
4844,0.024805078947368445
4845,-0.19245128947368417
4846,-0.131793350877193
4847,-0.14776804385964915
4848,-0.05799218421052634
4849,-0.09514619298245615
4850,-0.17032163157894736
4851,-0.1022271052631579
4852,-0.17697857017543858
4853,0.05775341228070178
4854,-0.07085282456140349
4855,0.01694447368421051
4856,-0.17548244736842106
4857,0.059259271929824574
4858,0.12392298245614035
4859,-0.06324074561403509
4860,-0.03041909649122807
4861,-0.21108673684210524
4862,0.18006822807017542
4863,-0.08974170175438599
4864,-0.05653510526315789
4865,-0.1731871052631579
4866,0.027709543859649122
4867,-0.010511684210526336
4868,0.35439085964912276
4869,0.03033134210526315
4870,0.03272421052631579
4871,0.018952228070175468
4872,0.0977436403508772
4873,-0.09637426315789473
4874,0.07424949999999998
4875,0.15545809649122808
4876,-0.04434698245614035
4877,0.12991713157894738
4878,0.003128657894736825
4879,0.11928847368421054
4880,0.10512673684210525
4881,-0.029780719298245596
4882,0.01747563157894737
4883,0.0008040964912280755
4884,-0.18964423684210527
4885,-0.08362574561403507
4886,-0.026125745614035085
4887,-0.09113061403508772
4888,0.10039472807017542
4889,-0.1918469736842105
4890,-0.09092591228070174
4891,0.04279725438596487
4892,-0.1070662894736842
4893,0.21567250000000002
4894,0.03712964035087716
4895,0.20663743859649122
4896,-0.08649613157894734
4897,0.10673977192982458
4898,-0.0042056491228070056
4899,-0.013299184210526291
4900,-0.20218812280701756
4901,-0.034917140350877195
4902,-0.049459087719298245
4903,-0.18988304385964913
4904,0.014868394736842112
4905,-0.17200291228070175
4906,-0.08705168421052631
4907,0.13197368421052627
4908,-0.011174500000000002
4909,-0.09265590350877193
4910,-0.003596491228070165
4911,0.15825048245614035
4912,0.29429337719298243
4913,0.18115007894736843
4914,-0.06064328947368422
4915,0.13584306140350877
4916,0.009210517543859657
4917,-0.05896687719298243
4918,0.028640359649122808
4919,0.09330894736842107
4920,0.3109454035087719
4921,0.07387426315789475
4922,0.015268052631578927
4923,0.07645223684210525
4924,0.1680653245614035
4925,-0.25629628070175436
4926,-0.08856725438596491
4927,0.05067736842105266
4928,0.224619850877193
4929,0.1205847894736842
4930,0.07126218421052632
4931,-0.1387621666666667
4932,0.0532602192982456
4933,-0.019307964912280706
4934,0.07895711403508772
4935,-0.08166665789473683
4936,0.207802149122807
4937,-0.07711988596491229
4938,-0.12447366666666668
4939,-0.02092106140350875
4940,-0.0282748333333333
4941,0.05742202631578948
4942,-0.09623293859649124
4943,0.19724171929824563
4944,-0.09587234210526314
4945,-0.037504868421052606
4946,-0.0018615701754385958
4947,0.011457122807017541
4948,-0.2036842105263158
4949,0.010828438596491232
4950,0.0011501052631578764
4951,0.12235379824561408
4952,0.06541423684210526
4953,0.23803608771929827
4954,0.14548243859649124
4955,0.09975633333333335
4956,0.008435692982456137
4957,0.27485378070175437
4958,0.07724659649122806
4959,-0.03907894736842104
4960,-0.002958096491228053
4961,0.05689084210526316
4962,0.01773882456140348
4963,0.03907893859649125
4964,0.17244639473684212
4965,0.14267055263157896
4966,-0.0804434649122807
4967,-0.029186131578947363
4968,0.23833819298245612
4969,0.2288986140350877
4970,-0.010165701754385964
4971,0.05270956140350878
4972,-0.06694928070175439
4973,0.00893766666666668
4974,0.0782943596491228
4975,-0.028659824561403507
4976,0.005896684210526336
4977,0.22269006140350878
4978,-0.2211062280701754
4979,-0.1591130350877193
4980,-0.08872318421052632
4981,-0.042422017543859644
4982,0.12138401754385963
4983,0.06948828070175439
4984,0.17725634210526314
4985,0.07067252631578948
4986,0.13695906140350878
4987,0.003386964912280708
4988,0.2333674561403509
4989,-0.004541938596491213
4990,-0.08019979824561402
4991,0.01807504385964911
4992,-0.1337962894736842
4993,-0.004961008771929813
4994,0.029668596491228064
4995,0.030789456140350845
4996,-0.19611109649122807
4997,0.21767544736842104
4998,0.1851413245614035
4999,-0.06482943859649119
5000,0.15863059649122807
5001,0.03133531578947369
5002,0.12394737719298243
5003,0.11031673684210526
5004,0.03449320175438595
5005,-0.1641130701754386
5006,-0.004498061403508765
5007,-0.018450289473684184
5008,-0.13954680701754385
5009,0.01895709649122808
5010,0.09822125438596489
5011,0.08122318421052628
5012,-0.15287526315789474
5013,0.15092105263157893
5014,0.11764621929824558
5015,0.06995614912280701
5016,-0.04027294736842104
5017,0.07250000877192977
5018,0.22878656140350875
5019,0.052046798245614034
5020,-0.01636941228070174
5021,0.3110721140350877
5022,-0.03037036842105262
5023,0.17585280701754388
5024,0.07254873684210525
5025,0.08986352631578946
5026,-0.0377046842105263
5027,-0.17406433333333332
5028,0.0645955438596491
5029,-0.10673976315789473
5030,0.0628021403508772
5031,0.21892787719298246
5032,0.019614982456140358
5033,-0.21251950877192982
5034,-0.020833315789473682
5035,0.01685671929824559
5036,-0.15800194736842105
5037,-0.11643273684210524
5038,0.22430314912280702
5039,-0.19901557017543858
5040,0.05723685087719297
5041,0.15167154385964912
5042,-0.060706605263157895
5043,-0.042412280701754373
5044,0.04240254385964913
5045,-0.0523099649122807
5046,0.07085282456140353
5047,-0.018518526315789454
5048,-0.16795322807017546
5049,0.15654483333333338
5050,0.009858675438596485
5051,0.07666180701754383
5052,-0.10202730701754384
5053,-0.09021442982456139
5054,-0.2857504736842105
5055,-0.18503898245614037
5056,0.28865499999999994
5057,-0.1057797105263158
5058,0.07953704385964909
5059,0.1303801052631579
5060,0.02403507894736844
5061,0.037529228070175454
5062,-0.00711013157894736
5063,-0.015784622807017538
5064,-0.020380105263157887
5065,-0.1907602017543859
5066,-0.07041909649122807
5067,-0.05203701754385964
5068,0.09852339473684213
5069,-0.03756338596491229
5070,-0.09407407894736841
5071,0.004517535087719308
5072,-0.006447377192982448
5073,0.011622815789473679
5074,0.09262181578947366
5075,-0.17295806140350875
5076,0.033289447368421016
5077,0.04079921929824559
5078,0.06054093859649121
5079,-0.1516179210526316
5080,-0.01492201754385966
5081,-0.06846978947368419
5082,-0.12588692105263155
5083,-0.15884504385964912
5084,0.03498537719298245
5085,-0.02711009649122805
5086,-0.13607699122807015
5087,0.023630587719298234
5088,-0.12916178947368417
5089,0.02098928070175438
5090,-0.009083833333333343
5091,0.09217836842105265
5092,0.16792886842105262
5093,0.0768323859649123
5094,0.03253409649122808
5095,-0.10338692982456142
5096,-0.1663889035087719
5097,0.19014131578947369
5098,-0.0557504912280702
5099,0.033411333333333335
5100,0.16796295614035087
5101,-0.08170565789473686
5102,-0.1164278596491228
5103,0.02807019298245615
5104,0.10324073684210525
5105,0.1565594385964912
5106,0.14724661403508774
5107,0.0583479210526316
5108,-0.09123292105263159
5109,-0.025102342105263138
5110,0.007451263157894736
5111,0.15039477192982456
5112,-0.06291420175438596
5113,-0.06845029824561402
5114,-0.021983421052631603
5115,0.10398146491228072
5116,0.05073587719298243
5117,0.00503411403508773
5118,-0.026198833333333324
5119,-0.1472709649122807
5120,-0.09166667543859647
5121,-0.18950780701754383
5122,-0.05384017543859648
5123,0.10627192982456142
5124,0.01697856140350877
5125,0.21541424561403508
5126,0.05163254385964913
5127,-0.01486841228070178
5128,0.048674456140350895
5129,0.07705165789473686
5130,-0.06685672807017543
5131,0.018265149122807026
5132,-0.03399122807017543
5133,-0.11965399122807016
5134,-0.11315788596491225
5135,0.018577000000000003
5136,-0.20751463157894734
5137,-0.08663253508771933
5138,-0.07208577192982456
5139,0.04731480701754389
5140,-0.21380116666666665
5141,-0.036754394736842104
5142,-0.10671055263157891
5143,-0.1508869298245614
5144,-0.037363526315789486
5145,-0.13727093859649125
5146,0.34557503508771925
5147,-0.010360614035087713
5148,-0.13596491228070173
5149,-0.025999026315789483
5150,0.24825047368421052
5151,-0.14957113157894736
5152,-0.07712965789473687
5153,0.08462473684210525
5154,-0.055565315789473685
5155,0.006408368421052629
5156,-0.04037521929824563
5157,-0.2580603947368421
5158,-0.020423973684210537
5159,-0.12163738596491229
5160,-0.22858672807017544
5161,-0.26494151754385964
5162,0.05149613157894737
5163,0.01725634210526316
5164,0.17701755263157898
5165,-0.2586988157894736
5166,0.011959070175438612
5167,0.05318712280701749
5168,-0.12442495614035086
5169,-0.08181287719298243
5170,-0.12206140350877194
5171,0.052334298245614044
5172,-0.08609647368421053
5173,0.11269491228070176
5174,0.032222219298245564
5175,-0.10689083333333331
5176,0.17514618421052633
5177,0.15403022807017547
5178,0.028138412280701772
5179,-0.007802149122806991
5180,-0.12059454385964913
5181,0.16094054385964912
5182,0.030979561403508764
5183,0.048347956140350874
5184,0.1298343245614035
5185,0.028089684210526333
5186,-0.09896198245614035
5187,-0.14154971052631576
5188,0.001530201754385966
5189,0.16525340350877193
5190,-0.04208575438596492
5191,-0.021764140350877193
5192,-0.27279238596491223
5193,0.018752429824561424
5194,-0.010999043859649145
5195,-0.19583820175438596
5196,-0.08822123684210526
5197,-0.028893754385964924
5198,-0.08316762280701755
5199,0.10826022807017542
5200,0.10200293859649122
5201,-0.2694005614035088
5202,0.043966877192982444
5203,-0.02274857017543859
5204,-0.04819202631578947
5205,-0.1249512543859649
5206,-0.1435526578947368
5207,-0.14069686842105264
5208,-0.024239763157894733
5209,-0.11417155263157892
5210,0.013079938596491212
5211,-0.03656919298245614
5212,-0.009356710526315797
5213,-0.03692007894736843
5214,-0.020838201754385968
5215,0.21104776315789472
5216,-0.05414231578947368
5217,-0.039030201754385936
5218,-0.03947367543859648
5219,0.04644249122807016
5220,0.13130115789473681
5221,0.08673974561403511
5222,-0.08947368421052627
5223,-0.11219298245614033
5224,0.05604289473684211
5225,-0.09091131578947369
5226,0.27365982456140353
5227,-0.017193008771929835
5228,0.015662780701754378
5229,0.06739278947368417
5230,-0.09046298245614032
5231,0.15458092105263158
5232,0.06987329824561402
5233,-0.0009990614035087849
5234,0.10651071929824558
5235,0.07911306140350878
5236,0.04567736842105261
5237,0.05417151754385967
5238,0.0010234035087719356
5239,0.08410331578947369
5240,-0.10942007894736844
5241,-0.1456822543859649
5242,0.35017053508771934
5243,-0.03907407017543859
5244,0.02454678070175438
5245,0.08737817543859651
5246,-0.009537052631578943
5247,0.06991716666666666
5248,0.0757992105263158
5249,0.26772901754385964
5250,-0.021827482456140367
5251,0.07683726315789476
5252,-0.0906822807017544
5253,0.05744637719298248
5254,0.07150097368421053
5255,-0.05288012280701755
5256,0.09523876315789473
5257,-0.16252923684210527
5258,-0.11489280701754385
5259,-0.007782631578947377
5260,0.21552143859649123
5261,-0.036569192982456145
5262,-0.0005165877192982244
5263,-0.03578459649122809
5264,0.13420080701754386
5265,0.21362087719298242
5266,-0.15799220175438597
5267,0.09009259649122807
5268,0.06675436842105265
5269,0.058640342105263185
5270,0.11218811403508773
5271,0.14974172807017544
5272,0.07589182456140353
5273,-0.050657885964912254
5274,-0.08847465789473684
5275,0.00322128070175437
5276,0.06371834210526318
5277,-0.03743664035087717
5278,0.0028849824561403663
5279,0.04920566666666667
5280,-0.024156894736842092
5281,-0.03391814912280702
5282,0.06418615789473686
5283,-0.08304094736842105
5284,0.03719299122807013
5285,-0.23049707894736843
5286,0.23953213157894743
5287,-0.025287508771929826
5288,0.010682236842105265
5289,0.011466859649122798
5290,-0.08602825438596491
5291,-0.06307016666666666
5292,-0.007904482456140326
5293,0.15736355263157895
5294,0.1289327456140351
5295,0.0603557456140351
5296,-0.001115973684210511
5297,-0.047714429824561394
5298,0.07591129824561402
5299,0.040424008771929816
5300,0.18679823684210523
5301,-0.22865013157894734
5302,-0.10278264035087718
5303,-0.1864815
5304,-0.14248537719298243
5305,0.14957602631578948
5306,0.1698001754385965
5307,0.04878655263157897
5308,-0.12529237719298245
5309,-0.03039959649122806
5310,0.0653118859649123
5311,-0.06678850877192981
5312,-0.007802149122807014
5313,0.09308965789473685
5314,-0.2217592456140351
5315,0.1467592543859649
5316,-0.026086754385964906
5317,0.07597952631578948
5318,0.164410350877193
5319,0.12526804385964913
5320,-0.04062378070175438
5321,-0.10302629824561406
5322,0.09949806140350878
5323,0.004390859649122798
5324,0.025224192982456164
5325,0.06615498245614035
5326,0.11803119298245615
5327,0.001038017543859594
5328,-0.0093274649122807
5329,0.17305066666666669
5330,-0.016486385964912302
5331,-0.057334280701754385
5332,-0.05448828947368421
5333,-0.09035089473684209
5334,-0.16806045614035087
5335,0.002982473684210539
5336,-0.1836111403508772
5337,-0.12985384210526316
5338,-0.01846978070175434
5339,-0.09543857894736843
5340,0.09902048245614034
5341,0.03787527192982454
5342,0.0076754649122807075
5343,-0.15699316666666668
5344,-0.09284113157894736
5345,0.15761695614035087
5346,0.2541423245614035
5347,0.07822613157894732
5348,0.06371343859649121
5349,0.027802157894736862
5350,0.09026315789473684
5351,0.10032650877192979
5352,-0.02570660526315788
5353,-0.2542690350877193
5354,-0.04300196491228069
5355,-0.11562863157894733
5356,0.028533122807017558
5357,-0.11961989473684209
5358,-0.07838693859649122
5359,0.05153995614035089
5360,0.15080411403508773
5361,0.000935666666666668
5362,0.004537043859649142
5363,0.19073099999999996
5364,0.044775824561403506
5365,0.039770938596491244
5366,0.021154973684210546
5367,0.04032164912280703
5368,-0.1192446403508772
5369,0.13957602631578947
5370,-0.027480482456140355
5371,0.09375729824561405
5372,0.06201756140350878
5373,-0.04557504385964913
5374,-0.16387914912280702
5375,-0.17262181578947372
5376,0.13230994736842105
5377,0.15037036842105264
5378,-0.16984407894736842
5379,-0.03510722807017543
5380,-0.017314824561403507
5381,0.27416666666666667
5382,0.0006335350877192976
5383,0.008123789473684225
5384,0.17713448245614033
5385,-0.0089327543859649
5386,0.09364521929824562
5387,-0.16897174561403505
5388,0.05628654385964913
5389,0.004629605263157938
5390,0.041437631578947365
5391,-0.11306040350877193
5392,0.2244785701754386
5393,0.09683720175438597
5394,-0.020185192982456128
5395,-0.06510721052631581
5396,-0.01895224561403508
5397,0.15943469298245613
5398,-0.06575049122807018
5399,-0.0999610350877193
5400,-0.16351851754385968
5401,0.14885966666666667
5402,-0.2331530263157895
5403,-0.1411501140350877
5404,0.011539964912280709
5405,0.012012649122807032
5406,-0.0866471754385965
5407,-0.21080411403508773
5408,-0.12316278947368421
5409,-0.03221249122807017
5410,0.12138398245614038
5411,-0.14945419298245613
5412,0.04542396491228072
5413,-0.25821148245614034
5414,0.021695894736842105
5415,0.12972714035087715
5416,-0.13162278947368417
5417,0.16444444736842104
5418,-0.018343061403508765
5419,-0.06543855263157895
5420,0.0717251052631579
5421,0.1256579210526316
5422,-0.20019003508771932
5423,0.1794980350877193
5424,0.012524377192982477
5425,0.1579580789473684
5426,-0.19272417543859643
5427,0.011632517543859647
5428,-0.16827485087719296
5429,0.10025343859649123
5430,-0.11657407017543861
5431,0.16741229824561407
5432,0.11741225438596492
5433,0.1273586754385965
5434,-0.1017348947368421
5435,-0.11887914035087721
5436,-0.13353313157894736
5437,0.07290935087719297
5438,-0.20741715789473686
5439,0.03392300000000001
5440,-0.04732453508771932
5441,0.10617932456140351
5442,-0.04456630701754385
5443,-0.09573585964912279
5444,0.007992210526315782
5445,0.011359640350877208
5446,0.0788547807017544
5447,0.12952728070175437
5448,0.12841128947368424
5449,0.014312894736842122
5450,-0.03819200000000002
5451,-0.11263156140350876
5452,-0.054113061403508765
5453,0.1981822456140351
5454,-0.028845017543859663
5455,0.13583820175438596
5456,-0.0223878947368421
5457,0.03628169298245614
5458,0.0005019385964912453
5459,-0.10769491228070177
5460,-0.04675438596491227
5461,0.07930797368421055
5462,0.023269964912280703
5463,-0.10251949122807018
5464,-0.006018482456140365
5465,-0.0483138157894737
5466,-0.0951413333333333
5467,0.09268518421052634
5468,0.031325535087719306
5469,-0.06804578947368423
5470,-0.0877534298245614
5471,0.18627190350877193
5472,0.08587232456140349
5473,-0.14192982456140354
5474,-0.12721734210526317
5475,0.01704677192982458
5476,-0.12381092105263156
5477,-0.022314842105263175
5478,0.1947417192982456
5479,-0.1587085789473684
5480,0.28875241228070175
5481,0.10033626315789473
5482,-0.11782166666666666
5483,0.00017544736842105792
5484,0.027383043859649115
5485,-0.09729042105263157
5486,-0.12557020175438594
5487,-0.05337721052631581
5488,0.08399122807017541
5489,-0.04032163157894737
5490,-0.02440061403508772
5491,-0.12720760526315789
5492,-0.02984893859649121
5493,-0.12521442982456138
5494,0.023455175438596466
5495,-0.10963449122807015
5496,0.032041912280701766
5497,0.058776789473684234
5498,0.0963206754385965
5499,0.12631090350877194
5500,-0.14260237719298247
5501,-0.0534551754385965
5502,0.22600876315789475
5503,-0.12558967543859648
5504,-0.10125731578947368
5505,0.0685233947368421
5506,-0.011330394736842097
5507,0.06857211403508771
5508,-0.020857675438596505
5509,0.14291909649122808
5510,0.0006920087719298225
5511,-0.07250487719298246
5512,0.049366473684210516
5513,-0.23165692105263153
5514,-0.08518520175438597
5515,0.11172516666666664
5516,-0.039161789473684185
5517,-0.11334308771929825
5518,-0.02266081578947369
5519,-0.04826999122807017
5520,0.005653017543859641
5521,0.1506237894736842
5522,-0.05731965789473684
5523,-0.0582212456140351
5524,0.08055070175438596
5525,-0.01525827192982457
5526,-0.04798244736842103
5527,0.11224171929824561
5528,0.062217359649122776
5529,-0.034293368421052635
5530,-0.1244298333333333
5531,0.12050680701754386
5532,0.03180801754385965
5533,0.18076997368421052
5534,-0.07089670175438599
5535,0.05491227192982456
5536,0.07756332456140354
5537,-0.1495321666666667
5538,0.04284113157894736
5539,0.020282666666666647
5540,-0.09823588596491226
5541,-0.1323391842105263
5542,-0.08074560526315787
5543,-0.11674951754385966
5544,0.029210535087719272
5545,0.14732942105263158
5546,-0.18826510526315787
5547,0.08679823684210528
5548,0.07030215789473682
5549,0.21036065789473685
5550,0.02691521929824563
5551,0.018640377192982473
5552,-0.0009259385964912632
5553,-0.03084794736842106
5554,0.05775339473684213
5555,-0.023810903508771932
5556,0.2337427105263158
5557,-0.14069201754385965
5558,-0.12829922807017544
5559,0.047573096491228074
5560,0.24317249122807022
5561,-0.04499512280701754
5562,0.005696877192982441
5563,-0.20934211403508773
5564,-0.07670074561403509
5565,-0.03280214035087718
5566,0.003513657894736829
5567,0.040735885964912295
5568,0.039805078947368434
5569,-0.01991228947368422
5570,0.028216368421052657
5571,0.13469299122807019
5572,0.05714912280701756
5573,0.0328801052631579
5574,-0.020594552631578958
5575,0.0005360526315789328
5576,0.10047758771929824
5577,-0.03801657017543859
5578,-0.12947369298245617
5579,-0.25500000877192985
5580,-0.030614043859649123
5581,-0.009619877192982471
5582,0.04536548245614035
5583,-0.1715350701754386
5584,-0.026345000000000004
5585,-0.04454679824561401
5586,0.038708561403508784
5587,-0.04626705263157895
5588,0.1447660701754386
5589,0.2929336842105263
5590,0.03182749999999999
5591,-0.07325048245614035
5592,-0.08615983333333331
5593,-0.023513640350877177
5594,0.10008285087719299
5595,0.07036550000000003
5596,0.18695419298245608
5597,-0.11832844736842103
5598,-0.11105751754385962
5599,0.20217349122807018
5600,-0.015467833333333347
5601,-0.1790204736842105
5602,0.005672526315789476
5603,0.0372807105263158
5604,0.037344052631578965
5605,-0.07605262280701751
5606,-0.05215890350877189
5607,0.12318223684210527
5608,-0.1011939649122807
5609,0.17763157017543857
5610,0.01072609649122808
5611,0.24349414035087721
5612,-0.1114425
5613,-0.026452236842105275
5614,-0.10688597368421054
5615,0.03940061403508771
5616,0.06768520175438597
5617,0.020424000000000008
5618,0.12564328070175437
5619,-0.12173000877192984
5620,-0.10125245614035087
5621,-0.12424463157894738
5622,0.10704679824561403
5623,-0.12661306140350875
5624,-0.021783631578947367
5625,-0.09617933333333331
5626,-0.06350873684210526
5627,-0.022543868421052663
5628,-0.012514649122807022
5629,0.07599900000000001
5630,0.0014473684210526592
5631,-0.1554873333333333
5632,0.022607201754385978
5633,-0.1955214298245614
5634,0.017641333333333335
5635,0.024273903508771916
5636,-0.15504873684210527
5637,0.13284598245614032
5638,-0.06667642105263157
5639,0.10262669298245614
5640,-0.024074061403508786
5641,0.07608673684210528
5642,0.27440057017543856
5643,0.0919444298245614
5644,0.002787500000000013
5645,-0.002977578947368404
5646,-0.19269005263157896
5647,0.05945421052631582
5648,0.06876222807017544
5649,0.07532650877192984
5650,-0.20349413157894736
5651,0.23565302631578947
5652,-0.051700780701754386
5653,0.27680798245614036
5654,-0.011973692982456138
5655,0.07546784210526314
5656,-0.08265107017543857
5657,0.24959062280701752
5658,-0.16351850877192983
5659,0.0871052543859649
5660,-0.11041911403508772
5661,-0.07435671052631576
5662,-0.10873295614035089
5663,0.07653998245614035
5664,0.04149607894736843
5665,0.013304087719298183
5666,-0.034463912280701725
5667,0.012212464912280703
5668,0.09190545614035091
5669,0.07034600877192983
5670,0.19249999122807016
5671,0.3590838157894737
5672,0.17969785964912277
5673,0.14642786842105263
5674,-0.0335623596491228
5675,0.12384499122807019
5676,-0.026725149122807018
5677,-0.06459062280701755
5678,-0.08080410526315789
5679,-0.016535061403508734
5680,-0.21773877192982458
5681,0.14838693859649124
5682,-0.11682750000000003
5683,-0.16020465789473687
5684,0.07668617543859647
5685,-0.02281185964912282
5686,0.04894738596491229
5687,-0.05434210526315789
5688,0.06733918421052633
5689,-0.11835285087719297
5690,-0.009098464912280701
5691,-0.1856335263157895
5692,0.0281140350877193
5693,0.02116471052631578
5694,-0.05275340350877193
5695,-0.06508769298245612
5696,0.07709548245614035
5697,0.1330652894736842
5698,-0.08339666666666665
5699,0.042811885964912276
5700,-0.19654485087719298
5701,0.2000194824561403
5702,-0.030389868421052648
5703,0.16611599999999996
5704,0.07403993859649123
5705,-0.17008772807017544
5706,-0.09721248245614035
5707,-0.14828461403508775
5708,-0.06960038596491228
5709,-0.08284112280701755
5710,-0.03844540350877193
5711,-0.08177875438596492
5712,-0.13530699122807013
5713,0.17543857017543862
5714,0.05419104385964911
5715,-0.06548246491228069
5716,-0.04781677192982458
5717,0.0685136403508772
5718,-0.18847466666666668
5719,0.09478070175438597
5720,0.3019005964912281
5721,-0.0014230000000000221
5722,0.11426900877192986
5723,-0.15423490350877192
5724,0.06316276315789475
5725,0.0006822543859649053
5726,-0.10134016666666666
5727,0.04312378947368424
5728,-0.09050193859649122
5729,-0.08251947368421053
5730,0.05790936842105265
5731,0.09826021052631577
5732,-0.004137412280701744
5733,-0.0733284649122807
5734,-0.05044346491228068
5735,0.0948343157894737
5736,-0.028455166666666674
5737,0.026154991228070183
5738,-0.03098926315789473
5739,-0.04623292982456141
5740,0.18210527192982456
5741,0.019761210526315773
5742,0.34913254385964915
5743,-0.020175438596491225
5744,0.02104775438596489
5745,-0.0005848157894736577
5746,-0.009576026315789448
5747,0.09241714035087721
5748,-0.18186162280701756
5749,-0.011491228070175453
5750,-0.020979499999999974
5751,-0.021320649122807026
5752,-0.07994152631578946
5753,0.13106235964912286
5754,-0.07179824561403508
5755,0.1614668421052631
5756,0.17149123684210524
5757,-0.004225140350877159
5758,-0.09391324561403507
5759,-0.028591640350877193
5760,-0.10828458771929825
5761,-0.013961982456140354
5762,-0.08923491228070175
5763,-0.14804092105263159
5764,0.04838206140350878
5765,-0.0022514736842105107
5766,0.10342102631578949
5767,-0.09534110526315791
5768,-0.08815786842105262
5769,0.000925912280701742
5770,-0.05172026315789473
5771,0.12403995614035086
5772,0.2560331140350877
5773,-0.0696150087719298
5774,0.04111111403508774
5775,0.23946883333333333
5776,0.03747562280701754
5777,-0.11777777192982457
5778,-0.09307020175438595
5779,-0.1558187192982456
5780,-0.17421539473684208
5781,0.0848343157894737
5782,-0.03478557017543864
5783,0.15371345614035087
5784,-0.05405942982456138
5785,-0.07106238596491227
5786,0.051159824561403486
5787,0.05014621929824563
5788,-0.22712476315789476
5789,-0.059556543859649126
5790,0.21273877192982454
5791,0.036686166666666686
5792,0.0021491140350877267
5793,0.06444929824561403
5794,0.09608675438596491
5795,0.09245616666666667
5796,0.2221003859649123
5797,-0.05158868421052633
5798,0.01898147368421053
5799,0.03404483333333332
5800,-0.02072612280701755
5801,0.03633042105263159
5802,0.034088692982456134
5803,-0.2653265350877193
5804,-0.07221733333333334
5805,0.05499511403508774
5806,-0.058513631578947366
5807,-0.057027271929824576
5808,0.1767641315789474
5809,0.06898147368421051
5810,-0.024868429824561406
5811,0.16207601754385964
5812,0.18369393859649122
5813,0.10873783333333335
5814,-0.11824564912280702
5815,-0.16226121052631576
5816,0.06108187719298245
5817,-0.1712767894736842
5818,0.05821638596491228
5819,-0.15133526315789475
5820,0.03215886842105264
5821,-0.015238754385964904
5822,0.24078946491228068
5823,-0.1787768157894737
5824,0.025823614035087726
5825,-0.08788985964912283
5826,-0.03790448245614034
5827,0.074615
5828,0.03840644736842102
5829,0.1548684298245614
5830,-0.006111087719298254
5831,0.09323100877192983
5832,0.023771938596491238
5833,0.1390302105263158
5834,-0.0012086052631578553
5835,0.1651559298245614
5836,0.02174951754385965
5837,0.19620857017543863
5838,0.1291958859649123
5839,-0.17380115789473682
5840,-0.04630116666666665
5841,0.061954201754385985
5842,-0.2930458157894737
5843,-0.04943958771929826
5844,-0.1343616052631579
5845,-0.20975634210526317
5846,0.10926416666666662
5847,0.08036062280701757
5848,-0.14338206140350876
5849,0.09789963157894736
5850,-0.044551666666666635
5851,-0.13371346491228067
5852,-0.014965885964912287
5853,-0.13967835964912279
5854,-0.14682262280701755
5855,-0.098581850877193
5856,0.022884982456140335
5857,0.12480505263157896
5858,-0.02139863157894738
5859,-0.004449307017543886
5860,0.16836743859649123
5861,-0.04319203508771929
5862,0.015711482456140367
5863,-0.12076022807017543
5864,0.18063352631578944
5865,-0.10689570175438594
5866,0.04636453508771928
5867,-0.08461012280701756
5868,0.051028254385964915
5869,-0.17988303508771927
5870,-0.12203214912280702
5871,0.0571247456140351
5872,-0.017919096491228085
5873,-0.02717838596491227
5874,0.21040448245614032
5875,0.04140350877192983
5876,0.05086746491228071
5877,0.1739035
5878,0.0796003947368421
5879,-0.08624270175438596
5880,-0.07645712280701751
5881,0.1528849736842105
5882,0.019195929824561395
5883,0.10926411403508769
5884,0.14953217543859648
5885,0.1181188947368421
5886,-0.10485864912280701
5887,-0.04670078070175438
5888,0.1585964561403509
5889,0.0512719298245614
5890,0.13182750000000004
5891,0.04482456140350879
5892,-0.10834307894736842
5893,-0.2344444210526316
5894,-0.08197855263157895
5895,-0.00530701754385966
5896,0.00269006140350878
5897,0.06437620175438598
5898,-0.05572611403508771
5899,-0.156968798245614
5900,0.05301658771929822
5901,0.1421345
5902,0.07129625438596492
5903,-0.10578459649122808
5904,-0.08181286842105262
5905,-0.2501023157894737
5906,0.008747561403508793
5907,0.03978073684210528
5908,-0.19259259649122806
5909,0.032061385964912266
5910,0.19641813157894736
5911,-0.08711989473684208
5912,-0.06980018421052632
5913,0.16411792105263157
5914,0.035516587719298255
5915,0.2195321754385965
5916,0.10516569298245615
5917,-0.05593569298245613
5918,-0.1047270789473684
5919,-0.06319688596491227
5920,0.030462964912280698
5921,0.23457110526315791
5922,0.06878655263157896
5923,0.04423000877192984
5924,-0.09051658771929827
5925,0.21929822807017546
5926,-0.027348938596491228
5927,0.16609162280701753
5928,-0.05815303508771928
5929,-0.13101851754385965
5930,-0.003601359649122805
5931,-0.025068210526315783
5932,-0.09353314035087719
5933,-0.2525341140350877
5934,0.08918614035087719
5935,0.12972708771929822
5936,0.10186646491228071
5937,-0.1612719385964912
5938,-0.03042883333333335
5939,0.08885478070175439
5940,0.12169107017543859
5941,-0.14639379824561402
5942,0.0234015701754386
5943,-0.09270466666666666
5944,-0.02225633333333334
5945,0.048343078947368424
5946,-0.1442300263157895
5947,-0.09739279824561402
5948,0.10743665789473687
5949,0.14895708771929825
5950,-0.19211012280701756
5951,0.1025145964912281
5952,-0.091764149122807
5953,0.04932748245614034
5954,-0.0794785350877193
5955,0.010886947368421065
5956,-0.10394735087719298
5957,-0.08411306140350878
5958,-0.005579938596491231
5959,0.07632551754385965
5960,0.14113061403508773
5961,0.27445907894736843
5962,-0.01737330701754382
5963,0.05108188596491229
5964,-0.09602824561403507
5965,-0.0554288859649123
5966,0.16190057894736842
5967,0.10809453508771931
5968,-0.12208577192982455
5969,-0.10566275438596491
5970,-0.11469298245614035
5971,0.05125244736842106
5972,0.04290937719298245
5973,0.029653991228070168
5974,0.06505359649122806
5975,0.29096488596491227
5976,-0.17274850877192982
5977,0.2024464122807018
5978,-0.16606726315789475
5979,-0.029312885964912282
5980,-0.0174122894736842
5981,-0.08797757017543857
5982,0.07671539473684208
5983,-0.03047758771929824
5984,-0.023640342105263164
5985,0.030487324561403528
5986,0.0031578947368421082
5987,-0.10680313157894736
5988,0.17643762280701752
5989,-0.14611110526315788
5990,-0.14876218421052628
5991,-0.030706631578947367
5992,-0.11496100877192984
5993,-0.07697371052631578
5994,-0.0035136491228069974
5995,-0.04425436842105263
5996,0.15095519298245613
5997,-0.16391324561403509
5998,0.0035526491228070143
5999,0.12026803508771929
6000,0.3473537894736842
6001,0.10674465789473686
6002,0.1271442543859649
6003,0.06007312280701756
6004,-0.09240742105263156
6005,0.06369880701754388
6006,0.15302143859649123
6007,-0.02000486842105262
6008,0.04957602631578948
6009,-0.012412280701754388
6010,-0.09287526315789474
6011,0.13874756140350877
6012,0.039585789473684206
6013,-0.15715400000000002
6014,-0.18788986842105262
6015,-0.07782649999999998
6016,0.02349902631578949
6017,0.15037521929824565
6018,-0.17884990350877192
6019,-0.048313833333333354
6020,-0.09548733333333334
6021,0.24639863157894734
6022,-0.17605264912280702
6023,-0.10913742105263156
6024,0.21389374561403507
6025,0.16707603508771932
6026,0.17914229824561403
6027,0.007685149122807033
6028,0.05002928070175441
6029,-0.012651052631578947
6030,-0.09367445614035089
6031,-0.26157406140350875
6032,-0.0012134385964912037
6033,0.1200195
6034,0.24716858771929826
6035,0.03244640350877194
6036,-0.13167644736842107
6037,0.19212478947368417
6038,0.24085768421052628
6039,0.07027775438596491
6040,-0.05183723684210525
6041,0.26850877192982453
6042,0.21534600877192983
6043,0.18136449122807016
6044,-0.1538889035087719
6045,-0.1327193245614035
6046,-0.03376704385964912
6047,-0.04351364035087718
6048,-0.1135916140350877
6049,-0.07012666666666667
6050,0.07012180701754385
6051,-0.09477095614035086
6052,-0.056710508771929805
6053,-0.1545126754385965
6054,0.09737815789473685
6055,0.010087719298245625
6056,-0.15922513157894735
6057,0.10889378070175437
6058,-0.02143760526315789
6059,0.16438106140350875
6060,0.05571150877192983
6061,0.052923982456140356
6062,0.29438595614035085
6063,0.09237330701754387
6064,-0.07050194736842105
6065,0.06675440350877192
6066,-0.048464912280701766
6067,0.05396688596491227
6068,0.041306035087719295
6069,-0.1451705526315789
6070,-0.11021929824561404
6071,-0.07250974561403507
6072,-0.0620078245614035
6073,-0.08485381578947368
6074,-0.011574061403508765
6075,0.21609163157894737
6076,0.05425924561403511
6077,0.07690549999999997
6078,0.16659355263157896
6079,-0.05098440350877193
6080,-0.1019931754385965
6081,-0.21121833333333329
6082,0.013411289473684265
6083,-0.19524853508771928
6084,0.018849885964912286
6085,-0.08156431578947371
6086,-0.05837718421052629
6087,0.009741719298245627
6088,-0.24761695614035087
6089,0.04023876315789474
6090,-0.018586763157894752
6091,-0.06637428070175441
6092,-0.02073102631578947
6093,0.1739619736842105
6094,-0.11639373684210522
6095,0.022811903508771936
6096,0.1436159649122807
6097,0.1405896754385965
6098,-0.10040934210526316
6099,-0.04963936842105261
6100,0.02906433333333329
6101,-0.06692009649122803
6102,0.10968327192982458
6103,0.18447368421052635
6104,0.0023683947368421097
6105,-0.04903021052631577
6106,-0.16640349122807016
6107,-0.23966863157894736
6108,-0.18800680701754388
6109,-0.07594540350877192
6110,0.026301149122806997
6111,-0.0339522192982456
6112,-0.12086744736842103
6113,-0.1925828333333333
6114,0.030716385964912288
6115,-0.21044838596491228
6116,-0.004449324561403509
6117,-0.10232456140350876
6118,0.016476605263157907
6119,0.19068223684210528
6120,-0.08751461403508771
6121,0.04041909649122807
6122,-0.14628166666666664
6123,-0.0556822456140351
6124,0.0670077807017544
6125,0.09610626315789472
6126,-0.13477584210526317
6127,-0.06807500877192983
6128,-0.01721247368421055
6129,-0.11860624561403507
6130,0.04898148245614037
6131,-0.05817738596491231
6132,0.18340645614035087
6133,0.1799074298245614
6134,0.09071151754385966
6135,-0.12587721052631579
6136,-0.021876210526315786
6137,0.0012475789473684416
6138,-0.15125730701754384
6139,-0.11275343859649123
6140,0.01274857017543861
6141,-0.026125728070175425
6142,0.20205655263157893
6143,-0.17981969298245615
6144,-0.00226609649122808
6145,0.005765070175438591
6146,-0.04727095614035087
6147,-0.11837231578947367
6148,-0.033401552631578915
6149,0.01942493859649125
6150,0.013084815789473694
6151,-0.12691519298245613
6152,-0.008976605263157888
6153,0.0385282807017544
6154,-0.10573585964912278
6155,0.18949315789473686
6156,0.19081381578947365
6157,0.348469798245614
6158,-0.16115985964912283
6159,-0.16986355263157896
6160,-0.0508479561403509
6161,0.01155944736842105
6162,0.006798263157894741
6163,0.062163736842105244
6164,0.1838888859649123
6165,-0.00768514912280701
6166,0.0663206403508772
6167,0.015847947368421034
6168,0.059395728070175416
6169,0.08841125438596492
6170,0.030306973684210512
6171,0.15021931578947367
6172,0.012231999999999986
6173,-0.21000974561403507
6174,0.16326512280701755
6175,-0.029234903508771917
6176,0.182802149122807
6177,0.19863548245614035
6178,0.0885672280701754
6179,0.04104774561403509
6180,-0.04024367543859648
6181,-0.12115985087719296
6182,-0.09624755263157894
6183,-0.15654484210526315
6184,0.12354289473684206
6185,0.14749997368421053
6186,-0.09501949122807017
6187,-0.11743178070175433
6188,0.06373779824561404
6189,0.0267251403508772
6190,-0.03755360526315788
6191,-0.21177388596491228
6192,-0.07260237719298245
6193,0.08450293859649123
6194,0.10055069298245618
6195,-0.06698831578947369
6196,-0.07419100877192979
6197,0.01658867543859647
6198,-0.049468798245614024
6199,-0.010014631578947365
6200,-0.02692495614035087
6201,-0.11615009649122807
6202,0.13619878947368422
6203,-0.07848928947368419
6204,-0.1581627894736842
6205,0.1199073859649123
6206,-0.1473148157894737
6207,-0.24301656140350875
6208,0.027753412280701717
6209,-0.07697855263157896
6210,-0.002373298245614047
6211,-0.1476851754385965
6212,-0.09585769298245612
6213,-0.1920711754385965
6214,0.02801168421052631
6215,0.022495140350877175
6216,0.08034115789473685
6217,0.015472719298245605
6218,0.10345516666666667
6219,0.18845027192982455
6220,-0.0548927894736842
6221,0.09917154385964913
6222,-0.09722710526315789
6223,0.06133041228070177
6224,0.05044346491228071
6225,0.036691017543859665
6226,-0.00836257017543857
6227,-0.10961013157894738
6228,-0.09145712280701757
6229,0.09032162280701754
6230,0.030706640350877182
6231,-0.19623292105263157
6232,0.24117931578947369
6233,0.14980506140350877
6234,-0.06903509649122806
6235,0.029970763157894736
6236,-0.03266082456140349
6237,0.05368905263157896
6238,0.11647173684210525
6239,-0.16169105263157893
6240,-0.04083333333333333
6241,-0.2075925789473684
6242,0.001242692982456144
6243,0.16517543859649123
6244,-0.10113060526315788
6245,-0.07503414035087722
6246,0.05826022807017541
6247,-0.06611113157894737
6248,0.02302634210526315
6249,0.04920076315789473
6250,-0.08941517543859648
6251,-0.1838791578947368
6252,0.0468811140350877
6253,0.11307503508771932
6254,-0.06690548245614038
6255,0.07021930701754386
6256,0.059800184210526346
6257,0.021764140350877193
6258,-0.1844444385964912
6259,0.03535576315789474
6260,0.06803607894736843
6261,-0.050082833333333354
6262,-0.13949802631578945
6263,0.080653
6264,0.004527289473684216
6265,-0.21005845614035087
6266,-0.0618859649122807
6267,0.18409359649122808
6268,-0.027616947368421036
6269,0.09002922807017545
6270,-0.0894980438596491
6271,-0.13792398245614032
6272,-0.07820663157894736
6273,-0.07929339473684212
6274,-0.09189085087719297
6275,-0.028226131578947343
6276,-0.020375236842105234
6277,0.29701265789473685
6278,-0.1584015789473684
6279,-0.05154483333333333
6280,0.2648489385964912
6281,0.0030652982456140497
6282,-0.09772418421052632
6283,-0.14371342982456142
6284,0.029230035087719264
6285,-0.009108192982456149
6286,-0.0595224298245614
6287,0.05687133333333334
6288,-0.10156432456140348
6289,-0.003425947368421027
6290,-0.021452245614035092
6291,0.19452729824561407
6292,0.053986350877193
6293,-0.012738771929824574
6294,-0.038313824561403524
6295,-0.004493175438596485
6296,-0.08478071052631578
6297,0.11777291228070175
6298,-0.19962473684210524
6299,0.0102582894736842
6300,-0.14526805263157896
6301,0.10247561403508772
6302,0.18497564035087716
6303,0.16466862280701755
6304,0.2552680438596491
6305,-0.1035185
6306,-0.2546442543859649
6307,-0.10808965789473683
6308,0.00946395614035086
6309,-0.012860631578947398
6310,0.08091130701754383
6311,0.1605214649122807
6312,0.010024359649122785
6313,-0.06623294736842107
6314,0.056710535087719297
6315,0.2154288157894737
6316,-0.22867446491228066
6317,-0.13039474561403508
6318,0.11506336842105265
6319,0.08304580701754387
6320,0.31151557017543857
6321,0.08156919298245617
6322,-0.1402923859649123
6323,-0.11980017543859649
6324,-0.018484429824561367
6325,-0.1231091403508772
6326,0.05825048245614034
6327,0.20782650877192985
6328,0.1889717368421053
6329,-0.008640368421052641
6330,0.1996881140350877
6331,0.039507833333333325
6332,-0.13683722807017543
6333,-0.06537526315789473
6334,-0.19597464912280704
6335,0.04993178947368422
6336,-0.19015103508771927
6337,-0.07158868421052633
6338,-0.017582850877192982
6339,0.11995126315789477
6340,0.07169105263157895
6341,0.026408377192982467
6342,0.056895701754385956
6343,-0.019410324561403517
6344,0.0161111403508772
6345,0.04082358771929826
6346,-0.1617543947368421
6347,0.027582842105263156
6348,-0.23609161403508772
6349,-0.027919096491228045
6350,0.09960041228070175
6351,0.1588839912280702
6352,0.17046781578947368
6353,-0.0523879298245614
6354,0.20442982456140352
6355,0.04145221929824562
6356,-0.039342096491228065
6357,0.07272905263157894
6358,0.18128654385964915
6359,-0.022158868421052625
6360,-0.23752924561403507
6361,-0.11978558771929826
6362,-0.04227093859649123
6363,-0.08733433333333332
6364,-0.009741710526315818
6365,0.020901561403508767
6366,-0.005029245614035107
6367,0.07116957894736842
6368,-0.03555069298245612
6369,0.06186648245614035
6370,-0.2297563421052631
6371,0.0875730701754386
6372,-0.08348440350877193
6373,-0.003347964912280697
6374,0.1525779473684211
6375,-0.08489764035087718
6376,-0.2079386140350877
6377,0.001856675438596502
6378,-0.08647172807017542
6379,0.161077
6380,-0.18349413157894737
6381,0.011057500000000001
6382,-0.04955167543859649
6383,-0.017222201754385977
6384,-0.04902531578947369
6385,0.14961985964912283
6386,0.2670662631578947
6387,0.06689570175438597
6388,-0.23335281578947367
6389,-0.07607698245614036
6390,0.03166180701754386
6391,0.008021438596491216
6392,-0.17974657894736842
6393,0.05034108771929825
6394,0.23238304385964909
6395,-0.022509754385964878
6396,0.06651558771929823
6397,0.04699315789473683
6398,-0.07483916666666665
6399,-0.20261210526315787
6400,-0.041135482456140376
6401,0.36741716666666663
6402,-0.18915205263157894
6403,-0.0825097456140351
6404,0.009439561403508785
6405,0.1072465789473684
6406,-0.2005555789473684
6407,0.12849412280701755
6408,0.003138421052631583
6409,-0.07826023684210526
6410,-0.033996105263157904
6411,-0.046890842105263154
6412,0.05430800000000001
6413,-0.0277387894736842
6414,-0.15211988596491227
6415,-0.012909359649122787
6416,0.06111112280701755
6417,0.013386929824561402
6418,-0.1290886754385965
6419,-0.0573684298245614
6420,0.18457603508771933
6421,-0.18773391228070174
6422,-0.004605280701754396
6423,-0.06228071052631578
6424,-0.04435185964912279
6425,0.15374756140350873
6426,-0.0637670350877193
6427,0.16470274561403503
6428,0.21550193859649125
6429,0.02851368421052633
6430,-0.11307016666666662
6431,0.010053587719298256
6432,-0.146315798245614
6433,0.03559453508771931
6434,-0.2767982368421052
6435,-0.10429337719298247
6436,-0.00918615789473681
6437,-0.08472709649122807
6438,-0.019454166666666703
6439,-0.06416178070175438
6440,-0.03529728947368418
6441,-0.006369377192982443
6442,-0.021393745614035092
6443,0.19498048245614036
6444,0.030706614035087704
6445,0.10647659649122806
6446,-0.06997562280701755
6447,0.2656286578947369
6448,-0.09043370175438595
6449,0.19415207894736838
6450,-0.1488303947368421
6451,-0.10836259649122808
6452,-0.15166179824561402
6453,-0.09141813157894736
6454,-0.034429842105263175
6455,-0.026208587719298227
6456,0.2187962894736842
6457,-0.012992219298245618
6458,-0.1877290263157895
6459,0.04637428070175437
6460,0.0918323596491228
6461,0.04578946491228073
6462,0.15088205263157894
6463,-0.03362085964912281
6464,0.20763643859649122
6465,-0.20500973684210527
6466,0.004108210526315791
6467,-0.10729045614035088
6468,0.23138401754385962
6469,0.022563333333333352
6470,0.025297271929824568
6471,-0.08906918421052633
6472,-0.05524366666666664
6473,-0.0893274736842105
6474,0.049654008771929804
6475,0.023767061403508774
6476,0.2447807192982456
6477,-0.18000000000000002
6478,-0.10917639473684208
6479,-0.10561403508771929
6480,0.1935770087719298
6481,0.025921070175438585
6482,0.12613549122807016
6483,-0.1304629736842105
6484,0.0714376052631579
6485,-0.10710527192982455
6486,-0.07192005263157894
6487,0.057831412280701766
6488,-0.1269346754385965
6489,0.13252924561403504
6490,0.07969300877192982
6491,-0.04363062280701752
6492,-0.056111149122807
6493,-0.08200292105263156
6494,-0.004502921052631603
6495,0.046281666666666686
6496,-0.19219297368421054
6497,-0.24384987719298246
6498,-0.1262426754385965
6499,-0.03182747368421052
6500,-0.03997566666666665
6501,0.037105254385964945
6502,0.12005850000000001
6503,0.023996105263157885
6504,0.08490252631578948
6505,0.08375729824561402
6506,-0.12511207017543857
6507,-0.17135476315789475
6508,-0.06940543859649123
6509,-0.11132550877192984
6510,-0.049035087719298244
6511,0.20461987719298247
6512,0.04762180701754384
6513,0.12399122807017547
6514,-0.129654
6515,-0.006676412280701751
6516,-0.018830421052631562
6517,-0.10287038596491227
6518,0.03683235087719295
6519,0.13318713157894738
6520,0.12597955263157895
6521,-0.04726118421052633
6522,0.28209063157894737
6523,0.012665692982456166
6524,-0.07131579824561403
6525,0.014439561403508789
6526,0.1763888684210526
6527,0.07655457894736843
6528,0.04267055263157895
6529,0.07572612280701757
6530,0.04158869298245614
6531,-0.14558966666666667
6532,0.01680309649122809
6533,-0.0005068070175438912
6534,-0.05502437719298245
6535,0.0987524385964912
6536,0.07912281578947371
6537,-0.0477534298245614
6538,0.03442983333333332
6539,-0.0009356578947368305
6540,0.07096979824561402
6541,-0.023513631578947352
6542,0.10925437719298245
6543,-0.2137232105263158
6544,0.11440058771929829
6545,-0.10780215789473684
6546,0.26547271052631577
6547,0.0065643070175438675
6548,-0.07854290350877192
6549,0.15057016666666667
6550,-0.1709795350877193
6551,-0.020618929824561382
6552,-0.06144250877192981
6553,0.06889865789473684
6554,-0.00318224561403507
6555,0.07400585964912279
6556,0.12357697368421054
6557,0.07185185087719295
6558,-0.13378655263157896
6559,0.28020954385964914
6560,0.08418615789473687
6561,-0.000419087719298246
6562,-0.02402046491228069
6563,-0.12954677192982453
6564,0.08642300877192982
6565,0.09122320175438596
6566,-0.05519979824561404
6567,-0.122641298245614
6568,0.10325042982456138
6569,0.07372806140350877
6570,-0.15118421052631578
6571,0.12014621052631576
6572,-0.05484890350877191
6573,0.06024364035087721
6574,-0.12824076315789473
6575,-0.014410342105263152
6576,0.054610131578947355
6577,-0.1463060350877193
6578,0.08741226315789474
6579,0.27688109649122805
6580,-0.08509260526315787
6581,-0.051062385964912284
6582,0.2674561228070175
6583,-0.1401851754385965
6584,0.289127701754386
6585,-0.24788010526315785
6586,-0.23749512280701757
6587,-0.014137438596491214
6588,0.003070184210526315
6589,-0.023942499999999988
6590,0.1319298070175439
6591,-0.11576995614035085
6592,-0.1269152192982456
6593,-0.05523391228070172
6594,0.09512667543859651
6595,0.13855751754385964
6596,-0.0679239912280702
6597,0.2110331140350877
6598,-0.031008798245614037
6599,-0.0771588596491228
6600,-0.12596980701754384
6601,0.22237328070175438
6602,0.01677875438596492
6603,0.16087719298245615
6604,0.31674464035087724
6605,-0.06832843859649118
6606,0.0019395701754385951
6607,-0.017787535087719325
6608,-0.006427885964912298
6609,-0.18017059649122807
6610,0.0655458157894737
6611,-0.13630119298245613
6612,-0.10793860526315789
6613,-0.11548728070175439
6614,0.03296294736842107
6615,0.01100390350877193
6616,0.11757308771929824
6617,0.2969298333333334
6618,-0.19247563157894737
6619,0.0006432543859649058
6620,-0.13970271052631578
6621,0.0087280614035088
6622,0.0685087894736842
6623,-0.013308956140350875
6624,0.07835280701754382
6625,0.15424951754385963
6626,-0.0040399649122807
6627,-0.14364522807017543
6628,-0.09970758771929823
6629,0.08457114912280704
6630,-0.2194103245614035
6631,-0.1902339210526316
6632,-0.06688595614035087
6633,0.10369880701754389
6634,-0.07881579824561404
6635,0.1475292280701754
6636,-0.16557016666666666
6637,0.16557992105263156
6638,0.3486988157894737
6639,-0.2940399649122807
6640,0.07791911403508774
6641,-0.013192017543859662
6642,0.06617445614035089
6643,0.11631089473684207
6644,-0.04784599999999999
6645,-0.1034990350877193
6646,0.02813840350877192
6647,-0.02325044736842105
6648,0.1903557631578947
6649,-0.1707212456140351
6650,0.03035572807017546
6651,-0.001920061403508774
6652,0.045448350877192976
6653,-0.05482453508771926
6654,-0.10939085087719295
6655,-0.027685184210526324
6656,-0.12022905263157896
6657,-0.1465789298245614
6658,0.13316764035087716
6659,-0.2230994298245614
6660,0.11844542982456142
6661,0.001686157894736847
6662,-0.013732929824561401
6663,0.12134017543859647
6664,0.06994639473684211
6665,0.0088840087719298
6666,0.14994640350877195
6667,-0.11818710526315787
6668,0.129975649122807
6669,-0.08115011403508772
6670,-0.07393763157894738
6671,0.16055068421052635
6672,0.19659841228070177
6673,0.22807992105263158
6674,-0.13297758771929824
6675,0.03192494736842106
6676,-0.043269991228070175
6677,0.10746102631578947
6678,0.10045807894736844
6679,-0.09256824561403507
6680,-0.19382551754385965
6681,-0.05792885087719296
6682,0.03734404385964914
6683,-0.23052630701754384
6684,0.06781674561403508
6685,0.10134504385964911
6686,0.20341614912280698
6687,-0.0465009649122807
6688,0.0700341228070175
6689,0.08582845614035088
6690,0.16832358771929826
6691,0.16220274561403505
6692,0.1446686228070175
6693,-0.046086745614035085
6694,-0.0022855526315789564
6695,-0.34996587719298244
6696,-0.08778263157894735
6697,-0.07666666666666666
6698,-0.03606723684210528
6699,-0.05544832456140349
6700,0.1686647192982456
6701,0.2065497192982456
6702,-0.03310428070175441
6703,0.05459552631578946
6704,-0.19488790350877191
6705,-0.07358672807017541
6706,-0.0008186842105262917
6707,-0.011856719298245605
6708,0.05413258771929824
6709,0.08206140350877195
6710,-0.13089669298245613
6711,0.06414228070175439
6712,-0.22826999122807015
6713,-0.09884015789473684
6714,0.042704684210526304
6715,0.14355749999999998
6716,0.07089666666666668
6717,0.12723683333333333
6718,-0.17132066666666668
6719,0.18329920175438594
6720,0.07524854385964913
6721,-4.850877192976838e-06
6722,0.12365497368421054
6723,-0.018528289473684224
6724,-0.16088207017543857
6725,0.020706631578947372
6726,-0.08346492105263159
6727,-0.15930308771929824
6728,0.15184211403508774
6729,-0.1231091842105263
6730,-0.11266083333333334
6731,0.10521444736842106
6732,-0.15032651754385967
6733,-0.15466373684210524
6734,0.21325049122807016
6735,-0.13653507017543862
6736,-0.08737813157894736
6737,-0.06859163157894738
6738,0.11400582456140347
6739,0.1738840087719298
6740,0.015063350877192986
6741,-0.18647659649122805
6742,0.0688596403508772
6743,-0.029907403508771902
6744,-0.0652728947368421
6745,0.18920563157894735
6746,0.06704678070175439
6747,-0.17826997368421052
6748,0.08263644736842105
6749,-0.11116470175438599
6750,-0.10335772807017544
6751,-0.04474658771929826
6752,-0.039868412280701766
6753,-0.026140359649122803
6754,0.14625243859649123
6755,0.1158187105263158
6756,0.19612090350877195
6757,0.13586744736842107
6758,0.24913742105263156
6759,-0.008377201754385931
6760,0.14039471052631577
6761,-0.08260235087719298
6762,-0.11137426315789474
6763,-0.20571636842105265
6764,0.13445907017543857
6765,0.0779678157894737
6766,0.09357213157894737
6767,0.06459548245614037
6768,-0.014000999999999994
6769,0.12519981578947367
6770,-0.09417641228070174
6771,0.0822417192982456
6772,-0.08993665789473683
6773,0.08194931578947369
6774,-0.17652046491228068
6775,-0.05554580701754386
6776,-0.017348929824561363
6777,-0.11160819298245614
6778,0.04248537719298246
6779,-0.09588208771929825
6780,-0.12862575438596488
6781,-0.16809453508771932
6782,0.036564333333333345
6783,0.09673977192982453
6784,0.22539962280701753
6785,0.18484892982456136
6786,-0.17128168421052625
6787,-0.01378654385964911
6788,0.05344056140350876
6789,0.024459043859649136
6790,0.1170760263157895
6791,-0.14248050877192983
6792,-0.0006578947368421292
6793,-0.04073584210526317
6794,0.28512181578947365
6795,-0.15846978947368418
6796,0.07542880701754388
6797,-0.08646688596491225
6798,0.07220758771929821
6799,-0.11025827192982454
6800,-0.045911307017543854
6801,0.06119879824561407
6802,0.1319931842105263
6803,0.0031773859649122617
6804,-0.09322611403508771
6805,-0.0719737105263158
6806,-0.029088701754385937
6807,-0.10458089473684211
6808,0.0347416754385965
6809,-0.14388405263157894
6810,0.19596491228070176
6811,0.1432261403508772
6812,-0.09476121929824559
6813,0.1108430789473684
6814,0.11556528947368423
6815,-0.046510701754385944
6816,0.061442499999999976
6817,-0.05649122807017543
6818,0.09061889473684209
6819,0.06639862280701757
6820,-0.161549701754386
6821,0.1753947368421053
6822,0.04017542105263159
6823,-0.03959065789473684
6824,0.06847953508771931
6825,0.04311403508771932
6826,-0.18248536842105262
6827,-0.1496393859649123
6828,-0.0534307894736842
6829,-0.044186184210526315
6830,-0.1675195087719298
6831,0.0952680350877193
6832,0.054035070175438606
6833,0.0011208508771929943
6834,0.012836254385964922
6835,-0.11502437719298246
6836,-0.03744151754385966
6837,-0.09918128947368421
6838,0.13550679824561404
6839,-0.16268520175438594
6840,0.17886452631578945
6841,-0.052173508771929826
6842,-0.019395719298245632
6843,-0.012071140350877193
6844,0.07355263157894737
6845,0.1859161754385965
6846,0.0720467719298246
6847,-0.100039
6848,0.09872319298245613
6849,-0.04186157894736842
6850,0.20418127192982455
6851,0.060346000000000025
6852,0.053065289473684225
6853,0.14518516666666667
6854,0.11594543859649123
6855,-0.018260245614035064
6856,-0.13977095614035087
6857,0.09427872807017545
6858,-0.050497087719298256
6859,0.0734015438596491
6860,0.11696878947368419
6861,-0.009571131578947359
6862,0.08368908771929827
6863,0.041554578947368394
6864,0.07200292982456143
6865,0.12954677192982456
6866,0.11288499999999997
6867,0.16995614035087722
6868,0.18414231578947365
6869,-0.03187620175438597
6870,0.06300683333333333
6871,-0.013927885964912281
6872,-0.08279236842105264
6873,0.028859631578947366
6874,0.059546763157894735
6875,-0.042197859649122815
6876,-0.10567251754385965
6877,0.08045321052631578
6878,0.026963921052631602
6879,-0.05155457894736842
6880,0.11722221052631578
6881,-0.0447611842105263
6882,-0.0626705614035088
6883,0.03705166666666665
6884,0.1693713596491228
6885,0.03539963157894738
6886,-0.1457504736842105
6887,-0.0072952982456140235
6888,0.02144252631578949
6889,0.021072096491228053
6890,0.15155947368421055
6891,-0.0020467894736842136
6892,0.0684892807017544
6893,0.0939425087719298
6894,0.010350877192982449
6895,-0.038167649122807026
6896,-0.06762672807017542
6897,0.002841140350877207
6898,0.029244614035087747
6899,-0.04805067543859648
6900,0.0774366578947368
6901,0.10161303508771931
6902,-0.08138399122807016
6903,-0.11923975438596492
6904,0.2075
6905,-0.11002436842105262
6906,0.00257311403508773
6907,-0.006267078947368408
6908,0.11443959649122806
6909,-0.06484892105263157
6910,0.10270952631578946
6911,0.020419096491228066
6912,0.03532164912280703
6913,0.041038008771929826
6914,0.027095500000000022
6915,0.04234406140350879
6916,0.07773879824561403
6917,0.04846977192982458
6918,0.023201745614035107
6919,0.11728557894736846
6920,-0.11894248245614036
6921,-0.10511694736842107
6922,0.16459063157894738
6923,0.0527290438596491
6924,-0.019965912280701742
6925,-0.10558480701754384
6926,-0.011364552631578942
6927,-0.07432259649122805
6928,-0.20711012280701754
6929,0.1154532192982456
6930,0.11108186842105265
6931,-0.10229043859649123
6932,0.09705166666666665
6933,0.1486939649122807
6934,-0.057295307017543845
6935,0.16026315789473683
6936,-0.030419122807017564
6937,0.16443471052631578
6938,0.043128649122807027
6939,0.25666176315789474
6940,-0.19552140350877192
6941,0.06598440350877194
6942,0.09146684210526318
6943,0.0461841842105263
6944,-0.29143273684210524
6945,0.044790447368421055
6946,-0.04579435087719296
6947,-0.09242204385964914
6948,-0.16693955263157895
6949,-0.13415693859649122
6950,0.169371350877193
6951,0.025009754385964922
6952,-0.04341618421052631
6953,0.07940057894736843
6954,-0.03687621052631579
6955,-0.008118912280701744
6956,0.2191374298245614
6957,-0.08821146491228067
6958,-0.03753900877192982
6959,0.11051170175438592
6960,0.18978556140350875
6961,0.11683232456140351
6962,0.017456166666666665
6963,-0.11523393859649123
6964,0.056520464912280716
6965,-0.03522904385964912
6966,0.26990256140350877
6967,-0.05943469298245613
6968,0.12497077192982455
6969,0.239166701754386
6970,-0.1059892456140351
6971,-0.09704681578947368
6972,0.04657409649122807
6973,-0.0005409473684210648
6974,-0.012417149122807003
6975,-0.09519495614035085
6976,-0.00044346491228069117
6977,0.12671052631578947
6978,-0.1531432807017544
6979,0.08019495614035088
6980,-0.17476609649122804
6981,-0.23203213157894736
6982,-0.019488289473684202
6983,-0.046505868421052594
6984,-0.07957113157894735
6985,0.17797758771929825
6986,-0.02667642982456137
6987,0.07970757894736845
6988,-0.15514134210526317
6989,-0.06706138596491228
6990,-0.09915694736842105
6991,0.04348928070175441
6992,0.040331377192982465
6993,0.007168605263157911
6994,-0.008128631578947375
6995,-0.006038026315789465
6996,-0.04126218421052632
6997,-0.07405458771929824
6998,-0.04863549122807017
6999,0.07829920175438597
7000,-0.097768
7001,0.08905457894736842
7002,-0.07141325438596491
7003,0.1244347105263158
7004,0.05198827192982457
7005,0.10489277192982459
7006,-0.04690546491228069
7007,-0.1789425
7008,0.030545798245614028
7009,-0.13923978070175436
7010,0.034254385964912294
7011,-0.17534600877192985
7012,-0.1054629649122807
7013,-0.10069202631578948
7014,-0.07144249122807018
7015,-0.024678368421052633
7016,-0.11089182456140351
7017,-0.15079921929824558
7018,0.14744151754385967
7019,0.24735378070175437
7020,0.06678845614035085
7021,0.024205614035087728
7022,0.20183236842105262
7023,0.0836403157894737
7024,0.020609175438596482
7025,-0.18023878070175436
7026,-0.013386964912280723
7027,0.011725149122807
7028,-0.07568714912280701
7029,-0.05839179824561403
7030,-0.1830165789473684
7031,0.23921049122807017
7032,-0.15572123684210523
7033,-0.0010867719298245663
7034,-0.10937622807017544
7035,0.04846977192982455
7036,-0.016447394736842088
7037,-0.08323099999999999
7038,0.023674473684210537
7039,0.11155457017543859
7040,-0.024858675438596493
7041,0.020092605263157898
7042,-0.06837232456140348
7043,0.2076705701754386
7044,-0.13786549999999997
7045,-0.11451266666666667
7046,0.029731947368421042
7047,0.06934210526315784
7048,0.06652047368421055
7049,0.017275842105263135
7050,-0.1627680175438596
7051,0.09580893859649124
7052,-0.061145210526315774
7053,0.06261698245614036
7054,-0.0496881052631579
7055,-0.049736842105263135
7056,-0.08413741228070173
7057,-0.014658868421052625
7058,0.16266570175438597
7059,0.09390351754385967
7060,-0.11936157894736843
7061,-0.1929337368421052
7062,-0.11803605263157894
7063,0.08862085087719294
7064,0.059478561403508795
7065,0.05411793859649125
7066,0.2871978508771929
7067,0.07329433333333334
7068,0.14432260526315788
7069,-0.10999512280701755
7070,0.010687149122807023
7071,0.02334307894736843
7072,0.05343568421052631
7073,-0.004039973684210537
7074,0.12918129824561403
7075,-0.12717841228070173
7076,0.1867689912280702
7077,-0.13429337719298245
7078,0.10345029824561403
7079,0.045648149122807034
7080,-0.019610157894736847
7081,0.13490250877192983
7082,-0.08768029824561406
7083,-0.033742684210526314
7084,-0.12451754385964912
7085,-0.042256315789473683
7086,0.23467838596491225
7087,0.06197856140350879
7088,-0.09308964912280702
7089,-0.06898635964912281
7090,-0.04861111403508772
7091,0.003377192982456154
7092,0.2154191052631579
7093,-0.18425437719298246
7094,-0.13846003508771929
7095,-0.07741227192982456
7096,-0.009444456140350879
7097,-0.04865982456140352
7098,-0.016374228070175405
7099,0.010458096491228044
7100,-0.03366471052631579
7101,0.16881090350877195
7102,0.0705458245614035
7103,-0.20766081578947365
7104,-0.10433235087719299
7105,-0.033240763157894725
7106,-0.17747077192982455
7107,-0.001983456140350857
7108,-0.11890351754385965
7109,0.056817728070175426
7110,0.03593564912280701
7111,-0.06087232456140353
7112,-0.08159362280701753
7113,0.0007260877192982623
7114,-0.07625244736842102
7115,-0.14107700877192983
7116,-0.14051165789473682
7117,-0.1036501140350877
7118,0.0018177368421052652
7119,0.13417153508771928
7120,-0.23546784210526314
7121,-0.10439571052631581
7122,0.0046783508771930035
7123,-0.2149902543859649
7124,-0.15250974561403507
7125,-0.16177873684210525
7126,-0.13131090350877192
7127,0.01616474561403509
7128,-0.09919101754385966
7129,-0.05566763157894738
7130,0.2868421403508772
7131,0.015901587719298237
7132,0.0479580701754386
7133,-0.009902543859649142
7134,-0.19453702631578942
7135,-0.06423976315789474
7136,0.007446359649122816
7137,-0.12454189473684209
7138,-0.13379140350877194
7139,0.04769494736842104
7140,-0.12391327192982456
7141,0.06206139473684211
7142,-0.14800194736842104
7143,-0.17954190350877192
7144,0.007553578947368446
7145,0.10478073684210526
7146,0.07998050877192982
7147,-0.22020467543859645
7148,-0.03388404385964914
7149,0.15417151754385963
7150,-0.08130605263157892
7151,-0.13388399122807015
7152,-0.06707114912280701
7153,-0.02360623684210524
7154,0.24719294736842098
7155,-0.02011212280701754
7156,-0.10946878070175438
7157,0.34801166666666666
7158,0.009454201754385973
7159,-0.07454189473684211
7160,-0.025609184210526294
7161,0.04205164035087716
7162,0.17254871929824558
7163,0.01598928070175442
7164,0.09937623684210527
7165,0.08681775438596492
7166,-0.15091128947368418
7167,0.030063350877192994
7168,-0.028479517543859648
7169,-0.10178848245614036
7170,0.09796783333333334
7171,-0.035038964912280715
7172,0.056754368421052616
7173,0.09647660526315788
7174,0.09476122807017545
7175,-0.014902552631578943
7176,-0.1375487456140351
7177,-0.025146184210526303
7178,0.03915690350877194
7179,-0.2218421052631579
7180,-0.11211987719298246
7181,0.1267982456140351
7182,-0.029580877192982448
7183,-0.06060917543859649
7184,0.13688595614035087
7185,0.007777780701754371
7186,-0.20033138596491226
7187,-0.06260233333333333
7188,0.21979531578947367
7189,0.1186939736842105
7190,-0.11747561403508772
7191,-0.08611112280701753
7192,-0.03393274561403508
7193,0.14852339473684212
7194,-0.18107701754385963
7195,-0.06797270175438597
7196,-0.025229043859649126
7197,-0.1653508684210526
7198,0.0702875263157895
7199,0.16435671929824563
7200,0.04838206140350878
7201,-0.07946880701754386
7202,-0.01273392982456141
7203,-0.031120833333333348
7204,0.11511699122807018
7205,-0.023913271929824557
7206,0.09388888596491231
7207,-0.10653021929824562
7208,0.007241692982456162
7209,-0.15946879824561402
7210,-0.023352833333333337
7211,0.15870856140350875
7212,0.23429822807017542
7213,-0.05804092105263159
7214,0.0464814736842105
7215,-0.02490738596491227
7216,-0.037309947368421054
7217,-0.0002046666666666834
7218,0.029137438596491223
7219,0.11967346491228072
7220,-0.20893277192982457
7221,0.038991219298245616
7222,-0.18373294736842105
7223,-0.05158381578947365
7224,0.006496087719298248
7225,0.05898149122807016
7226,0.038840166666666676
7227,-0.09837716666666667
7228,0.06582360526315789
7229,0.22019003508771928
7230,-0.10204189473684208
7231,0.08508284210526319
7232,-0.1673294210526316
7233,-0.18764132456140353
7234,-0.09742204385964913
7235,0.005331368421052634
7236,0.06596979824561404
7237,0.021978535087719287
7238,0.005726105263157889
7239,-0.07952728070175438
7240,-0.000609157894736829
7241,0.21433234210526317
7242,0.06833332456140351
7243,-0.18484890350877187
7244,0.1397855789473684
7245,0.08961012280701754
7246,-0.004761210526315776
7247,0.11504386842105264
7248,0.15375245614035088
7249,-0.09966860526315789
7250,-0.10681774561403508
7251,-0.09017540350877193
7252,-0.012631578947368403
7253,0.02485381578947366
7254,-0.09641324561403508
7255,0.13569687719298246
7256,0.2505117105263158
7257,-0.14312378070175436
7258,-0.08403996491228069
7259,-0.027665684210526297
7260,0.030925938596491242
7261,-0.017027271929824554
7262,0.03926412280701753
7263,-0.20384016666666666
7264,-0.008669578947368412
7265,0.09455163157894739
7266,-0.006286535087719293
7267,0.0041666666666666866
7268,0.09103799122807019
7269,0.0008967105263158032
7270,0.19843568421052632
7271,-0.03523877192982456
7272,0.10534599122807019
7273,0.00690542982456142
7274,0.015487333333333336
7275,-0.13714423684210525
7276,-0.05450779824561403
7277,-0.03141326315789472
7278,0.21527777192982459
7279,0.1746442456140351
7280,-0.1626266842105263
7281,-0.15170078947368423
7282,-0.1071296140350877
7283,-0.18711012280701755
7284,0.12079922807017544
7285,-0.10621831578947369
7286,0.08996101754385966
7287,-0.07104775438596489
7288,-0.04523877192982456
7289,0.07693955263157894
7290,0.15889376315789477
7291,0.16990253508771933
7292,0.21236842982456133
7293,-0.018372342105263156
7294,0.10691030701754387
7295,0.1584502894736842
7296,0.19984892105263155
7297,-0.006988298245614012
7298,0.012807017543859652
7299,0.06656434210526316
7300,-0.03977093859649124
7301,0.02902049122807018
7302,0.05282165789473686
7303,-0.11000974561403509
7304,-0.018952236842105258
7305,-0.12781190350877192
7306,-0.026778745614035065
7307,0.1251169385964912
7308,-0.015964903508771933
7309,0.021817763157894736
7310,0.13782650000000002
7311,0.05192496491228071
7312,-0.06769979824561405
7313,-0.04779729824561405
7314,-0.13567251754385964
7315,0.08494152631578948
7316,-0.015341131578947375
7317,-0.12233918421052631
7318,0.059473675438596496
7319,-0.09489769298245614
7320,0.24834306140350873
7321,0.006237815789473674
7322,0.025653035087719316
7323,0.11047757017543862
7324,-0.07296784210526316
7325,0.04596980701754385
7326,-0.036091614035087705
7327,0.027748535087719305
7328,-0.026866438596491207
7329,-0.075755350877193
7330,0.05826023684210529
7331,0.03442982456140351
7332,-0.07409357017543856
7333,-0.23459065789473685
7334,-0.13420076315789475
7335,0.04761695614035089
7336,0.03129631578947369
7337,0.18913742982456144
7338,0.26461989473684205
7339,0.07014618421052632
7340,0.02336259649122807
7341,-0.208104298245614
7342,-0.15781675438596487
7343,-0.0768323245614035
7344,0.127909350877193
7345,-0.07376216666666667
7346,-0.034576026315789495
7347,-0.1140740701754386
7348,-0.09346006140350874
7349,-0.11183724561403512
7350,0.07531677192982456
7351,-0.061003885964912255
7352,0.018289456140350865
7353,-0.045925912280701774
7354,-0.09695418421052632
7355,0.09253408771929826
7356,-0.09279238596491228
7357,-0.22878169298245613
7358,0.09028751754385961
7359,0.041671543859649135
7360,-0.013845017543859651
7361,0.110302149122807
7362,0.2050925877192982
7363,-0.09482456140350877
7364,-0.015204675438596493
7365,-0.13041908771929825
7366,-0.08114524561403508
7367,0.013148149122807028
7368,-0.04543372807017544
7369,-0.0119736842105263
7370,-0.12857698245614035
7371,-0.05881092982456143
7372,-0.1772612105263158
7373,-0.14923487719298245
7374,-0.08618907894736844
7375,0.010735868421052622
7376,-0.08840643859649121
7377,0.045843087719298264
7378,0.016198833333333326
7379,-0.1476705614035088
7380,-0.11217837719298246
7381,-0.1533918245614035
7382,-0.031281675438596473
7383,-0.06151559649122806
7384,-0.03866470175438595
7385,0.007972710526315745
7386,-0.1611500964912281
7387,-0.06660818421052632
7388,-0.1719834385964912
7389,0.12511698245614034
7390,-0.021783631578947377
7391,-0.0983772105263158
7392,-0.09581871929824558
7393,-0.07992203508771932
7394,-0.08695907017543861
7395,0.04021441228070176
7396,-0.12306044736842103
7397,0.09282649999999998
7398,-0.15844541228070175
7399,-0.02309453508771931
7400,0.04509749122807016
7401,0.1971442456140351
7402,-0.04375732456140353
7403,-0.12355749122807017
7404,0.027426894736842122
7405,0.08792396491228066
7406,-0.16795320175438597
7407,0.019259289473684212
7408,0.005131561403508765
7409,0.01519980701754386
7410,0.042704657894736826
7411,0.02280212280701755
7412,-0.12166178947368418
7413,0.11996587719298246
7414,-0.10240252631578946
7415,0.010321675438596481
7416,-0.12263644736842105
7417,-0.1812913947368421
7418,-0.1396150087719298
7419,0.057358692982456126
7420,-0.027534114035087737
7421,-0.0729142456140351
7422,-0.14727094736842106
7423,-0.013362552631578975
7424,-0.07738303508771929
7425,-0.1772904298245614
7426,0.04051659649122806
7427,-0.14729048245614038
7428,0.02998049999999999
7429,0.20776317543859651
7430,0.15074073684210526
7431,-0.15399122807017543
7432,0.0775779649122807
7433,0.12495127192982455
7434,-0.0295078245614035
7435,-0.01266085087719299
7436,-0.12564814912280703
7437,-0.04243666666666668
7438,-0.0702095438596491
7439,0.10263647368421054
7440,-0.034917149122806995
7441,-0.12854773684210521
7442,0.15646197368421055
7443,0.022032166666666658
7444,-0.0444152192982456
7445,0.1099463947368421
7446,0.30399609649122805
7447,-0.11040935087719297
7448,-0.1784697894736842
7449,0.11394738596491229
7450,-0.07165692105263159
7451,-0.040014631578947364
7452,-0.04136451754385964
7453,-0.06614035964912279
7454,-0.23156919298245615
7455,-0.06243666666666666
7456,-0.22979044736842105
7457,0.04158382456140351
7458,0.043338184210526334
7459,0.13070176315789475
7460,0.20925925438596485
7461,-0.08370858771929826
7462,-0.11298734210526315
7463,0.06282650000000001
7464,0.08475633333333332
7465,0.23184212280701752
7466,-0.24777290350877193
7467,-0.060112052631578955
7468,-0.17405457017543857
7469,0.05423977192982455
7470,0.1836159736842105
7471,-0.03798246491228069
7472,0.029220271929824577
7473,0.019673508771929814
7474,-0.00602339473684212
7475,0.18335278947368422
7476,0.05652532456140349
7477,0.02523878947368424
7478,-0.06614034210526314
7479,-0.04100876315789472
7480,-0.017660807017543845
7481,-0.08133526315789472
7482,-0.07820665789473683
7483,0.00712962280701756
7484,-0.015365535087719292
7485,0.06005359649122809
7486,0.03113059649122807
7487,0.23200292105263162
7488,0.042046763157894705
7489,-0.02057017543859648
7490,0.03189085087719299
7491,0.016783622807017565
7492,-0.20353312280701755
7493,-0.12388403508771931
7494,-0.08405945614035085
7495,-0.16164717543859647
7496,0.03957602631578948
7497,-0.04911306140350877
7498,-0.0533674649122807
7499,-0.12311403508771926
7500,-0.13628654385964908
7501,-0.08806530701754385
7502,0.04652043859649123
7503,0.3182017631578948
7504,-0.12460037719298246
7505,0.25695416666666665
7506,-0.06243173684210527
7507,0.051885956140350874
7508,0.3175779912280701
7509,0.0863450263157895
7510,-0.047305078947368434
7511,0.20933721052631582
7512,0.04583333333333334
7513,-0.07325049999999998
7514,0.003737780701754386
7515,0.10657406140350874
7516,0.11206627192982455
7517,0.04014132456140351
7518,0.03958578070175439
7519,-0.0723001754385965
7520,-0.11683233333333333
7521,-0.03381577192982457
7522,-0.0910185614035088
7523,-0.00749998245614034
7524,-0.027982482456140323
7525,0.08216860526315792
7526,0.0900730701754386
7527,-0.03838207894736843
7528,-0.1429191052631579
7529,0.10187131578947368
7530,-0.07592594736842102
7531,-0.06540447368421054
7532,-0.13572611403508772
7533,-0.2646637543859649
7534,-0.027724201754385964
7535,0.03761208771929825
7536,-0.11578458771929823
7537,0.054200780701754395
7538,0.017236850877193
7539,0.09316761403508772
7540,0.18979045614035092
7541,0.03267544736842104
7542,0.11438594736842103
7543,-0.09500487719298245
7544,-0.13692007017543859
7545,0.013713473684210532
7546,0.08603316666666667
7547,-0.0732602368421053
7548,-0.1805945438596491
7549,-0.055155964912280704
7550,-0.024741728070175446
7551,0.11566276315789475
7552,-0.0829581052631579
7553,0.0957309649122807
7554,-0.19174464035087718
7555,0.012846026315789487
7556,0.15309941228070179
7557,0.09563355263157895
7558,0.09013646491228068
7559,0.10005845614035089
7560,-0.089512649122807
7561,0.11806043859649122
7562,0.05535091228070176
7563,0.10039958771929824
7564,-0.15962963157894736
7565,-0.05501458771929825
7566,-0.10241714035087722
7567,0.1619590614035088
7568,-0.005579912280701754
7569,-0.14635478947368422
7570,-0.01892785964912281
7571,0.05404484210526316
7572,-0.15915202631578948
7573,0.07230019298245613
7574,-0.030345982456140338
7575,0.040828464912280725
7576,-0.11615010526315787
7577,-0.14211986842105262
7578,-0.15323587719298243
7579,0.058055552631578945
7580,0.0021004035087719302
7581,0.06611109649122805
7582,0.04373781578947369
7583,-0.05811401754385965
7584,0.04965884210526316
7585,0.27355748245614037
7586,0.015760263157894736
7587,0.020565307017543864
7588,0.12896684210526316
7589,0.12139379824561401
7590,0.16252922807017547
7591,-0.047748535087719285
7592,0.10319689473684213
7593,0.005492184210526336
7594,0.19639863157894735
7595,-0.009507798245614032
7596,0.04340154385964914
7597,0.05272418421052631
7598,0.042529228070175416
7599,0.02952726315789475
7600,0.14875729824561407
7601,-0.09289473684210527
7602,-0.05761695614035089
7603,-0.10826509649122806
7604,-0.20253898245614033
7605,-0.12077487719298247
7606,-0.21615984210526315
7607,0.1636403245614035
7608,-0.04576998245614034
7609,0.310219298245614
7610,-0.03538013157894739
7611,0.08823584210526315
7612,-0.017480517543859663
7613,-0.07297759649122808
7614,0.3142885000000001
7615,0.23192008771929823
7616,-0.19030699122807015
7617,-0.20218808771929825
7618,0.11956627192982455
7619,0.04941519298245617
7620,0.16077485964912283
7621,0.15779728070175436
7622,-0.07688108771929825
7623,0.013513631578947366
7624,-0.05873778947368423
7625,0.05063839473684212
7626,-0.04151073684210524
7627,0.04738305263157897
7628,-0.20304581578947367
7629,0.13250001754385965
7630,0.07883039473684214
7631,-0.11903509649122808
7632,0.08564328070175438
7633,0.06682750877192985
7634,-0.09942983333333334
7635,-0.1925877280701754
7636,0.1441130350877193
7637,-0.05496587719298246
7638,0.018620850877192986
7639,-0.049571149122807
7640,-0.14982455263157896
7641,0.0708869298245614
7642,0.20605748245614036
7643,0.015511675438596495
7644,0.07863545614035089
7645,-0.05819690350877192
7646,-0.20291423684210527
7647,-0.14503899999999997
7648,-0.03599415789473683
7649,-0.0289132543859649
7650,0.11993176315789475
7651,0.05060914912280702
7652,-0.08254876315789474
7653,-0.05894735087719296
7654,-0.014444429824561395
7655,-0.005531201754385969
7656,0.06641812280701757
7657,0.06348926315789476
7658,0.050097473684210525
7659,0.1342105087719298
7660,-0.0587914298245614
7661,0.07128169298245614
7662,-0.07434696491228072
7663,-0.054191035087719275
7664,-0.008523377192982457
7665,0.074205649122807
7666,-0.09704191228070176
7667,-0.0817495350877193
7668,-0.14539471052631578
7669,0.1713255350877193
7670,0.055458087719298256
7671,0.051345017543859665
7672,-0.0957700087719298
7673,-0.09787038596491227
7674,-0.010360605263157886
7675,0.2670662807017544
7676,0.1560867456140351
7677,-0.2091422894736842
7678,-0.0738109298245614
7679,-0.20898148245614034
7680,0.22261694736842108
7681,-0.14494150877192982
7682,0.19420564912280702
7683,0.08744152631578948
7684,0.02690057894736843
7685,0.03562864912280702
7686,-0.14932261403508773
7687,-0.00667154385964914
7688,-0.11837716666666663
7689,-0.2421588596491228
7690,-0.007207578947368456
7691,-0.08658378947368418
7692,-0.2210623684210526
7693,0.038961982456140375
7694,0.17497078947368425
7695,0.06106238596491227
7696,-0.06528754385964913
7697,0.013499017543859678
7698,-0.04931773684210527
7699,-0.12351365789473685
7700,0.02336745614035088
7701,0.11697854385964913
7702,0.13883040350877196
7703,0.018279736842105293
7704,0.13911792982456142
7705,-0.03094056140350876
7706,0.1975487192982456
7707,0.049887929824561396
7708,-0.1652875438596491
7709,0.017207605263157916
7710,-0.17213451754385967
7711,-0.21429823684210528
7712,0.021237807017543863
7713,0.04000002631578947
7714,0.01664229824561403
7715,-0.0503118859649123
7716,-0.21097957017543859
7717,0.0688303859649123
7718,0.07078949122807014
7719,-0.03798242105263159
7720,-0.11461013157894735
7721,-0.09960042105263156
7722,-0.022704675438596503
7723,0.18345517543859646
7724,0.012602324561403498
7725,-0.1376364649122807
7726,0.04416177192982459
7727,-0.12058478947368419
7728,-0.03018028947368422
7729,0.003011701754385961
7730,-0.05630118421052632
7731,-0.12710523684210526
7732,-0.06898144736842104
7733,-0.09722706140350874
7734,0.00841132456140349
7735,-0.041608184210526325
7736,0.37247564912280695
7737,-0.07255850877192982
7738,-0.02222223684210529
7739,0.07113548245614036
7740,-0.11234403508771931
7741,0.08796779824561403
7742,-0.1720273157894737
7743,0.019312859649122806
7744,0.04324075438596494
7745,0.17797760526315787
7746,-0.033328447368421034
7747,0.023538
7748,0.028747570175438608
7749,-0.0015058596491228035
7750,-0.18831381578947365
7751,-0.05269007894736841
7752,-0.030531184210526346
7753,0.05448831578947368
7754,-0.06973684210526317
7755,-0.10437621052631578
7756,0.029049701754385968
7757,0.07915691228070176
7758,-0.05372803508771928
7759,-0.08108673684210528
7760,0.025073105263157886
7761,-0.02437135087719298
7762,-0.021052631578947364
7763,0.12626221052631578
7764,-0.14191033333333336
7765,-0.12145224561403511
7766,0.0972563245614035
7767,-0.07147662280701757
7768,-0.11327483333333331
7769,-0.07000973684210526
7770,0.016890833333333334
7771,0.17506335087719302
7772,0.02977585087719299
7773,0.0032066491228070217
7774,0.03445418421052632
7775,0.15042398245614033
7776,0.019298263157894725
7777,0.16365981578947367
7778,-0.14282649122807017
7779,0.02883040350877192
7780,0.16272906140350876
7781,-0.09919099999999999
7782,-0.014395719298245603
7783,0.08180799122807016
7784,0.22930798245614029
7785,0.006988307017543853
7786,-0.04936160526315787
7787,0.06198830701754388
7788,-0.052012692982456116
7789,0.08267542982456143
7790,0.005409359649122825
7791,0.2378606052631579
7792,0.14447852631578945
7793,0.06444445614035088
7794,-0.15567252631578946
7795,-0.025258271929824577
7796,-0.05576509649122808
7797,0.050448350877193
7798,0.26101365789473685
7799,0.031359649122807025
7800,0.24656920175438596
7801,-0.042397666666666674
7802,0.105
7803,-0.06171052631578946
7804,-0.021232929824561392
7805,0.10075535964912281
7806,0.10820663157894739
7807,0.019975631578947398
7808,-0.0685867456140351
7809,0.01206628947368422
7810,-0.1899756403508772
7811,-0.11516081578947372
7812,0.09955652631578948
7813,0.10223197368421051
7814,0.1416228070175439
7815,-0.10144736842105263
7816,0.09727584210526315
7817,-0.1240887105263158
7818,0.03328460526315793
7819,0.07025341228070174
7820,-0.04622807017543861
7821,-0.0515984298245614
7822,-0.1493225877192982
7823,-0.07902530701754386
7824,-0.13899611403508771
7825,-0.1571491140350877
7826,-0.0537524298245614
7827,-0.07975635087719297
7828,0.03160332456140352
7829,0.025238807017543878
7830,0.038879149122807016
7831,-0.028942508771929838
7832,-0.01996103508771928
7833,0.06811892982456137
7834,-0.005282666666666675
7835,0.05026801754385967
7836,-0.1613791403508772
7837,-0.09660815789473684
7838,-0.04612571929824561
7839,0.10928850877192986
7840,-0.04078948245614037
7841,0.01653995614035088
7842,0.04629142982456137
7843,0.06971245614035088
7844,0.062002929824561404
7845,0.22538986842105266
7846,0.015443473684210507
7847,-0.09281676315789471
7848,-0.055404499999999995
7849,0.12344055263157898
7850,0.14546299122807016
7851,0.0174512807017544
7852,-0.005282640350877198
7853,-0.07670075438596491
7854,-0.149351850877193
7855,0.09362085964912277
7856,0.021920087719298233
7857,-0.10257795614035088
7858,-0.23602337719298241
7859,-0.13968810526315786
7860,-0.10094053508771929
7861,0.08731481578947368
7862,0.026457131578947374
7863,-0.07695906140350876
7864,-0.024351850877192993
7865,0.042236833333333355
7866,0.07504872807017543
7867,-0.18423000877192983
7868,-0.045989254385964934
7869,0.08707603508771931
7870,0.08294834210526315
7871,0.04329436842105264
7872,0.09227582456140347
7873,0.11270956140350878
7874,-0.11947366666666664
7875,0.010731026315789488
7876,0.08797755263157896
7877,-0.16609649999999998
7878,-0.2034356842105263
7879,0.0800487456140351
7880,0.10089181578947369
7881,0.024020482456140368
7882,-0.0483187105263158
7883,0.08671054385964912
7884,-0.20733916666666669
7885,0.2920175438596491
7886,-0.062441508771929805
7887,-0.18393762280701753
7888,0.057904500000000005
7889,0.2307797280701754
7890,0.2514961140350877
7891,0.07927389473684213
7892,0.010268026315789457
7893,0.012636447368421072
7894,0.02241715789473686
7895,0.010882052631578966
7896,0.18737814035087721
7897,0.2811695877192982
7898,0.01273875438596491
7899,-0.012504885964912296
7900,0.02462476315789474
7901,-0.10643277192982453
7902,0.08176412280701757
7903,0.12466861403508772
7904,-0.17539472807017548
7905,0.4945760175438596
7906,0.05026802631578947
7907,0.06679337719298245
7908,-0.09060919298245612
7909,0.07874755263157895
7910,-0.009161780701754378
7911,0.2239327105263158
7912,0.016963947368421054
7913,0.034502947368421036
7914,0.11763648245614038
7915,-0.15337720175438593
7916,0.008508798245614025
7917,-0.03317253508771928
7918,0.146340149122807
7919,0.001959035087719318
7920,-0.10820664912280702
7921,-0.22680800000000004
7922,-0.13912280701754387
7923,0.13404971052631579
7924,-0.1506530087719298
7925,0.1524464035087719
7926,0.101423
7927,0.18451753508771931
7928,0.0022563245614035388
7929,-0.025531184210526314
7930,-0.02984892982456141
7931,0.04095032456140352
7932,-0.15732941228070177
7933,-0.10146200877192983
7934,0.21006823684210527
7935,-0.0015009736842105147
7936,0.01764619298245616
7937,0.26940058771929826
7938,-0.08118421052631576
7939,-0.03115008771929824
7940,0.12467837719298247
7941,0.3393956754385965
7942,0.12918614035087717
7943,0.2484453947368421
7944,0.16961988596491223
7945,-0.07363549122807016
7946,0.1241276754385965
7947,-0.06759257894736842
7948,-0.2448878947368421
7949,-0.0955018947368421
7950,0.25075050877192984
7951,0.12845030701754384
7952,0.12646687719298247
7953,0.024356745614035103
7954,0.19971732456140348
7955,0.07038012280701754
7956,-0.1817787368421053
7957,-0.10968809649122808
7958,0.19199318421052633
7959,0.10810914035087721
7960,0.011588684210526308
7961,-0.0777923947368421
7962,-0.0019103157894736899
7963,0.06833822807017546
7964,-0.05264620175438597
7965,-0.20126705263157893
7966,0.0346198859649123
7967,-0.09204188596491227
7968,-0.14501949122807017
7969,-0.0438986315789474
7970,-0.06968323684210526
7971,0.002651061403508745
7972,-0.10557990350877192
7973,0.19822611403508777
7974,-0.04360135964912281
7975,-0.0026559561403508743
7976,0.08277288596491228
7977,-0.0858431052631579
7978,0.026549692982456154
7979,0.10515592105263157
7980,-0.15410329824561403
7981,-0.0358966842105263
7982,0.013260245614035071
7983,0.0353411666666667
7984,0.021159842105263168
7985,-0.08938597368421054
7986,-0.22858183333333335
7987,-0.045721245614035094
7988,-0.0059551578947368376
7989,-0.055043833333333334
7990,0.019795333333333328
7991,-0.17775342105263162
7992,0.11439082456140348
7993,0.044517526315789466
7994,-0.009420096491228103
7995,-0.12379627192982455
7996,-0.023684192982456127
7997,-0.04365007894736843
7998,-0.1548099649122807
7999,0.18160326315789474
8000,0.1966374298245614
8001,-0.013547728070175423
8002,-0.1623879210526316
8003,0.20444444736842105
8004,-0.1239132631578947
8005,0.04162768421052633
8006,0.005082824561403521
8007,0.1289327631578947
8008,0.17575047368421057
8009,0.11276801754385968
8010,0.06267543859649123
8011,-0.04641813157894739
8012,-0.05880604385964914
8013,-0.055901552631578956
8014,-0.15720274561403505
8015,0.14154969298245612
8016,0.07479047368421055
8017,0.18174950877192977
8018,-0.06051169298245615
8019,-0.05071634210526313
8020,-0.05918127192982455
8021,0.057524368421052616
8022,-0.03450778070175439
8023,-0.01748053508771929
8024,-0.1177290438596491
8025,-0.11948345614035084
8026,-0.15991229824561404
8027,-0.1084454298245614
8028,-0.23925438596491225
8029,-0.10458089473684212
8030,-0.06531678947368419
8031,-0.05512669298245613
8032,-0.06011695614035088
8033,0.14416180701754383
8034,0.04861112280701756
8035,-0.09121345614035088
8036,-0.09205651754385964
8037,-0.011403491228070169
8038,0.12539959649122806
8039,-0.008937622807017551
8040,-0.12645709649122808
8041,0.0541179210526316
8042,0.08071148245614036
8043,0.03181773684210527
8044,0.02211014912280702
8045,-0.008596491228070163
8046,-0.0672368684210526
8047,-0.0955263157894737
8048,-0.0033967017543859593
8049,-0.1225731052631579
8050,0.04320663157894738
8051,0.11661306140350876
8052,0.034498070175438586
8053,0.049980508771929825
8054,0.01339666666666666
8055,-0.15300681578947367
8056,-0.014137412280701738
8057,0.07692007894736844
8058,0.2084357105263158
8059,0.12508772807017549
8060,-0.024010728070175416
8061,-0.07373778947368421
8062,-0.06336745614035089
8063,-0.04369883333333331
8064,-0.17315300000000003
8065,0.026169596491228082
8066,0.07611600877192981
8067,0.12495609649122807
8068,-0.09082357894736842
8069,-0.14171540350877196
8070,0.11444930701754388
8071,0.07621833333333332
8072,0.08066764035087719
8073,0.015501938596491242
8074,0.09250487719298245
8075,0.07615985964912281
8076,-0.11742201754385964
8077,-0.008654956140350868
8078,0.07735378070175436
8079,-0.019585754385964924
8080,-0.15739766666666669
8081,0.10962474561403508
8082,0.008976587719298254
8083,0.0403167894736842
8084,-0.12902043859649118
8085,-0.0696101403508772
8086,0.1557797280701754
8087,0.09263643859649122
8088,-0.12540448245614033
8089,-0.2461793070175438
8090,-0.017573114035087725
8091,0.0673927894736842
8092,0.13627681578947368
8093,-0.06806528070175437
8094,0.01801657894736843
8095,-0.016749482456140344
8096,0.018708605263157898
8097,0.2552290438596491
8098,-0.07938595614035086
8099,-0.007626692982456142
8100,-0.1458479298245614
8101,-0.18834309649122805
8102,-0.05576998245614034
8103,-0.15004872807017544
8104,-0.06998047368421052
8105,-0.03834796491228067
8106,-0.028884017543859653
8107,0.10322613157894737
8108,0.02885475438596488
8109,-0.05683724561403509
8110,0.08829431578947367
8111,0.0944347105263158
8112,-0.04379141228070176
8113,0.019795280701754386
8114,-0.08575534210526314
8115,-0.0131188947368421
8116,0.031232947368421055
8117,0.0865253245614035
8118,0.0958577105263158
8119,-0.018065289473684205
8120,0.10923001754385965
8121,0.11189083333333334
8122,-0.04184211403508772
8123,-0.05932749122807014
8124,-0.06651073684210528
8125,0.027943438596491246
8126,-0.10164716666666662
8127,-0.15873777192982455
8128,0.14004872807017543
8129,0.0497027192982456
8130,0.06677878070175436
8131,-0.11052143859649123
8132,0.11938593859649121
8133,-0.23707601754385962
8134,0.024892763157894706
8135,0.11280703508771929
8136,0.3238889035087719
8137,-0.1241763947368421
8138,0.23324073684210528
8139,0.012826535087719295
8140,-0.03148146491228071
8141,0.15262183333333332
8142,0.16783624561403507
8143,-0.16844541228070173
8144,0.1408235789473684
8145,0.152339149122807
8146,0.047275824561403536
8147,0.12074073684210522
8148,0.04994150877192984
8149,0.06073100877192982
8150,0.034366482456140365
8151,0.14867935964912282
8152,0.054649105263157916
8153,-0.15500488596491227
8154,0.07572126315789476
8155,0.06818714035087717
8156,-0.01782164912280703
8157,-0.11801656140350877
8158,0.09484893859649125
8159,-0.07470762280701754
8160,0.06371344736842106
8161,-0.1580555614035088
8162,0.005750500000000003
8163,-0.013620859649122793
8164,0.12046780701754387
8165,0.1417397807017544
8166,0.054424964912280716
8167,-0.10446393859649124
8168,-0.18723198245614037
8169,-0.11692492105263157
8170,0.1293469649122807
8171,-0.11701753508771928
8172,0.19147173684210528
8173,-0.004502921052631559
8174,0.14076998245614036
8175,0.0720077894736842
8176,-0.09533622807017542
8177,-0.13302142982456136
8178,0.17867447368421052
8179,-0.022295342105263155
8180,-0.03030702631578947
8181,0.06837232456140352
8182,-0.1531189035087719
8183,-0.10138888596491225
8184,0.1656579210526316
8185,0.04137427192982455
8186,0.20070173684210527
8187,-0.010151070175438587
8188,-0.08992202631578947
8189,0.007855754385964916
8190,-0.1050487456140351
8191,0.004965894736842128
8192,0.1341764210526316
8193,0.08259748245614036
8194,0.15658866666666668
8195,-0.09780701754385965
8196,-0.029244649122807005
8197,-0.17675927192982457
8198,-0.021491219298245604
8199,-0.03288011403508772
8200,0.10830895614035087
8201,-0.1687426842105263
8202,-0.1611695789473684
8203,-0.05114523684210529
8204,0.10934209649122806
8205,0.10710520175438598
8206,0.15392786842105263
8207,0.10151073684210526
8208,-0.061773859649122784
8209,0.06511696491228071
8210,-0.015068219298245627
8211,0.015921052631578954
8212,-0.07769005263157895
8213,-0.10850390350877193
8214,-0.029912271929824562
8215,-0.1550048684210526
8216,-0.13855749999999997
8217,-0.10932260526315789
8218,-0.20855750877192986
8219,0.0812037192982456
8220,0.26146197368421054
8221,-0.24077971929824563
8222,-0.09771439473684208
8223,-0.04677389473684207
8224,0.05604774561403509
8225,-0.034049684210526295
8226,0.14808964035087718
8227,-0.07677876315789471
8228,-0.06784113157894738
8229,0.06472220175438598
8230,0.02864034210526316
8231,-0.05957116666666666
8232,-0.20112085964912282
8233,-0.0076656842105262924
8234,-0.20648149999999996
8235,0.023957149122807008
8236,0.16263160526315792
8237,-0.10689571052631582
8238,-0.1234015789473684
8239,-0.03186646491228071
8240,-0.07004386842105262
8241,-0.027738771929824574
8242,-0.11886451754385965
8243,0.15015107017543858
8244,-0.033591622807017545
8245,0.08416665789473686
8246,-0.09090643859649122
8247,0.046871350877192984
8248,0.019215412280701758
8249,-0.004064324561403517
8250,-0.20990739473684208
8251,-0.2050925789473684
8252,-0.15283136842105263
8253,0.057962964912280694
8254,-0.15459551754385964
8255,0.16340156140350878
8256,-0.07337719298245615
8257,-0.07186644736842107
8258,-0.14684695614035087
8259,-0.05575536842105261
8260,0.1415497105263158
8261,-0.08736355263157895
8262,-0.25101852631578947
8263,-0.21491229824561403
8264,-0.06916178947368422
8265,-0.033182245614035086
8266,-0.18960039473684207
8267,0.18010229824561405
8268,0.032212447368421084
8269,-0.04462964035087717
8270,0.09393762280701756
8271,0.10568716666666668
8272,-0.01239766666666667
8273,0.11691519298245616
8274,0.07101364035087722
8275,-0.06597466666666663
8276,0.1899366842105263
8277,-0.020126710526315778
8278,-0.0899610087719298
8279,-0.17268516666666667
8280,-0.29945907017543866
8281,0.027646192982456144
8282,-0.013352807017543869
8283,-0.10739765789473683
8284,0.010350842105263136
8285,0.08815790350877192
8286,0.03607701754385965
8287,0.06446393859649124
8288,0.1331432894736842
8289,0.25869396491228075
8290,-0.020667649122807007
8291,-0.01865983333333332
8292,-0.014629666666666657
8293,-0.13701752631578942
8294,-0.02036063157894735
8295,-0.06212961403508773
8296,-0.0021490789473684237
8297,0.14349901754385969
8298,0.05560914912280701
8299,-0.10001949999999996
8300,0.06516080701754387
8301,-0.14585769298245613
8302,-0.012329412280701757
8303,-0.06272415789473684
8304,-0.12369394736842106
8305,-0.23976120175438592
8306,-0.05974171052631579
8307,0.19085768421052632
8308,-0.060550684210526305
8309,0.09552145614035089
8310,-0.08408868421052633
8311,-0.05937134210526314
8312,0.17782164035087722
8313,0.19998050877192983
8314,-0.16747563157894738
8315,0.03147172807017543
8316,-0.056725131578947374
8317,-0.03150095614035088
8318,-0.09399122807017542
8319,0.0059161754385964925
8320,-0.01915692982456141
8321,-0.05349900877192986
8322,-0.10813353508771927
8323,0.17020468421052629
8324,0.10286061403508773
8325,0.14078947368421052
8326,0.30914715789473685
8327,0.06992690350877194
8328,-0.12105749999999997
8329,-0.027183236842105253
8330,-0.03378168421052628
8331,-0.08655460526315788
8332,0.05607213157894738
8333,0.010107210526315814
8334,0.10590643859649121
8335,-0.13351365789473685
8336,-0.029166640350877193
8337,-0.041881122807017564
8338,-0.10361109649122807
8339,0.1769298157894737
8340,0.11242200877192983
8341,0.11209065789473688
8342,-0.03415694736842105
8343,-0.04586256140350879
8344,0.21919588596491227
8345,-0.19641323684210527
8346,-0.05738792982456142
8347,0.17922025438596492
8348,0.1426364561403509
8349,0.026661789473684215
8350,-0.08748051754385966
8351,-0.19709063157894735
8352,0.05463937719298247
8353,0.3513498771929824
8354,-0.05225633333333333
8355,0.20835281578947365
8356,-0.10038013157894739
8357,0.21532647368421054
8358,0.21593567543859646
8359,0.10939571929824561
8360,0.09235378070175439
8361,0.04917155263157895
8362,-0.036086736842105255
8363,0.01748540350877196
8364,0.08672517543859651
8365,0.18872317543859646
8366,-0.15934694736842103
8367,-0.203986350877193
8368,-0.15792884210526315
8369,-0.18043369298245612
8370,-0.08742198245614037
8371,-0.14358186842105267
8372,-0.19498538596491227
8373,0.03509256140350879
8374,0.06756335964912279
8375,0.12065300877192985
8376,0.01707118421052633
8377,-0.11766569298245613
8378,-0.1410185087719298
8379,-0.14167156140350878
8380,0.20844543859649123
8381,0.06499513157894739
8382,-0.052787526315789486
8383,0.08081381578947366
8384,-0.0874366403508772
8385,-0.02061401754385966
8386,0.0309795350877193
8387,-0.08162278070175438
8388,0.13082358771929825
8389,0.10939084210526315
8390,0.18192495614035087
8391,-0.02482456140350876
8392,-0.01136450877192982
8393,-0.01751950877192983
8394,0.004995140350877184
8395,0.10692494736842105
8396,0.02629143859649123
8397,0.18458091228070175
8398,-0.11752435964912278
8399,-0.10189574561403511
8400,0.0560087543859649
8401,0.0026705614035087656
8402,-0.045774868421052634
8403,-0.15887427192982453
8404,0.08284602631578948
8405,0.029317719298245636
8406,0.2721832456140351
8407,0.037305061403508775
8408,0.19906920175438594
8409,0.29751948245614035
8410,-0.19616474561403505
8411,-0.16163742105263157
8412,-0.12301655263157893
8413,-0.10233917543859646
8414,-0.19317736842105263
8415,0.046310929824561385
8416,-0.06706628947368422
8417,-0.15297269298245617
8418,-0.03237330701754386
8419,0.010068236842105269
8420,-0.14370861403508775
8421,-0.00985383333333333
8422,0.03009744736842106
8423,-0.05837231578947367
8424,0.12766566666666665
8425,-0.24987812280701757
8426,-0.08614521929824562
8427,-0.049420078947368405
8428,-0.049537026315789476
8429,-0.014234885964912274
8430,0.182846
8431,-0.09133042105263156
8432,0.13043858771929823
8433,-0.1949902192982456
8434,0.2228265350877193
8435,-0.005784614035087694
8436,-0.1374463684210526
8437,-0.027919114035087723
8438,-0.0881822543859649
8439,0.03284601754385965
8440,-0.06931773684210525
8441,0.11418129824561406
8442,-0.019639368421052617
8443,0.012582850877192965
8444,-0.008050657894736855
8445,-0.1648343157894737
8446,0.026500991228070165
8447,0.10820663157894739
8448,0.04879630701754388
8449,0.03280214035087721
8450,0.004678342105263178
8451,-0.09317253508771928
8452,0.020068245614035113
8453,0.019892798245614057
8454,-0.04682261403508772
8455,0.0767982543859649
8456,0.06402046491228072
8457,0.054585754385964934
8458,0.052807026315789506
8459,0.009907412280701753
8460,-0.048040921052631594
8461,0.03678848245614038
8462,0.10380116666666665
8463,-0.13191521052631577
8464,-0.1269103245614035
8465,-0.028611114035087735
8466,-0.17734890350877194
8467,0.11293370175438597
8468,0.09177387719298245
8469,0.09045320175438595
8470,-0.029517500000000002
8471,-0.007621833333333339
8472,0.09698830701754386
8473,-0.016861587719298268
8474,-0.07059941228070175
8475,-0.05753413157894736
8476,-0.08439081578947369
8477,-0.0853313947368421
8478,0.1308041052631579
8479,0.09016080701754388
8480,-0.3102338947368421
8481,-0.02451756140350875
8482,-0.06152045614035084
8483,-0.006515596491228073
8484,0.01375729824561402
8485,0.007568228070175437
8486,-0.023547736842105257
8487,0.17352822807017546
8488,-0.06718323684210525
8489,-0.1966813157894737
8490,0.12244151754385964
8491,0.056783622807017556
8492,-0.14069199999999998
8493,0.044805061403508796
8494,-0.09456626315789474
8495,0.004619859649122812
8496,-0.0082797192982456
8497,-0.05621344736842104
8498,-0.08029242105263155
8499,-0.0056530175438596324
8500,-0.022855771929824565
8501,-0.0601169649122807
8502,-0.042441517543859636
8503,-0.07897658771929822
8504,-0.10812865789473683
8505,0.03940548245614033
8506,-0.15749025438596492
8507,-0.2846929649122807
8508,-0.006096500000000002
8509,0.04264621052631581
8510,-0.1897855789473684
8511,-0.025092578947368417
8512,0.10509744736842103
8513,-0.011306026315789457
8514,-0.08555069298245614
8515,-0.03789475438596489
8516,0.03276314035087717
8517,-0.10318713157894734
8518,0.015794324561403533
8519,0.09315301754385964
8520,-0.08130603508771932
8521,-0.18985869298245617
8522,0.08881579824561403
8523,-0.06692979824561403
8524,-0.08993664912280704
8525,-0.03138403508771929
8526,0.0741422807017544
8527,-0.009376228070175463
8528,-0.09825048245614032
8529,0.05849414035087722
8530,-0.15716859649122808
8531,-0.04031186842105261
8532,-0.026481473684210527
8533,-0.05055555263157894
8534,0.027080912280701735
8535,-0.02597467543859649
8536,0.030136447368421037
8537,-0.009722201754385984
8538,-0.22782652631578948
8539,0.13462962280701754
8540,-0.08988304385964913
8541,0.12857702631578946
8542,-0.1322076140350877
8543,0.1618761929824561
8544,0.09875242982456141
8545,-0.013089675438596503
8546,0.03567248245614034
8547,-0.050911280701754366
8548,0.3105214122807018
8549,0.14485867543859648
8550,-0.034035105263157873
8551,0.21288498245614038
8552,0.11079432456140348
8553,-0.0591325350877193
8554,0.19438594736842105
8555,-0.160243649122807
8556,-0.07173002631578948
8557,0.1283918157894737
8558,-0.05712475438596491
8559,0.16315299999999996
8560,-0.2359746578947368
8561,-0.22995610526315788
8562,-0.12366471929824563
8563,-0.08612085964912285
8564,-0.09369884210526314
8565,0.13889376315789467
8566,0.20802632456140352
8567,-0.2405312105263158
8568,0.021057508771929852
8569,-0.06439085087719298
8570,-0.07730507017543858
8571,-0.01725147368421054
8572,0.19169592982456138
8573,0.16596979824561403
8574,-0.0787231754385965
8575,-0.005570184210526299
8576,0.03484892982456139
8577,0.04638891228070176
8578,0.03930312280701757
8579,-0.08259259649122808
8580,-0.051247561403508786
8581,0.24021929824561405
8582,-0.04422999122807018
8583,-0.06412767543859647
8584,-0.04506335087719299
8585,-0.0826169649122807
8586,0.11764620175438596
8587,-0.1736988333333333
8588,0.15352337719298248
8589,0.03902047368421054
8590,0.0011598421052631857
8591,-0.10702728070175437
8592,0.08510719298245616
8593,-0.11672515789473685
8594,-0.1088304035087719
8595,0.2722563157894737
8596,-0.014254403508771928
8597,-0.11159356140350876
8598,-0.06457113157894738
8599,-0.12235378947368424
8600,-0.0735818684210526
8601,0.16479534210526314
8602,-0.005657903508771927
8603,0.009122807017543871
8604,-0.07032164035087718
8605,0.2236111140350877
8606,-0.014644263157894731
8607,-0.04924954385964911
8608,0.03877194736842104
8609,0.1721491052631579
8610,0.06079920175438596
8611,-0.1100146403508772
8612,0.006759289473684228
8613,0.12509255263157892
8614,0.11468812280701754
8615,0.04434207017543859
8616,0.15636938596491232
8617,-0.08792395614035087
8618,0.10328947368421053
8619,-0.038026324561403486
8620,0.20421054385964915
8621,0.12593083333333338
8622,-0.11771929824561402
8623,-0.10590644736842103
8624,0.154961
8625,0.09730020175438597
8626,-0.08431775438596492
8627,0.15601364035087717
8628,-0.03442006140350877
8629,-0.07491229824561403
8630,-0.07926413157894736
8631,0.004122842105263153
8632,-0.043845008771929816
8633,0.006881087719298249
8634,-0.12187134210526313
8635,-0.01447368421052631
8636,0.1524220263157895
8637,-0.2536793245614035
8638,-0.011793377192982474
8639,0.048182271929824556
8640,-0.14824560526315791
8641,0.1568469736842105
8642,-0.15675439473684208
8643,0.22755847368421056
8644,-0.08343564912280703
8645,-0.010999052631578939
8646,0.1251656754385965
8647,-0.21983920175438598
8648,-0.17080408771929823
8649,-0.05809455263157898
8650,0.17776316666666664
8651,0.24697366666666665
8652,-0.09556044736842105
8653,-0.09660820175438595
8654,0.3300049035087719
8655,-0.22513642982456136
8656,-0.06578462280701754
8657,-0.1360184912280702
8658,-0.07745614035087717
8659,-0.07615011403508772
8660,-0.09807504385964912
8661,0.05203216666666668
8662,0.3162329122807018
8663,-0.1599659035087719
8664,0.10808967543859647
8665,-0.1025731052631579
8666,0.02691030701754389
8667,-0.10335284210526315
8668,0.09624267543859649
8669,-0.08050681578947366
8670,-0.15701755263157893
8671,0.021622815789473688
8672,0.05122809649122808
8673,-0.1816910350877193
8674,-0.054756333333333324
8675,-0.09594540350877193
8676,-0.2077533947368421
8677,-0.10501461403508772
8678,0.07031677192982452
8679,0.014912298245614049
8680,-0.06362570175438596
8681,-0.1677875438596491
8682,0.0012037017543859703
8683,0.031729999999999994
8684,-0.11473198245614036
8685,-0.13842593859649122
8686,-0.18713937719298243
8687,-0.05634502631578946
8688,-0.15341133333333334
8689,0.00609647368421053
8690,-0.049044833333333315
8691,0.009191035087719316
8692,0.030614052631578962
8693,0.14964911403508774
8694,-0.01949316666666668
8695,0.2546101052631579
8696,-0.1852046578947368
8697,-0.22123298245614037
8698,-0.011374263157894728
8699,0.018494140350877198
8700,0.1349415087719298
8701,-0.03055068421052632
8702,0.06201753508771932
8703,-0.14818709649122805
8704,0.020872298245614037
8705,-0.113128649122807
8706,0.07340157017543858
8707,-0.014098464912280699
8708,-0.011827491228070176
8709,0.043591622807017553
8710,0.09809940350877193
8711,0.045009728070175434
8712,-0.03334305263157894
8713,0.011866456140350872
8714,0.05458575438596493
8715,0.10864523684210524
8716,0.014702719298245638
8717,0.05687621929824562
8718,0.2426949298245614
8719,-0.058523385964912265
8720,0.1421686052631579
8721,0.09649122807017547
8722,0.15859649122807015
8723,-0.1479824385964912
8724,-0.2634356666666666
8725,0.06812867543859652
8726,-0.07403997368421052
8727,0.22174949999999996
8728,-0.025214412280701766
8729,0.02674953508771932
8730,-0.17661307017543862
8731,-0.14549220175438596
8732,-0.10887914035087719
8733,-0.19766079824561406
8734,-0.10968322807017543
8735,-0.09060428070175437
8736,-0.0658089736842105
8737,0.09182749999999999
8738,-0.014961017543859636
8739,0.010068236842105265
8740,-0.01436158771929822
8741,0.09914232456140351
8742,-0.15014133333333332
8743,-0.1662719210526316
8744,0.07919591228070179
8745,0.10325533333333337
8746,0.04723197368421056
8747,-0.0183674298245614
8748,0.1006725
8749,-0.16056527192982456
8750,0.013182254385964964
8751,-0.11081871929824559
8752,-0.0680165350877193
8753,0.08199319298245614
8754,0.2275584824561403
8755,0.016349868421052655
8756,-0.034093570175438584
8757,0.07609649122807018
8758,-0.15480994736842102
8759,0.15723685087719294
8760,-0.10995614912280703
8761,-0.029307991228070176
8762,-0.16298731578947367
8763,0.3050048684210526
8764,0.10617445614035087
8765,-0.20752435087719298
8766,0.12583818421052637
8767,-0.10066276315789473
8768,0.15597465789473686
8769,-0.06726608771929823
8770,-0.15892299999999998
8771,-0.06748047368421053
8772,-0.12002436842105264
8773,-0.08749999122807017
8774,-0.1516374210526316
8775,0.04485380701754386
8776,0.06501463157894738
8777,0.009098438596491206
8778,-0.11378164912280704
8779,0.013274842105263166
8780,0.18579435087719298
8781,0.01416180701754387
8782,0.037509728070175406
8783,-0.021915219298245626
8784,0.013840166666666659
8785,0.012071157894736843
8786,-0.0006773859649122974
8787,-0.051817736842105215
8788,0.029566263157894714
8789,0.04344540350877191
8790,-0.020229035087719303
8791,0.009595570175438585
8792,0.1460380263157895
8793,-0.03569200877192984
8794,-0.009415201754385979
8795,0.03579921929824563
8796,0.0756676403508772
8797,-0.049108201754385954
8798,-0.08756820175438595
8799,0.1348392105263158
8800,-0.027519499999999995
8801,0.08057017543859651
8802,-0.012490245614035089
8803,-0.1927680263157895
8804,-0.1828118947368421
8805,-0.15473197368421052
8806,-0.18049706140350877
8807,0.24110622807017545
8808,-0.07470758771929825
8809,0.15398636842105262
8810,0.12192491228070175
8811,-0.08053120175438595
8812,0.2262865350877193
8813,0.18277777192982453
8814,0.1369931842105263
8815,0.022115017543859666
8816,0.19119397368421054
8817,0.12165205263157891
8818,-0.0843811052631579
8819,-0.08193955263157894
8820,-0.1776900614035088
8821,-0.1741861403508772
8822,-0.09211016666666665
8823,-0.02841131578947368
8824,-0.09053606140350877
8825,-0.0071685964912280575
8826,-0.11490740350877193
8827,-0.08650584210526314
8828,-0.2003898596491228
8829,-0.014600385964912272
8830,0.14360136842105262
8831,-0.055370377192982455
8832,0.11749026315789468
8833,-0.060506815789473686
8834,0.19131580701754386
8835,-0.0830019649122807
8836,-0.14663740350877194
8837,-0.11505847368421054
8838,0.060370394736842116
8839,0.2338353070175439
8840,-0.057977561403508786
8841,-0.05346979824561403
8842,-0.07746588596491226
8843,0.061159842105263144
8844,-0.018386938596491216
8845,0.12261210526315788
8846,0.06736842105263156
8847,-0.006505815789473711
8848,-0.07592592982456141
8849,0.02653997368421053
8850,0.029044833333333343
8851,0.12757796491228068
8852,0.062339175438596496
8853,-0.048464921052631574
8854,-0.17423486842105262
8855,0.1764132894736842
8856,-0.07593567543859647
8857,-0.048650114035087746
8858,0.15483426315789472
8859,-0.10299219298245617
8860,-0.06416664912280702
8861,-0.14491712280701752
8862,0.18449806140350875
8863,0.06858675438596491
8864,-0.03455651754385963
8865,0.06911304385964911
8866,-0.053708578947368406
8867,-0.11083332456140349
8868,0.08884502631578946
8869,-0.1155750438596491
8870,0.03287034210526317
8871,-0.045521429824561394
8872,0.022987315789473696
8873,-0.026559447368421057
8874,0.11922027192982458
8875,-0.12929336842105263
8876,-0.17312867543859647
8877,-0.047846035087719306
8878,0.2654385964912281
8879,-0.07515105263157892
8880,-0.08448341228070176
8881,-0.2582504649122807
8882,0.06816764035087719
8883,-0.11384015789473682
8884,-0.0615789649122807
8885,-0.08406920175438597
8886,0.06200779824561406
8887,-0.047670570175438604
8888,0.020043868421052612
8889,-0.11635964912280702
8890,0.07329432456140353
8891,0.1435965
8892,0.026856719298245634
8893,0.014166657894736853
8894,-0.060765087719298214
8895,-0.18634505263157894
8896,0.16350390350877192
8897,0.17642785087719298
8898,0.22462962280701756
8899,0.10918130701754385
8900,0.09907895614035085
8901,-0.1412280789473684
8902,0.11823099122807017
8903,-0.06833330701754389
8904,-0.07990254385964911
8905,-0.16207600877192982
8906,0.0077582807017543805
8907,0.05944930701754386
8908,-0.2291617894736842
8909,0.12257795614035089
8910,0.01738790350877191
8911,-0.1435233596491228
8912,0.2890107105263158
8913,0.12511207894736842
8914,-0.1713352894736842
8915,-0.09927873684210527
8916,-0.11878656140350877
8917,0.17968326315789473
8918,-0.10418130701754387
8919,0.025394745614035104
8920,-0.056013631578947384
8921,0.045989289473684206
8922,0.2519054649122807
8923,-0.21506822807017545
8924,0.08801168421052631
8925,-0.049741701754385956
8926,0.22564326315789476
8927,-0.016627666666666673
8928,0.03689570175438598
8929,-0.08882550877192978
8930,0.09979044736842106
8931,0.06911795614035085
8932,0.008888859649122787
8933,-0.08964425438596492
8934,0.15355263157894736
8935,-0.1690740701754386
8936,0.07519005263157894
8937,-0.02900096491228074
8938,-0.012709543859649116
8939,-0.1895370350877193
8940,0.03439570175438598
8941,-0.0023001929824561593
8942,0.08749026315789477
8943,0.16464913157894737
8944,0.06750971929824562
8945,0.029668640350877205
8946,-0.1904044736842105
8947,-0.11062862280701752
8948,-0.14076022807017546
8949,-0.1552875263157895
8950,0.12316764912280702
8951,0.0740350964912281
8952,-0.1518372105263158
8953,0.04721735087719299
8954,0.03838206140350877
8955,-0.006549692982456142
8956,0.029205640350877204
8957,0.079005850877193
8958,-0.16701269298245616
8959,-0.22609161403508773
8960,0.27030700877192987
8961,-0.08364521052631578
8962,-0.1703703596491228
8963,-0.11163742982456137
8964,-0.17194929824561403
8965,0.16783140350877196
8966,0.09041908771929827
8967,0.11365496491228069
8968,-0.023693947368421033
8969,0.10341132456140352
8970,-0.0580896403508772
8971,0.1263304385964912
8972,0.25444931578947366
8973,-0.006700780701754377
8974,0.24729531578947367
8975,-0.10634501754385967
8976,-0.016876219298245607
8977,0.18054093859649126
8978,0.0758138596491228
8979,-0.026881105263157894
8980,0.10634013157894735
8981,-0.07614036842105262
8982,-0.1279580701754386
8983,-0.08319202631578944
8984,0.00968809649122808
8985,0.06122804385964913
8986,-0.09956141228070177
8987,-0.13334306140350877
8988,0.16138401754385964
8989,0.04725146491228072
8990,0.1714425
8991,0.002397666666666672
8992,0.030326491228070178
8993,-0.2404970614035088
8994,0.0948830350877193
8995,0.18009258771929826
8996,0.1227826403508772
8997,-0.041963947368421066
8998,0.10497564035087721
8999,-0.04906919298245614
9000,-0.1197465789473684
9001,0.14939572807017543
9002,0.053625719298245646
9003,0.04422028070175439
9004,0.033747561403508784
9005,-0.011500956140350896
9006,-0.003138385964912262
9007,0.02823587719298245
9008,0.10030698245614038
9009,-0.11550194736842105
9010,-0.011715377192982435
9011,0.22286061403508778
9012,-0.14882067543859648
9013,-0.10577973684210525
9014,-0.1274317631578947
9015,0.2033625789473684
9016,-0.014834315789473673
9017,-0.11878656140350877
9018,0.12666178947368423
9019,0.267115
9020,0.030116929824561402
9021,0.1856725087719298
9022,0.12456140350877196
9023,-0.023036061403508768
9024,0.02963937719298246
9025,0.06206139473684211
9026,-0.027694947368421048
9027,-0.05680799999999999
9028,0.04027292105263158
9029,0.20141814035087718
9030,0.020745614035087737
9031,-0.002412254385964906
9032,0.10154968421052632
9033,0.13600875438596494
9034,0.08027289473684211
9035,-0.04702240350877192
9036,-0.071486350877193
9037,0.14940059649122803
9038,-0.12937621052631576
9039,0.08941520175438598
9040,0.008606236842105264
9041,0.13320662280701753
9042,0.1817348947368421
9043,0.02527290350877194
9044,-0.07122319298245616
9045,-0.04748049999999998
9046,0.1934308245614035
9047,0.05414231578947368
9048,0.15371346491228075
9049,-0.0413693596491228
9050,-0.004839166666666646
9051,-0.05243664912280701
9052,-0.25737330701754385
9053,0.03738791228070176
9054,-0.2692446403508772
9055,-0.07700782456140348
9056,0.3058869298245614
9057,-0.15013649122807016
9058,-0.00041421052631579176
9059,0.1408869210526316
9060,-0.16160333333333332
9061,-0.11971735964912282
9062,0.020701763157894744
9063,-0.11018032456140353
9064,-0.009332368421052631
9065,0.10066764912280703
9066,0.09814328070175439
9067,0.05416178947368424
9068,0.028591622807017564
9069,-0.007563368421052617
9070,-0.14496102631578947
9071,0.14293371929824564
9072,-0.09943959649122806
9073,-0.25748049122807015
9074,0.06565305263157896
9075,-0.15016080701754386
9076,0.09313841228070176
9077,0.09958576315789472
9078,-0.16019493859649123
9079,-0.11926896491228067
9080,-0.149629649122807
9081,-0.07234890350877192
9082,0.1966130701754386
9083,0.04261696491228072
9084,0.054181263157894725
9085,-0.10903507017543858
9086,-0.11197368421052631
9087,0.033669587719298254
9088,0.057665657894736815
9089,-0.14888403508771933
9090,0.000311877192982453
9091,-0.21601363157894732
9092,-0.0282602543859649
9093,0.09299707894736843
9094,0.08694443859649123
9095,-0.15926416666666668
9096,0.02778264035087721
9097,0.14028267543859646
9098,0.044561412280701776
9099,0.30090642105263155
9100,-0.02031188596491232
9101,0.09556530701754382
9102,-0.09473195614035086
9103,-0.020034105263157888
9104,-0.09183233333333334
9105,0.037919105263157886
9106,0.05835771929824561
9107,-0.12165203508771931
9108,0.03526315789473684
9109,-0.07554095614035085
9110,0.14448830701754387
9111,0.07370857017543861
9112,-0.042309947368421044
9113,-0.026525350877192978
9114,0.09728071052631578
9115,-0.03503898245614035
9116,-0.016608184210526317
9117,0.18153510526315786
9118,0.23846006140350876
9119,-0.14075535087719296
9120,0.21778756140350877
9121,0.1328655
9122,-0.025360631578947367
9123,-0.04717349999999997
9124,0.09550678947368423
9125,0.13385479824561405
9126,0.01930310526315791
9127,0.254332350877193
9128,0.059108201754385976
9129,-0.08354774561403507
9130,-0.12283623684210525
9131,0.09520957017543857
9132,0.09220759649122807
9133,0.0810233596491228
9134,0.02384991228070175
9135,0.026876201754385976
9136,0.02593565789473686
9137,0.022889885964912267
9138,-0.15157407017543856
9139,0.1927729035087719
9140,-0.14607699122807016
9141,0.04113061403508772
9142,0.12460527192982457
9143,0.1678411403508772
9144,-0.0011647105263157907
9145,-0.02089179824561403
9146,-0.03451754385964912
9147,0.22331869298245616
9148,-0.07389862280701753
9149,-0.2703313859649123
9150,0.05728557894736843
9151,-0.14244638596491227
9152,0.013918122807017529
9153,-0.02834307017543859
9154,-0.009629649122807019
9155,-0.04080896491228072
9156,0.1992202894736842
9157,0.1680847631578947
9158,0.16241713157894738
9159,0.1061647105263158
9160,-0.15410333333333334
9161,0.017363561403508775
9162,-0.228601350877193
9163,0.06184209649122806
9164,0.17453703508771928
9165,-0.12050194736842104
9166,-0.09258285964912279
9167,0.20424951754385967
9168,0.08267056140350877
9169,-0.05257797368421052
9170,0.010843070175438592
9171,0.12644248245614034
9172,0.08069689473684209
9173,0.1667543596491228
9174,0.1386939561403509
9175,0.05590154385964913
9176,-0.04757795614035086
9177,-0.13812376315789476
9178,-0.19083821052631575
9179,-0.10319203508771932
9180,-0.11517544736842104
9181,-0.14513159649122803
9182,-0.16525827192982454
9183,0.0304044649122807
9184,-0.18494637719298246
9185,0.2087865438596491
9186,-0.25315790350877193
9187,0.1738011754385965
9188,-0.17821635087719298
9189,0.026681307017543846
9190,-0.2342592807017544
9191,-0.035131570175438595
9192,-0.1428606140350877
9193,-0.0549074298245614
9194,-0.11374756140350875
9195,0.02085282456140349
9196,0.021530201754385997
9197,-0.1634649035087719
9198,-0.035570175438596495
9199,-0.012231956140350869
9200,0.13638399122807016
9201,-0.05995124561403508
9202,0.0931773947368421
9203,-0.16669591228070174
9204,0.28956141228070176
9205,0.02981482456140352
9206,-0.025784605263157855
9207,0.08349902631578945
9208,-0.06154971929824562
9209,-0.07575049122807018
9210,-0.0025146228070175593
9211,-0.15181774561403508
9212,-0.07417152631578948
9213,-0.14990253508771928
9214,-0.11933237719298245
9215,-0.1863645087719298
9216,-0.017928850877193
9217,0.07569203508771928
9218,-0.12683721052631577
9219,0.12463449999999998
9220,0.09316275438596489
9221,0.050497078947368414
9222,-0.20909355263157892
9223,-0.07178363157894735
9224,0.0016520526315789415
9225,-0.07867935087719298
9226,0.27299707894736847
9227,0.1801559298245614
9228,-0.08607700877192981
9229,0.1598732894736842
9230,-0.07461988596491227
9231,0.05987816666666667
9232,-0.08924462280701755
9233,0.22752922807017545
9234,0.08856239473684209
9235,-0.07880116666666666
9236,0.22074076315789473
9237,0.10594541228070173
9238,0.09428850000000003
9239,0.2425584473684211
9240,0.13327485087719293
9241,-0.11053607017543858
9242,0.1449512807017544
9243,0.02076023684210525
9244,0.13591130701754386
9245,0.07274853508771931
9246,-0.07379628947368422
9247,-0.16889862280701753
9248,-0.09596978947368423
9249,-0.04108673684210525
9250,0.0560575
9251,-0.06579920175438594
9252,-0.01826999122807017
9253,0.11229531578947369
9254,-0.17344054385964908
9255,-0.1948587105263158
9256,-0.16029727192982454
9257,0.010199807017543869
9258,-0.04230506140350878
9259,0.10052632456140352
9260,-0.12910329824561406
9261,-0.1020516842105263
9262,0.002953210526315773
9263,-0.0111744649122807
9264,-0.023810912280701747
9265,0.1940789736842105
9266,-0.1412231929824561
9267,0.022339201754385963
9268,-0.2203606403508772
9269,0.23316764912280702
9270,0.025896675438596483
9271,0.0110185263157895
9272,-0.0567884649122807
9273,-0.020389842105263137
9274,0.4322416929824562
9275,0.04363062280701755
9276,-0.12073587719298247
9277,-0.09424463157894734
9278,0.22307016666666668
9279,-0.07828946491228068
9280,-0.13417155263157893
9281,0.12805069298245614
9282,-0.012967868421052645
9283,-0.021656921052631558
9284,-0.16343075438596485
9285,0.08515595614035087
9286,-0.11199319298245611
9287,-0.13307505263157893
9288,-0.15889377192982454
9289,0.08602338596491228
9290,-0.08912771052631577
9291,-0.06548245614035088
9292,-0.10785088596491228
9293,-0.02238303508771931
9294,-0.16439083333333335
9295,-0.07179823684210526
9296,0.2177875263157895
9297,-0.01939568421052631
9298,0.21762669298245613
9299,0.053835245614035104
9300,-0.12052631578947369
9301,0.12134501754385965
9302,0.025443491228070148
9303,-0.0758771842105263
9304,0.13687133333333334
9305,-0.00907898245614034
9306,0.2181432456140351
9307,-0.10932260526315789
9308,0.1478118859649123
9309,0.003947385964912269
9310,0.13702242982456142
9311,0.14264135087719296
9312,0.07781186842105262
9313,-0.11956142105263157
9314,0.08864033333333332
9315,-0.04490742105263159
9316,-0.07278264912280705
9317,0.07328459649122805
9318,0.16765593859649125
9319,-0.0003800964912280605
9320,-0.15234407017543858
9321,0.20799705263157894
9322,-0.10426898245614036
9323,-0.17362571052631576
9324,-0.05694929824561403
9325,-0.18388889473684208
9326,-0.02605750877192984
9327,-0.1177729210526316
9328,0.16881578070175438
9329,0.17279237719298243
9330,0.021437640350877182
9331,-0.027465885964912284
9332,-0.08167150877192982
9333,-0.021193964912280715
9334,-0.12061891228070175
9335,0.08423492982456135
9336,-0.13171538596491228
9337,-0.06817251754385965
9338,0.10492692105263161
9339,-0.06459066666666662
9340,-0.004785552631578947
9341,0.048382043859649136
9342,-0.03280704385964914
9343,-0.13839181578947368
9344,-0.02986354385964911
9345,-0.17542887719298245
9346,-0.13383039473684213
9347,0.07366957894736843
9348,0.2756530175438596
9349,0.06710525438596492
9350,0.04061891228070174
9351,-0.07629629824561403
9352,-0.07205169298245616
9353,-0.1426413245614035
9354,-0.09913254385964912
9355,0.04222708771929825
9356,0.008961964912280693
9357,-0.0006189035087719116
9358,0.11187621929824561
9359,0.055930780701754404
9360,-0.12358671929824559
9361,-0.14219786842105261
9362,-0.2221247543859649
9363,-0.11717834210526316
9364,0.062344052631578946
9365,-0.11382552631578946
9366,0.08585279824561402
9367,0.09388400877192982
9368,0.08585771052631579
9369,0.09748539473684212
9370,0.014078938596491218
9371,-0.02403994736842106
9372,0.04844541228070178
9373,-0.028050701754385964
9374,0.2032846228070176
9375,0.12466372807017544
9376,-0.061403508771929814
9377,0.1363840350877193
9378,0.0339425
9379,-0.0005409298245613957
9380,0.03035576315789473
9381,-0.049191008771929834
9382,-0.16846491228070173
9383,0.025745605263157886
9384,-0.24263644736842102
9385,0.16709552631578947
9386,-0.018231017543859637
9387,-0.10815790350877194
9388,0.08134986842105263
9389,-0.08573587719298244
9390,-0.19641326315789473
9391,0.02284113157894738
9392,-0.01796294736842106
9393,-0.17301170175438596
9394,0.0727436754385965
9395,0.06741227192982457
9396,-0.024951245614035108
9397,0.017188096491228058
9398,0.04747077192982457
9399,-0.18162281578947367
9400,0.24736352631578945
9401,-0.14040448245614034
9402,-0.0023245701754385974
9403,-0.04544345614035087
9404,-0.07535089473684209
9405,0.03921537719298245
9406,0.1817787719298245
9407,0.10278752631578948
9408,0.2918859298245614
9409,-0.09667154385964909
9410,0.19442008771929828
9411,0.019697859649122823
9412,0.20553605263157895
9413,-0.122373298245614
9414,-0.034688131578947325
9415,0.16698830701754386
9416,-0.03668618421052631
9417,-0.0683722894736842
9418,-0.004800201754385964
9419,0.02987814912280704
9420,0.1844444298245614
9421,-0.13689571052631577
9422,0.01651557894736842
9423,-0.17874269298245613
9424,0.16299707017543863
9425,-0.02302144736842105
9426,-0.03665206140350877
9427,0.12376217543859651
9428,-0.015730973684210527
9429,-0.020682254385964945
9430,0.18148637719298244
9431,-0.011720271929824552
9432,0.007753421052631589
9433,-0.029970754385964887
9434,-0.009844043859649128
9435,-0.08159843859649124
9436,-0.07271928070175437
9437,-0.06368908771929822
9438,-0.016422982456140368
9439,-0.006871368421052632
9440,0.18860621929824561
9441,-0.1900195087719298
9442,-0.01831873684210525
9443,0.054147175438596505
9444,-0.23826996491228067
9445,0.06633041228070176
9446,-0.007446412280701778
9447,-0.03913254385964911
9448,-0.054444473684210515
9449,-0.06660331578947368
9450,-0.036042877192982485
9451,-0.07718322807017544
9452,-0.061208570175438556
9453,-0.13505361403508773
9454,-0.0008577105263157861
9455,0.33043857017543854
9456,0.06701751754385966
9457,0.0970711578947368
9458,-0.14571151754385964
9459,-0.027353780701754375
9460,-0.18099900877192981
9461,-0.122885
9462,0.012899578947368437
9463,0.039580912280701736
9464,-0.06031187719298246
9465,-0.06696879824561401
9466,-0.21004871929824562
9467,0.06826023684210525
9468,-0.22182746491228067
9469,-0.03417641228070178
9470,0.010243666666666668
9471,-0.18387914035087716
9472,-0.10170562280701753
9473,-0.0847027192982456
9474,0.06083822807017544
9475,-0.03902046491228068
9476,-0.1116130350877193
9477,-0.15832845614035088
9478,0.075199798245614
9479,-0.11591129824561405
9480,0.13044343859649124
9481,-0.022090666666666658
9482,0.07009745614035091
9483,0.08218812280701758
9484,0.10812865789473683
9485,0.16682747368421053
9486,-0.01106728070175438
9487,0.025428833333333345
9488,-0.01727093859649123
9489,0.0015009824561403521
9490,0.13390837719298246
9491,0.047002912280701754
9492,-0.015141359649122799
9493,0.0812378157894737
9494,-0.09344541228070175
9495,-0.09833331578947364
9496,-0.03667156140350876
9497,-0.15961986842105264
9498,-0.2021735
9499,-0.08222707894736843
9500,-0.013026307017543861
9501,0.0192689912280702
9502,0.05024366666666667
9503,-0.11099900877192985
9504,-0.1004824561403509
9505,0.009410333333333349
9506,-0.03928362280701755
9507,-0.12528750877192985
9508,0.039644228070175404
9509,0.073947350877193
9510,0.15445907894736843
9511,0.20889864912280698
9512,-0.0655360789473684
9513,0.2415350789473684
9514,-0.010121833333333316
9515,0.2178655175438597
9516,0.02168615789473684
9517,-0.1445613947368421
9518,-0.0511744649122807
9519,-0.1543713245614035
9520,0.1261208245614035
9521,-0.08032167543859649
9522,-0.05810917543859647
9523,-0.1772953245614035
9524,0.32485870175438586
9525,-0.06641814035087719
9526,-0.22510722807017544
9527,-0.0908187017543859
9528,0.14774366666666666
9529,0.13210040350877195
9530,-0.21591621052631577
9531,0.10650097368421052
9532,0.02459551754385968
9533,-0.15299705263157892
9534,-0.053455149122807
9535,-0.20843078070175436
9536,0.01595028947368422
9537,-0.19905459649122806
9538,-0.055570184210526306
9539,-0.14353316666666668
9540,0.12122321052631581
9541,0.06916180701754386
9542,-0.12596977192982456
9543,0.060526289473684214
9544,-0.054108184210526315
9545,0.08647174561403509
9546,0.19509260526315791
9547,0.043893789473684226
9548,-0.06456137719298244
9549,-0.15074072807017544
9550,-0.1230409385964912
9551,-0.1788888859649123
9552,0.026924973684210533
9553,0.09588692982456139
9554,0.2337962807017544
9555,-0.16714911403508773
9556,0.2179873421052631
9557,-0.04404972807017544
9558,0.05322123684210528
9559,-0.06442004385964913
9560,0.14125244736842105
9561,-0.04994152631578947
9562,0.10450780701754384
9563,0.06753900877192984
9564,0.2356822368421053
9565,0.025886964912280708
9566,0.028367473684210495
9567,0.07931775438596492
9568,-0.005901535087719354
9569,-0.01826999122807015
9570,0.022831377192982467
9571,0.003406456140350856
9572,0.038162789473684164
9573,-0.15180311403508773
9574,0.02343079824561402
9575,-0.16256335087719298
9576,0.17930800000000002
9577,-0.08668132456140351
9578,-0.19931773684210527
9579,0.03532163157894737
9580,0.07012184210526315
9581,-0.11633037719298246
9582,-0.05297271929824562
9583,0.09714913157894736
9584,-0.13044837719298244
9585,0.0589424912280702
9586,-0.0070224122807017435
9587,0.1304288596491228
9588,0.12260234210526312
9589,-0.14402045614035086
9590,-0.1286062543859649
9591,-0.203859649122807
9592,0.17693467543859653
9593,-0.033133517543859646
9594,0.13096490350877196
9595,0.03187134210526315
9596,-0.07201270175438595
9597,0.054074061403508795
9598,0.11546784210526316
9599,0.1143664561403509
9600,-0.09156920175438597
9601,-0.16976120175438597
9602,-0.04480993859649122
9603,0.2097709385964912
9604,0.19756336842105268
9605,0.11494640350877194
9606,-0.11343567543859646
9607,-0.026267043859649133
9608,-0.23705650877192982
9609,0.07927874561403507
9610,-0.061169578947368415
9611,0.005389868421052622
9612,-0.01732457894736841
9613,0.0758284561403509
9614,0.3045565614035088
9615,0.2463499035087719
9616,-0.06127679824561406
9617,-0.20376217543859654
9618,-0.0030750614035087603
9619,-0.21058966666666667
9620,-0.12336257894736842
9621,0.1505458421052631
9622,0.001842122807017542
9623,0.23566276315789475
9624,-0.1698391842105263
9625,-0.1718226315789474
9626,0.11655945614035086
9627,-0.05815791228070178
9628,0.07983432456140352
9629,-0.08082847368421052
9630,0.09423977192982456
9631,0.0660233859649123
9632,0.029483421052631575
9633,0.05233916666666665
9634,-0.09964423684210529
9635,-0.024069201754385972
9636,0.2936452368421053
9637,-0.1404434561403509
9638,-0.08822126315789475
9639,-0.0798878947368421
9640,-0.10636451754385963
9641,-0.0986598596491228
9642,-0.05369394736842105
9643,-0.05140839473684213
9644,-0.010794377192982456
9645,-0.062110105263157876
9646,-0.09731483333333332
9647,0.04109163157894735
9648,0.09833819298245614
9649,0.04575535087719301
9650,-0.038791421052631565
9651,0.1458236140350877
9652,0.0528118947368421
9653,-0.15268031578947366
9654,0.08651071052631581
9655,0.14239279824561404
9656,-0.06081870175438597
9657,0.0015399824561403285
9658,-0.14462475438596492
9659,0.10385477192982455
9660,-0.057144245614035076
9661,-0.06359161403508773
9662,0.13558965789473684
9663,-0.09436161403508771
9664,-0.19875243859649122
9665,-0.137699798245614
9666,0.12500975438596493
9667,-0.07125242982456138
9668,0.011106254385964921
9669,-0.12537036842105262
9670,0.22562862280701756
9671,0.11020470175438596
9672,-0.02474172807017543
9673,-0.1465789035087719
9674,0.0322417105263158
9675,-0.15341616666666666
9676,-0.10664228070175437
9677,-0.03362086842105261
9678,0.20783624561403508
9679,0.06888890350877193
9680,-0.027977561403508794
9681,0.08097951754385967
9682,0.056710508771929805
9683,-0.0030457719298245755
9684,0.05088694736842105
9685,0.09611110526315791
9686,-0.08604774561403505
9687,0.15537034210526315
9688,-0.12544834210526315
9689,-0.2090155701754386
9690,-0.1696003947368421
9691,-0.1051559298245614
9692,0.09656435087719299
9693,-0.07367935087719298
9694,-0.08387914035087717
9695,0.06598442982456143
9696,0.08022415789473686
9697,-0.1526949385964912
9698,-0.0762037192982456
9699,-0.08425925438596488
9700,0.16964913157894737
9701,-0.22029728070175436
9702,0.14104287719298247
9703,-0.1505457807017544
9704,0.20283137719298244
9705,0.06769006140350878
9706,0.0353070263157895
9707,-0.10255360526315789
9708,0.06800683333333335
9709,0.061691052631578945
9710,0.074717350877193
9711,0.027680307017543853
9712,0.08714907894736841
9713,-0.04959068421052632
9714,-0.089449298245614
9715,-0.11257308771929823
9716,0.15675926315789473
9717,-0.18669106140350875
9718,-0.05366959649122807
9719,-0.0171588596491228
9720,-0.11168128070175438
9721,-0.010077991228070148
9722,-0.08903509649122808
9723,0.18903994736842103
9724,0.1364327456140351
9725,0.006749526315789477
9726,0.13401071929824562
9727,0.2691666578947368
9728,0.028976622807017544
9729,0.21475147368421052
9730,0.14579919298245617
9731,0.12555557017543853
9732,-0.012694903508771907
9733,-0.030589675438596493
9734,0.205302149122807
9735,0.08996100000000001
9736,0.11376707017543862
9737,-0.006910307017543857
9738,0.22928849999999995
9739,0.021778754385964893
9740,0.07448830701754389
9741,-0.08138399122807019
9742,0.15452727192982454
9743,0.031247561403508765
9744,-0.123352850877193
9745,-0.04510235964912279
9746,-0.19642786842105264
9747,0.0022953157894736787
9748,0.032368421052631546
9749,0.14231969298245614
9750,-0.04133041228070176
9751,0.10829432456140352
9752,-0.05387914912280699
9753,0.3101656754385965
9754,0.02048244736842104
9755,-0.01389864035087719
9756,-0.07997563157894735
9757,0.07443957894736843
9758,0.04613546491228066
9759,0.05183236842105264
9760,-0.027358684210526313
9761,-0.13823098245614032
9762,-0.05519006140350876
9763,0.07061891228070172
9764,-0.1317348947368421
9765,0.22624270175438593
9766,0.33054582456140347
9767,-0.19159843859649123
9768,-0.05041908771929825
9769,-0.07884991228070178
9770,0.06813350877192985
9771,-0.08382066666666667
9772,-0.022577964912280694
9773,-0.08688596491228069
9774,0.018094543859649124
9775,0.19037037719298247
9776,0.30541424561403513
9777,-0.13471734210526318
9778,0.016846964912280726
9779,-0.04201753508771927
9780,0.13391814035087718
9781,-0.12150097368421055
9782,0.10687623684210527
9783,-0.14594542105263159
9784,0.011613087719298254
9785,-0.11228071052631579
9786,0.14821147368421053
9787,0.08283136842105264
9788,-0.0208869298245614
9789,0.19692983333333328
9790,-0.15194931578947368
9791,-0.14606238596491225
9792,-0.0894005789473684
9793,-0.1337816842105263
9794,0.18652535087719302
9795,0.16396688596491227
9796,0.14576023684210523
9797,-0.21226122807017547
9798,-0.07167640350877194
9799,0.010199815789473692
9800,0.09750976315789477
9801,0.03173489473684209
9802,0.04135964912280702
9803,-0.1338401754385965
9804,0.05501948245614035
9805,-0.020536043859649127
9806,-0.025433728070175427
9807,0.17775340350877195
9808,0.12094054385964913
9809,-0.15934212280701754
9810,-0.02797271052631577
9811,-0.16314814035087716
9812,-0.13891814035087716
9813,-0.061505850877193
9814,0.10404485087719294
9815,0.09700293859649121
9816,-0.15281675438596493
9817,-0.002889842105263148
9818,-0.028323570175438587
9819,-0.0660964736842105
9820,-0.1004142192982456
9821,-0.25642787719298243
9822,0.10292398245614036
9823,-0.016101359649122803
9824,-0.09637426315789473
9825,0.2524025438596491
9826,-0.013099421052631609
9827,-0.04703217543859648
9828,-0.009498052631578914
9829,-0.08524856140350877
9830,0.049517508771929813
9831,-0.18833332456140353
9832,0.08211987719298247
9833,-0.09019981578947367
9834,-0.11603800000000002
9835,-0.034088692982456134
9836,-0.011154956140350886
9837,-0.2179775614035088
9838,-0.08160331578947368
9839,0.1696247807017544
9840,0.20272905263157895
9841,0.05246099122807018
9842,0.061335280701754355
9843,-0.059493201754385966
9844,-0.02192496491228069
9845,0.03975634210526318
9846,0.22491228070175434
9847,-0.07859163157894739
9848,-0.12653019298245613
9849,0.07985380701754387
9850,-0.0429824649122807
9851,0.1194054736842105
9852,0.1357163596491228
9853,-0.11341130701754384
9854,0.004668622807017549
9855,0.09152535087719299
9856,-0.02438597368421053
9857,0.05640352631578946
9858,-0.010370377192982462
9859,0.1370029385964912
9860,-0.08443472807017544
9861,-0.11484406140350877
9862,-0.10155943859649123
9863,-0.07279728947368418
9864,0.13745128070175436
9865,0.0287914210526316
9866,-0.0720857543859649
9867,0.2590740789473684
9868,-0.015155929824561399
9869,-0.10229042982456138
9870,0.04071149999999999
9871,-0.043021456140350876
9872,-0.10789959649122804
9873,0.10748537719298247
9874,-0.039152035087719333
9875,-0.21398635087719298
9876,0.11040935087719295
9877,-0.07552630701754388
9878,0.10154484210526317
9879,0.1055653157894737
9880,0.14402046491228068
9881,0.023786552631578944
9882,-0.07321637719298246
9883,-0.0841666403508772
9884,-0.09270956140350879
9885,-0.017451245614035087
9886,-0.1602144210526316
9887,-0.047660807017543855
9888,0.12687135964912283
9889,0.023430815789473692
9890,0.18278264912280698
9891,0.01885476315789476
9892,-0.008114035087719304
9893,0.03924953508771931
9894,-0.021822622807017533
9895,0.14542396491228074
9896,0.02523391228070176
9897,-0.1855604298245614
9898,0.2281237543859649
9899,-0.11231969298245614
9900,-0.1322806754385965
9901,0.07074072807017545
9902,-0.09701755263157895
9903,0.07916669298245613
9904,-0.016320649122807035
9905,0.1022417456140351
9906,0.0524658859649123
9907,0.032855745614035085
9908,-0.026310929824561402
9909,-0.08889376315789474
9910,0.284629649122807
9911,-0.22280214035087717
9912,-0.1547855701754386
9913,-0.1827582807017544
9914,-0.04718324561403507
9915,0.03495615789473685
9916,-0.10676417543859648
9917,0.10476608771929824
9918,0.286286552631579
9919,-0.25455164912280703
9920,0.021008754385964928
9921,-0.005862561403508791
9922,-0.18456141228070178
9923,0.12651559649122807
9924,0.013347973684210474
9925,0.07916667543859648
9926,0.0033479473684210805
9927,0.07435673684210528
9928,0.2163255175438596
9929,-0.03258771929824561
9930,-0.20962962280701755
9931,-0.07361600000000001
9932,-0.038347947368421044
9933,-0.10151066666666667
9934,0.00994154385964913
9935,0.07274855263157894
9936,0.02195417543859645
9937,-0.13753412280701754
9938,0.16969297368421052
9939,0.09115982456140348
9940,0.1657455789473684
9941,-0.055555543859649115
9942,0.002582850877192975
9943,0.10149608771929826
9944,-0.15770956140350878
9945,0.3524707543859649
9946,-0.007002929824561381
9947,0.07860139473684213
9948,-0.08493664912280703
9949,0.07604288596491231
9950,0.11427876315789473
9951,-0.16350392105263156
9952,-0.09984404385964911
9953,0.157461
9954,-0.04911794736842107
9955,-0.07320664912280704
9956,0.1787134561403509
9957,-0.10243177192982456
9958,-0.04815792105263158
9959,0.2809210438596491
9960,0.1339425
9961,0.010989307017543864
9962,0.007919105263157913
9963,0.08809457017543862
9964,0.09820178947368419
9965,-0.13120367543859648
9966,-0.211257298245614
9967,-0.08588206140350878
9968,0.1280750438596491
9969,0.06602336842105262
9970,-0.11924950877192982
9971,0.009142307017543866
9972,-0.0017007631578947848
9973,0.07870369298245616
9974,-0.24048242982456144
9975,-0.09207115789473685
9976,-0.004244631578947371
9977,0.08210525438596492
9978,0.07888887719298245
9979,-0.12234405263157899
9980,-0.23595513157894737
9981,-0.028469771929824556
9982,-0.025458070175438604
9983,-0.20617934210526312
9984,-0.15229531578947367
9985,-0.07447851754385967
9986,-0.009887894736842075
9987,0.09436648245614036
9988,-0.21811403508771932
9989,0.12573590350877192
9990,-0.12423492982456141
9991,0.15644738596491226
9992,-0.1402631140350877
9993,0.034507789473684214
9994,0.08091130701754388
9995,-0.03227579824561402
9996,-0.004381061403508767
9997,0.05756334210526317
9998,0.18947856140350874
9999,0.16304095614035088
