match_id,event_id,event_component_id,control_component_id,event_country,control_country,event_city_name,control_city_name,event_date_utc,event_year,dominant_hazard,event_observability_gap_score_v2,control_observability_gap_score_v2,event_public_hourly_surface_observation_support,control_public_hourly_surface_observation_support,event_denominator_uncertainty_flag,control_denominator_uncertainty_flag,event_koppen_dominant_class,control_koppen_dominant_class,event_centroid_lat,event_centroid_lon,control_centroid_lat,control_centroid_lon,match_stage,match_distance_score,match_country_equal,match_koppen_equal,match_denominator_uncertainty_equal,event_gpm_event_subset_precip_mm_est,control_gpm_event_subset_precip_mm_est,paired_gpm_precip_diff_high_minus_control,event_era5_tp_sum_mm,paired_era5_tp_diff_high_minus_control,event_population_density_proxy,control_population_density_proxy,event_official_station_density_50km,control_official_station_density_50km,event_nearest_airport_km,control_nearest_airport_km,event_coast_distance_km,control_coast_distance_km,event_need_composite_z,control_need_composite_z,event_public_support_z,control_public_support_z,control_era5_2t_mean_c,control_era5_sp_mean,paired_era5_2t_diff_high_minus_control,paired_era5_sp_diff_high_minus_control
4942|2020-01-21|Celaya,4942|2020-01-21|Celaya,4942,6696,México,México,Celaya,Matamoros,2020-01-21,2020,low_ceiling_1000m,0.4309489847569435,-0.2901204383931102,0.1801494192494017,,False,False,BSh,,20.531576,-100.820914,25.847048265415868,-97.50931699803468,same_country_year_koppen_uncertainty_lowgap_p25,1.261929,True,True,True,0.0,0.0,0.0,0.030518,,5500.956343939394,5099.120625252525,0.0001273239544735,,6.562864635255111,8.129910296062748,328.116473165505,29.96880844717999,0.5999072420262046,0.8736957421894176,-1.4282088337634071,1.7356356223657663,15.253636,102818.192708,-2.487061,-21543.666666
4942|2020-01-21|Celaya,4942|2020-01-21|Celaya,4942,4288,México,México,Celaya,San Francisco del Rincón,2020-01-21,2020,low_ceiling_1000m,0.4309489847569435,-0.2343984740114149,0.1801494192494017,,False,False,BSh,,20.531576,-100.820914,21.025504865614927,-101.8607450821336,same_country_year_koppen_uncertainty_lowgap_p25,1.561177,True,True,True,0.0,0.0,0.0,0.030518,,5500.956343939394,4393.776685714286,0.0001273239544735,,6.562864635255111,16.709251224239814,328.116473165505,324.4454119629594,0.5999072420262046,-0.6941698924055543,-1.4282088337634071,0.5685994937320173,14.264296,82337.734375,-1.497721,-1063.208333
4942|2020-01-21|Celaya,4942|2020-01-21|Celaya,4942,4134,México,México,Celaya,Chihuahua,2020-01-21,2020,low_ceiling_1000m,0.4309489847569435,-0.2460739713515294,0.1801494192494017,,False,False,BSh,,20.531576,-100.820914,28.659020888249007,-106.0811875464914,same_country_year_koppen_uncertainty_lowgap_p25,1.849375,True,True,True,0.0,0.051111,-0.051111,0.030518,,5500.956343939394,4201.6389046875,0.0001273239544735,,6.562864635255111,4.608050563636304,328.116473165505,391.7325558931292,0.5999072420262046,0.0976111045580816,-1.4282088337634071,1.2620198662438862,12.431045,85629.526042,0.33553,-4355.0
4942|2020-08-29|Celaya,4942|2020-08-29|Celaya,4942,6696,México,México,Celaya,Matamoros,2020-08-29,2020,low_ceiling_1000m,0.4309489847569435,-0.2901204383931102,0.1801494192494017,,False,False,BSh,,20.531576,-100.820914,25.847048265415868,-97.50931699803468,same_country_year_koppen_uncertainty_lowgap_p25,1.261929,True,True,True,0.0,0.0,0.0,21.10815,,5500.956343939394,5099.120625252525,0.0001273239544735,,6.562864635255111,8.129910296062748,328.116473165505,29.96880844717999,0.5999072420262046,0.8736957421894176,-1.4282088337634071,1.7356356223657663,30.69435,100917.697917,-10.460693,-20115.833334
4942|2020-08-29|Celaya,4942|2020-08-29|Celaya,4942,4288,México,México,Celaya,San Francisco del Rincón,2020-08-29,2020,low_ceiling_1000m,0.4309489847569435,-0.2343984740114149,0.1801494192494017,,False,False,BSh,,20.531576,-100.820914,21.025504865614927,-101.8607450821336,same_country_year_koppen_uncertainty_lowgap_p25,1.561177,True,True,True,0.0,0.0,0.0,21.10815,,5500.956343939394,4393.776685714286,0.0001273239544735,,6.562864635255111,16.709251224239814,328.116473165505,324.4454119629594,0.5999072420262046,-0.6941698924055543,-1.4282088337634071,0.5685994937320173,20.620782,81874.53125,-0.387125,-1072.666667
4942|2020-08-29|Celaya,4942|2020-08-29|Celaya,4942,4134,México,México,Celaya,Chihuahua,2020-08-29,2020,low_ceiling_1000m,0.4309489847569435,-0.2460739713515294,0.1801494192494017,,False,False,BSh,,20.531576,-100.820914,28.659020888249007,-106.0811875464914,same_country_year_koppen_uncertainty_lowgap_p25,1.849375,True,True,True,0.0,0.0,0.0,21.10815,,5500.956343939394,4201.6389046875,0.0001273239544735,,6.562864635255111,4.608050563636304,328.116473165505,391.7325558931292,0.5999072420262046,0.0976111045580816,-1.4282088337634071,1.2620198662438862,29.780206,85148.03125,-9.546549,-4346.166667
4379|2020-07-08|Karadeniz Ereğli,4379|2020-07-08|Karadeniz Ereğli,4379,3459,Turkey,Turkey,Karadeniz Ereğli,Yalova,2020-07-08,2020,low_ceiling_1000m,0.4255751700217459,-0.2330371867720323,0.2020953715052822,,False,False,,,41.265007,31.422627,40.65253863849585,29.282727859013196,same_country_year_koppen_uncertainty_lowgap_p25,0.787218,True,True,True,0.405556,0.0,0.405556,11.147499,,4424.80204,4905.462747058824,0.000254647908947,,1.7391893438228485,9.67680099117227,0.5836552227457015,1.3070794959245655,1.314925894028547,1.1979950489203732,-1.3302283527170098,1.7317268265793402,22.265466,99406.510417,-0.614258,-982.5
4379|2020-07-08|Karadeniz Ereğli,4379|2020-07-08|Karadeniz Ereğli,4379,4341,Turkey,Turkey,Karadeniz Ereğli,Düzce,2020-07-08,2020,low_ceiling_1000m,0.4255751700217459,-0.2002434403486899,0.2020953715052822,,False,False,,,41.265007,31.422627,40.84383926392352,31.157814680057847,same_country_year_koppen_uncertainty_lowgap_p25,0.942545,True,True,True,0.405556,0.0,0.405556,11.147499,,4424.80204,6187.665303448276,0.000254647908947,,1.7391893438228485,2.063061364596871,0.5836552227457015,24.0677466235646,1.314925894028547,0.5697651352934204,-1.3302283527170098,1.1237787885973076,19.057621,91783.677083,2.593587,6640.333334
4379|2020-07-08|Karadeniz Ereğli,4379|2020-07-08|Karadeniz Ereğli,4379,858,Turkey,Turkey,Karadeniz Ereğli,Tekirdağ,2020-07-08,2020,low_ceiling_1000m,0.4255751700217459,-0.2980826102857723,0.2020953715052822,,False,False,,,41.265007,31.422627,40.97362181837198,27.521795993298632,same_country_year_koppen_uncertainty_lowgap_p25,0.943033,True,True,True,0.405556,0.0,0.405556,11.147499,,4424.80204,4822.32412,0.000254647908947,,1.7391893438228485,3.435653266875913,0.5836552227457015,1.2815414559229568,1.314925894028547,0.3218343903788758,-1.3302283527170098,1.379804912608172,23.483809,100320.34375,-1.832601,-1896.333333
4379|2020-06-15|Karadeniz Ereğli,4379|2020-06-15|Karadeniz Ereğli,4379,3459,Turkey,Turkey,Karadeniz Ereğli,Yalova,2020-06-15,2020,low_ceiling_1000m,0.4255751700217459,-0.2330371867720323,0.2020953715052822,,False,False,,,41.265007,31.422627,40.65253863849585,29.282727859013196,same_country_year_koppen_uncertainty_lowgap_p25,0.787218,True,True,True,0.254444,0.0,0.254444,20.33329,,4424.80204,4905.462747058824,0.000254647908947,,1.7391893438228485,9.67680099117227,0.5836552227457015,1.3070794959245655,1.314925894028547,1.1979950489203732,-1.3302283527170098,1.7317268265793402,21.99916,98845.497396,-2.786784,-890.791667
4379|2020-06-15|Karadeniz Ereğli,4379|2020-06-15|Karadeniz Ereğli,4379,4341,Turkey,Turkey,Karadeniz Ereğli,Düzce,2020-06-15,2020,low_ceiling_1000m,0.4255751700217459,-0.2002434403486899,0.2020953715052822,,False,False,,,41.265007,31.422627,40.84383926392352,31.157814680057847,same_country_year_koppen_uncertainty_lowgap_p25,0.942545,True,True,True,0.254444,1.791111,-1.536667,20.33329,,4424.80204,6187.665303448276,0.000254647908947,,1.7391893438228485,2.063061364596871,0.5836552227457015,24.0677466235646,1.314925894028547,0.5697651352934204,-1.3302283527170098,1.1237787885973076,15.908095,91402.247396,3.304281,6552.458333
4379|2020-06-15|Karadeniz Ereğli,4379|2020-06-15|Karadeniz Ereğli,4379,858,Turkey,Turkey,Karadeniz Ereğli,Tekirdağ,2020-06-15,2020,low_ceiling_1000m,0.4255751700217459,-0.2980826102857723,0.2020953715052822,,False,False,,,41.265007,31.422627,40.97362181837198,27.521795993298632,same_country_year_koppen_uncertainty_lowgap_p25,0.943033,True,True,True,0.254444,1.52,-1.265556,20.33329,,4424.80204,4822.32412,0.000254647908947,,1.7391893438228485,3.435653266875913,0.5836552227457015,1.2815414559229568,1.314925894028547,0.3218343903788758,-1.3302283527170098,1.379804912608172,22.62595,99638.664062,-3.413574,-1683.958333
175|2020-04-23|Điện Biên Phủ,175|2020-04-23|Điện Biên Phủ,175,1739,Vietnam,Vietnam,Điện Biên Phủ,Phúc Yên,2020-04-23,2020,thunder_or_convective,0.4223236990129126,-0.2195351521657393,0.165440961886418,,False,False,,,21.388702,103.018583,21.239375103723827,105.72237654564918,same_country_year_koppen_uncertainty_lowgap_p25,1.002725,True,True,True,0.0,0.065556,-0.065556,39.526939,,3593.0871382352943,3784.632731,0.0001273239544735,,1.4621449867646352,8.447059325582973,333.03551537488755,92.50786143688232,0.775684414281278,0.7541337248937533,-1.4938766029753543,1.292834206360207,19.551202,101349.4375,1.885987,-10078.083333
175|2020-04-23|Điện Biên Phủ,175|2020-04-23|Điện Biên Phủ,175,5031,Vietnam,Vietnam,Điện Biên Phủ,Trang Bang,2020-04-23,2020,thunder_or_convective,0.4223236990129126,-0.1857652366858249,0.165440961886418,,False,False,,,21.388702,103.018583,11.024954059705768,106.37291346135945,same_country_year_koppen_uncertainty_lowgap_p25,1.042952,True,True,True,0.0,0.0,0.0,39.526939,,3593.0871382352943,3158.056480952381,0.0001273239544735,,1.4621449867646352,12.209831124929222,333.03551537488755,56.9735070891997,0.775684414281278,0.6632076917180186,-1.4938766029753543,0.8833227011357035,31.056818,100879.729167,-9.619629,-9608.375
175|2020-04-23|Điện Biên Phủ,175|2020-04-23|Điện Biên Phủ,175,3961,Vietnam,Vietnam,Điện Biên Phủ,Uông Bí,2020-04-23,2020,thunder_or_convective,0.4223236990129126,-0.2011952900052546,0.165440961886418,,False,False,,,21.388702,103.018583,21.03490777407487,106.76732967765548,same_country_year_koppen_uncertainty_lowgap_p25,1.264373,True,True,True,0.0,0.151667,-0.151667,39.526939,,3593.0871382352943,4098.370023529412,0.0001273239544735,,1.4621449867646352,25.43286032301884,333.03551537488755,1.393744426980823,0.775684414281278,0.710754096916395,-1.4938766029753543,0.7805865185491552,20.423517,100769.1875,1.013672,-9497.833333
175|2020-08-15|Điện Biên Phủ,175|2020-08-15|Điện Biên Phủ,175,1739,Vietnam,Vietnam,Điện Biên Phủ,Phúc Yên,2020-08-15,2020,thunder_or_convective,0.4223236990129126,-0.2195351521657393,0.165440961886418,,False,False,,,21.388702,103.018583,21.239375103723827,105.72237654564918,same_country_year_koppen_uncertainty_lowgap_p25,1.002725,True,True,True,0.826111,0.832778,-0.006667,23.063183,,3593.0871382352943,3784.632731,0.0001273239544735,,1.4621449867646352,8.447059325582973,333.03551537488755,92.50786143688232,0.775684414281278,0.7541337248937533,-1.4938766029753543,1.292834206360207,28.345443,100053.440104,-5.892985,-9332.875
175|2020-08-15|Điện Biên Phủ,175|2020-08-15|Điện Biên Phủ,175,5031,Vietnam,Vietnam,Điện Biên Phủ,Trang Bang,2020-08-15,2020,thunder_or_convective,0.4223236990129126,-0.1857652366858249,0.165440961886418,,False,False,,,21.388702,103.018583,11.024954059705768,106.37291346135945,same_country_year_koppen_uncertainty_lowgap_p25,1.042952,True,True,True,0.826111,0.0,0.826111,23.063183,,3593.0871382352943,3158.056480952381,0.0001273239544735,,1.4621449867646352,12.209831124929222,333.03551537488755,56.9735070891997,0.775684414281278,0.6632076917180186,-1.4938766029753543,0.8833227011357035,27.816553,100786.065104,-5.364095,-10065.5
175|2020-08-15|Điện Biên Phủ,175|2020-08-15|Điện Biên Phủ,175,3961,Vietnam,Vietnam,Điện Biên Phủ,Uông Bí,2020-08-15,2020,thunder_or_convective,0.4223236990129126,-0.2011952900052546,0.165440961886418,,False,False,,,21.388702,103.018583,21.03490777407487,106.76732967765548,same_country_year_koppen_uncertainty_lowgap_p25,1.264373,True,True,True,0.826111,0.010556,0.815555,23.063183,,3593.0871382352943,4098.370023529412,0.0001273239544735,,1.4621449867646352,25.43286032301884,333.03551537488755,1.393744426980823,0.775684414281278,0.710754096916395,-1.4938766029753543,0.7805865185491552,27.292464,99688.898438,-4.840006,-8968.333334
10954|2020-09-01|Giridih,10954|2020-09-01|Giridih,10954,10132,India,India,Giridih,Thanjavur,2020-09-01,2020,thunder_or_convective,0.4166104714056073,-0.2334885646856278,0.219547072900251,,False,False,Aw,,24.171116,86.306248,10.770179217220884,79.13268065039192,same_country_year_koppen_uncertainty_lowgap_p25,1.091242,True,True,True,2.820556,4.448333,-1.627777,24.004459,,5670.705629166667,7401.048096610169,0.0001273239544735,,3.925533527089168,6.228330151614349,256.6828591519296,61.48962511548593,0.8047432120449503,0.4254984198341343,-1.2523130233742632,1.6003912881554467,28.47854,100274.742188,-0.617025,-3343.333334
10954|2020-09-01|Giridih,10954|2020-09-01|Giridih,10954,10080,India,India,Giridih,Siltara,2020-09-01,2020,thunder_or_convective,0.4166104714056073,-0.2416496922833165,0.219547072900251,,False,False,Aw,,24.171116,86.306248,21.367822645426184,81.65945734260364,same_country_year_koppen_uncertainty_lowgap_p25,1.159379,True,True,True,2.820556,0.0,2.820556,24.004459,,5670.705629166667,4028.20720625,0.0001273239544735,,3.925533527089168,15.350854292513652,256.6828591519296,395.2266457776779,0.8047432120449503,0.3629492770930736,-1.2523130233742632,1.0104237107909702,29.908146,97437.200521,-2.046631,-505.791667
10954|2020-09-01|Giridih,10954|2020-09-01|Giridih,10954,11432,India,India,Giridih,Chandpara,2020-09-01,2020,thunder_or_convective,0.4166104714056073,-0.1949362507271476,0.219547072900251,,False,False,Aw,,24.171116,86.306248,22.968342743805323,88.78465529398024,same_country_year_koppen_uncertainty_lowgap_p25,1.258348,True,True,True,2.820556,0.748889,2.071667,24.004459,,5670.705629166667,6661.472346666666,0.0001273239544735,,3.925533527089168,11.100908352194775,256.6828591519296,90.72386133387684,0.8047432120449503,0.0315590667934236,-1.2523130233742632,0.6695767182146742,27.246932,100500.700521,0.614583,-3569.291667
10954|2020-12-10|Giridih,10954|2020-12-10|Giridih,10954,10132,India,India,Giridih,Thanjavur,2020-12-10,2020,low_vis_1km,0.4166104714056073,-0.2334885646856278,0.219547072900251,,False,False,Aw,,24.171116,86.306248,10.770179217220884,79.13268065039192,same_country_year_koppen_uncertainty_lowgap_p25,1.091242,True,True,True,0.0,0.0,0.0,0.0,,5670.705629166667,7401.048096610169,0.0001273239544735,,3.925533527089168,6.228330151614349,256.6828591519296,61.48962511548593,0.8047432120449503,0.4254984198341343,-1.2523130233742632,1.6003912881554467,25.733616,100833.453125,-8.86206,-3094.625
10954|2020-12-10|Giridih,10954|2020-12-10|Giridih,10954,10080,India,India,Giridih,Siltara,2020-12-10,2020,low_vis_1km,0.4166104714056073,-0.2416496922833165,0.219547072900251,,False,False,Aw,,24.171116,86.306248,21.367822645426184,81.65945734260364,same_country_year_koppen_uncertainty_lowgap_p25,1.159379,True,True,True,0.0,0.0,0.0,0.0,,5670.705629166667,4028.20720625,0.0001273239544735,,3.925533527089168,15.350854292513652,256.6828591519296,395.2266457776779,0.8047432120449503,0.3629492770930736,-1.2523130233742632,1.0104237107909702,21.852268,98175.453125,-4.980712,-436.625
10954|2020-12-10|Giridih,10954|2020-12-10|Giridih,10954,11432,India,India,Giridih,Chandpara,2020-12-10,2020,low_vis_1km,0.4166104714056073,-0.1949362507271476,0.219547072900251,,False,False,Aw,,24.171116,86.306248,22.968342743805323,88.78465529398024,same_country_year_koppen_uncertainty_lowgap_p25,1.258348,True,True,True,0.0,0.0,0.0,0.0,,5670.705629166667,6661.472346666666,0.0001273239544735,,3.925533527089168,11.100908352194775,256.6828591519296,90.72386133387684,0.8047432120449503,0.0315590667934236,-1.2523130233742632,0.6695767182146742,19.339573,101331.494792,-2.468017,-3592.666667
10433|2020-05-08|Baishan,10433|2020-05-08|Baishan,10433,10025,China,China,Baishan,Benxi,2020-05-08,2020,low_vis_5km,0.4111256184401182,-0.2087110231687596,0.2293818945893889,,False,False,Dwa,,41.938761,126.424563,41.29145514719016,123.7503761908393,same_country_year_koppen_uncertainty_lowgap_p25,1.80097,True,True,True,0.0,0.083889,-0.083889,7.545471,,13585.061845945946,11034.743119117646,0.000254647908947,,67.4496712980915,42.24078107865443,234.925866865715,130.55749844653494,1.3117874779415983,0.4172512122458943,-1.2084042173734175,1.1954400446817737,11.102065,97234.145833,-0.805013,-4698.541666
10433|2020-05-08|Baishan,10433|2020-05-08|Baishan,10433,9949,China,China,Baishan,Qianjin,2020-05-08,2020,low_vis_5km,0.4111256184401182,-0.3426872307833361,0.2293818945893889,,False,False,Dwa,,41.938761,126.424563,41.7992268165388,123.950078335615,same_country_year_koppen_uncertainty_lowgap_p25,2.469122,True,True,True,0.0,0.0,0.0,7.545471,,13585.061845945946,6225.60304875,0.000254647908947,,67.4496712980915,43.805732992508105,234.925866865715,169.74060090791454,1.3117874779415983,-0.2255613858740468,-1.2084042173734175,0.9563520357454182,12.790053,98868.4375,-2.493001,-6332.833333
10433|2020-05-08|Baishan,10433|2020-05-08|Baishan,10433,9991,China,China,Baishan,Yiyuan,2020-05-08,2020,low_vis_5km,0.4111256184401182,-0.2350898993103939,0.2293818945893889,,False,False,Dwa,,41.938761,126.424563,36.18893061883843,118.1773021512178,same_country_year_koppen_uncertainty_lowgap_p25,2.517518,True,True,True,0.0,0.0,0.0,7.545471,,13585.061845945946,3931.8791425,0.000254647908947,,67.4496712980915,53.171863654829906,234.925866865715,135.88191650475147,1.3117874779415983,0.2566739196616704,-1.2084042173734175,0.9566126221311806,11.160659,96043.520833,-0.863607,-3507.916666
10433|2020-03-09|Baishan,10433|2020-03-09|Baishan,10433,10025,China,China,Baishan,Benxi,2020-03-09,2020,low_vis_5km,0.4111256184401182,-0.2087110231687596,0.2293818945893889,,False,False,Dwa,,41.938761,126.424563,41.29145514719016,123.7503761908393,same_country_year_koppen_uncertainty_lowgap_p25,1.80097,True,True,True,0.001667,0.0,0.001667,3.247261,,13585.061845945946,11034.743119117646,0.000254647908947,,67.4496712980915,42.24078107865443,234.925866865715,130.55749844653494,1.3117874779415983,0.4172512122458943,-1.2084042173734175,1.1954400446817737,1.101038,97428.044271,-1.282797,-5021.75
10433|2020-03-09|Baishan,10433|2020-03-09|Baishan,10433,9949,China,China,Baishan,Qianjin,2020-03-09,2020,low_vis_5km,0.4111256184401182,-0.3426872307833361,0.2293818945893889,,False,False,Dwa,,41.938761,126.424563,41.7992268165388,123.950078335615,same_country_year_koppen_uncertainty_lowgap_p25,2.469122,True,True,True,0.001667,0.0,0.001667,3.247261,,13585.061845945946,6225.60304875,0.000254647908947,,67.4496712980915,43.805732992508105,234.925866865715,169.74060090791454,1.3117874779415983,-0.2255613858740468,-1.2084042173734175,0.9563520357454182,1.405806,99172.294271,-1.587565,-6766.0
10433|2020-03-09|Baishan,10433|2020-03-09|Baishan,10433,9991,China,China,Baishan,Yiyuan,2020-03-09,2020,low_vis_5km,0.4111256184401182,-0.2350898993103939,0.2293818945893889,,False,False,Dwa,,41.938761,126.424563,36.18893061883843,118.1773021512178,same_country_year_koppen_uncertainty_lowgap_p25,2.517518,True,True,True,0.001667,0.018333,-0.016666,3.247261,,13585.061845945946,3931.8791425,0.000254647908947,,67.4496712980915,53.171863654829906,234.925866865715,135.88191650475147,1.3117874779415983,0.2566739196616704,-1.2084042173734175,0.9566126221311806,5.058232,96992.627604,-5.239991,-4586.333333
7672|2020-12-27|Zigong,7672|2020-12-27|Zigong,7672,10851,China,China,Zigong,Yangjiang,2020-12-27,2020,fog,0.3981712854211544,-0.2817889191655359,0.2428938306192727,,False,False,Cwa,,29.352113,104.76754,21.86109235665186,111.97037709693542,same_country_year_koppen_uncertainty_lowgap_p25,1.386171,True,True,True,0.0,0.0,0.0,0.181198,,5587.709175903615,5796.998992857143,0.0001273239544735,,13.944562860724895,17.468869984535875,925.4341966168917,1.5520610440621192,1.253288234954644,-0.1212185289608619,-1.1480784690695855,1.1465800973514555,19.976241,101276.880208,-11.535644,-3507.583333
7672|2020-12-27|Zigong,7672|2020-12-27|Zigong,7672,9653,China,China,Zigong,Ningming,2020-12-27,2020,fog,0.3981712854211544,-0.241710679836705,0.2428938306192727,,False,False,Cwa,,29.352113,104.76754,22.12935904736112,107.0607294319672,same_country_year_koppen_uncertainty_lowgap_p25,1.520259,True,True,True,0.0,0.0,0.0,0.181198,,5587.709175903615,5478.231793,0.0001273239544735,,13.944562860724895,6.294069640784925,925.4341966168917,98.9386033000899,1.253288234954644,0.2666055128284991,-1.1480784690695855,0.9438438892288572,17.573979,98914.130208,-9.133382,-1144.833333
7672|2020-12-27|Zigong,7672|2020-12-27|Zigong,7672,7775,China,China,Zigong,Xingping,2020-12-27,2020,fog,0.3981712854211544,-0.2070295960477585,0.2428938306192727,,False,False,Cwa,,29.352113,104.76754,34.29434697258374,108.45167856092996,same_country_year_koppen_uncertainty_lowgap_p25,1.619639,True,True,True,0.0,0.057778,-0.057778,0.181198,,5587.709175903615,5754.3302092307695,0.0001273239544735,,13.944562860724895,18.040643144473748,925.4341966168917,984.096143388074,1.253288234954644,-0.6999588959896688,-1.1480784690695855,0.644821011567313,3.546635,95974.796875,4.893962,1794.5
7672|2020-12-26|Zigong,7672|2020-12-26|Zigong,7672,10851,China,China,Zigong,Yangjiang,2020-12-26,2020,fog,0.3981712854211544,-0.2817889191655359,0.2428938306192727,,False,False,Cwa,,29.352113,104.76754,21.86109235665186,111.97037709693542,same_country_year_koppen_uncertainty_lowgap_p25,1.386171,True,True,True,0.0,0.0,0.0,0.034809,,5587.709175903615,5796.998992857143,0.0001273239544735,,13.944562860724895,17.468869984535875,925.4341966168917,1.5520610440621192,1.253288234954644,-0.1212185289608619,-1.1480784690695855,1.1465800973514555,19.079197,101462.132812,-11.791178,-3458.708333
7672|2020-12-26|Zigong,7672|2020-12-26|Zigong,7672,9653,China,China,Zigong,Ningming,2020-12-26,2020,fog,0.3981712854211544,-0.241710679836705,0.2428938306192727,,False,False,Cwa,,29.352113,104.76754,22.12935904736112,107.0607294319672,same_country_year_koppen_uncertainty_lowgap_p25,1.520259,True,True,True,0.0,0.0,0.0,0.034809,,5587.709175903615,5478.231793,0.0001273239544735,,13.944562860724895,6.294069640784925,925.4341966168917,98.9386033000899,1.253288234954644,0.2666055128284991,-1.1480784690695855,0.9438438892288572,18.121759,98997.174479,-10.83374,-993.75
7672|2020-12-26|Zigong,7672|2020-12-26|Zigong,7672,7775,China,China,Zigong,Xingping,2020-12-26,2020,fog,0.3981712854211544,-0.2070295960477585,0.2428938306192727,,False,False,Cwa,,29.352113,104.76754,34.29434697258374,108.45167856092996,same_country_year_koppen_uncertainty_lowgap_p25,1.619639,True,True,True,0.0,0.0,0.0,0.034809,,5587.709175903615,5754.3302092307695,0.0001273239544735,,13.944562860724895,18.040643144473748,925.4341966168917,984.096143388074,1.253288234954644,-0.6999588959896688,-1.1480784690695855,0.644821011567313,2.84767,96104.257812,4.440349,1899.166667
3795|2020-12-03|Francisco Beltrão,3795|2020-12-03|Francisco Beltrão,3795,2872,Brazil,Brazil,Francisco Beltrão,Foz do Iguaçu,2020-12-03,2020,gust_15ms,0.3828831291657538,-0.2037816190603667,0.2319500379384813,,False,False,Cfa,,-26.064775,-53.053956,-25.522872867444423,-54.56013205839889,same_country_year_koppen_uncertainty_lowgap_p25,0.808349,True,True,True,1.972222,10.052222,-8.08,20.670414,,2723.78540625,3053.8004267605634,0.000254647908947,,1.1363891633711107,1.4435183100764912,410.6497062384072,559.6529668817774,0.4755004018056027,0.3705111206451518,-1.1969384163999033,1.557524827697648,23.541233,98105.786458,-3.523193,-4325.083333
3795|2020-12-03|Francisco Beltrão,3795|2020-12-03|Francisco Beltrão,3795,6334,Brazil,Brazil,Francisco Beltrão,Lençóis Paulista,2020-12-03,2020,gust_15ms,0.3828831291657538,-0.2237641183357396,0.2319500379384813,,False,False,Cfa,,-26.064775,-53.053956,-22.601948663988097,-48.794308565303375,same_country_year_koppen_uncertainty_lowgap_p25,1.062875,True,True,True,1.972222,0.028333,1.943889,20.670414,,2723.78540625,3898.380126428572,0.000254647908947,,1.1363891633711107,3.3674261108411487,410.6497062384072,265.63185041952073,0.4755004018056027,-0.8012784746047297,-1.1969384163999033,0.7368731523376317,24.147109,94556.578125,-4.129069,-775.875
3795|2020-12-03|Francisco Beltrão,3795|2020-12-03|Francisco Beltrão,3795,7266,Brazil,Brazil,Francisco Beltrão,Amparo,2020-12-03,2020,gust_15ms,0.3828831291657538,-0.2082068280040759,0.2319500379384813,,False,False,Cfa,,-26.064775,-53.053956,-22.709096549637092,-46.77852551661239,same_country_year_koppen_uncertainty_lowgap_p25,1.071165,True,True,True,1.972222,0.0,1.972222,20.670414,,2723.78540625,3177.48536,0.000254647908947,,1.1363891633711107,1.8626838043907183,410.6497062384072,141.88516252752584,0.4755004018056027,-0.5856042019514979,-1.1969384163999033,0.5777200172336767,23.289117,92042.328125,-3.271077,1738.375
3795|2020-06-30|Francisco Beltrão,3795|2020-06-30|Francisco Beltrão,3795,2872,Brazil,Brazil,Francisco Beltrão,Foz do Iguaçu,2020-06-30,2020,gust_15ms,0.3828831291657538,-0.2037816190603667,0.2319500379384813,,False,False,Cfa,,-26.064775,-53.053956,-25.522872867444423,-54.56013205839889,same_country_year_koppen_uncertainty_lowgap_p25,0.808349,True,True,True,2.486111,0.37,2.116111,22.1591,,2723.78540625,3053.8004267605634,0.000254647908947,,1.1363891633711107,1.4435183100764912,410.6497062384072,559.6529668817774,0.4755004018056027,0.3705111206451518,-1.1969384163999033,1.557524827697648,18.786056,98136.018229,-2.948487,-4432.375
3795|2020-06-30|Francisco Beltrão,3795|2020-06-30|Francisco Beltrão,3795,6334,Brazil,Brazil,Francisco Beltrão,Lençóis Paulista,2020-06-30,2020,gust_15ms,0.3828831291657538,-0.2237641183357396,0.2319500379384813,,False,False,Cfa,,-26.064775,-53.053956,-22.601948663988097,-48.794308565303375,same_country_year_koppen_uncertainty_lowgap_p25,1.062875,True,True,True,2.486111,0.0,2.486111,22.1591,,2723.78540625,3898.380126428572,0.000254647908947,,1.1363891633711107,3.3674261108411487,410.6497062384072,265.63185041952073,0.4755004018056027,-0.8012784746047297,-1.1969384163999033,0.7368731523376317,20.306319,94790.809896,-4.46875,-1087.166667
3795|2020-06-30|Francisco Beltrão,3795|2020-06-30|Francisco Beltrão,3795,7266,Brazil,Brazil,Francisco Beltrão,Amparo,2020-06-30,2020,gust_15ms,0.3828831291657538,-0.2082068280040759,0.2319500379384813,,False,False,Cfa,,-26.064775,-53.053956,-22.709096549637092,-46.77852551661239,same_country_year_koppen_uncertainty_lowgap_p25,1.071165,True,True,True,2.486111,0.0,2.486111,22.1591,,2723.78540625,3177.48536,0.000254647908947,,1.1363891633711107,1.8626838043907183,410.6497062384072,141.88516252752584,0.4755004018056027,-0.5856042019514979,-1.1969384163999033,0.5777200172336767,18.70671,92319.351562,-2.869141,1384.291667
10936|2020-09-01|Phusro,10936|2020-09-01|Phusro,10936,9446,India,India,Phusro,Kapri Kheda,2020-09-01,2020,thunder_or_convective,0.3824528524686358,-0.1953299203506451,0.2201015583960777,,False,False,,,23.772954,85.992166,21.27676255815206,79.11403208553466,same_country_year_koppen_uncertainty_lowgap_p25,0.964908,True,True,True,2.41,0.0,2.41,15.928745,,5655.4166263157895,6074.918425555556,0.0001273239544735,,21.40905865759822,22.918432066000975,243.41550296525784,580.0098545692847,1.07225764311402,0.778912108507035,-1.2498374527095273,1.1527038774168552,29.041121,97000.325521,-1.422688,405.291667
10936|2020-09-01|Phusro,10936|2020-09-01|Phusro,10936,11394,India,India,Phusro,Chakdaha,2020-09-01,2020,thunder_or_convective,0.3824528524686358,-0.1896243647794843,0.2201015583960777,,False,False,,,23.772954,85.992166,23.07018717132597,88.526112252389,same_country_year_koppen_uncertainty_lowgap_p25,0.980983,True,True,True,2.41,1.220556,1.189444,15.928745,,5655.4166263157895,5480.428645555556,0.0001273239544735,,21.40905865759822,18.467345621451795,243.41550296525784,95.54781729123368,1.07225764311402,0.8534402545606246,-1.2498374527095273,1.0009774543071082,27.31464,100521.908854,0.303793,-3116.291666
10936|2020-09-01|Phusro,10936|2020-09-01|Phusro,10936,10228,India,India,Phusro,Mangalagiri,2020-09-01,2020,thunder_or_convective,0.3824528524686358,-0.2056615079302584,0.2201015583960777,,False,False,,,23.772954,85.992166,16.43444936281629,80.5708647410434,same_country_year_koppen_uncertainty_lowgap_p25,0.987228,True,True,True,2.41,0.402222,2.007778,15.928745,,5655.4166263157895,5769.246811111111,0.0001273239544735,,21.40905865759822,14.329553860682354,243.41550296525784,58.595644042704514,1.07225764311402,0.6218313911759381,-1.2498374527095273,1.0036484647611663,29.821395,100112.075521,-2.202962,-2706.458333
10936|2020-12-10|Phusro,10936|2020-12-10|Phusro,10936,9446,India,India,Phusro,Kapri Kheda,2020-12-10,2020,low_vis_1km,0.3824528524686358,-0.1953299203506451,0.2201015583960777,,False,False,,,23.772954,85.992166,21.27676255815206,79.11403208553466,same_country_year_koppen_uncertainty_lowgap_p25,0.964908,True,True,True,0.0,0.0,0.0,0.0,,5655.4166263157895,6074.918425555556,0.0001273239544735,,21.40905865759822,22.918432066000975,243.41550296525784,580.0098545692847,1.07225764311402,0.778912108507035,-1.2498374527095273,1.1527038774168552,22.855931,97624.369792,-5.170004,587.416666
10936|2020-12-10|Phusro,10936|2020-12-10|Phusro,10936,11394,India,India,Phusro,Chakdaha,2020-12-10,2020,low_vis_1km,0.3824528524686358,-0.1896243647794843,0.2201015583960777,,False,False,,,23.772954,85.992166,23.07018717132597,88.526112252389,same_country_year_koppen_uncertainty_lowgap_p25,0.980983,True,True,True,0.0,0.0,0.0,0.0,,5655.4166263157895,5480.428645555556,0.0001273239544735,,21.40905865759822,18.467345621451795,243.41550296525784,95.54781729123368,1.07225764311402,0.8534402545606246,-1.2498374527095273,1.0009774543071082,19.608291,101359.286458,-1.922364,-3147.5
10936|2020-12-10|Phusro,10936|2020-12-10|Phusro,10936,10228,India,India,Phusro,Mangalagiri,2020-12-10,2020,low_vis_1km,0.3824528524686358,-0.2056615079302584,0.2201015583960777,,False,False,,,23.772954,85.992166,16.43444936281629,80.5708647410434,same_country_year_koppen_uncertainty_lowgap_p25,0.987228,True,True,True,0.0,0.0,0.0,0.0,,5655.4166263157895,5769.246811111111,0.0001273239544735,,21.40905865759822,14.329553860682354,243.41550296525784,58.595644042704514,1.07225764311402,0.6218313911759381,-1.2498374527095273,1.0036484647611663,24.578587,100894.619792,-6.89266,-2682.833334
8128|2020-09-22|Palu,8128|2020-09-22|Palu,8128,7895,Indonesia,Indonesia,Palu,Kecamatan Kopang,2020-09-22,2020,thunder_or_convective,0.3748731452771899,-0.2013120519219605,0.2766007120761104,,False,False,Af,,-0.901066,119.8774,-8.63225356471884,116.3694489887622,same_country_year_uncertainty_lowgap_p25,1.335068,True,False,True,0.353889,0.0,0.353889,25.242329,,4284.016298717949,2596.4364095238093,0.0001273239544735,,3.598108244675575,18.36012621134884,4.501564875383695,22.07499431888145,0.2129197415049059,-0.2711412602720503,-0.9975898312922068,0.79511420955537,27.818709,99490.247396,-4.966959,-7213.75
8128|2020-09-22|Palu,8128|2020-09-22|Palu,8128,7797,Indonesia,Indonesia,Palu,Ubud,2020-09-22,2020,thunder_or_convective,0.3748731452771899,-0.2068769607539975,0.2766007120761104,,False,False,Af,,-0.901066,119.8774,-8.522905528333592,115.26770884640275,same_country_year_uncertainty_lowgap_p25,1.446827,True,False,True,0.353889,0.0,0.353889,25.242329,,4284.016298717949,3728.423932941176,0.0001273239544735,,3.598108244675575,3.763109345275131,4.501564875383695,13.135464181353282,0.2129197415049059,-0.5113287324230636,-0.9975898312922068,0.6695767182146742,25.003117,97405.580729,-2.151367,-5129.083333
8128|2020-09-22|Palu,8128|2020-09-22|Palu,8128,6057,Indonesia,Indonesia,Palu,Kadipaten,2020-09-22,2020,thunder_or_convective,0.3748731452771899,-0.2056550791163635,0.2766007120761104,,False,False,Af,,-0.901066,119.8774,-6.746061572981798,108.21380603066544,same_country_year_uncertainty_lowgap_p25,1.517721,True,False,True,0.353889,0.122222,0.231667,25.242329,,4284.016298717949,4156.966454385965,0.0001273239544735,,3.598108244675575,9.343908000566348,4.501564875383695,36.12247159835272,0.2129197415049059,-1.0577021811320588,-0.9975898312922068,0.7357005136017037,24.823999,97876.789062,-1.972249,-5600.291666
8128|2020-09-06|Palu,8128|2020-09-06|Palu,8128,7895,Indonesia,Indonesia,Palu,Kecamatan Kopang,2020-09-06,2020,low_vis_5km,0.3748731452771899,-0.2013120519219605,0.2766007120761104,,False,False,Af,,-0.901066,119.8774,-8.63225356471884,116.3694489887622,same_country_year_uncertainty_lowgap_p25,1.335068,True,False,True,8.297222,0.0,8.297222,29.060841,,4284.016298717949,2596.4364095238093,0.0001273239544735,,3.598108244675575,18.36012621134884,4.501564875383695,22.07499431888145,0.2129197415049059,-0.2711412602720503,-0.9975898312922068,0.79511420955537,26.833978,99442.794271,-4.328287,-7254.416667
8128|2020-09-06|Palu,8128|2020-09-06|Palu,8128,7797,Indonesia,Indonesia,Palu,Ubud,2020-09-06,2020,low_vis_5km,0.3748731452771899,-0.2068769607539975,0.2766007120761104,,False,False,Af,,-0.901066,119.8774,-8.522905528333592,115.26770884640275,same_country_year_uncertainty_lowgap_p25,1.446827,True,False,True,8.297222,0.0,8.297222,29.060841,,4284.016298717949,3728.423932941176,0.0001273239544735,,3.598108244675575,3.763109345275131,4.501564875383695,13.135464181353282,0.2129197415049059,-0.5113287324230636,-0.9975898312922068,0.6695767182146742,24.335118,97339.502604,-1.829427,-5151.125
8128|2020-09-06|Palu,8128|2020-09-06|Palu,8128,6057,Indonesia,Indonesia,Palu,Kadipaten,2020-09-06,2020,low_vis_5km,0.3748731452771899,-0.2056550791163635,0.2766007120761104,,False,False,Af,,-0.901066,119.8774,-6.746061572981798,108.21380603066544,same_country_year_uncertainty_lowgap_p25,1.517721,True,False,True,8.297222,0.0,8.297222,29.060841,,4284.016298717949,4156.966454385965,0.0001273239544735,,3.598108244675575,9.343908000566348,4.501564875383695,36.12247159835272,0.2129197415049059,-1.0577021811320588,-0.9975898312922068,0.7357005136017037,26.696039,97751.627604,-4.190348,-5563.25
4263|2020-01-19|Rzeszów,4263|2020-01-19|Rzeszów,4263,3850,Poland,Poland,Rzeszów,Wołomin,2020-01-19,2020,fog,0.3689108206292736,-0.181488177397497,0.3743360765773653,,False,False,Dfb,,50.030827,22.002133,52.34637144747505,21.239277753586126,same_country_year_koppen_uncertainty_lowgap_p25,1.079717,True,True,True,0.0,0.0,0.0,0.210762,,4154.646042222223,2865.792322380952,0.0003819718634205,,6.854641766987755,8.516960866971397,391.4413423077526,195.4846476892456,2.1184123373628676,1.626382517603755,-0.5612379283342497,1.1098374169590564,2.075983,101845.997396,-2.800131,-2107.541667
4263|2020-01-19|Rzeszów,4263|2020-01-19|Rzeszów,4263,3403,Poland,Poland,Rzeszów,Bełchatów,2020-01-19,2020,fog,0.3689108206292736,-0.2149364710425105,0.3743360765773653,,False,False,Dfb,,50.030827,22.002133,51.35896353742977,19.375143003940927,same_country_year_koppen_uncertainty_lowgap_p25,1.183598,True,True,True,0.0,0.0,0.0,0.210762,,4154.646042222223,3423.068758666667,0.0003819718634205,,6.854641766987755,3.4770926585272535,391.4413423077526,233.8785275089932,2.1184123373628676,1.3982273138978292,-0.5612379283342497,1.2285345156735086,1.97668,100722.964357,-2.700828,-984.508628
4263|2020-01-19|Rzeszów,4263|2020-01-19|Rzeszów,4263,3068,Poland,Poland,Rzeszów,Częstochowa,2020-01-19,2020,fog,0.3689108206292736,-0.1931137212919236,0.3743360765773653,,False,False,Dfb,,50.030827,22.002133,50.806943282062505,19.11058915941061,same_country_year_koppen_uncertainty_lowgap_p25,1.312033,True,True,True,0.0,0.0,0.0,0.210762,,4154.646042222223,3509.551136170213,0.0003819718634205,,6.854641766987755,10.835414166121913,391.4413423077526,276.77328123796974,2.1184123373628676,1.4020877962393468,-0.5612379283342497,1.4641046084020806,1.927789,99896.372396,-2.651937,-157.916667
4263|2020-11-09|Rzeszów,4263|2020-11-09|Rzeszów,4263,3850,Poland,Poland,Rzeszów,Wołomin,2020-11-09,2020,fog,0.3689108206292736,-0.181488177397497,0.3743360765773653,,False,False,Dfb,,50.030827,22.002133,52.34637144747505,21.239277753586126,same_country_year_koppen_uncertainty_lowgap_p25,1.079717,True,True,True,0.0,0.0,0.0,0.166416,,4154.646042222223,2865.792322380952,0.0003819718634205,,6.854641766987755,8.516960866971397,391.4413423077526,195.4846476892456,2.1184123373628676,1.626382517603755,-0.5612379283342497,1.1098374169590564,6.497339,101803.669271,-2.025635,-2132.416667
4263|2020-11-09|Rzeszów,4263|2020-11-09|Rzeszów,4263,3403,Poland,Poland,Rzeszów,Bełchatów,2020-11-09,2020,fog,0.3689108206292736,-0.2149364710425105,0.3743360765773653,,False,False,Dfb,,50.030827,22.002133,51.35896353742977,19.375143003940927,same_country_year_koppen_uncertainty_lowgap_p25,1.183598,True,True,True,0.0,0.0,0.0,0.166416,,4154.646042222223,3423.068758666667,0.0003819718634205,,6.854641766987755,3.4770926585272535,391.4413423077526,233.8785275089932,2.1184123373628676,1.3982273138978292,-0.5612379283342497,1.2285345156735086,5.405463,100553.617514,-0.933759,-882.36491
4263|2020-11-09|Rzeszów,4263|2020-11-09|Rzeszów,4263,3068,Poland,Poland,Rzeszów,Częstochowa,2020-11-09,2020,fog,0.3689108206292736,-0.1931137212919236,0.3743360765773653,,False,False,Dfb,,50.030827,22.002133,50.806943282062505,19.11058915941061,same_country_year_koppen_uncertainty_lowgap_p25,1.312033,True,True,True,0.0,0.0,0.0,0.166416,,4154.646042222223,3509.551136170213,0.0003819718634205,,6.854641766987755,10.835414166121913,391.4413423077526,276.77328123796974,2.1184123373628676,1.4020877962393468,-0.5612379283342497,1.4641046084020806,4.945337,99694.419271,-0.473633,-23.166667
3944|2020-01-29|Belgorod,3944|2020-01-29|Belgorod,3944,6031,Russia,Russia,Belgorod,Ulyanovsk,2020-01-29,2020,low_vis_5km,0.3670772721665411,-0.2090177356491753,0.4127414930251561,,False,False,Dfb,,50.591021,36.590908,54.30457195226994,48.34297095737613,same_country_year_koppen_uncertainty_lowgap_p25,0.911469,True,True,True,0.0,0.276667,-0.276667,1.712799,,4805.58424868421,3883.0337009900986,0.0001273239544735,,4.307196090145686,8.398455944882189,310.8719019755848,636.9057543024679,1.2941055866837732,0.4558020235891514,-0.3897720865030546,1.443909163505549,-7.685685,100319.90625,9.979166,-1947.041667
3944|2020-01-29|Belgorod,3944|2020-01-29|Belgorod,3944,7378,Russia,Russia,Belgorod,Young Leninist,2020-01-29,2020,low_vis_5km,0.3670772721665411,-0.2029739393938723,0.4127414930251561,,False,False,Dfb,,50.591021,36.590908,54.87960970913622,83.0067198381084,same_country_year_koppen_uncertainty_lowgap_p25,1.602135,True,True,True,0.0,0.0,0.0,1.712799,,4805.58424868421,1981.16886,0.0001273239544735,,4.307196090145686,2.3258718543025725,310.8719019755848,873.4625454980894,1.2941055866837732,0.3358173812596008,-0.3897720865030546,1.3228016407228014,-17.056947,100950.739583,19.350428,-2577.875
3944|2020-01-29|Belgorod,3944|2020-01-29|Belgorod,3944,6673,Russia,Russia,Belgorod,Лобаново,2020-01-29,2020,low_vis_5km,0.3670772721665411,-0.2406899366673888,0.4127414930251561,,False,False,Dfb,,50.591021,36.590908,57.88721369880574,56.30397792361633,same_country_year_koppen_uncertainty_lowgap_p25,1.622201,True,True,True,0.0,0.0,0.0,1.712799,,4805.58424868421,4149.35510125,0.0001273239544735,,4.307196090145686,5.9008614737121965,310.8719019755848,617.0284976892343,1.2941055866837732,-0.4526697804218939,-0.3897720865030546,0.9946582344523872,-22.213492,100735.78125,24.506973,-2362.916667
3944|2020-11-04|Belgorod,3944|2020-11-04|Belgorod,3944,6031,Russia,Russia,Belgorod,Ulyanovsk,2020-11-04,2020,fog,0.3670772721665411,-0.2090177356491753,0.4127414930251561,,False,False,Dfb,,50.591021,36.590908,54.30457195226994,48.34297095737613,same_country_year_koppen_uncertainty_lowgap_p25,0.911469,True,True,True,0.0,0.001667,-0.001667,0.177383,,4805.58424868421,3883.0337009900986,0.0001273239544735,,4.307196090145686,8.398455944882189,310.8719019755848,636.9057543024679,1.2941055866837732,0.4558020235891514,-0.3897720865030546,1.443909163505549,1.820449,101357.40625,6.127034,-589.458333
3944|2020-11-04|Belgorod,3944|2020-11-04|Belgorod,3944,7378,Russia,Russia,Belgorod,Young Leninist,2020-11-04,2020,fog,0.3670772721665411,-0.2029739393938723,0.4127414930251561,,False,False,Dfb,,50.591021,36.590908,54.87960970913622,83.0067198381084,same_country_year_koppen_uncertainty_lowgap_p25,1.602135,True,True,True,0.0,0.341667,-0.341667,0.177383,,4805.58424868421,1981.16886,0.0001273239544735,,4.307196090145686,2.3258718543025725,310.8719019755848,873.4625454980894,1.2941055866837732,0.3358173812596008,-0.3897720865030546,1.3228016407228014,-1.34988,100452.947917,9.297363,315.0
3944|2020-11-04|Belgorod,3944|2020-11-04|Belgorod,3944,6673,Russia,Russia,Belgorod,Лобаново,2020-11-04,2020,fog,0.3670772721665411,-0.2406899366673888,0.4127414930251561,,False,False,Dfb,,50.591021,36.590908,57.88721369880574,56.30397792361633,same_country_year_koppen_uncertainty_lowgap_p25,1.622201,True,True,True,0.0,0.0,0.0,0.177383,,4805.58424868421,4149.35510125,0.0001273239544735,,4.307196090145686,5.9008614737121965,310.8719019755848,617.0284976892343,1.2941055866837732,-0.4526697804218939,-0.3897720865030546,0.9946582344523872,-0.184353,100721.114583,8.131836,46.833334
6403|2020-02-01|Nizhnekamsk,6403|2020-02-01|Nizhnekamsk,6403,6031,Russia,Russia,Nizhnekamsk,Ulyanovsk,2020-02-01,2020,low_ceiling_300m,0.365789172541643,-0.2090177356491753,0.321980972392459,,False,False,Dfb,,55.626131,51.811607,54.30457195226994,48.34297095737613,same_country_year_koppen_uncertainty_lowgap_p25,1.207299,True,True,True,0.0,0.016667,-0.016667,0.827789,,5182.24729375,3883.0337009900986,0.0001273239544735,,27.4681670757702,8.398455944882189,684.6867668945697,636.9057543024679,0.8580335880244534,0.4558020235891514,-0.7949839163624896,1.443909163505549,-0.790788,99253.825521,-0.6639,254.375
6403|2020-02-01|Nizhnekamsk,6403|2020-02-01|Nizhnekamsk,6403,6242,Russia,Russia,Nizhnekamsk,Dimitrovgrad,2020-02-01,2020,low_ceiling_300m,0.365789172541643,-0.2591077953055232,0.321980972392459,,False,False,Dfb,,55.626131,51.811607,54.22085624156395,49.601213221695694,same_country_year_koppen_uncertainty_lowgap_p25,1.420129,True,True,True,0.0,0.136667,-0.136667,0.827789,,5182.24729375,3687.2105466666662,0.0001273239544735,,27.4681670757702,26.832945880058592,684.6867668945697,597.7864892031167,0.8580335880244534,-0.539030394967701,-0.7949839163624896,0.9469057792615572,-0.426774,99677.617188,-1.027914,-169.416667
6403|2020-02-01|Nizhnekamsk,6403|2020-02-01|Nizhnekamsk,6403,6673,Russia,Russia,Nizhnekamsk,Лобаново,2020-02-01,2020,low_ceiling_300m,0.365789172541643,-0.2406899366673888,0.321980972392459,,False,False,Dfb,,55.626131,51.811607,57.88721369880574,56.30397792361633,same_country_year_koppen_uncertainty_lowgap_p25,1.465862,True,True,True,0.0,0.0,0.0,0.827789,,5182.24729375,4149.35510125,0.0001273239544735,,27.4681670757702,5.9008614737121965,684.6867668945697,617.0284976892343,0.8580335880244534,-0.4526697804218939,-0.7949839163624896,0.9946582344523872,-3.9625,98949.408854,2.507812,558.791667
6403|2020-01-21|Nizhnekamsk,6403|2020-01-21|Nizhnekamsk,6403,6031,Russia,Russia,Nizhnekamsk,Ulyanovsk,2020-01-21,2020,low_ceiling_1000m,0.365789172541643,-0.2090177356491753,0.321980972392459,,False,False,Dfb,,55.626131,51.811607,54.30457195226994,48.34297095737613,same_country_year_koppen_uncertainty_lowgap_p25,1.207299,True,True,True,0.0,0.27,-0.27,4.012108,,5182.24729375,3883.0337009900986,0.0001273239544735,,27.4681670757702,8.398455944882189,684.6867668945697,636.9057543024679,0.8580335880244534,0.4558020235891514,-0.7949839163624896,1.443909163505549,0.66778,98858.692708,-1.438884,14.666667
6403|2020-01-21|Nizhnekamsk,6403|2020-01-21|Nizhnekamsk,6403,6242,Russia,Russia,Nizhnekamsk,Dimitrovgrad,2020-01-21,2020,low_ceiling_1000m,0.365789172541643,-0.2591077953055232,0.321980972392459,,False,False,Dfb,,55.626131,51.811607,54.22085624156395,49.601213221695694,same_country_year_koppen_uncertainty_lowgap_p25,1.420129,True,True,True,0.0,0.028333,-0.028333,4.012108,,5182.24729375,3687.2105466666662,0.0001273239544735,,27.4681670757702,26.832945880058592,684.6867668945697,597.7864892031167,0.8580335880244534,-0.539030394967701,-0.7949839163624896,0.9469057792615572,0.08111,99263.359375,-0.852214,-390.0
6403|2020-01-21|Nizhnekamsk,6403|2020-01-21|Nizhnekamsk,6403,6673,Russia,Russia,Nizhnekamsk,Лобаново,2020-01-21,2020,low_ceiling_1000m,0.365789172541643,-0.2406899366673888,0.321980972392459,,False,False,Dfb,,55.626131,51.811607,57.88721369880574,56.30397792361633,same_country_year_koppen_uncertainty_lowgap_p25,1.465862,True,True,True,0.0,0.0,0.0,4.012108,,5182.24729375,4149.35510125,0.0001273239544735,,27.4681670757702,5.9008614737121965,684.6867668945697,617.0284976892343,0.8580335880244534,-0.4526697804218939,-0.7949839163624896,0.9946582344523872,-4.258734,98241.901042,3.48763,631.458333
10210|2020-01-03|Neyveli Township,10210|2020-01-03|Neyveli Township,10210,10842,India,India,Neyveli Township,Pontinamallayyapalem,2020-01-03,2020,low_vis_5km,0.3645027764531431,-0.1888680443320624,0.2604038989085391,,False,False,,,11.605937,79.482999,17.81421405236515,83.35674085859853,same_country_year_koppen_uncertainty_lowgap_p25,1.215283,True,True,True,0.0,0.0,0.0,1.159191,,3434.0973779166666,4801.175023571429,0.000254647908947,,4.371302955955729,5.035408230700686,26.16442768671589,5.6073903721043,1.463399008460483,0.9353221347854608,-1.069902553341077,1.0591533649284073,24.121413,101066.088542,2.911947,-196.333334
10210|2020-01-03|Neyveli Township,10210|2020-01-03|Neyveli Township,10210,11388,India,India,Neyveli Township,Durgachak,2020-01-03,2020,low_vis_5km,0.3645027764531431,-0.2391470139445712,0.2604038989085391,,False,False,,,11.605937,79.482999,22.066908304006414,88.1201363562848,same_country_year_koppen_uncertainty_lowgap_p25,1.37612,True,True,True,0.0,0.201111,-0.201111,1.159191,,3434.0973779166666,2903.2760137931036,0.000254647908947,,4.371302955955729,7.023518257536653,26.16442768671589,1.9874971185513937,1.463399008460483,0.2678204180623201,-1.069902553341077,1.100521453668076,17.75154,101650.088542,9.28182,-780.333334
10210|2020-01-03|Neyveli Township,10210|2020-01-03|Neyveli Township,10210,9614,India,India,Neyveli Township,Anchal,2020-01-03,2020,low_vis_5km,0.3645027764531431,-0.3456565536659657,0.2604038989085391,,False,False,,,11.605937,79.482999,8.924571983959563,76.91890632490029,same_country_year_koppen_uncertainty_lowgap_p25,1.489475,True,True,True,0.0,0.0,0.0,1.159191,,3434.0973779166666,4549.723428,0.000254647908947,,4.371302955955729,9.243552191481006,26.16442768671589,25.548484109231634,1.463399008460483,-0.1289576648385627,-1.069902553341077,1.2284042224806275,28.202386,98375.130208,-1.169026,2494.625
10210|2020-11-25|Neyveli Township,10210|2020-11-25|Neyveli Township,10210,10842,India,India,Neyveli Township,Pontinamallayyapalem,2020-11-25,2020,low_vis_5km,0.3645027764531431,-0.1888680443320624,0.2604038989085391,,False,False,,,11.605937,79.482999,17.81421405236515,83.35674085859853,same_country_year_koppen_uncertainty_lowgap_p25,1.215283,True,True,True,11.467222,0.048333,11.418889,82.733154,,3434.0973779166666,4801.175023571429,0.000254647908947,,4.371302955955729,5.035408230700686,26.16442768671589,5.6073903721043,1.463399008460483,0.9353221347854608,-1.069902553341077,1.0591533649284073,24.632654,100907.299479,-1.00472,-875.5
10210|2020-11-25|Neyveli Township,10210|2020-11-25|Neyveli Township,10210,11388,India,India,Neyveli Township,Durgachak,2020-11-25,2020,low_vis_5km,0.3645027764531431,-0.2391470139445712,0.2604038989085391,,False,False,,,11.605937,79.482999,22.066908304006414,88.1201363562848,same_country_year_koppen_uncertainty_lowgap_p25,1.37612,True,True,True,11.467222,0.0,11.467222,82.733154,,3434.0973779166666,2903.2760137931036,0.000254647908947,,4.371302955955729,7.023518257536653,26.16442768671589,1.9874971185513937,1.463399008460483,0.2678204180623201,-1.069902553341077,1.100521453668076,22.185551,101437.549479,1.442383,-1405.75
10210|2020-11-25|Neyveli Township,10210|2020-11-25|Neyveli Township,10210,9614,India,India,Neyveli Township,Anchal,2020-11-25,2020,low_vis_5km,0.3645027764531431,-0.3456565536659657,0.2604038989085391,,False,False,,,11.605937,79.482999,8.924571983959563,76.91890632490029,same_country_year_koppen_uncertainty_lowgap_p25,1.489475,True,True,True,11.467222,0.0,11.467222,82.733154,,3434.0973779166666,4549.723428,0.000254647908947,,4.371302955955729,9.243552191481006,26.16442768671589,25.548484109231634,1.463399008460483,-0.1289576648385627,-1.069902553341077,1.2284042224806275,26.324792,98050.966146,-2.696858,1980.833333
8387|2020-07-01|Timika,8387|2020-07-01|Timika,8387,2237,Indonesia,Indonesia,Timika,Perbaungan,2020-07-01,2020,low_ceiling_1000m,0.3630230343381223,-0.1948808862183664,0.203029241814043,,False,False,Af,,-4.562932,136.877284,3.568359115451711,98.9602255745965,same_country_year_uncertainty_lowgap_p25,1.608973,True,False,True,4.594444,0.0,4.594444,25.703907,,9510.816648484848,6644.875190000001,0.0001273239544735,,4.327595199516538,12.374204757736722,39.985758066631846,9.761131000864877,-0.4680067907492053,-0.0175607165875525,-1.326058970544823,1.0130295746485871,27.546981,101007.622396,-4.299642,-3002.75
8387|2020-07-01|Timika,8387|2020-07-01|Timika,8387,6057,Indonesia,Indonesia,Timika,Kadipaten,2020-07-01,2020,low_ceiling_1000m,0.3630230343381223,-0.2056550791163635,0.203029241814043,,False,False,Af,,-4.562932,136.877284,-6.746061572981798,108.21380603066544,same_country_year_uncertainty_lowgap_p25,1.693681,True,False,True,4.594444,0.0,4.594444,25.703907,,9510.816648484848,4156.966454385965,0.0001273239544735,,4.327595199516538,9.343908000566348,39.985758066631846,36.12247159835272,-0.4680067907492053,-1.0577021811320588,-1.326058970544823,0.7357005136017037,26.460718,97741.622396,-3.213379,263.25
8387|2020-07-01|Timika,8387|2020-07-01|Timika,8387,7888,Indonesia,Indonesia,Timika,Praya,2020-07-01,2020,low_ceiling_1000m,0.3630230343381223,-0.2183579646227329,0.203029241814043,,False,False,Af,,-4.562932,136.877284,-8.69442653810524,116.26378241993883,same_country_year_uncertainty_lowgap_p25,1.710026,True,False,True,4.594444,0.0,4.594444,25.703907,,9510.816648484848,5080.889812121211,0.0001273239544735,,4.327595199516538,8.382060387576859,39.985758066631846,17.12435571048932,-0.4680067907492053,-0.4573299283876366,-1.326058970544823,1.0893162390803235,26.090682,99472.455729,-2.843343,-1467.583333
8387|2020-04-08|Timika,8387|2020-04-08|Timika,8387,2237,Indonesia,Indonesia,Timika,Perbaungan,2020-04-08,2020,low_ceiling_1000m,0.3630230343381223,-0.1948808862183664,0.203029241814043,,False,False,Af,,-4.562932,136.877284,3.568359115451711,98.9602255745965,same_country_year_uncertainty_lowgap_p25,1.608973,True,False,True,8.366667,0.0,8.366667,145.440578,,9510.816648484848,6644.875190000001,0.0001273239544735,,4.327595199516538,12.374204757736722,39.985758066631846,9.761131000864877,-0.4680067907492053,-0.0175607165875525,-1.326058970544823,1.0130295746485871,28.580754,101221.653646,-3.625245,-3207.875
8387|2020-04-08|Timika,8387|2020-04-08|Timika,8387,6057,Indonesia,Indonesia,Timika,Kadipaten,2020-04-08,2020,low_ceiling_1000m,0.3630230343381223,-0.2056550791163635,0.203029241814043,,False,False,Af,,-4.562932,136.877284,-6.746061572981798,108.21380603066544,same_country_year_uncertainty_lowgap_p25,1.693681,True,False,True,8.366667,5.503333,2.863334,145.440578,,9510.816648484848,4156.966454385965,0.0001273239544735,,4.327595199516538,9.343908000566348,39.985758066631846,36.12247159835272,-0.4680067907492053,-1.0577021811320588,-1.326058970544823,0.7357005136017037,25.919865,97893.320312,-0.964356,120.458334
8387|2020-04-08|Timika,8387|2020-04-08|Timika,8387,7888,Indonesia,Indonesia,Timika,Praya,2020-04-08,2020,low_ceiling_1000m,0.3630230343381223,-0.2183579646227329,0.203029241814043,,False,False,Af,,-4.562932,136.877284,-8.69442653810524,116.26378241993883,same_country_year_uncertainty_lowgap_p25,1.710026,True,False,True,8.366667,0.0,8.366667,145.440578,,9510.816648484848,5080.889812121211,0.0001273239544735,,4.327595199516538,8.382060387576859,39.985758066631846,17.12435571048932,-0.4680067907492053,-0.4573299283876366,-1.326058970544823,1.0893162390803235,26.83173,99494.028646,-1.876221,-1480.25
56|2020-02-09|Brest,56|2020-02-09|Brest,56,1585,France,France,Brest,Caen,2020-02-09,2020,strong_wind,0.3603284359301841,-0.1918810170988547,0.3825658086733205,,False,False,Cfb,,48.395742,-4.48925,49.17675486973722,-0.358204929234041,same_country_year_koppen_uncertainty_lowgap_p25,0.655755,True,True,True,0.490556,0.085556,0.405,6.49929,,3076.876057142857,2831.465037735849,0.0008912676813146,,1.317212077783021,2.2420940871322497,1.139574491431255,12.26733834091748,2.785575895212576,1.879862987181702,-0.5244952479418505,1.5013033149695625,11.046442,100098.403646,0.990478,-66.625
56|2020-02-09|Brest,56|2020-02-09|Brest,56,544,France,France,Brest,Saint-Nazaire,2020-02-09,2020,strong_wind,0.3603284359301841,-0.2335843198635023,0.3825658086733205,,False,False,Cfb,,48.395742,-4.48925,47.27677813565688,-2.2106401204496233,same_country_year_koppen_uncertainty_lowgap_p25,0.702133,True,True,True,0.490556,0.0,0.490556,6.49929,,3076.876057142857,1682.734944411765,0.0008912676813146,,1.317212077783021,4.5093827474641195,1.139574491431255,0.3623114076915579,2.785575895212576,1.9684098108846584,-0.5244952479418505,1.4732902785001802,11.665338,101235.820312,0.371582,-1204.041666
56|2020-02-09|Brest,56|2020-02-09|Brest,56,944,France,France,Brest,Cherbourg-en-Cotentin,2020-02-09,2020,strong_wind,0.3603284359301841,-0.1964917148971058,0.3825658086733205,,False,False,Cfb,,48.395742,-4.48925,49.64957377202679,-1.637778072916062,same_country_year_koppen_uncertainty_lowgap_p25,0.725698,True,True,True,0.490556,0.600556,-0.11,6.49929,,3076.876057142857,1909.6476935483872,0.0008912676813146,,1.317212077783021,0.4182947886392194,1.139574491431255,1.22604575078238,2.785575895212576,1.9564604086654225,-0.5244952479418505,1.382801656044432,11.062148,99880.653646,0.974772,151.125
56|2020-11-01|Brest,56|2020-11-01|Brest,56,1585,France,France,Brest,Caen,2020-11-01,2020,low_vis_5km,0.3603284359301841,-0.1918810170988547,0.3825658086733205,,False,False,Cfb,,48.395742,-4.48925,49.17675486973722,-0.358204929234041,same_country_year_koppen_uncertainty_lowgap_p25,0.655755,True,True,True,0.063333,0.0,0.063333,5.693913,,3076.876057142857,2831.465037735849,0.0008912676813146,,1.317212077783021,2.2420940871322497,1.139574491431255,12.26733834091748,2.785575895212576,1.879862987181702,-0.5244952479418505,1.5013033149695625,16.273787,100503.333333,-0.838053,-286.25
56|2020-11-01|Brest,56|2020-11-01|Brest,56,544,France,France,Brest,Saint-Nazaire,2020-11-01,2020,low_vis_5km,0.3603284359301841,-0.2335843198635023,0.3825658086733205,,False,False,Cfb,,48.395742,-4.48925,47.27677813565688,-2.2106401204496233,same_country_year_koppen_uncertainty_lowgap_p25,0.702133,True,True,True,0.063333,0.031111,0.032222,5.693913,,3076.876057142857,1682.734944411765,0.0008912676813146,,1.317212077783021,4.5093827474641195,1.139574491431255,0.3623114076915579,2.785575895212576,1.9684098108846584,-0.5244952479418505,1.4732902785001802,16.847274,101275.916667,-1.41154,-1058.833334
56|2020-11-01|Brest,56|2020-11-01|Brest,56,944,France,France,Brest,Cherbourg-en-Cotentin,2020-11-01,2020,low_vis_5km,0.3603284359301841,-0.1964917148971058,0.3825658086733205,,False,False,Cfb,,48.395742,-4.48925,49.64957377202679,-1.637778072916062,same_country_year_koppen_uncertainty_lowgap_p25,0.725698,True,True,True,0.063333,0.001667,0.061666,5.693913,,3076.876057142857,1909.6476935483872,0.0008912676813146,,1.317212077783021,0.4182947886392194,1.139574491431255,1.22604575078238,2.785575895212576,1.9564604086654225,-0.5244952479418505,1.382801656044432,15.567326,100383.125,-0.131592,-166.041667
2617|2020-04-26|Río Cuarto,2617|2020-04-26|Río Cuarto,2617,3443,Argentina,Argentina,Río Cuarto,Funes,2020-04-26,2020,low_vis_5km,0.3566644708900511,-0.1996672612479716,0.3728477207727776,,False,False,Cwa,,-33.12169,-64.348265,-32.91871118991632,-60.8221861818703,same_country_year_uncertainty_lowgap_p25,0.546554,True,False,True,0.0,0.0,0.0,7.154465,,3358.2219511627904,2924.080648,0.0001273239544735,,4.284361053901343,3.913801869633391,562.5719925533739,229.13555109673757,1.018406206708593,0.3387354417599922,-0.567882881171173,1.327492195666512,18.722487,101754.380208,-3.102457,-4470.916666
2617|2020-04-26|Río Cuarto,2617|2020-04-26|Río Cuarto,2617,4739,Argentina,Argentina,Río Cuarto,Puerto Iguazú,2020-04-26,2020,low_vis_5km,0.3566644708900511,-0.3001980960167801,0.3728477207727776,,False,False,Cwa,,-33.12169,-64.348265,-25.613647935089674,-54.5791210294304,same_country_year_uncertainty_lowgap_p25,1.067512,True,False,True,0.0,0.0,0.0,7.154465,,3358.2219511627904,4460.19593,0.0001273239544735,,4.284361053901343,8.242771024791876,562.5719925533739,560.3984346298093,1.018406206708593,0.2652928092023077,-0.567882881171173,1.536156744065189,25.472325,99083.338542,-9.852295,-1799.875
2617|2020-04-26|Río Cuarto,2617|2020-04-26|Río Cuarto,2617,928,Argentina,Argentina,Río Cuarto,San Martín,2020-04-26,2020,low_vis_5km,0.3566644708900511,-0.3463019810880182,0.3728477207727776,,False,False,Cwa,,-33.12169,-64.348265,-33.0797776486365,-68.47293720923602,same_country_year_uncertainty_lowgap_p25,1.448269,True,False,True,0.0,0.0,0.0,7.154465,,3358.2219511627904,4412.302193888889,0.0001273239544735,,4.284361053901343,3.944436201653753,562.5719925533739,290.51778221787094,1.018406206708593,-0.9384377450257912,-0.567882881171173,1.52879517866742,17.212071,94487.671875,-1.592041,2795.791667
2617|2020-04-27|Río Cuarto,2617|2020-04-27|Río Cuarto,2617,3443,Argentina,Argentina,Río Cuarto,Funes,2020-04-27,2020,low_ceiling_1000m,0.3566644708900511,-0.1996672612479716,0.3728477207727776,,False,False,Cwa,,-33.12169,-64.348265,-32.91871118991632,-60.8221861818703,same_country_year_uncertainty_lowgap_p25,0.546554,True,False,True,0.0,0.0,0.0,1.486778,,3358.2219511627904,2924.080648,0.0001273239544735,,4.284361053901343,3.913801869633391,562.5719925533739,229.13555109673757,1.018406206708593,0.3387354417599922,-0.567882881171173,1.327492195666512,19.356582,101359.130208,-2.16333,-4610.666666
2617|2020-04-27|Río Cuarto,2617|2020-04-27|Río Cuarto,2617,4739,Argentina,Argentina,Río Cuarto,Puerto Iguazú,2020-04-27,2020,low_ceiling_1000m,0.3566644708900511,-0.3001980960167801,0.3728477207727776,,False,False,Cwa,,-33.12169,-64.348265,-25.613647935089674,-54.5791210294304,same_country_year_uncertainty_lowgap_p25,1.067512,True,False,True,0.0,0.0,0.0,1.486778,,3358.2219511627904,4460.19593,0.0001273239544735,,4.284361053901343,8.242771024791876,562.5719925533739,560.3984346298093,1.018406206708593,0.2652928092023077,-0.567882881171173,1.536156744065189,24.360244,99172.921875,-7.166992,-2424.458333
2617|2020-04-27|Río Cuarto,2617|2020-04-27|Río Cuarto,2617,928,Argentina,Argentina,Río Cuarto,San Martín,2020-04-27,2020,low_ceiling_1000m,0.3566644708900511,-0.3463019810880182,0.3728477207727776,,False,False,Cwa,,-33.12169,-64.348265,-33.0797776486365,-68.47293720923602,same_country_year_uncertainty_lowgap_p25,1.448269,True,False,True,0.0,0.0,0.0,1.486778,,3358.2219511627904,4412.302193888889,0.0001273239544735,,4.284361053901343,3.944436201653753,562.5719925533739,290.51778221787094,1.018406206708593,-0.9384377450257912,-0.567882881171173,1.52879517866742,18.667942,94016.463542,-1.47469,2732.0
3783|2020-11-15|Pangkalan Kerinci,3783|2020-11-15|Pangkalan Kerinci,3783,2237,Indonesia,Indonesia,Pangkalan Kerinci,Perbaungan,2020-11-15,2020,low_ceiling_1000m,0.3556117055786798,-0.1948808862183664,0.2162493433724391,,False,False,,,0.398914,101.856111,3.568359115451711,98.9602255745965,same_country_year_koppen_uncertainty_lowgap_p25,1.200534,True,True,True,2.611667,0.018333,2.593334,23.099422,,7015.977517647059,6644.875190000001,0.0001273239544735,,14.353261627914003,12.374204757736722,58.73356816542032,9.761131000864877,0.1525423914768653,-0.0175607165875525,-1.2670361541697994,1.0130295746485871,26.949731,101118.322917,-0.486246,-363.041667
3783|2020-11-15|Pangkalan Kerinci,3783|2020-11-15|Pangkalan Kerinci,3783,7522,Indonesia,Indonesia,Pangkalan Kerinci,Bangkalan,2020-11-15,2020,low_ceiling_1000m,0.3556117055786798,-0.2040041749973155,0.2162493433724391,,False,False,,,0.398914,101.856111,-7.024509276746599,112.75002767124536,same_country_year_koppen_uncertainty_lowgap_p25,1.326955,True,True,True,2.611667,0.150556,2.461111,23.099422,,7015.977517647059,4470.686796315789,0.0001273239544735,,14.353261627914003,15.8693787172368,58.73356816542032,0.5697666009198254,0.1525423914768653,-0.5152403034330704,-1.2670361541697994,0.6056679071066186,28.671737,100915.947917,-2.208252,-160.666667
3783|2020-11-15|Pangkalan Kerinci,3783|2020-11-15|Pangkalan Kerinci,3783,7818,Indonesia,Indonesia,Pangkalan Kerinci,Semarapura,2020-11-15,2020,low_ceiling_1000m,0.3556117055786798,-0.1984078431246602,0.2162493433724391,,False,False,,,0.398914,101.856111,-8.538194588953232,115.40825249956386,same_country_year_koppen_uncertainty_lowgap_p25,1.366353,True,True,True,2.611667,0.0,2.611667,23.099422,,7015.977517647059,5176.478092352941,0.0001273239544735,,14.353261627914003,13.83374988527505,58.73356816542032,4.889484151475288,0.1525423914768653,-0.7384939125415177,-1.2670361541697994,0.5219545306806738,26.345158,97989.739583,0.118327,2765.541667
3783|2020-07-24|Pangkalan Kerinci,3783|2020-07-24|Pangkalan Kerinci,3783,2237,Indonesia,Indonesia,Pangkalan Kerinci,Perbaungan,2020-07-24,2020,low_ceiling_1000m,0.3556117055786798,-0.1948808862183664,0.2162493433724391,,False,False,,,0.398914,101.856111,3.568359115451711,98.9602255745965,same_country_year_koppen_uncertainty_lowgap_p25,1.200534,True,True,True,0.0,0.0,0.0,3.768444,,7015.977517647059,6644.875190000001,0.0001273239544735,,14.353261627914003,12.374204757736722,58.73356816542032,9.761131000864877,0.1525423914768653,-0.0175607165875525,-1.2670361541697994,1.0130295746485871,27.307235,101046.148438,-0.933024,-345.916667
3783|2020-07-24|Pangkalan Kerinci,3783|2020-07-24|Pangkalan Kerinci,3783,7522,Indonesia,Indonesia,Pangkalan Kerinci,Bangkalan,2020-07-24,2020,low_ceiling_1000m,0.3556117055786798,-0.2040041749973155,0.2162493433724391,,False,False,,,0.398914,101.856111,-7.024509276746599,112.75002767124536,same_country_year_koppen_uncertainty_lowgap_p25,1.326955,True,True,True,0.0,0.0,0.0,3.768444,,7015.977517647059,4470.686796315789,0.0001273239544735,,14.353261627914003,15.8693787172368,58.73356816542032,0.5697666009198254,0.1525423914768653,-0.5152403034330704,-1.2670361541697994,0.6056679071066186,27.521672,100962.231771,-1.147461,-262.0
3783|2020-07-24|Pangkalan Kerinci,3783|2020-07-24|Pangkalan Kerinci,3783,7818,Indonesia,Indonesia,Pangkalan Kerinci,Semarapura,2020-07-24,2020,low_ceiling_1000m,0.3556117055786798,-0.1984078431246602,0.2162493433724391,,False,False,,,0.398914,101.856111,-8.538194588953232,115.40825249956386,same_country_year_koppen_uncertainty_lowgap_p25,1.366353,True,True,True,0.0,0.0,0.0,3.768444,,7015.977517647059,5176.478092352941,0.0001273239544735,,14.353261627914003,13.83374988527505,58.73356816542032,4.889484151475288,0.1525423914768653,-0.7384939125415177,-1.2670361541697994,0.5219545306806738,23.689966,98104.273438,2.684245,2595.958333
1031|2020-09-28|Hamilton,1031|2020-09-28|Hamilton,1031,505,New Zealand,New Zealand,Hamilton,Wellington,2020-09-28,2020,strong_wind,0.3499105974302273,-0.2665971478297627,0.3656102258798809,,False,True,Cfb,,-37.772002,175.269028,-41.30707604037472,174.79076787451046,same_country_year_lowgap_p25,0.596206,True,True,False,1.28,0.0,1.28,7.975101,,2090.06991875,2295.961171875,0.0001273239544735,,3.657684006350729,1.1084679022920063,28.25948790461384,2.1304040212373017,0.994779839808937,0.8203139988272224,-0.600195593005623,1.826059098225073,9.952498,98897.729167,2.887045,1091.083333
1031|2020-09-28|Hamilton,1031|2020-09-28|Hamilton,1031,647,New Zealand,New Zealand,Hamilton,Lower Hutt,2020-09-28,2020,strong_wind,0.3499105974302273,-0.2537181928173532,0.3656102258798809,,False,True,Cfb,,-37.772002,175.269028,-41.2243648996721,174.91852039081513,same_country_year_lowgap_p25,0.641466,True,True,False,1.28,0.0,1.28,7.975101,,2090.06991875,1552.124636,0.0001273239544735,,3.657684006350729,4.383010881668769,28.25948790461384,2.4876812761641776,0.994779839808937,0.0502520354005429,-0.600195593005623,1.1847560028655442,9.397078,97987.229167,3.442465,2001.583333
1031|2020-09-28|Hamilton,1031|2020-09-28|Hamilton,1031,1681,New Zealand,France,Hamilton,Le Havre,2020-09-28,2020,strong_wind,0.3499105974302273,-0.1913615287903576,0.3656102258798809,,False,False,Cfb,,-37.772002,175.269028,49.4870591728847,0.1598997825707736,same_year_koppen_uncertainty_lowgap_p25,0.523655,False,True,True,1.28,0.0,1.28,7.975101,,2090.06991875,2015.3855174418604,0.0001273239544735,,3.657684006350729,3.952679858826151,28.25948790461384,0.5688784673683703,0.994779839808937,1.9104507650829392,-0.600195593005623,1.487492236524192,14.390405,100576.604167,-1.550862,-587.791667
1031|2020-09-18|Hamilton,1031|2020-09-18|Hamilton,1031,505,New Zealand,New Zealand,Hamilton,Wellington,2020-09-18,2020,strong_wind,0.3499105974302273,-0.2665971478297627,0.3656102258798809,,False,True,Cfb,,-37.772002,175.269028,-41.30707604037472,174.79076787451046,same_country_year_lowgap_p25,0.596206,True,True,False,0.196111,0.0,0.196111,3.254414,,2090.06991875,2295.961171875,0.0001273239544735,,3.657684006350729,1.1084679022920063,28.25948790461384,2.1304040212373017,0.994779839808937,0.8203139988272224,-0.600195593005623,1.826059098225073,10.313023,100769.294271,1.586588,358.166667
1031|2020-09-18|Hamilton,1031|2020-09-18|Hamilton,1031,647,New Zealand,New Zealand,Hamilton,Lower Hutt,2020-09-18,2020,strong_wind,0.3499105974302273,-0.2537181928173532,0.3656102258798809,,False,True,Cfb,,-37.772002,175.269028,-41.2243648996721,174.91852039081513,same_country_year_lowgap_p25,0.641466,True,True,False,0.196111,0.0,0.196111,3.254414,,2090.06991875,1552.124636,0.0001273239544735,,3.657684006350729,4.383010881668769,28.25948790461384,2.4876812761641776,0.994779839808937,0.0502520354005429,-0.600195593005623,1.1847560028655442,9.063267,99860.085938,2.836344,1267.375
1031|2020-09-18|Hamilton,1031|2020-09-18|Hamilton,1031,1681,New Zealand,France,Hamilton,Le Havre,2020-09-18,2020,strong_wind,0.3499105974302273,-0.1913615287903576,0.3656102258798809,,False,False,Cfb,,-37.772002,175.269028,49.4870591728847,0.1598997825707736,same_year_koppen_uncertainty_lowgap_p25,0.523655,False,True,True,0.196111,0.0,0.196111,3.254414,,2090.06991875,2015.3855174418604,0.0001273239544735,,3.657684006350729,3.952679858826151,28.25948790461384,0.5688784673683703,0.994779839808937,1.9104507650829392,-0.600195593005623,1.487492236524192,17.925246,100915.752604,-6.025635,211.708334
4339|2020-01-19|Lublin,4339|2020-01-19|Lublin,4339,3850,Poland,Poland,Lublin,Wołomin,2020-01-19,2020,low_ceiling_1000m,0.3481865010596157,-0.181488177397497,0.3737815910815385,,False,False,Dfb,,51.239794,22.554886,52.34637144747505,21.239277753586126,same_country_year_koppen_uncertainty_lowgap_p25,0.837484,True,True,True,0.0,0.0,0.0,0.42963,,4178.979672222222,2865.792322380952,0.000254647908947,,13.081017647413086,8.516960866971397,313.08324423939416,195.4846476892456,2.0968511738881044,1.626382517603755,-0.5637134989989857,1.1098374169590564,2.075983,101845.997396,-0.75529,-1243.708334
4339|2020-01-19|Lublin,4339|2020-01-19|Lublin,4339,3068,Poland,Poland,Lublin,Częstochowa,2020-01-19,2020,low_ceiling_1000m,0.3481865010596157,-0.1931137212919236,0.3737815910815385,,False,False,Dfb,,51.239794,22.554886,50.806943282062505,19.11058915941061,same_country_year_koppen_uncertainty_lowgap_p25,0.84942,True,True,True,0.0,0.0,0.0,0.42963,,4178.979672222222,3509.551136170213,0.000254647908947,,13.081017647413086,10.835414166121913,313.08324423939416,276.77328123796974,2.0968511738881044,1.4020877962393468,-0.5637134989989857,1.4641046084020806,1.927789,99896.372396,-0.607096,705.916666
4339|2020-01-19|Lublin,4339|2020-01-19|Lublin,4339,3403,Poland,Poland,Lublin,Bełchatów,2020-01-19,2020,low_ceiling_1000m,0.3481865010596157,-0.2149364710425105,0.3737815910815385,,False,False,Dfb,,51.239794,22.554886,51.35896353742977,19.375143003940927,same_country_year_koppen_uncertainty_lowgap_p25,0.994558,True,True,True,0.0,0.0,0.0,0.42963,,4178.979672222222,3423.068758666667,0.000254647908947,,13.081017647413086,3.4770926585272535,313.08324423939416,233.8785275089932,2.0968511738881044,1.3982273138978292,-0.5637134989989857,1.2285345156735086,1.97668,100722.964357,-0.655987,-120.675295
4339|2020-12-17|Lublin,4339|2020-12-17|Lublin,4339,3850,Poland,Poland,Lublin,Wołomin,2020-12-17,2020,low_ceiling_1000m,0.3481865010596157,-0.181488177397497,0.3737815910815385,,False,False,Dfb,,51.239794,22.554886,52.34637144747505,21.239277753586126,same_country_year_koppen_uncertainty_lowgap_p25,0.837484,True,True,True,0.0,0.0,0.0,0.148296,,4178.979672222222,2865.792322380952,0.000254647908947,,13.081017647413086,8.516960866971397,313.08324423939416,195.4846476892456,2.0968511738881044,1.626382517603755,-0.5637134989989857,1.1098374169590564,4.124099,101293.046875,-1.129232,-1123.0
4339|2020-12-17|Lublin,4339|2020-12-17|Lublin,4339,3068,Poland,Poland,Lublin,Częstochowa,2020-12-17,2020,low_ceiling_1000m,0.3481865010596157,-0.1931137212919236,0.3737815910815385,,False,False,Dfb,,51.239794,22.554886,50.806943282062505,19.11058915941061,same_country_year_koppen_uncertainty_lowgap_p25,0.84942,True,True,True,0.0,0.0,0.0,0.148296,,4178.979672222222,3509.551136170213,0.000254647908947,,13.081017647413086,10.835414166121913,313.08324423939416,276.77328123796974,2.0968511738881044,1.4020877962393468,-0.5637134989989857,1.4641046084020806,2.789219,99244.338542,0.205648,925.708333
4339|2020-12-17|Lublin,4339|2020-12-17|Lublin,4339,3403,Poland,Poland,Lublin,Bełchatów,2020-12-17,2020,low_ceiling_1000m,0.3481865010596157,-0.2149364710425105,0.3737815910815385,,False,False,Dfb,,51.239794,22.554886,51.35896353742977,19.375143003940927,same_country_year_koppen_uncertainty_lowgap_p25,0.994558,True,True,True,0.0,0.0,0.0,0.148296,,4178.979672222222,3423.068758666667,0.000254647908947,,13.081017647413086,3.4770926585272535,313.08324423939416,233.8785275089932,2.0968511738881044,1.3982273138978292,-0.5637134989989857,1.2285345156735086,3.233236,100053.965983,-0.238369,116.080892
2044|2020-12-05|Vinnytsia,2044|2020-12-05|Vinnytsia,2044,2506,Ukraine,Ukraine,Vinnytsia,Pervomaisk,2020-12-05,2020,fog,0.3468699569142932,-0.2643495966921068,0.3751532130975311,,False,False,Dfb,,49.233728,28.479445,48.040325755688905,30.85700138527686,same_country_year_koppen_uncertainty_lowgap_p25,1.769519,True,True,True,0.0,0.0,0.0,0.162601,,5713.788211594203,3472.8745052941176,0.0001273239544735,,12.98230880577612,7.373265060801696,316.0482145347481,108.75395572508036,1.2838129997856524,0.5440051883073335,-0.5575897189335858,1.4259938494844326,-0.550197,101257.041667,0.220296,-1982.375
2044|2020-12-05|Vinnytsia,2044|2020-12-05|Vinnytsia,2044,4030,Ukraine,Ukraine,Vinnytsia,Lozova,2020-12-05,2020,fog,0.3468699569142932,-0.2530968007517558,0.3751532130975311,,False,False,Dfb,,49.233728,28.479445,48.88626053909163,36.31027032442569,same_country_year_koppen_uncertainty_lowgap_p25,2.273128,True,True,True,0.0,0.0,0.0,0.162601,,5713.788211594203,5039.966945384615,0.0001273239544735,,12.98230880577612,23.14377477649469,316.0482145347481,184.36827403145824,1.2838129997856524,-1.0381751605019391,-0.5575897189335858,0.7596093144953395,-3.94009,101581.666667,3.610189,-2307.0
2044|2020-12-05|Vinnytsia,2044|2020-12-05|Vinnytsia,2044,1089,Ukraine,Ukraine,Vinnytsia,Kovel,2020-12-05,2020,fog,0.3468699569142932,-0.3427570040457709,0.3751532130975311,,False,False,Dfb,,49.233728,28.479445,51.21789566047926,24.704436853501942,same_country_year_koppen_uncertainty_lowgap_p25,2.609978,True,True,True,0.0,0.0,0.0,0.162601,,5713.788211594203,3431.8134027272727,0.0001273239544735,,12.98230880577612,17.86785928008107,316.0482145347481,441.6647128821463,1.2838129997856524,-1.507366647150569,-0.5575897189335858,0.7680132254361541,5.975112,99695.833333,-6.305013,-421.166666
2044|2020-11-18|Vinnytsia,2044|2020-11-18|Vinnytsia,2044,2506,Ukraine,Ukraine,Vinnytsia,Pervomaisk,2020-11-18,2020,low_ceiling_300m,0.3468699569142932,-0.2643495966921068,0.3751532130975311,,False,False,Dfb,,49.233728,28.479445,48.040325755688905,30.85700138527686,same_country_year_koppen_uncertainty_lowgap_p25,1.769519,True,True,True,0.0,0.0,0.0,0.22459,,5713.788211594203,3472.8745052941176,0.0001273239544735,,12.98230880577612,7.373265060801696,316.0482145347481,108.75395572508036,1.2838129997856524,0.5440051883073335,-0.5575897189335858,1.4259938494844326,-1.445675,102016.049479,2.210938,-1953.208333
2044|2020-11-18|Vinnytsia,2044|2020-11-18|Vinnytsia,2044,4030,Ukraine,Ukraine,Vinnytsia,Lozova,2020-11-18,2020,low_ceiling_300m,0.3468699569142932,-0.2530968007517558,0.3751532130975311,,False,False,Dfb,,49.233728,28.479445,48.88626053909163,36.31027032442569,same_country_year_koppen_uncertainty_lowgap_p25,2.273128,True,True,True,0.0,0.0,0.0,0.22459,,5713.788211594203,5039.966945384615,0.0001273239544735,,12.98230880577612,23.14377477649469,316.0482145347481,184.36827403145824,1.2838129997856524,-1.0381751605019391,-0.5575897189335858,0.7596093144953395,-2.971879,102033.049479,3.737142,-1970.208333
2044|2020-11-18|Vinnytsia,2044|2020-11-18|Vinnytsia,2044,1089,Ukraine,Ukraine,Vinnytsia,Kovel,2020-11-18,2020,low_ceiling_300m,0.3468699569142932,-0.3427570040457709,0.3751532130975311,,False,False,Dfb,,49.233728,28.479445,51.21789566047926,24.704436853501942,same_country_year_koppen_uncertainty_lowgap_p25,2.609978,True,True,True,0.0,0.144444,-0.144444,0.22459,,5713.788211594203,3431.8134027272727,0.0001273239544735,,12.98230880577612,17.86785928008107,316.0482145347481,441.6647128821463,1.2838129997856524,-1.507366647150569,-0.5575897189335858,0.7680132254361541,7.603235,100795.674479,-6.837972,-732.833333
4166|2020-02-23|Aungpan,4166|2020-02-23|Aungpan,4166,5151,Myanmar,Myanmar,Aungpan,Hlegu,2020-02-23,2020,low_vis_5km,0.3427225374185666,-0.2008759124207922,0.2198389073717387,,False,False,,,20.659912,96.638692,17.09504288301021,96.21556461809432,same_country_year_koppen_uncertainty_lowgap_p25,0.779011,True,True,True,0.0,0.0,0.0,0.328541,,9259.933069,9541.090841666666,0.0001273239544735,,18.099918923122164,14.60428842020675,291.29450846114827,34.34161363544779,-0.1140231656513254,-0.3525216556840901,-1.251010091445455,0.9166777585132004,28.448846,101360.755208,-9.116129,-13188.666666
4166|2020-02-23|Aungpan,4166|2020-02-23|Aungpan,4166,1548,Myanmar,Myanmar,Aungpan,Pakokku,2020-02-23,2020,low_vis_5km,0.3427225374185666,-0.1802257755924338,0.2198389073717387,,False,False,,,20.659912,96.638692,21.33730216929332,95.07992178794996,same_country_year_koppen_uncertainty_lowgap_p25,0.949898,True,True,True,0.0,0.0,0.0,0.328541,,9259.933069,8119.479992857143,0.0001273239544735,,18.099918923122164,8.527339972394135,291.29450846114827,212.39161430714427,-0.1140231656513254,-0.5651631577715255,-1.251010091445455,0.974267349766535,26.143182,99383.755208,-6.810465,-11211.666666
4166|2020-02-23|Aungpan,4166|2020-02-23|Aungpan,4166,1448,Myanmar,Myanmar,Aungpan,Chauk,2020-02-23,2020,low_vis_5km,0.3427225374185666,-0.2068370540008204,0.2198389073717387,,False,False,,,20.659912,96.638692,20.89474841272753,94.82120962125826,same_country_year_koppen_uncertainty_lowgap_p25,0.959284,True,True,True,0.0,0.0,0.0,0.328541,,9259.933069,8850.19275125,0.0001273239544735,,18.099918923122164,5.450948559652543,291.29450846114827,155.88710030378027,-0.1140231656513254,-0.7959707590817704,-1.251010091445455,0.9092510465189928,25.789016,99320.296875,-6.456299,-11148.208333
4166|2020-05-11|Aungpan,4166|2020-05-11|Aungpan,4166,5151,Myanmar,Myanmar,Aungpan,Hlegu,2020-05-11,2020,thunder_or_convective,0.3427225374185666,-0.2008759124207922,0.2198389073717387,,False,False,,,20.659912,96.638692,17.09504288301021,96.21556461809432,same_country_year_koppen_uncertainty_lowgap_p25,0.779011,True,True,True,5.196667,0.015,5.181667,7.072926,,9259.933069,9541.090841666666,0.0001273239544735,,18.099918923122164,14.60428842020675,291.29450846114827,34.34161363544779,-0.1140231656513254,-0.3525216556840901,-1.251010091445455,0.9166777585132004,33.194025,100779.736979,-9.636882,-13022.25
4166|2020-05-11|Aungpan,4166|2020-05-11|Aungpan,4166,1548,Myanmar,Myanmar,Aungpan,Pakokku,2020-05-11,2020,thunder_or_convective,0.3427225374185666,-0.1802257755924338,0.2198389073717387,,False,False,,,20.659912,96.638692,21.33730216929332,95.07992178794996,same_country_year_koppen_uncertainty_lowgap_p25,0.949898,True,True,True,5.196667,1.3,3.896667,7.072926,,9259.933069,8119.479992857143,0.0001273239544735,,18.099918923122164,8.527339972394135,291.29450846114827,212.39161430714427,-0.1140231656513254,-0.5651631577715255,-1.251010091445455,0.974267349766535,35.238295,98623.320312,-11.681152,-10865.833333
4166|2020-05-11|Aungpan,4166|2020-05-11|Aungpan,4166,1448,Myanmar,Myanmar,Aungpan,Chauk,2020-05-11,2020,thunder_or_convective,0.3427225374185666,-0.2068370540008204,0.2198389073717387,,False,False,,,20.659912,96.638692,20.89474841272753,94.82120962125826,same_country_year_koppen_uncertainty_lowgap_p25,0.959284,True,True,True,5.196667,0.0,5.196667,7.072926,,9259.933069,8850.19275125,0.0001273239544735,,18.099918923122164,5.450948559652543,291.29450846114827,155.88710030378027,-0.1140231656513254,-0.7959707590817704,-1.251010091445455,0.9092510465189928,34.793634,98558.653646,-11.236491,-10801.166667
6968|2020-05-14|Chakwal,6968|2020-05-14|Chakwal,6968,5564,Pakistan,Pakistan,Chakwal,Nowshera,2020-05-14,2020,low_vis_5km,0.3203564598848705,-0.2360299067335968,0.1752466001284071,,False,False,BSh,,32.93251,72.853555,34.001624294943994,72.07847276034254,same_country_year_koppen_uncertainty_lowgap_p25,1.034108,True,True,True,2.698889,14.205556,-11.506667,28.334141,,6890.5077363636365,5967.859306722688,0.0001273239544735,,8.070635981855483,11.631497438031642,1026.1562094560388,1079.8232852946255,-0.3625051990899958,-0.8560154377002227,-1.4500980901673897,0.863518135817815,21.079624,96617.981771,-0.678548,-1177.541667
6968|2020-05-14|Chakwal,6968|2020-05-14|Chakwal,6968,4866,Pakistan,Pakistan,Chakwal,Kohat,2020-05-14,2020,low_vis_5km,0.3203564598848705,-0.2312962228420214,0.1752466001284071,,False,False,BSh,,32.93251,72.853555,33.57637418433994,71.45405191673616,same_country_year_koppen_uncertainty_lowgap_p25,1.260664,True,True,True,2.698889,0.492222,2.206667,28.334141,,6890.5077363636365,6575.121447761194,0.0001273239544735,,8.070635981855483,1.516726710359382,1026.1562094560388,1010.7739764378108,-0.3625051990899958,-0.8857725536908659,-1.4500980901673897,0.9880132816154644,20.454055,94073.481771,-0.052979,1366.958333
6968|2020-05-14|Chakwal,6968|2020-05-14|Chakwal,6968,4931,Pakistan,Pakistan,Chakwal,Ameer Abad Kalay,2020-05-14,2020,low_vis_5km,0.3203564598848705,-0.1833626962503559,0.1752466001284071,,False,False,BSh,,32.93251,72.853555,34.32019464619991,71.78351407650331,same_country_year_koppen_uncertainty_lowgap_p25,1.659401,True,True,True,2.698889,5.542778,-2.843889,28.334141,,6890.5077363636365,2058.0354715999997,0.0001273239544735,,8.070635981855483,31.220132342467025,1026.1562094560388,1095.406670873744,-0.3625051990899958,-1.0456448905304787,-1.4500980901673897,0.3760261546541253,22.314406,96517.273438,-1.91333,-1076.833334
6968|2020-07-25|Chakwal,6968|2020-07-25|Chakwal,6968,5564,Pakistan,Pakistan,Chakwal,Nowshera,2020-07-25,2020,low_vis_5km,0.3203564598848705,-0.2360299067335968,0.1752466001284071,,False,False,BSh,,32.93251,72.853555,34.001624294943994,72.07847276034254,same_country_year_koppen_uncertainty_lowgap_p25,1.034108,True,True,True,0.0,0.0,0.0,4.29821,,6890.5077363636365,5967.859306722688,0.0001273239544735,,8.070635981855483,11.631497438031642,1026.1562094560388,1079.8232852946255,-0.3625051990899958,-0.8560154377002227,-1.4500980901673897,0.863518135817815,31.471033,96162.921875,-0.343262,-1032.958333
6968|2020-07-25|Chakwal,6968|2020-07-25|Chakwal,6968,4866,Pakistan,Pakistan,Chakwal,Kohat,2020-07-25,2020,low_vis_5km,0.3203564598848705,-0.2312962228420214,0.1752466001284071,,False,False,BSh,,32.93251,72.853555,33.57637418433994,71.45405191673616,same_country_year_koppen_uncertainty_lowgap_p25,1.260664,True,True,True,0.0,0.0,0.0,4.29821,,6890.5077363636365,6575.121447761194,0.0001273239544735,,8.070635981855483,1.516726710359382,1026.1562094560388,1010.7739764378108,-0.3625051990899958,-0.8857725536908659,-1.4500980901673897,0.9880132816154644,31.628178,93715.130208,-0.500407,1414.833334
6968|2020-07-25|Chakwal,6968|2020-07-25|Chakwal,6968,4931,Pakistan,Pakistan,Chakwal,Ameer Abad Kalay,2020-07-25,2020,low_vis_5km,0.3203564598848705,-0.1833626962503559,0.1752466001284071,,False,False,BSh,,32.93251,72.853555,34.32019464619991,71.78351407650331,same_country_year_koppen_uncertainty_lowgap_p25,1.659401,True,True,True,0.0,0.0,0.0,4.29821,,6890.5077363636365,2058.0354715999997,0.0001273239544735,,8.070635981855483,31.220132342467025,1026.1562094560388,1095.406670873744,-0.3625051990899958,-1.0456448905304787,-1.4500980901673897,0.3760261546541253,32.839685,96042.838542,-1.711914,-912.875
2661|2020-05-31|Mogok,2661|2020-05-31|Mogok,2661,2852,Myanmar,Myanmar,Mogok,Kyaukse,2020-05-31,2020,low_vis_5km,0.3083848701505497,-0.2260048381587371,0.2038463783342088,,False,False,,,22.921326,96.505589,21.608066749978036,96.14223452048444,same_country_year_koppen_uncertainty_lowgap_p25,0.861617,True,True,True,0.0,0.0,0.0,12.434483,,8644.3088,6662.267127857143,0.0001273239544735,,24.23636650713343,19.4023454698042,434.2923049621341,306.76398147681635,-0.5645205524852295,-0.8759111396170784,-1.3224107611441591,0.9326386746411044,28.801375,98353.570312,-4.797363,-5329.666666
2661|2020-05-31|Mogok,2661|2020-05-31|Mogok,2661,4903,Myanmar,Myanmar,Mogok,Myaungtagar,2020-05-31,2020,low_vis_5km,0.3083848701505497,-0.2210046949833095,0.2038463783342088,,False,False,,,22.921326,96.505589,17.170477707252438,95.97288596677456,same_country_year_koppen_uncertainty_lowgap_p25,1.07719,True,True,True,0.0,0.637778,-0.637778,12.434483,,8644.3088,5494.02951,0.0001273239544735,,24.23636650713343,11.181265889615185,434.2923049621341,51.28529681815086,-0.5645205524852295,-1.0036554484700262,-1.3224107611441591,0.5966125302013993,28.584416,100930.403646,-4.580404,-7906.5
2661|2020-05-31|Mogok,2661|2020-05-31|Mogok,2661,5151,Myanmar,Myanmar,Mogok,Hlegu,2020-05-31,2020,low_vis_5km,0.3083848701505497,-0.2008759124207922,0.2038463783342088,,False,False,,,22.921326,96.505589,17.09504288301021,96.21556461809432,same_country_year_koppen_uncertainty_lowgap_p25,1.159513,True,True,True,0.0,0.006667,-0.006667,12.434483,,8644.3088,9541.090841666666,0.0001273239544735,,24.23636650713343,14.60428842020675,434.2923049621341,34.34161363544779,-0.5645205524852295,-0.3525216556840901,-1.3224107611441591,0.9166777585132004,28.550236,100999.820312,-4.546224,-7975.916666
2661|2020-06-14|Mogok,2661|2020-06-14|Mogok,2661,2852,Myanmar,Myanmar,Mogok,Kyaukse,2020-06-14,2020,low_ceiling_1000m,0.3083848701505497,-0.2260048381587371,0.2038463783342088,,False,False,,,22.921326,96.505589,21.608066749978036,96.14223452048444,same_country_year_koppen_uncertainty_lowgap_p25,0.861617,True,True,True,0.012222,0.342222,-0.33,7.189751,,8644.3088,6662.267127857143,0.0001273239544735,,24.23636650713343,19.4023454698042,434.2923049621341,306.76398147681635,-0.5645205524852295,-0.8759111396170784,-1.3224107611441591,0.9326386746411044,31.427291,97853.625,-5.381348,-5292.041667
2661|2020-06-14|Mogok,2661|2020-06-14|Mogok,2661,4903,Myanmar,Myanmar,Mogok,Myaungtagar,2020-06-14,2020,low_ceiling_1000m,0.3083848701505497,-0.2210046949833095,0.2038463783342088,,False,False,,,22.921326,96.505589,17.170477707252438,95.97288596677456,same_country_year_koppen_uncertainty_lowgap_p25,1.07719,True,True,True,0.012222,13.827222,-13.815,7.189751,,8644.3088,5494.02951,0.0001273239544735,,24.23636650713343,11.181265889615185,434.2923049621341,51.28529681815086,-0.5645205524852295,-1.0036554484700262,-1.3224107611441591,0.5966125302013993,27.818079,100473.708333,-1.772136,-7912.125
2661|2020-06-14|Mogok,2661|2020-06-14|Mogok,2661,5151,Myanmar,Myanmar,Mogok,Hlegu,2020-06-14,2020,low_ceiling_1000m,0.3083848701505497,-0.2008759124207922,0.2038463783342088,,False,False,,,22.921326,96.505589,17.09504288301021,96.21556461809432,same_country_year_koppen_uncertainty_lowgap_p25,1.159513,True,True,True,0.012222,17.831667,-17.819445,7.189751,,8644.3088,9541.090841666666,0.0001273239544735,,24.23636650713343,14.60428842020675,434.2923049621341,34.34161363544779,-0.5645205524852295,-0.3525216556840901,-1.3224107611441591,0.9166777585132004,27.924361,100544.5,-1.878418,-7982.916667
7176|2020-10-04|Khewra,7176|2020-10-04|Khewra,7176,5467,Pakistan,Pakistan,Khewra,Amangarh,2020-10-04,2020,low_vis_5km,0.3063449180216392,-0.3594880194310174,0.2183213681200023,,False,False,,,32.632324,73.018358,33.99658327683414,71.90435027663186,same_country_year_koppen_uncertainty_lowgap_p25,0.399129,True,True,True,0.0,0.0,0.0,0.0,,8394.07191,7494.936557777777,0.000254647908947,,0.5368572957692995,6.4378436073805,1010.4848097651604,1070.9867148523756,-0.3773059697293079,-0.9796092103155264,-1.257785337475259,1.1359612021316658,25.760787,96395.557292,-0.032227,-1619.416667
7176|2020-10-04|Khewra,7176|2020-10-04|Khewra,7176,7399,Pakistan,Pakistan,Khewra,Mandi Bahauddin,2020-10-04,2020,low_vis_5km,0.3063449180216392,-0.185419536782317,0.2183213681200023,,False,False,,,32.632324,73.018358,32.58021591645792,73.4826634028543,same_country_year_koppen_uncertainty_lowgap_p25,0.488312,True,True,True,0.0,0.0,0.0,0.0,,8394.07191,8682.072664705882,0.000254647908947,,0.5368572957692995,3.375021073939472,1010.4848097651604,1034.9763981389176,-0.3773059697293079,-0.4295836213396776,-1.257785337475259,1.0262543337259933,25.671106,98250.307292,0.057454,-3474.166667
7176|2020-10-04|Khewra,7176|2020-10-04|Khewra,7176,6279,Pakistan,Pakistan,Khewra,Attock,2020-10-04,2020,low_vis_5km,0.3063449180216392,-0.250852532295215,0.2183213681200023,,False,False,,,32.632324,73.018358,33.77815952309717,72.36221353412442,same_country_year_koppen_uncertainty_lowgap_p25,0.675966,True,True,True,0.0,0.0,0.0,0.0,,8394.07191,5483.526405128205,0.000254647908947,,0.5368572957692995,1.301204559924562,1010.4848097651604,1073.6911567075056,-0.3773059697293079,-0.7017300675041929,-1.257785337475259,1.0767429459673217,25.774215,96138.515625,-0.045655,-1362.375
7176|2020-10-06|Khewra,7176|2020-10-06|Khewra,7176,5467,Pakistan,Pakistan,Khewra,Amangarh,2020-10-06,2020,low_vis_5km,0.3063449180216392,-0.3594880194310174,0.2183213681200023,,False,False,,,32.632324,73.018358,33.99658327683414,71.90435027663186,same_country_year_koppen_uncertainty_lowgap_p25,0.399129,True,True,True,0.0,0.0,0.0,0.0,,8394.07191,7494.936557777777,0.000254647908947,,0.5368572957692995,6.4378436073805,1010.4848097651604,1070.9867148523756,-0.3773059697293079,-0.9796092103155264,-1.257785337475259,1.1359612021316658,25.095697,96368.559896,0.669596,-1608.375
7176|2020-10-06|Khewra,7176|2020-10-06|Khewra,7176,7399,Pakistan,Pakistan,Khewra,Mandi Bahauddin,2020-10-06,2020,low_vis_5km,0.3063449180216392,-0.185419536782317,0.2183213681200023,,False,False,,,32.632324,73.018358,32.58021591645792,73.4826634028543,same_country_year_koppen_uncertainty_lowgap_p25,0.488312,True,True,True,0.0,0.0,0.0,0.0,,8394.07191,8682.072664705882,0.000254647908947,,0.5368572957692995,3.375021073939472,1010.4848097651604,1034.9763981389176,-0.3773059697293079,-0.4295836213396776,-1.257785337475259,1.0262543337259933,25.531325,98243.601562,0.233968,-3483.416666
7176|2020-10-06|Khewra,7176|2020-10-06|Khewra,7176,6279,Pakistan,Pakistan,Khewra,Attock,2020-10-06,2020,low_vis_5km,0.3063449180216392,-0.250852532295215,0.2183213681200023,,False,False,,,32.632324,73.018358,33.77815952309717,72.36221353412442,same_country_year_koppen_uncertainty_lowgap_p25,0.675966,True,True,True,0.0,0.0,0.0,0.0,,8394.07191,5483.526405128205,0.000254647908947,,0.5368572957692995,1.301204559924562,1010.4848097651604,1073.6911567075056,-0.3773059697293079,-0.7017300675041929,-1.257785337475259,1.0767429459673217,25.161371,96112.809896,0.603922,-1352.625
6023|2020-01-03|Ciudad Valles,6023|2020-01-03|Ciudad Valles,6023,5931,México,México,Ciudad Valles,Tlaxcala,2020-01-03,2020,fog,0.2983611241975308,-0.1853384554598622,0.3065721122979046,,False,False,,,21.997964,-99.011314,19.320166608173352,-98.20864277768524,same_country_year_koppen_uncertainty_lowgap_p25,0.536162,True,True,True,0.0,0.0,0.0,0.0,,3522.665821875,3270.2578887096774,0.0001273239544735,,5.046969075707412,4.564715560913405,119.2622508650016,177.75175836089892,0.6464485092583208,0.7358307588310761,-0.863778722203577,1.1528341706097365,11.862705,75520.380208,10.448324,23545.875
6023|2020-01-03|Ciudad Valles,6023|2020-01-03|Ciudad Valles,6023,5730,México,México,Ciudad Valles,Tizayuca,2020-01-03,2020,fog,0.2983611241975308,-0.1979020775197891,0.3065721122979046,,False,False,,,21.997964,-99.011314,19.835333472491698,-98.96844431693832,same_country_year_koppen_uncertainty_lowgap_p25,0.70928,True,True,True,0.0,0.0,0.0,0.0,,3522.665821875,3157.1652836666667,0.0001273239544735,,5.046969075707412,5.228574337973716,119.2622508650016,200.58847187983247,0.6464485092583208,-0.2117420906189598,-0.863778722203577,0.8223454868674671,15.258864,77610.171875,7.052165,21456.083333
6023|2020-01-03|Ciudad Valles,6023|2020-01-03|Ciudad Valles,6023,913,México,México,Ciudad Valles,Tecate,2020-01-03,2020,fog,0.2983611241975308,-0.2882330862651135,0.3065721122979046,,False,False,,,21.997964,-99.011314,32.5646551549511,-116.62289751088105,same_country_year_koppen_uncertainty_lowgap_p25,0.735046,True,True,True,0.0,0.0,0.0,0.0,,3522.665821875,3351.1524165,0.0001273239544735,,5.046969075707412,2.9877776863311936,119.2622508650016,46.533200544990414,0.6464485092583208,0.2646852574196197,-0.863778722203577,1.244821164783614,11.702793,91945.505208,10.608236,7120.75
6023|2020-01-02|Ciudad Valles,6023|2020-01-02|Ciudad Valles,6023,5931,México,México,Ciudad Valles,Tlaxcala,2020-01-02,2020,low_vis_5km,0.2983611241975308,-0.1853384554598622,0.3065721122979046,,False,False,,,21.997964,-99.011314,19.320166608173352,-98.20864277768524,same_country_year_koppen_uncertainty_lowgap_p25,0.536162,True,True,True,0.0,0.0,0.0,0.090122,,3522.665821875,3270.2578887096774,0.0001273239544735,,5.046969075707412,4.564715560913405,119.2622508650016,177.75175836089892,0.6464485092583208,0.7358307588310761,-0.863778722203577,1.1528341706097365,13.584202,75439.013021,8.045899,23483.333333
6023|2020-01-02|Ciudad Valles,6023|2020-01-02|Ciudad Valles,6023,5730,México,México,Ciudad Valles,Tizayuca,2020-01-02,2020,low_vis_5km,0.2983611241975308,-0.1979020775197891,0.3065721122979046,,False,False,,,21.997964,-99.011314,19.835333472491698,-98.96844431693832,same_country_year_koppen_uncertainty_lowgap_p25,0.70928,True,True,True,0.0,0.0,0.0,0.090122,,3522.665821875,3157.1652836666667,0.0001273239544735,,5.046969075707412,5.228574337973716,119.2622508650016,200.58847187983247,0.6464485092583208,-0.2117420906189598,-0.863778722203577,0.8223454868674671,16.269668,77504.929688,5.360433,21417.416666
6023|2020-01-02|Ciudad Valles,6023|2020-01-02|Ciudad Valles,6023,913,México,México,Ciudad Valles,Tecate,2020-01-02,2020,low_vis_5km,0.2983611241975308,-0.2882330862651135,0.3065721122979046,,False,False,,,21.997964,-99.011314,32.5646551549511,-116.62289751088105,same_country_year_koppen_uncertainty_lowgap_p25,0.735046,True,True,True,0.0,0.0,0.0,0.090122,,3522.665821875,3351.1524165,0.0001273239544735,,5.046969075707412,2.9877776863311936,119.2622508650016,46.533200544990414,0.6464485092583208,0.2646852574196197,-0.863778722203577,1.244821164783614,9.520319,91268.138021,12.109782,7654.208333
4225|2020-01-19|Stalowa Wola,4225|2020-01-19|Stalowa Wola,4225,3850,Poland,Poland,Stalowa Wola,Wołomin,2020-01-19,2020,fog,0.2961184973103086,-0.181488177397497,0.2945777155197572,,False,False,Dfb,,50.564298,22.058214,52.34637144747505,21.239277753586126,same_country_year_koppen_uncertainty_lowgap_p25,0.205258,True,True,True,0.0,0.0,0.0,0.384331,,3356.946019375,2865.792322380952,0.0001273239544735,,7.639868288311741,8.516960866971397,349.8358306884888,195.4846476892456,1.5259188286889165,1.626382517603755,-0.917329224477605,1.1098374169590564,2.075983,101845.997396,-1.919434,-883.375
4225|2020-01-19|Stalowa Wola,4225|2020-01-19|Stalowa Wola,4225,3403,Poland,Poland,Stalowa Wola,Bełchatów,2020-01-19,2020,fog,0.2961184973103086,-0.2149364710425105,0.2945777155197572,,False,False,Dfb,,50.564298,22.058214,51.35896353742977,19.375143003940927,same_country_year_koppen_uncertainty_lowgap_p25,0.209809,True,True,True,0.0,0.0,0.0,0.384331,,3356.946019375,3423.068758666667,0.0001273239544735,,7.639868288311741,3.4770926585272535,349.8358306884888,233.8785275089932,1.5259188286889165,1.3982273138978292,-0.917329224477605,1.2285345156735086,1.97668,100722.964357,-1.820131,239.658039
4225|2020-01-19|Stalowa Wola,4225|2020-01-19|Stalowa Wola,4225,1080,Poland,Poland,Stalowa Wola,Słupsk,2020-01-19,2020,fog,0.2961184973103086,-0.341320621773278,0.2945777155197572,,False,False,Dfb,,50.564298,22.058214,54.463339597672,17.024806823494853,same_country_year_koppen_uncertainty_lowgap_p25,0.567858,True,True,True,0.0,0.0,0.0,0.384331,,3356.946019375,4364.374916842105,0.0001273239544735,,7.639868288311741,7.495769561299709,349.8358306884888,13.174767989702383,1.5259188286889165,1.4328921639762118,-0.917329224477605,1.858306663463084,4.431045,102566.455729,-4.274496,-1603.833333
4225|2020-11-09|Stalowa Wola,4225|2020-11-09|Stalowa Wola,4225,3850,Poland,Poland,Stalowa Wola,Wołomin,2020-11-09,2020,fog,0.2961184973103086,-0.181488177397497,0.2945777155197572,,False,False,Dfb,,50.564298,22.058214,52.34637144747505,21.239277753586126,same_country_year_koppen_uncertainty_lowgap_p25,0.205258,True,True,True,0.0,0.0,0.0,0.201225,,3356.946019375,2865.792322380952,0.0001273239544735,,7.639868288311741,8.516960866971397,349.8358306884888,195.4846476892456,1.5259188286889165,1.626382517603755,-0.917329224477605,1.1098374169590564,6.497339,101803.669271,-1.174479,-905.166667
4225|2020-11-09|Stalowa Wola,4225|2020-11-09|Stalowa Wola,4225,3403,Poland,Poland,Stalowa Wola,Bełchatów,2020-11-09,2020,fog,0.2961184973103086,-0.2149364710425105,0.2945777155197572,,False,False,Dfb,,50.564298,22.058214,51.35896353742977,19.375143003940927,same_country_year_koppen_uncertainty_lowgap_p25,0.209809,True,True,True,0.0,0.0,0.0,0.201225,,3356.946019375,3423.068758666667,0.0001273239544735,,7.639868288311741,3.4770926585272535,349.8358306884888,233.8785275089932,1.5259188286889165,1.3982273138978292,-0.917329224477605,1.2285345156735086,5.405463,100553.617514,-0.082603,344.88509
4225|2020-11-09|Stalowa Wola,4225|2020-11-09|Stalowa Wola,4225,1080,Poland,Poland,Stalowa Wola,Słupsk,2020-11-09,2020,fog,0.2961184973103086,-0.341320621773278,0.2945777155197572,,False,False,Dfb,,50.564298,22.058214,54.463339597672,17.024806823494853,same_country_year_koppen_uncertainty_lowgap_p25,0.567858,True,True,True,0.0,0.0,0.0,0.201225,,3356.946019375,4364.374916842105,0.0001273239544735,,7.639868288311741,7.495769561299709,349.8358306884888,13.174767989702383,1.5259188286889165,1.4328921639762118,-0.917329224477605,1.858306663463084,8.327824,102513.294271,-3.004964,-1614.791667
6511|2020-01-10|Kot Addu,6511|2020-01-10|Kot Addu,6511,6841,Pakistan,Pakistan,Kot Addu,Joharabad,2020-01-10,2020,low_vis_5km,0.2955518576805186,-0.321182406941735,0.2037880114399113,,False,False,BWh,,30.45738,70.967571,32.2941027805159,72.3033929235665,same_country_year_koppen_uncertainty_lowgap_p25,1.685139,True,True,True,0.0,0.018889,-0.018889,0.0,,6059.579273076923,7185.213682352941,0.0001273239544735,,4.153397168089313,32.44073382262003,701.5498972734302,939.2070199379774,-0.8585177647181759,-1.60527614112704,-1.3226713475299203,0.7698373301364858,10.096429,99075.705729,1.055258,1408.166667
6511|2020-01-10|Kot Addu,6511|2020-01-10|Kot Addu,6511,7085,Pakistan,Pakistan,Kot Addu,Sargodha,2020-01-10,2020,low_vis_5km,0.2955518576805186,-0.2568778937142975,0.2037880114399113,,False,False,BWh,,30.45738,70.967571,32.070230643021624,72.68028096370735,same_country_year_koppen_uncertainty_lowgap_p25,2.56767,True,True,True,0.0,0.0,0.0,0.0,,6059.579273076923,12935.935841463415,0.0001273239544735,,4.153397168089313,2.772147320155872,701.5498972734302,942.770474279186,-0.8585177647181759,-1.2459328609514913,-1.3226713475299203,0.8976549523525966,10.278721,99757.289062,0.872966,726.583334
6511|2020-01-10|Kot Addu,6511|2020-01-10|Kot Addu,6511,5467,Pakistan,Pakistan,Kot Addu,Amangarh,2020-01-10,2020,low_vis_5km,0.2955518576805186,-0.3594880194310174,0.2037880114399113,,False,False,BWh,,30.45738,70.967571,33.99658327683414,71.90435027663186,same_country_year_uncertainty_lowgap_p25,0.369134,True,False,True,0.0,0.0,0.0,0.0,,6059.579273076923,7494.936557777777,0.0001273239544735,,4.153397168089313,6.4378436073805,701.5498972734302,1070.9867148523756,-0.8585177647181759,-0.9796092103155264,-1.3226713475299203,1.1359612021316658,9.498692,97554.664062,1.652995,2929.208334
6511|2020-12-13|Kot Addu,6511|2020-12-13|Kot Addu,6511,6841,Pakistan,Pakistan,Kot Addu,Joharabad,2020-12-13,2020,low_vis_5km,0.2955518576805186,-0.321182406941735,0.2037880114399113,,False,False,BWh,,30.45738,70.967571,32.2941027805159,72.3033929235665,same_country_year_koppen_uncertainty_lowgap_p25,1.685139,True,True,True,0.0,0.0,0.0,0.0,,6059.579273076923,7185.213682352941,0.0001273239544735,,4.153397168089313,32.44073382262003,701.5498972734302,939.2070199379774,-0.8585177647181759,-1.60527614112704,-1.3226713475299203,0.7698373301364858,10.969344,98678.960938,1.165446,1355.666666
6511|2020-12-13|Kot Addu,6511|2020-12-13|Kot Addu,6511,7085,Pakistan,Pakistan,Kot Addu,Sargodha,2020-12-13,2020,low_vis_5km,0.2955518576805186,-0.2568778937142975,0.2037880114399113,,False,False,BWh,,30.45738,70.967571,32.070230643021624,72.68028096370735,same_country_year_koppen_uncertainty_lowgap_p25,2.56767,True,True,True,0.0,0.0,0.0,0.0,,6059.579273076923,12935.935841463415,0.0001273239544735,,4.153397168089313,2.772147320155872,701.5498972734302,942.770474279186,-0.8585177647181759,-1.2459328609514913,-1.3226713475299203,0.8976549523525966,11.016056,99358.669271,1.118734,675.958333
6511|2020-12-13|Kot Addu,6511|2020-12-13|Kot Addu,6511,5467,Pakistan,Pakistan,Kot Addu,Amangarh,2020-12-13,2020,low_vis_5km,0.2955518576805186,-0.3594880194310174,0.2037880114399113,,False,False,BWh,,30.45738,70.967571,33.99658327683414,71.90435027663186,same_country_year_uncertainty_lowgap_p25,0.369134,True,False,True,0.0,0.0,0.0,0.0,,6059.579273076923,7494.936557777777,0.0001273239544735,,4.153397168089313,6.4378436073805,701.5498972734302,1070.9867148523756,-0.8585177647181759,-0.9796092103155264,-1.3226713475299203,1.1359612021316658,12.493107,97104.377604,-0.358317,2930.25
1707|2020-03-28|Mutare,1707|2020-03-28|Mutare,1707,1098,Zimbabwe,Zimbabwe,Mutare,Chinhoyi,2020-03-28,2020,low_ceiling_1000m,0.2891023390740341,-0.2864306611815718,0.3127590030934454,,False,False,,,-18.978664,32.650351,-17.376612140516027,30.1882093677029,same_country_year_uncertainty_lowgap_p25,0.907146,True,False,True,0.0,0.0,0.0,3.833771,,3272.9704666666667,3713.623530833333,0.0001273239544735,,3.1885026956436096,12.789585322621358,197.02526392576624,498.7847441455162,-0.4134653110773206,-1.6112660141513149,-0.8361565653128372,0.7783063876737412,22.168095,87955.049479,-1.778402,2373.75
1707|2020-03-28|Mutare,1707|2020-03-28|Mutare,1707,862,Zimbabwe,Zimbabwe,Mutare,Kadoma,2020-03-28,2020,low_ceiling_1000m,0.2891023390740341,-0.2958782922243434,0.3127590030934454,,False,True,,,-18.978664,32.650351,-18.33969097597462,29.90028436283703,same_country_year_lowgap_p25,1.09954,True,True,False,0.0,0.0,0.0,3.833771,,3272.9704666666667,3677.6985909090913,0.0001273239544735,,3.1885026956436096,5.094071924042521,197.02526392576624,472.6184875629503,-0.4134653110773206,-1.9993728002664175,-0.8361565653128372,0.6536158020867703,23.334029,89007.882812,-2.944336,1320.916667
1707|2020-03-28|Mutare,1707|2020-03-28|Mutare,1707,1316,Zimbabwe,Zimbabwe,Mutare,Norton,2020-03-28,2020,low_ceiling_1000m,0.2891023390740341,-0.2412438906533079,0.3127590030934454,,False,True,,,-18.978664,32.650351,-17.88657583003399,30.672339777870725,same_country_year_lowgap_p25,1.251522,True,True,False,0.0,0.0,0.0,3.833771,,3272.9704666666667,3316.8740236,0.0001273239544735,,3.1885026956436096,27.37827007670448,197.02526392576624,426.9640289403455,-0.4134653110773206,-1.9383367663608893,-0.8361565653128372,0.320846987469086,21.121871,86801.466146,-0.732178,3527.333333
1707|2020-01-21|Mutare,1707|2020-01-21|Mutare,1707,1098,Zimbabwe,Zimbabwe,Mutare,Chinhoyi,2020-01-21,2020,low_ceiling_300m,0.2891023390740341,-0.2864306611815718,0.3127590030934454,,False,False,,,-18.978664,32.650351,-17.376612140516027,30.1882093677029,same_country_year_uncertainty_lowgap_p25,0.907146,True,False,True,0.0,0.007222,-0.007222,1.204014,,3272.9704666666667,3713.623530833333,0.0001273239544735,,3.1885026956436096,12.789585322621358,197.02526392576624,498.7847441455162,-0.4134653110773206,-1.6112660141513149,-0.8361565653128372,0.7783063876737412,20.168756,87575.692708,-0.979573,2317.375
1707|2020-01-21|Mutare,1707|2020-01-21|Mutare,1707,862,Zimbabwe,Zimbabwe,Mutare,Kadoma,2020-01-21,2020,low_ceiling_300m,0.2891023390740341,-0.2958782922243434,0.3127590030934454,,False,True,,,-18.978664,32.650351,-18.33969097597462,29.90028436283703,same_country_year_lowgap_p25,1.09954,True,True,False,0.0,0.0,0.0,1.204014,,3272.9704666666667,3677.6985909090913,0.0001273239544735,,3.1885026956436096,5.094071924042521,197.02526392576624,472.6184875629503,-0.4134653110773206,-1.9993728002664175,-0.8361565653128372,0.6536158020867703,21.27569,88648.109375,-2.086507,1244.958333
1707|2020-01-21|Mutare,1707|2020-01-21|Mutare,1707,1316,Zimbabwe,Zimbabwe,Mutare,Norton,2020-01-21,2020,low_ceiling_300m,0.2891023390740341,-0.2412438906533079,0.3127590030934454,,False,True,,,-18.978664,32.650351,-17.88657583003399,30.672339777870725,same_country_year_lowgap_p25,1.251522,True,True,False,0.0,0.235556,-0.235556,1.204014,,3272.9704666666667,3316.8740236,0.0001273239544735,,3.1885026956436096,27.37827007670448,197.02526392576624,426.9640289403455,-0.4134653110773206,-1.9383367663608893,-0.8361565653128372,0.320846987469086,18.190566,86428.151042,0.998617,3464.916666
2835|2020-01-30|Manbij,2835|2020-01-30|Manbij,2835,2644,Syria,Syria,Manbij,Salamiyah,2020-01-30,2020,low_ceiling_1000m,0.2813917532233445,-0.2315883484850858,0.261717154030234,,False,False,,,36.52404,37.953772,35.00955815118204,37.05201478100287,same_country_year_koppen_uncertainty_lowgap_p25,0.522923,True,True,True,0.006111,0.0,0.006111,3.754139,,5870.178812499999,5128.3322963636365,0.000254647908947,,44.16953788026351,34.80208529913652,168.2201578392967,106.97046578031834,-0.0273551835060348,-0.5266067878087339,-1.0640393596614393,0.8510099893012536,10.826593,96226.010417,-0.997965,286.625
2835|2020-01-30|Manbij,2835|2020-01-30|Manbij,2835,1524,Syria,Syria,Manbij,Jdaydet Artooz,2020-01-30,2020,low_ceiling_1000m,0.2813917532233445,-0.1975957683947442,0.261717154030234,,False,False,,,36.52404,37.953772,33.43128856413437,36.15612112051,same_country_year_koppen_uncertainty_lowgap_p25,0.848351,True,True,True,0.006111,0.0,0.006111,3.754139,,5870.178812499999,5486.344852727273,0.000254647908947,,44.16953788026351,8.156608166172779,168.2201578392967,75.41908912218796,-0.0273551835060348,-0.2651945736855862,-1.0640393596614393,0.9134855752876204,8.613621,91011.59375,1.215007,5501.041667
2835|2020-01-30|Manbij,2835|2020-01-30|Manbij,2835,2368,Syria,Syria,Manbij,Al-Rastan,2020-01-30,2020,low_ceiling_1000m,0.2813917532233445,-0.2780485396601181,0.261717154030234,,False,False,,,36.52404,37.953772,34.925005770129594,36.730011679740784,same_country_year_koppen_uncertainty_lowgap_p25,0.856317,True,True,True,0.006111,0.0,0.006111,3.754139,,5870.178812499999,6085.287985,0.000254647908947,,44.16953788026351,20.354039241564145,168.2201578392967,78.33887115289703,-0.0273551835060348,-0.7861784829028503,-1.0640393596614393,0.9536810252913616,11.267267,96884.59375,-1.438639,-371.958333
2835|2020-02-05|Manbij,2835|2020-02-05|Manbij,2835,2644,Syria,Syria,Manbij,Salamiyah,2020-02-05,2020,low_ceiling_1000m,0.2813917532233445,-0.2315883484850858,0.261717154030234,,False,False,,,36.52404,37.953772,35.00955815118204,37.05201478100287,same_country_year_koppen_uncertainty_lowgap_p25,0.522923,True,True,True,0.0,0.0,0.0,2.099514,,5870.178812499999,5128.3322963636365,0.000254647908947,,44.16953788026351,34.80208529913652,168.2201578392967,106.97046578031834,-0.0273551835060348,-0.5266067878087339,-1.0640393596614393,0.8510099893012536,11.791732,95994.109375,-1.935791,447.0
2835|2020-02-05|Manbij,2835|2020-02-05|Manbij,2835,1524,Syria,Syria,Manbij,Jdaydet Artooz,2020-02-05,2020,low_ceiling_1000m,0.2813917532233445,-0.1975957683947442,0.261717154030234,,False,False,,,36.52404,37.953772,33.43128856413437,36.15612112051,same_country_year_koppen_uncertainty_lowgap_p25,0.848351,True,True,True,0.0,0.0,0.0,2.099514,,5870.178812499999,5486.344852727273,0.000254647908947,,44.16953788026351,8.156608166172779,168.2201578392967,75.41908912218796,-0.0273551835060348,-0.2651945736855862,-1.0640393596614393,0.9134855752876204,10.293685,90770.276042,-0.437744,5670.833333
2835|2020-02-05|Manbij,2835|2020-02-05|Manbij,2835,2368,Syria,Syria,Manbij,Al-Rastan,2020-02-05,2020,low_ceiling_1000m,0.2813917532233445,-0.2780485396601181,0.261717154030234,,False,False,,,36.52404,37.953772,34.925005770129594,36.730011679740784,same_country_year_koppen_uncertainty_lowgap_p25,0.856317,True,True,True,0.0,0.0,0.0,2.099514,,5870.178812499999,6085.287985,0.000254647908947,,44.16953788026351,20.354039241564145,168.2201578392967,78.33887115289703,-0.0273551835060348,-0.7861784829028503,-1.0640393596614393,0.9536810252913616,12.033594,96661.401042,-2.177653,-220.291667
6297|2020-12-09|Kishoreganj,6297|2020-12-09|Kishoreganj,6297,6361,Bangladesh,Bangladesh,Kishoreganj,Kapashia,2020-12-09,2020,fog,0.2782885009611613,-0.2325139715446559,0.2048386155372672,,False,False,Aw,,24.342567,90.732515,24.099697572531003,90.5646500463687,same_country_year_koppen_uncertainty_lowgap_p25,2.357489,True,True,True,0.0,0.0,0.0,0.148773,,2395.451132996633,2297.2936166666664,0.0001273239544735,,22.633372150208977,29.448542997637205,86.81902036669517,57.897297005778405,-0.0420394592074261,0.5322601058120157,-1.3179807925862104,1.006710354793866,19.003503,101279.609375,0.262289,-13.291667
6297|2020-12-09|Kishoreganj,6297|2020-12-09|Kishoreganj,6297,4164,Bangladesh,Bangladesh,Kishoreganj,Gabtali,2020-12-09,2020,fog,0.2782885009611613,-0.2196589160177168,0.2048386155372672,,False,False,Aw,,24.342567,90.732515,24.87652123454863,89.45284316665268,same_country_year_koppen_uncertainty_lowgap_p25,2.384342,True,True,True,0.0,0.0,0.0,0.148773,,2395.451132996633,2326.240405,0.0001273239544735,,22.633372150208977,13.203501062039088,86.81902036669517,180.27729091956755,-0.0420394592074261,-0.3360357914262146,-1.3179807925862104,0.514332378897144,20.4078,101185.942708,-1.142008,80.375
6297|2020-12-09|Kishoreganj,6297|2020-12-09|Kishoreganj,6297,5589,Bangladesh,Bangladesh,Kishoreganj,Kalihati,2020-12-09,2020,fog,0.2782885009611613,-0.2048909157667656,0.2048386155372672,,False,False,Aw,,24.342567,90.732515,24.343135708512413,90.00443312527783,same_country_year_koppen_uncertainty_lowgap_p25,2.487759,True,True,True,0.0,0.0,0.0,0.148773,,2395.451132996633,2295.867111851852,0.0001273239544735,,22.633372150208977,64.4163942466896,86.81902036669517,99.8063846603278,-0.0420394592074261,-0.5609357839131064,-1.3179807925862104,0.4162867512543067,19.334477,101347.026042,-0.068685,-80.708334
6297|2020-12-08|Kishoreganj,6297|2020-12-08|Kishoreganj,6297,6361,Bangladesh,Bangladesh,Kishoreganj,Kapashia,2020-12-08,2020,low_vis_5km,0.2782885009611613,-0.2325139715446559,0.2048386155372672,,False,False,Aw,,24.342567,90.732515,24.099697572531003,90.5646500463687,same_country_year_koppen_uncertainty_lowgap_p25,2.357489,True,True,True,0.0,0.0,0.0,0.247478,,2395.451132996633,2297.2936166666664,0.0001273239544735,,22.633372150208977,29.448542997637205,86.81902036669517,57.897297005778405,-0.0420394592074261,0.5322601058120157,-1.3179807925862104,1.006710354793866,19.664331,101426.96875,0.384684,-15.083333
6297|2020-12-08|Kishoreganj,6297|2020-12-08|Kishoreganj,6297,4164,Bangladesh,Bangladesh,Kishoreganj,Gabtali,2020-12-08,2020,low_vis_5km,0.2782885009611613,-0.2196589160177168,0.2048386155372672,,False,False,Aw,,24.342567,90.732515,24.87652123454863,89.45284316665268,same_country_year_koppen_uncertainty_lowgap_p25,2.384342,True,True,True,0.0,0.0,0.0,0.247478,,2395.451132996633,2326.240405,0.0001273239544735,,22.633372150208977,13.203501062039088,86.81902036669517,180.27729091956755,-0.0420394592074261,-0.3360357914262146,-1.3179807925862104,0.514332378897144,19.930282,101345.677083,0.118733,66.208334
6297|2020-12-08|Kishoreganj,6297|2020-12-08|Kishoreganj,6297,5589,Bangladesh,Bangladesh,Kishoreganj,Kalihati,2020-12-08,2020,low_vis_5km,0.2782885009611613,-0.2048909157667656,0.2048386155372672,,False,False,Aw,,24.342567,90.732515,24.343135708512413,90.00443312527783,same_country_year_koppen_uncertainty_lowgap_p25,2.487759,True,True,True,0.0,0.0,0.0,0.247478,,2395.451132996633,2295.867111851852,0.0001273239544735,,22.633372150208977,64.4163942466896,86.81902036669517,99.8063846603278,-0.0420394592074261,-0.5609357839131064,-1.3179807925862104,0.4162867512543067,19.864608,101501.802083,0.184407,-89.916666
2154|2020-12-28|Sammanturai,2154|2020-12-28|Sammanturai,2154,768,Sri Lanka,Sri Lanka,Sammanturai,Bandaragama,2020-12-28,2020,fog,0.277014296997261,-0.2040540213260852,0.2323877896457129,,False,False,Aw,,7.359089,81.796456,6.717395407302171,80.0200311669557,same_country_year_uncertainty_lowgap_p25,0.943799,True,False,True,0.0,1.737778,-1.737778,4.265308,,4953.426067272727,2313.5453592105264,0.0001273239544735,,16.890620656493017,18.49466340462268,6.499692556239444,11.260295597609815,0.2204297756542095,-0.3560344489252201,-1.1949840185066904,0.8598699264171511,26.497064,100624.817708,-1.128011,-55.666666
2154|2020-12-28|Sammanturai,2154|2020-12-28|Sammanturai,2154,335,Sri Lanka,Sri Lanka,Sammanturai,Puttalam,2020-12-28,2020,fog,0.277014296997261,-0.3619600594739088,0.2323877896457129,,False,False,Aw,,7.359089,81.796456,8.025399173310616,79.83157813682244,same_country_year_uncertainty_lowgap_p25,1.283878,True,False,True,0.0,0.003333,-0.003333,4.265308,,4953.426067272727,3035.1289633333336,0.0001273239544735,,16.890620656493017,6.258910922298625,6.499692556239444,0.4155271311269382,0.2204297756542095,-0.956421248583416,-1.1949840185066904,1.0421501032574572,26.034987,100845.817708,-0.665934,-276.666666
2154|2020-12-28|Sammanturai,2154|2020-12-28|Sammanturai,2154,1132,Sri Lanka,Sri Lanka,Sammanturai,Anuradhapura,2020-12-28,2020,fog,0.277014296997261,-0.2854068421543839,0.2323877896457129,,False,False,Aw,,7.359089,81.796456,8.318598574304318,80.41107650907784,same_country_year_uncertainty_lowgap_p25,1.331621,True,False,True,0.0,0.0,0.0,4.265308,,4953.426067272727,2430.927762380953,0.0001273239544735,,16.890620656493017,2.7309725517022683,6.499692556239444,55.28586524868698,0.2204297756542095,-0.4746213100024708,-1.1949840185066904,1.1523129978382125,24.70849,99554.859375,0.660563,1014.291667
2154|2020-12-21|Sammanturai,2154|2020-12-21|Sammanturai,2154,768,Sri Lanka,Sri Lanka,Sammanturai,Bandaragama,2020-12-21,2020,low_ceiling_1000m,0.277014296997261,-0.2040540213260852,0.2323877896457129,,False,False,Aw,,7.359089,81.796456,6.717395407302171,80.0200311669557,same_country_year_uncertainty_lowgap_p25,0.943799,True,False,True,0.438333,0.961667,-0.523334,41.578293,,4953.426067272727,2313.5453592105264,0.0001273239544735,,16.890620656493017,18.49466340462268,6.499692556239444,11.260295597609815,0.2204297756542095,-0.3560344489252201,-1.1949840185066904,0.8598699264171511,25.621525,100700.963542,-0.699056,-16.208334
2154|2020-12-21|Sammanturai,2154|2020-12-21|Sammanturai,2154,335,Sri Lanka,Sri Lanka,Sammanturai,Puttalam,2020-12-21,2020,low_ceiling_1000m,0.277014296997261,-0.3619600594739088,0.2323877896457129,,False,False,Aw,,7.359089,81.796456,8.025399173310616,79.83157813682244,same_country_year_uncertainty_lowgap_p25,1.283878,True,False,True,0.438333,3.356667,-2.918334,41.578293,,4953.426067272727,3035.1289633333336,0.0001273239544735,,16.890620656493017,6.258910922298625,6.499692556239444,0.4155271311269382,0.2204297756542095,-0.956421248583416,-1.1949840185066904,1.0421501032574572,25.952987,100953.005208,-1.030518,-268.25
2154|2020-12-21|Sammanturai,2154|2020-12-21|Sammanturai,2154,1132,Sri Lanka,Sri Lanka,Sammanturai,Anuradhapura,2020-12-21,2020,low_ceiling_1000m,0.277014296997261,-0.2854068421543839,0.2323877896457129,,False,False,Aw,,7.359089,81.796456,8.318598574304318,80.41107650907784,same_country_year_uncertainty_lowgap_p25,1.331621,True,False,True,0.438333,7.429444,-6.991111,41.578293,,4953.426067272727,2430.927762380953,0.0001273239544735,,16.890620656493017,2.7309725517022683,6.499692556239444,55.28586524868698,0.2204297756542095,-0.4746213100024708,-1.1949840185066904,1.1523129978382125,24.367863,99653.838542,0.554606,1030.916666
6864|2020-03-12|Ogwashi-Uku,6864|2020-03-12|Ogwashi-Uku,6864,7233,Nigeria,Nigeria,Ogwashi-Uku,Yangoji,2020-03-12,2020,low_ceiling_1000m,0.2753634175497053,-0.198891186387556,0.2773302982548298,,False,False,,,6.1902,6.524541,8.822873474450683,7.035931933164844,same_country_year_koppen_uncertainty_lowgap_p25,0.822531,True,True,True,0.0,0.0,0.0,1.822472,,5456.205642105263,5146.040620833333,0.000254647908947,,13.694237132001142,31.911612211082065,118.7097435188176,400.21964060258625,-0.1172079616061349,-0.8721443722323884,-0.994332501470186,0.5067102271136147,32.221063,98468.6875,-3.527099,769.333333
6864|2020-03-12|Ogwashi-Uku,6864|2020-03-12|Ogwashi-Uku,6864,7333,Nigeria,Nigeria,Ogwashi-Uku,Maji,2020-03-12,2020,low_ceiling_1000m,0.2753634175497053,-0.269502865417313,0.2773302982548298,,False,False,,,6.1902,6.524541,9.254253950297258,7.158487584173963,same_country_year_koppen_uncertainty_lowgap_p25,1.022552,True,True,True,0.0,0.0,0.0,1.822472,,5456.205642105263,7669.832348333333,0.000254647908947,,13.694237132001142,32.77541216605198,118.7097435188176,451.1628585397937,-0.1172079616061349,-0.7850438437415435,-0.994332501470186,0.7825409164423686,30.872349,95549.6875,-2.178385,3688.333333
6864|2020-03-12|Ogwashi-Uku,6864|2020-03-12|Ogwashi-Uku,6864,7597,Nigeria,Nigeria,Ogwashi-Uku,Egwuachi,2020-03-12,2020,low_ceiling_1000m,0.2753634175497053,-0.1819298403074657,0.2773302982548298,,False,False,,,6.1902,6.524541,6.13526555769777,7.363935987010714,same_country_year_koppen_uncertainty_lowgap_p25,1.194169,True,True,True,0.0,0.000556,-0.000556,1.822472,,5456.205642105263,4276.891164615385,0.000254647908947,,13.694237132001142,46.92513037983883,118.7097435188176,165.01121464805118,-0.1172079616061349,-0.7494221647146172,-0.994332501470186,0.4372639553081233,28.863967,98661.3125,-0.170003,576.708333
6864|2020-07-23|Ogwashi-Uku,6864|2020-07-23|Ogwashi-Uku,6864,7233,Nigeria,Nigeria,Ogwashi-Uku,Yangoji,2020-07-23,2020,low_ceiling_1000m,0.2753634175497053,-0.198891186387556,0.2773302982548298,,False,False,,,6.1902,6.524541,8.822873474450683,7.035931933164844,same_country_year_koppen_uncertainty_lowgap_p25,0.822531,True,True,True,4.542778,6.268889,-1.726111,6.195068,,5456.205642105263,5146.040620833333,0.000254647908947,,13.694237132001142,31.911612211082065,118.7097435188176,400.21964060258625,-0.1172079616061349,-0.8721443722323884,-0.994332501470186,0.5067102271136147,25.914748,98812.791667,-0.743815,735.041666
6864|2020-07-23|Ogwashi-Uku,6864|2020-07-23|Ogwashi-Uku,6864,7333,Nigeria,Nigeria,Ogwashi-Uku,Maji,2020-07-23,2020,low_ceiling_1000m,0.2753634175497053,-0.269502865417313,0.2773302982548298,,False,False,,,6.1902,6.524541,9.254253950297258,7.158487584173963,same_country_year_koppen_uncertainty_lowgap_p25,1.022552,True,True,True,4.542778,0.058333,4.484445,6.195068,,5456.205642105263,7669.832348333333,0.000254647908947,,13.694237132001142,32.77541216605198,118.7097435188176,451.1628585397937,-0.1172079616061349,-0.7850438437415435,-0.994332501470186,0.7825409164423686,23.724237,95827.833333,1.446696,3720.0
6864|2020-07-23|Ogwashi-Uku,6864|2020-07-23|Ogwashi-Uku,6864,7597,Nigeria,Nigeria,Ogwashi-Uku,Egwuachi,2020-07-23,2020,low_ceiling_1000m,0.2753634175497053,-0.1819298403074657,0.2773302982548298,,False,False,,,6.1902,6.524541,6.13526555769777,7.363935987010714,same_country_year_koppen_uncertainty_lowgap_p25,1.194169,True,True,True,4.542778,0.304444,4.238334,6.195068,,5456.205642105263,4276.891164615385,0.000254647908947,,13.694237132001142,46.92513037983883,118.7097435188176,165.01121464805118,-0.1172079616061349,-0.7494221647146172,-0.994332501470186,0.4372639553081233,25.077997,98953.125,0.092936,594.708333
2233|2020-12-28|Kalmunai,2233|2020-12-28|Kalmunai,2233,768,Sri Lanka,Sri Lanka,Kalmunai,Bandaragama,2020-12-28,2020,fog,0.2693787013710293,-0.2040540213260852,0.2450534057082822,,False,False,,,7.409923,81.829179,6.717395407302171,80.0200311669557,same_country_year_koppen_uncertainty_lowgap_p25,0.668571,True,True,True,0.0,1.737778,-1.737778,9.578228,,4518.861112,2313.5453592105264,0.0001273239544735,,21.86720946196311,18.49466340462268,2.064359348247313,11.260295597609815,-0.0745565190710285,-0.3560344489252201,-1.138436772796403,0.8598699264171511,26.497064,100624.817708,-1.00651,-5.125
2233|2020-12-28|Kalmunai,2233|2020-12-28|Kalmunai,2233,335,Sri Lanka,Sri Lanka,Kalmunai,Puttalam,2020-12-28,2020,fog,0.2693787013710293,-0.3619600594739088,0.2450534057082822,,False,False,,,7.409923,81.829179,8.025399173310616,79.83157813682244,same_country_year_koppen_uncertainty_lowgap_p25,1.146859,True,True,True,0.0,0.003333,-0.003333,9.578228,,4518.861112,3035.1289633333336,0.0001273239544735,,21.86720946196311,6.258910922298625,2.064359348247313,0.4155271311269382,-0.0745565190710285,-0.956421248583416,-1.138436772796403,1.0421501032574572,26.034987,100845.817708,-0.544433,-226.125
2233|2020-12-28|Kalmunai,2233|2020-12-28|Kalmunai,2233,1132,Sri Lanka,Sri Lanka,Kalmunai,Anuradhapura,2020-12-28,2020,fog,0.2693787013710293,-0.2854068421543839,0.2450534057082822,,False,False,,,7.409923,81.829179,8.318598574304318,80.41107650907784,same_country_year_koppen_uncertainty_lowgap_p25,1.257424,True,True,True,0.0,0.0,0.0,9.578228,,4518.861112,2430.927762380953,0.0001273239544735,,21.86720946196311,2.7309725517022683,2.064359348247313,55.28586524868698,-0.0745565190710285,-0.4746213100024708,-1.138436772796403,1.1523129978382125,24.70849,99554.859375,0.782064,1064.833333
2233|2020-12-21|Kalmunai,2233|2020-12-21|Kalmunai,2233,768,Sri Lanka,Sri Lanka,Kalmunai,Bandaragama,2020-12-21,2020,low_ceiling_1000m,0.2693787013710293,-0.2040540213260852,0.2450534057082822,,False,False,,,7.409923,81.829179,6.717395407302171,80.0200311669557,same_country_year_koppen_uncertainty_lowgap_p25,0.668571,True,True,True,0.299444,0.961667,-0.662223,40.707111,,4518.861112,2313.5453592105264,0.0001273239544735,,21.86720946196311,18.49466340462268,2.064359348247313,11.260295597609815,-0.0745565190710285,-0.3560344489252201,-1.138436772796403,0.8598699264171511,25.621525,100700.963542,-0.568115,35.916666
2233|2020-12-21|Kalmunai,2233|2020-12-21|Kalmunai,2233,335,Sri Lanka,Sri Lanka,Kalmunai,Puttalam,2020-12-21,2020,low_ceiling_1000m,0.2693787013710293,-0.3619600594739088,0.2450534057082822,,False,False,,,7.409923,81.829179,8.025399173310616,79.83157813682244,same_country_year_koppen_uncertainty_lowgap_p25,1.146859,True,True,True,0.299444,3.356667,-3.057223,40.707111,,4518.861112,3035.1289633333336,0.0001273239544735,,21.86720946196311,6.258910922298625,2.064359348247313,0.4155271311269382,-0.0745565190710285,-0.956421248583416,-1.138436772796403,1.0421501032574572,25.952987,100953.005208,-0.899577,-216.125
2233|2020-12-21|Kalmunai,2233|2020-12-21|Kalmunai,2233,1132,Sri Lanka,Sri Lanka,Kalmunai,Anuradhapura,2020-12-21,2020,low_ceiling_1000m,0.2693787013710293,-0.2854068421543839,0.2450534057082822,,False,False,,,7.409923,81.829179,8.318598574304318,80.41107650907784,same_country_year_koppen_uncertainty_lowgap_p25,1.257424,True,True,True,0.299444,7.429444,-7.13,40.707111,,4518.861112,2430.927762380953,0.0001273239544735,,21.86720946196311,2.7309725517022683,2.064359348247313,55.28586524868698,-0.0745565190710285,-0.4746213100024708,-1.138436772796403,1.1523129978382125,24.367863,99653.838542,0.685547,1083.041666
6240|2020-04-09|Ar Riyaḑ,6240|2020-04-09|Ar Riyaḑ,6240,4343,Egypt,Egypt,Ar Riyaḑ,Kafr Sarawa,2020-04-09,2020,low_vis_5km,0.2536866764520437,-0.2798757851532545,0.2626510243389949,,False,False,,,29.208553,31.168948,30.234951291994168,31.04710725723975,same_country_year_koppen_uncertainty_lowgap_p25,0.40643,True,True,True,0.0,0.0,0.0,0.009537,,5829.016627857142,4795.648309375,0.0001273239544735,,15.017933012951527,18.25307813402828,120.61654875796135,130.3340704863229,-0.0629204620473781,-0.2654201522905952,-1.059869977489252,1.3385019704649437,18.727848,100941.976562,0.285075,-700.666666
6240|2020-04-09|Ar Riyaḑ,6240|2020-04-09|Ar Riyaḑ,6240,4457,Egypt,Egypt,Ar Riyaḑ,Kafr Awn,2020-04-09,2020,low_vis_5km,0.2536866764520437,-0.3091640794601727,0.2626510243389949,,False,False,,,29.208553,31.168948,30.266501331696983,31.05128035222359,same_country_year_koppen_uncertainty_lowgap_p25,0.426517,True,True,True,0.0,0.0,0.0,0.009537,,5829.016627857142,4829.8933,0.0001273239544735,,15.017933012951527,21.14811628480601,120.61654875796135,127.03901839693332,-0.0629204620473781,-0.4575616403726948,-1.059869977489252,1.2171338612964346,18.727848,100941.976562,0.285075,-700.666666
6240|2020-04-09|Ar Riyaḑ,6240|2020-04-09|Ar Riyaḑ,6240,6011,Egypt,Egypt,Ar Riyaḑ,Al Tallin,2020-04-09,2020,low_vis_5km,0.2536866764520437,-0.3423356773946476,0.2626510243389949,,False,False,,,29.208553,31.168948,30.561986687876452,31.38126226587701,same_country_year_koppen_uncertainty_lowgap_p25,0.49913,True,True,True,0.0,0.0,0.0,0.009537,,5829.016627857142,5028.490038666667,0.0001273239544735,,15.017933012951527,24.392739416633248,120.61654875796135,86.10170308341412,-0.0629204620473781,-0.6383546921826725,-1.059869977489252,1.19498401850669,18.94139,101350.018229,0.071533,-1108.708333
2875|2020-11-18|Talavera de la Reina,2875|2020-11-18|Talavera de la Reina,2875,3842,Spain,Spain,Talavera de la Reina,Guadalajara,2020-11-18,2020,low_vis_5km,0.2385782057451309,-0.4597998532180016,0.1794198330706823,,False,False,,,39.960647,-4.832961,40.634229913464566,-3.1663363139812692,same_country_year_koppen_uncertainty_lowgap_p25,0.235838,True,True,True,0.0,0.0,0.0,0.005245,,5822.885577,5756.2522033333335,0.000254647908947,,4.721540926752777,2.3855090154630307,328.12873515964253,256.76447145100366,0.3256504809296771,0.1393982738490896,-1.4314661635854282,1.6934206278723714,9.228316,93195.174479,2.332601,3867.083333
2875|2020-11-18|Talavera de la Reina,2875|2020-11-18|Talavera de la Reina,2875,3752,Spain,Spain,Talavera de la Reina,Arganda del Rey,2020-11-18,2020,low_vis_5km,0.2385782057451309,-0.3389269210021527,0.1794198330706823,,False,False,,,39.960647,-4.832961,40.306153676883895,-3.4549112097345023,same_country_year_koppen_uncertainty_lowgap_p25,0.473171,True,True,True,0.0,0.0,0.0,0.005245,,5822.885577,4665.319153636364,0.000254647908947,,4.721540926752777,13.364195388601493,328.12873515964253,291.5350327559967,0.3256504809296771,0.5957329338203446,-1.4314661635854282,1.1522478512417724,9.819299,95210.674479,1.741618,1851.583333
2875|2020-11-18|Talavera de la Reina,2875|2020-11-18|Talavera de la Reina,2875,4815,Spain,Spain,Talavera de la Reina,Igualada,2020-11-18,2020,low_vis_5km,0.2385782057451309,-0.2538786700241114,0.1794198330706823,,False,False,,,39.960647,-4.832961,41.579675275803986,1.6276923055096146,same_country_year_koppen_uncertainty_lowgap_p25,0.561048,True,True,True,0.0,0.0,0.0,0.005245,,5822.885577,4412.456817692308,0.000254647908947,,4.721540926752777,1.063848877712751,328.12873515964253,36.286076800332374,0.3256504809296771,0.3520564118830068,-1.4314661635854282,0.8474269264970299,10.137577,98738.382812,1.42334,-1676.125
2875|2020-01-05|Talavera de la Reina,2875|2020-01-05|Talavera de la Reina,2875,3842,Spain,Spain,Talavera de la Reina,Guadalajara,2020-01-05,2020,low_vis_5km,0.2385782057451309,-0.4597998532180016,0.1794198330706823,,False,False,,,39.960647,-4.832961,40.634229913464566,-3.1663363139812692,same_country_year_koppen_uncertainty_lowgap_p25,0.235838,True,True,True,0.0,0.0,0.0,0.0,,5822.885577,5756.2522033333335,0.000254647908947,,4.721540926752777,2.3855090154630307,328.12873515964253,256.76447145100366,0.3256504809296771,0.1393982738490896,-1.4314661635854282,1.6934206278723714,3.755843,93222.682292,0.657634,3979.583333
2875|2020-01-05|Talavera de la Reina,2875|2020-01-05|Talavera de la Reina,2875,3752,Spain,Spain,Talavera de la Reina,Arganda del Rey,2020-01-05,2020,low_vis_5km,0.2385782057451309,-0.3389269210021527,0.1794198330706823,,False,False,,,39.960647,-4.832961,40.306153676883895,-3.4549112097345023,same_country_year_koppen_uncertainty_lowgap_p25,0.473171,True,True,True,0.0,0.0,0.0,0.0,,5822.885577,4665.319153636364,0.000254647908947,,4.721540926752777,13.364195388601493,328.12873515964253,291.5350327559967,0.3256504809296771,0.5957329338203446,-1.4314661635854282,1.1522478512417724,3.863021,95283.932292,0.550456,1918.333333
2875|2020-01-05|Talavera de la Reina,2875|2020-01-05|Talavera de la Reina,2875,4815,Spain,Spain,Talavera de la Reina,Igualada,2020-01-05,2020,low_vis_5km,0.2385782057451309,-0.2538786700241114,0.1794198330706823,,False,False,,,39.960647,-4.832961,41.579675275803986,1.6276923055096146,same_country_year_koppen_uncertainty_lowgap_p25,0.561048,True,True,True,0.0,0.0,0.0,0.0,,5822.885577,4412.456817692308,0.000254647908947,,4.721540926752777,1.063848877712751,328.12873515964253,36.286076800332374,0.3256504809296771,0.3520564118830068,-1.4314661635854282,0.8474269264970299,5.760075,98759.890625,-1.346598,-1557.625
4942|2021-09-02|Celaya,4942|2021-09-02|Celaya,4942,6696,México,México,Celaya,Matamoros,2021-09-02,2021,low_ceiling_1000m,0.431720207933275,-0.2713939823465354,0.1800035020136578,,False,False,BSh,,20.531576,-100.820914,25.847048265415868,-97.50931699803468,same_country_year_koppen_uncertainty_lowgap_p25,1.349174,True,True,True,1.25,0.0,1.25,9.14526,,5500.956343939394,5099.120625252525,0.0001273239544735,,6.562864635255111,8.129910296062748,328.116473165505,29.96880844717999,0.62998983989341,1.0415073247930675,-1.4288602997278117,1.719023240273458,30.576054,100880.984375,-11.927653,-20210.125
4942|2021-09-02|Celaya,4942|2021-09-02|Celaya,4942,4288,México,México,Celaya,San Francisco del Rincón,2021-09-02,2021,low_ceiling_1000m,0.431720207933275,-0.2108052288781802,0.1800035020136578,,False,False,BSh,,20.531576,-100.820914,21.025504865614927,-101.8607450821336,same_country_year_koppen_uncertainty_lowgap_p25,1.437235,True,True,True,1.25,0.26,0.99,9.14526,,5500.956343939394,4393.776685714286,0.0001273239544735,,6.562864635255111,16.709251224239814,328.116473165505,324.4454119629594,0.62998983989341,-0.4684258488769919,-1.4288602997278117,0.557263985951384,19.293827,81735.484375,-0.645426,-1064.625
4942|2021-09-02|Celaya,4942|2021-09-02|Celaya,4942,4134,México,México,Celaya,Chihuahua,2021-09-02,2021,low_ceiling_1000m,0.431720207933275,-0.2152357358089035,0.1800035020136578,,False,False,BSh,,20.531576,-100.820914,28.659020888249007,-106.0811875464914,same_country_year_koppen_uncertainty_lowgap_p25,1.673333,True,True,True,1.25,0.086111,1.163889,9.14526,,5500.956343939394,4201.6389046875,0.0001273239544735,,6.562864635255111,4.608050563636304,328.116473165505,391.7325558931292,0.62998983989341,0.4056024666866626,-1.4288602997278117,1.256677845335772,23.07817,85209.401042,-4.429769,-4538.541667
4942|2021-10-03|Celaya,4942|2021-10-03|Celaya,4942,6696,México,México,Celaya,Matamoros,2021-10-03,2021,low_ceiling_1000m,0.431720207933275,-0.2713939823465354,0.1800035020136578,,False,False,BSh,,20.531576,-100.820914,25.847048265415868,-97.50931699803468,same_country_year_koppen_uncertainty_lowgap_p25,1.349174,True,True,True,0.101111,0.0,0.101111,16.160011,,5500.956343939394,5099.120625252525,0.0001273239544735,,6.562864635255111,8.129910296062748,328.116473165505,29.96880844717999,0.62998983989341,1.0415073247930675,-1.4288602997278117,1.719023240273458,27.490452,101332.796875,-8.901611,-20501.125
4942|2021-10-03|Celaya,4942|2021-10-03|Celaya,4942,4288,México,México,Celaya,San Francisco del Rincón,2021-10-03,2021,low_ceiling_1000m,0.431720207933275,-0.2108052288781802,0.1800035020136578,,False,False,BSh,,20.531576,-100.820914,21.025504865614927,-101.8607450821336,same_country_year_koppen_uncertainty_lowgap_p25,1.437235,True,True,True,0.101111,0.058333,0.042778,16.160011,,5500.956343939394,4393.776685714286,0.0001273239544735,,6.562864635255111,16.709251224239814,328.116473165505,324.4454119629594,0.62998983989341,-0.4684258488769919,-1.4288602997278117,0.557263985951384,18.906468,81900.296875,-0.317627,-1068.625
4942|2021-10-03|Celaya,4942|2021-10-03|Celaya,4942,4134,México,México,Celaya,Chihuahua,2021-10-03,2021,low_ceiling_1000m,0.431720207933275,-0.2152357358089035,0.1800035020136578,,False,False,BSh,,20.531576,-100.820914,28.659020888249007,-106.0811875464914,same_country_year_koppen_uncertainty_lowgap_p25,1.673333,True,True,True,0.101111,0.484444,-0.383333,16.160011,,5500.956343939394,4201.6389046875,0.0001273239544735,,6.562864635255111,4.608050563636304,328.116473165505,391.7325558931292,0.62998983989341,0.4056024666866626,-1.4288602997278117,1.256677845335772,21.182672,85590.713542,-2.593831,-4759.041667
4379|2021-04-05|Karadeniz Ereğli,4379|2021-04-05|Karadeniz Ereğli,4379,858,Turkey,Turkey,Karadeniz Ereğli,Tekirdağ,2021-04-05,2021,thunder_or_convective,0.4242936646457224,-0.2891304251263003,0.2019494542695382,,False,False,,,41.265007,31.422627,40.97362181837198,27.521795993298632,same_country_year_koppen_uncertainty_lowgap_p25,0.80729,True,True,True,0.449444,0.001111,0.448333,18.430233,,4424.80204,4822.32412,0.000254647908947,,1.7391893438228485,3.435653266875913,0.5836552227457015,1.2815414559229568,1.3026520945925817,0.5238507917929855,-1.3308798186814146,1.4333554148822003,7.769454,100281.148438,0.150716,-1916.666667
4379|2021-04-05|Karadeniz Ereğli,4379|2021-04-05|Karadeniz Ereğli,4379,3459,Turkey,Turkey,Karadeniz Ereğli,Yalova,2021-04-05,2021,thunder_or_convective,0.4242936646457224,-0.1969260379736981,0.2019494542695382,,False,False,,,41.265007,31.422627,40.65253863849585,29.282727859013196,same_country_year_koppen_uncertainty_lowgap_p25,0.920811,True,True,True,0.449444,0.238889,0.210555,18.430233,,4424.80204,4905.462747058824,0.000254647908947,,1.7391893438228485,9.67680099117227,0.5836552227457015,1.3070794959245655,1.3026520945925817,1.399488503168794,-1.3308798186814146,1.663778926491979,8.00269,99373.190104,-0.08252,-1008.708333
4379|2021-04-05|Karadeniz Ereğli,4379|2021-04-05|Karadeniz Ereğli,4379,4341,Turkey,Turkey,Karadeniz Ereğli,Düzce,2021-04-05,2021,thunder_or_convective,0.4242936646457224,-0.2264300955906888,0.2019494542695382,,False,False,,,41.265007,31.422627,40.84383926392352,31.157814680057847,same_country_year_koppen_uncertainty_lowgap_p25,1.045308,True,True,True,0.449444,1.481667,-1.032223,18.430233,,4424.80204,6187.665303448276,0.000254647908947,,1.7391893438228485,2.063061364596871,0.5836552227457015,24.0677466235646,1.3026520945925817,0.3952645804304721,-1.3308798186814146,1.1586973642893748,7.026046,91471.315104,0.894124,6893.166667
4379|2021-04-08|Karadeniz Ereğli,4379|2021-04-08|Karadeniz Ereğli,4379,858,Turkey,Turkey,Karadeniz Ereğli,Tekirdağ,2021-04-08,2021,low_ceiling_1000m,0.4242936646457224,-0.2891304251263003,0.2019494542695382,,False,False,,,41.265007,31.422627,40.97362181837198,27.521795993298632,same_country_year_koppen_uncertainty_lowgap_p25,0.80729,True,True,True,1.235556,0.050556,1.185,11.201859,,4424.80204,4822.32412,0.000254647908947,,1.7391893438228485,3.435653266875913,0.5836552227457015,1.2815414559229568,1.3026520945925817,0.5238507917929855,-1.3308798186814146,1.4333554148822003,5.457015,100725.9375,1.354818,-2108.0
4379|2021-04-08|Karadeniz Ereğli,4379|2021-04-08|Karadeniz Ereğli,4379,3459,Turkey,Turkey,Karadeniz Ereğli,Yalova,2021-04-08,2021,low_ceiling_1000m,0.4242936646457224,-0.1969260379736981,0.2019494542695382,,False,False,,,41.265007,31.422627,40.65253863849585,29.282727859013196,same_country_year_koppen_uncertainty_lowgap_p25,0.920811,True,True,True,1.235556,0.070556,1.165,11.201859,,4424.80204,4905.462747058824,0.000254647908947,,1.7391893438228485,9.67680099117227,0.5836552227457015,1.3070794959245655,1.3026520945925817,1.399488503168794,-1.3308798186814146,1.663778926491979,6.221582,99680.020833,0.590251,-1062.083333
4379|2021-04-08|Karadeniz Ereğli,4379|2021-04-08|Karadeniz Ereğli,4379,4341,Turkey,Turkey,Karadeniz Ereğli,Düzce,2021-04-08,2021,low_ceiling_1000m,0.4242936646457224,-0.2264300955906888,0.2019494542695382,,False,False,,,41.265007,31.422627,40.84383926392352,31.157814680057847,same_country_year_koppen_uncertainty_lowgap_p25,1.045308,True,True,True,1.235556,0.4,0.835556,11.201859,,4424.80204,6187.665303448276,0.000254647908947,,1.7391893438228485,2.063061364596871,0.5836552227457015,24.0677466235646,1.3026520945925817,0.3952645804304721,-1.3308798186814146,1.1586973642893748,4.933171,91588.520833,1.878662,7029.416667
10954|2021-05-07|Giridih,10954|2021-05-07|Giridih,10954,10132,India,India,Giridih,Thanjavur,2021-05-07,2021,low_vis_5km,0.4242448096368901,-0.2008612165562531,0.2194011556645071,,False,False,Aw,,24.171116,86.306248,10.770179217220884,79.13268065039192,same_country_year_koppen_uncertainty_lowgap_p25,1.038407,True,True,True,0.0,0.0,0.0,5.96571,,5670.705629166667,7401.048096610169,0.0001273239544735,,3.925533527089168,6.228330151614349,256.6828591519296,61.48962511548593,0.8802659428671342,0.584429446195352,-1.252964489338667,1.527036220563529,30.238804,100478.492188,-3.63501,-3196.583334
10954|2021-05-07|Giridih,10954|2021-05-07|Giridih,10954,11432,India,India,Giridih,Chandpara,2021-05-07,2021,low_vis_5km,0.4242448096368901,-0.2124941895864119,0.2194011556645071,,False,False,Aw,,24.171116,86.306248,22.968342743805323,88.78465529398024,same_country_year_koppen_uncertainty_lowgap_p25,1.236262,True,True,True,0.0,0.0,0.0,5.96571,,5670.705629166667,6661.472346666666,0.0001273239544735,,3.925533527089168,11.100908352194775,256.6828591519296,90.72386133387684,0.8802659428671342,0.0568433219413795,-1.252964489338667,0.7579806495843286,28.940464,100908.533854,-2.33667,-3626.625
10954|2021-05-07|Giridih,10954|2021-05-07|Giridih,10954,10080,India,India,Giridih,Siltara,2021-05-07,2021,low_vis_5km,0.4242448096368901,-0.2567600833266778,0.2194011556645071,,False,False,Aw,,24.171116,86.306248,21.367822645426184,81.65945734260364,same_country_year_koppen_uncertainty_lowgap_p25,1.288784,True,True,True,0.0,1.312222,-1.312222,5.96571,,5670.705629166667,4028.20720625,0.0001273239544735,,3.925533527089168,15.350854292513652,256.6828591519296,395.2266457776779,0.8802659428671342,0.2341873056827575,-1.252964489338667,1.0160914646812866,30.3105,97690.450521,-3.706706,-408.541667
10954|2021-01-04|Giridih,10954|2021-01-04|Giridih,10954,10132,India,India,Giridih,Thanjavur,2021-01-04,2021,low_vis_5km,0.4242448096368901,-0.2008612165562531,0.2194011556645071,,False,False,Aw,,24.171116,86.306248,10.770179217220884,79.13268065039192,same_country_year_koppen_uncertainty_lowgap_p25,1.038407,True,True,True,0.0,0.0,0.0,0.0,,5670.705629166667,7401.048096610169,0.0001273239544735,,3.925533527089168,6.228330151614349,256.6828591519296,61.48962511548593,0.8802659428671342,0.584429446195352,-1.252964489338667,1.527036220563529,26.01862,100604.638021,-7.465251,-2811.583333
10954|2021-01-04|Giridih,10954|2021-01-04|Giridih,10954,11432,India,India,Giridih,Chandpara,2021-01-04,2021,low_vis_5km,0.4242448096368901,-0.2124941895864119,0.2194011556645071,,False,False,Aw,,24.171116,86.306248,22.968342743805323,88.78465529398024,same_country_year_koppen_uncertainty_lowgap_p25,1.236262,True,True,True,0.0,0.0,0.0,0.0,,5670.705629166667,6661.472346666666,0.0001273239544735,,3.925533527089168,11.100908352194775,256.6828591519296,90.72386133387684,0.8802659428671342,0.0568433219413795,-1.252964489338667,0.7579806495843286,19.134261,101384.429688,-0.580892,-3591.375
10954|2021-01-04|Giridih,10954|2021-01-04|Giridih,10954,10080,India,India,Giridih,Siltara,2021-01-04,2021,low_vis_5km,0.4242448096368901,-0.2567600833266778,0.2194011556645071,,False,False,Aw,,24.171116,86.306248,21.367822645426184,81.65945734260364,same_country_year_koppen_uncertainty_lowgap_p25,1.288784,True,True,True,0.0,0.0,0.0,0.0,,5670.705629166667,4028.20720625,0.0001273239544735,,3.925533527089168,15.350854292513652,256.6828591519296,395.2266457776779,0.8802659428671342,0.2341873056827575,-1.252964489338667,1.0160914646812866,20.821924,98126.971354,-2.268555,-333.916666
175|2021-07-28|Điện Biên Phủ,175|2021-07-28|Điện Biên Phủ,175,1739,Vietnam,Vietnam,Điện Biên Phủ,Phúc Yên,2021-07-28,2021,thunder_or_convective,0.4210421936368891,-0.2240357538574729,0.1652950446506741,,False,False,,,21.388702,103.018583,21.239375103723827,105.72237654564918,same_country_year_koppen_uncertainty_lowgap_p25,0.965401,True,True,True,0.003889,0.088333,-0.084444,7.230759,,3593.0871382352943,3784.632731,0.0001273239544735,,1.4621449867646352,8.447059325582973,333.03551537488755,92.50786143688232,0.7556402756870136,0.6751676203360134,-1.4945280689397584,1.2790882745112775,30.393701,99359.796875,-5.382324,-9062.291667
175|2021-07-28|Điện Biên Phủ,175|2021-07-28|Điện Biên Phủ,175,5031,Vietnam,Vietnam,Điện Biên Phủ,Trang Bang,2021-07-28,2021,thunder_or_convective,0.4210421936368891,-0.1872684724254659,0.1652950446506741,,False,False,,,21.388702,103.018583,11.024954059705768,106.37291346135945,same_country_year_koppen_uncertainty_lowgap_p25,1.063862,True,True,True,0.003889,0.0,0.003889,7.230759,,3593.0871382352943,3158.056480952381,0.0001273239544735,,1.4621449867646352,12.209831124929222,333.03551537488755,56.9735070891997,0.7556402756870136,0.6101541985171441,-1.4945280689397584,0.8682738373579658,27.879867,100544.588542,-2.86849,-10247.083334
175|2021-07-28|Điện Biên Phủ,175|2021-07-28|Điện Biên Phủ,175,1915,Vietnam,Vietnam,Điện Biên Phủ,Quốc Oai,2021-07-28,2021,thunder_or_convective,0.4210421936368891,-0.2458424030693606,0.1652950446506741,,False,False,,,21.388702,103.018583,21.007861014080067,105.630204110918,same_country_year_koppen_uncertainty_lowgap_p25,1.305237,True,True,True,0.003889,1.123889,-1.12,7.230759,,3593.0871382352943,4624.6180125,0.0001273239544735,,1.4621449867646352,13.994866023961986,333.03551537488755,97.64515293678105,0.7556402756870136,0.1819392931673129,-1.4945280689397584,0.9043650517859608,30.877995,99576.755208,-5.866618,-9279.25
175|2021-05-01|Điện Biên Phủ,175|2021-05-01|Điện Biên Phủ,175,1739,Vietnam,Vietnam,Điện Biên Phủ,Phúc Yên,2021-05-01,2021,thunder_or_convective,0.4210421936368891,-0.2240357538574729,0.1652950446506741,,False,False,,,21.388702,103.018583,21.239375103723827,105.72237654564918,same_country_year_koppen_uncertainty_lowgap_p25,0.965401,True,True,True,3.065556,0.124444,2.941112,7.359028,,3593.0871382352943,3784.632731,0.0001273239544735,,1.4621449867646352,8.447059325582973,333.03551537488755,92.50786143688232,0.7556402756870136,0.6751676203360134,-1.4945280689397584,1.2790882745112775,26.567417,100681.40625,-4.046468,-9486.708333
175|2021-05-01|Điện Biên Phủ,175|2021-05-01|Điện Biên Phủ,175,5031,Vietnam,Vietnam,Điện Biên Phủ,Trang Bang,2021-05-01,2021,thunder_or_convective,0.4210421936368891,-0.1872684724254659,0.1652950446506741,,False,False,,,21.388702,103.018583,11.024954059705768,106.37291346135945,same_country_year_koppen_uncertainty_lowgap_p25,1.063862,True,True,True,3.065556,0.0,3.065556,7.359028,,3593.0871382352943,3158.056480952381,0.0001273239544735,,1.4621449867646352,12.209831124929222,333.03551537488755,56.9735070891997,0.7556402756870136,0.6101541985171441,-1.4945280689397584,0.8682738373579658,28.809117,100997.239583,-6.288168,-9802.541666
175|2021-05-01|Điện Biên Phủ,175|2021-05-01|Điện Biên Phủ,175,1915,Vietnam,Vietnam,Điện Biên Phủ,Quốc Oai,2021-05-01,2021,thunder_or_convective,0.4210421936368891,-0.2458424030693606,0.1652950446506741,,False,False,,,21.388702,103.018583,21.007861014080067,105.630204110918,same_country_year_koppen_uncertainty_lowgap_p25,1.305237,True,True,True,3.065556,0.003333,3.062223,7.359028,,3593.0871382352943,4624.6180125,0.0001273239544735,,1.4621449867646352,13.994866023961986,333.03551537488755,97.64515293678105,0.7556402756870136,0.1819392931673129,-1.4945280689397584,0.9043650517859608,26.470656,100908.53125,-3.949707,-9713.833333
10433|2021-03-14|Baishan,10433|2021-03-14|Baishan,10433,10025,China,China,Baishan,Benxi,2021-03-14,2021,fog,0.4176992544957435,-0.1852271509470777,0.2292359773536449,,False,False,Dwa,,41.938761,126.424563,41.29145514719016,123.7503761908393,same_country_year_koppen_uncertainty_lowgap_p25,1.698552,True,True,True,0.0,0.0,0.0,0.0,,13585.061845945946,11034.743119117646,0.000254647908947,,67.4496712980915,42.24078107865443,234.925866865715,130.55749844653494,1.3708901905826187,0.6380346007672881,-1.2090556833378223,1.1946582855244885,6.998031,97355.65625,-2.541097,-4790.666667
10433|2021-03-14|Baishan,10433|2021-03-14|Baishan,10433,9949,China,China,Baishan,Qianjin,2021-03-14,2021,fog,0.4176992544957435,-0.3300248905708199,0.2292359773536449,,False,False,Dwa,,41.938761,126.424563,41.7992268165388,123.950078335615,same_country_year_koppen_uncertainty_lowgap_p25,2.440858,True,True,True,0.0,0.0,0.0,0.0,,13585.061845945946,6225.60304875,0.000254647908947,,67.4496712980915,43.805732992508105,234.925866865715,169.74060090791454,1.3708901905826187,-0.1218391674269115,-1.2090556833378223,0.9493162033298528,8.066797,98950.53125,-3.609863,-6385.541667
10433|2021-03-14|Baishan,10433|2021-03-14|Baishan,10433,9397,China,China,Baishan,Hulan,2021-03-14,2021,fog,0.4176992544957435,-0.2765472005016606,0.2292359773536449,,False,False,Dwa,,41.938761,126.424563,45.921887129065006,126.573869191809,same_country_year_koppen_uncertainty_lowgap_p25,2.577852,True,True,True,0.0,0.0,0.0,0.0,,13585.061845945946,4531.991670370371,0.000254647908947,,67.4496712980915,23.030761941163444,234.925866865715,489.85856599342833,1.3708901905826187,0.3494402489982389,-1.2090556833378223,1.3998700643118225,6.567041,99420.197917,-2.110107,-6855.208334
10433|2021-08-22|Baishan,10433|2021-08-22|Baishan,10433,10025,China,China,Baishan,Benxi,2021-08-22,2021,low_vis_5km,0.4176992544957435,-0.1852271509470777,0.2292359773536449,,False,False,Dwa,,41.938761,126.424563,41.29145514719016,123.7503761908393,same_country_year_koppen_uncertainty_lowgap_p25,1.698552,True,True,True,0.0,0.0,0.0,1.298428,,13585.061845945946,11034.743119117646,0.000254647908947,,67.4496712980915,42.24078107865443,234.925866865715,130.55749844653494,1.3708901905826187,0.6380346007672881,-1.2090556833378223,1.1946582855244885,24.106226,96596.677083,-3.943848,-4539.291666
10433|2021-08-22|Baishan,10433|2021-08-22|Baishan,10433,9949,China,China,Baishan,Qianjin,2021-08-22,2021,low_vis_5km,0.4176992544957435,-0.3300248905708199,0.2292359773536449,,False,False,Dwa,,41.938761,126.424563,41.7992268165388,123.950078335615,same_country_year_koppen_uncertainty_lowgap_p25,2.440858,True,True,True,0.0,0.0,0.0,1.298428,,13585.061845945946,6225.60304875,0.000254647908947,,67.4496712980915,43.805732992508105,234.925866865715,169.74060090791454,1.3708901905826187,-0.1218391674269115,-1.2090556833378223,0.9493162033298528,25.048853,98095.302083,-4.886475,-6037.916666
10433|2021-08-22|Baishan,10433|2021-08-22|Baishan,10433,9397,China,China,Baishan,Hulan,2021-08-22,2021,low_vis_5km,0.4176992544957435,-0.2765472005016606,0.2292359773536449,,False,False,Dwa,,41.938761,126.424563,45.921887129065006,126.573869191809,same_country_year_koppen_uncertainty_lowgap_p25,2.577852,True,True,True,0.0,0.0,0.0,1.298428,,13585.061845945946,4531.991670370371,0.000254647908947,,67.4496712980915,23.030761941163444,234.925866865715,489.85856599342833,1.3708901905826187,0.3494402489982389,-1.2090556833378223,1.3998700643118225,20.516626,98614.677083,-0.354248,-6557.291666
6848|2021-05-16|Rio Claro,6848|2021-05-16|Rio Claro,6848,7143,Brazil,Brazil,Rio Claro,Passos,2021-05-16,2021,fog,0.3961356481344298,-0.3198146079947869,0.2518531488939473,,False,False,Cwa,,-22.40359,-47.56742,-20.72119660232317,-46.61161141910138,same_country_year_koppen_uncertainty_lowgap_p25,1.410279,True,True,True,0.0,0.0,0.0,0.077248,,4420.520623255814,4485.7291347826085,0.0001273239544735,,3.24918251059195,5.026433704837852,207.03057712835007,333.86410942518614,0.3891352664154375,-1.1442912676273451,-1.1080784588551658,1.1742022542421948,19.099705,91945.955729,0.144206,2721.166667
6848|2021-05-16|Rio Claro,6848|2021-05-16|Rio Claro,6848,7771,Brazil,Brazil,Rio Claro,Barbacena,2021-05-16,2021,fog,0.3961356481344298,-0.4194636830815061,0.2518531488939473,,False,False,Cwa,,-22.40359,-47.56742,-21.21685691209369,-43.77256588932103,same_country_year_koppen_uncertainty_lowgap_p25,1.501487,True,True,True,0.0,0.0,0.0,0.077248,,4420.520623255814,5194.915926842105,0.0001273239544735,,3.24918251059195,6.099393388992109,207.03057712835007,184.45937773241135,0.3891352664154375,-0.7849387610143087,-1.1080784588551658,1.7718571299866417,16.378676,90410.330729,2.865235,4256.791667
6848|2021-05-16|Rio Claro,6848|2021-05-16|Rio Claro,6848,6743,Brazil,Brazil,Rio Claro,Franca,2021-05-16,2021,fog,0.3961356481344298,-0.39755754971872,0.2518531488939473,,False,False,Cwa,,-22.40359,-47.56742,-20.529593803353453,-47.39852273867117,same_country_year_koppen_uncertainty_lowgap_p25,1.600041,True,True,True,0.0,0.0,0.0,0.077248,,4420.520623255814,3995.0023,0.0001273239544735,,3.24918251059195,1.1528970209733769,207.03057712835007,398.79982420933374,0.3891352664154375,-1.3932792940947567,-1.1080784588551658,1.4212381479442815,20.059747,92305.289062,-0.815836,2361.833334
6848|2021-07-28|Rio Claro,6848|2021-07-28|Rio Claro,6848,7143,Brazil,Brazil,Rio Claro,Passos,2021-07-28,2021,low_vis_5km,0.3961356481344298,-0.3198146079947869,0.2518531488939473,,False,False,Cwa,,-22.40359,-47.56742,-20.72119660232317,-46.61161141910138,same_country_year_koppen_uncertainty_lowgap_p25,1.410279,True,True,True,0.0,0.0,0.0,8.826256,,4420.520623255814,4485.7291347826085,0.0001273239544735,,3.24918251059195,5.026433704837852,207.03057712835007,333.86410942518614,0.3891352664154375,-1.1442912676273451,-1.1080784588551658,1.1742022542421948,17.442773,91698.713542,-1.432128,2750.208333
6848|2021-07-28|Rio Claro,6848|2021-07-28|Rio Claro,6848,7771,Brazil,Brazil,Rio Claro,Barbacena,2021-07-28,2021,low_vis_5km,0.3961356481344298,-0.4194636830815061,0.2518531488939473,,False,False,Cwa,,-22.40359,-47.56742,-21.21685691209369,-43.77256588932103,same_country_year_koppen_uncertainty_lowgap_p25,1.501487,True,True,True,0.0,0.0,0.0,8.826256,,4420.520623255814,5194.915926842105,0.0001273239544735,,3.24918251059195,6.099393388992109,207.03057712835007,184.45937773241135,0.3891352664154375,-0.7849387610143087,-1.1080784588551658,1.7718571299866417,18.473128,89999.088542,-2.462483,4449.833333
6848|2021-07-28|Rio Claro,6848|2021-07-28|Rio Claro,6848,6743,Brazil,Brazil,Rio Claro,Franca,2021-07-28,2021,low_vis_5km,0.3961356481344298,-0.39755754971872,0.2518531488939473,,False,False,Cwa,,-22.40359,-47.56742,-20.529593803353453,-47.39852273867117,same_country_year_koppen_uncertainty_lowgap_p25,1.600041,True,True,True,0.0,0.0,0.0,8.826256,,4420.520623255814,3995.0023,0.0001273239544735,,3.24918251059195,1.1528970209733769,207.03057712835007,398.79982420933374,0.3891352664154375,-1.3932792940947567,-1.1080784588551658,1.4212381479442815,17.138818,92174.713542,-1.128173,2274.208333
7672|2021-12-10|Zigong,7672|2021-12-10|Zigong,7672,10851,China,China,Zigong,Yangjiang,2021-12-10,2021,low_vis_5km,0.3961169570202576,-0.2788826289032831,0.2427479133835288,,False,False,Cwa,,29.352113,104.76754,21.86109235665186,111.97037709693542,same_country_year_koppen_uncertainty_lowgap_p25,1.361298,True,True,True,0.0,0.0,0.0,0.995159,,5587.709175903615,5796.998992857143,0.0001273239544735,,13.944562860724895,17.468869984535875,925.4341966168917,1.5520610440621192,1.229755394705063,-0.1054858444103107,-1.14872993503399,1.1420849821970662,19.996474,101781.307292,-9.42041,-3515.333334
7672|2021-12-10|Zigong,7672|2021-12-10|Zigong,7672,9653,China,China,Zigong,Ningming,2021-12-10,2021,low_vis_5km,0.3961169570202576,-0.2422146947177363,0.2427479133835288,,False,False,Cwa,,29.352113,104.76754,22.12935904736112,107.0607294319672,same_country_year_koppen_uncertainty_lowgap_p25,1.523247,True,True,True,0.0,0.0,0.0,0.995159,,5587.709175903615,5478.231793,0.0001273239544735,,13.944562860724895,6.294069640784925,925.4341966168917,98.9386033000899,1.229755394705063,0.2383554179280983,-1.14872993503399,0.9340718997627931,19.770726,99350.390625,-9.194662,-1084.416667
7672|2021-12-10|Zigong,7672|2021-12-10|Zigong,7672,11127,China,China,Zigong,Zhongxin,2021-12-10,2021,low_vis_5km,0.3961169570202576,-0.182917024221124,0.2427479133835288,,False,False,Cwa,,29.352113,104.76754,24.21371429257814,114.70521561035406,same_country_year_koppen_uncertainty_lowgap_p25,1.551412,True,True,True,0.0,0.0,0.0,0.995159,,5587.709175903615,4072.8669228571425,0.0001273239544735,,13.944562860724895,10.380834666751497,925.4341966168917,153.34548633892544,1.229755394705063,0.0266632356942227,-1.14872993503399,0.5082737454281849,17.353164,97912.057292,-6.7771,353.916666
7672|2021-11-03|Zigong,7672|2021-11-03|Zigong,7672,10851,China,China,Zigong,Yangjiang,2021-11-03,2021,low_vis_5km,0.3961169570202576,-0.2788826289032831,0.2427479133835288,,False,False,Cwa,,29.352113,104.76754,21.86109235665186,111.97037709693542,same_country_year_koppen_uncertainty_lowgap_p25,1.361298,True,True,True,0.0,0.0,0.0,1.101971,,5587.709175903615,5796.998992857143,0.0001273239544735,,13.944562860724895,17.468869984535875,925.4341966168917,1.5520610440621192,1.229755394705063,-0.1054858444103107,-1.14872993503399,1.1420849821970662,23.777083,101337.203125,-8.309651,-3668.541667
7672|2021-11-03|Zigong,7672|2021-11-03|Zigong,7672,9653,China,China,Zigong,Ningming,2021-11-03,2021,low_vis_5km,0.3961169570202576,-0.2422146947177363,0.2427479133835288,,False,False,Cwa,,29.352113,104.76754,22.12935904736112,107.0607294319672,same_country_year_koppen_uncertainty_lowgap_p25,1.523247,True,True,True,0.0,0.0,0.0,1.101971,,5587.709175903615,5478.231793,0.0001273239544735,,13.944562860724895,6.294069640784925,925.4341966168917,98.9386033000899,1.229755394705063,0.2383554179280983,-1.14872993503399,0.9340718997627931,20.843245,98983.161458,-5.375813,-1314.5
7672|2021-11-03|Zigong,7672|2021-11-03|Zigong,7672,11127,China,China,Zigong,Zhongxin,2021-11-03,2021,low_vis_5km,0.3961169570202576,-0.182917024221124,0.2427479133835288,,False,False,Cwa,,29.352113,104.76754,24.21371429257814,114.70521561035406,same_country_year_koppen_uncertainty_lowgap_p25,1.551412,True,True,True,0.0,0.0,0.0,1.101971,,5587.709175903615,4072.8669228571425,0.0001273239544735,,13.944562860724895,10.380834666751497,925.4341966168917,153.34548633892544,1.229755394705063,0.0266632356942227,-1.14872993503399,0.5082737454281849,19.804264,97553.119792,-4.336832,115.541666
10936|2021-05-07|Phusro,10936|2021-05-07|Phusro,10936,10422,India,India,Phusro,Jagdalpur,2021-05-07,2021,low_vis_5km,0.3811713470926121,-0.1907504470900237,0.2199556411603338,,False,False,,,23.772954,85.992166,19.084643956362275,82.01933462666783,same_country_year_koppen_uncertainty_lowgap_p25,0.933247,True,True,True,0.0,0.261111,-0.261111,7.791519,,5655.4166263157895,7897.268533333334,0.0001273239544735,,21.40905865759822,2.09720911769055,243.41550296525784,197.25890664663825,1.0623876176622766,0.4284046582899621,-1.2504889186739314,1.1173292755497053,28.303339,94618.742188,-1.454346,3121.958333
10936|2021-05-07|Phusro,10936|2021-05-07|Phusro,10936,11394,India,India,Phusro,Chakdaha,2021-05-07,2021,low_vis_5km,0.3811713470926121,-0.1824634896936435,0.2199556411603338,,False,False,,,23.772954,85.992166,23.07018717132597,88.526112252389,same_country_year_koppen_uncertainty_lowgap_p25,0.996703,True,True,True,0.0,0.0,0.0,7.791519,,5655.4166263157895,5480.428645555556,0.0001273239544735,,21.40905865759822,18.467345621451795,243.41550296525784,95.54781729123368,1.0623876176622766,0.8683868501130817,-1.2504889186739314,0.9742022031700948,28.987095,100922.450521,-2.138102,-3181.75
10936|2021-05-07|Phusro,10936|2021-05-07|Phusro,10936,11264,India,India,Phusro,Medinipur,2021-05-07,2021,low_vis_5km,0.3811713470926121,-0.1817102067338768,0.2199556411603338,,False,False,,,23.772954,85.992166,22.42192752603974,87.31883769529787,same_country_year_koppen_uncertainty_lowgap_p25,1.005487,True,True,True,0.0,0.283333,-0.283333,7.791519,,5655.4166263157895,7616.832385714285,0.0001273239544735,,21.40905865759822,14.009325461033068,243.41550296525784,56.709660573646424,1.0623876176622766,0.0931451417393155,-1.2504889186739314,0.9330947008161872,29.547886,100447.742188,-2.698893,-2707.041667
10936|2021-01-04|Phusro,10936|2021-01-04|Phusro,10936,10422,India,India,Phusro,Jagdalpur,2021-01-04,2021,low_vis_5km,0.3811713470926121,-0.1907504470900237,0.2199556411603338,,False,False,,,23.772954,85.992166,19.084643956362275,82.01933462666783,same_country_year_koppen_uncertainty_lowgap_p25,0.933247,True,True,True,0.0,0.0,0.0,0.0,,5655.4166263157895,7897.268533333334,0.0001273239544735,,21.40905865759822,2.09720911769055,243.41550296525784,197.25890664663825,1.0623876176622766,0.4284046582899621,-1.2504889186739314,1.1173292755497053,22.065088,94836.429688,-2.836751,3423.916666
10936|2021-01-04|Phusro,10936|2021-01-04|Phusro,10936,11394,India,India,Phusro,Chakdaha,2021-01-04,2021,low_vis_5km,0.3811713470926121,-0.1824634896936435,0.2199556411603338,,False,False,,,23.772954,85.992166,23.07018717132597,88.526112252389,same_country_year_koppen_uncertainty_lowgap_p25,0.996703,True,True,True,0.0,0.0,0.0,0.0,,5655.4166263157895,5480.428645555556,0.0001273239544735,,21.40905865759822,18.467345621451795,243.41550296525784,95.54781729123368,1.0623876176622766,0.8683868501130817,-1.2504889186739314,0.9742022031700948,19.158187,101414.679688,0.07015,-3154.333334
10936|2021-01-04|Phusro,10936|2021-01-04|Phusro,10936,11264,India,India,Phusro,Medinipur,2021-01-04,2021,low_vis_5km,0.3811713470926121,-0.1817102067338768,0.2199556411603338,,False,False,,,23.772954,85.992166,22.42192752603974,87.31883769529787,same_country_year_koppen_uncertainty_lowgap_p25,1.005487,True,True,True,0.0,0.0,0.0,0.0,,5655.4166263157895,7616.832385714285,0.0001273239544735,,21.40905865759822,14.009325461033068,243.41550296525784,56.709660573646424,1.0623876176622766,0.0931451417393155,-1.2504889186739314,0.9330947008161872,19.893864,100964.388021,-0.665527,-2704.041667
3795|2021-05-28|Francisco Beltrão,3795|2021-05-28|Francisco Beltrão,3795,2872,Brazil,Brazil,Francisco Beltrão,Foz do Iguaçu,2021-05-28,2021,gust_15ms,0.3801518494797484,-0.1966613904058463,0.2318041207027374,,False,False,Cfa,,-26.064775,-53.053956,-25.522872867444423,-54.56013205839889,same_country_year_koppen_uncertainty_lowgap_p25,0.674748,True,True,True,0.028333,0.399444,-0.371111,1.851559,,2723.78540625,3053.8004267605634,0.000254647908947,,1.1363891633711107,1.4435183100764912,410.6497062384072,559.6529668817774,0.4346949325732419,0.5406149567059964,-1.1975898823643076,1.611205623164557,22.833134,98003.106771,-2.990153,-4253.125
3795|2021-05-28|Francisco Beltrão,3795|2021-05-28|Francisco Beltrão,3795,6334,Brazil,Brazil,Francisco Beltrão,Lençóis Paulista,2021-05-28,2021,gust_15ms,0.3801518494797484,-0.226771832336007,0.2318041207027374,,False,False,Cfa,,-26.064775,-53.053956,-22.601948663988097,-48.794308565303375,same_country_year_koppen_uncertainty_lowgap_p25,1.052069,True,True,True,0.028333,0.0,0.028333,1.851559,,2723.78540625,3898.380126428572,0.000254647908947,,1.1363891633711107,3.3674261108411487,410.6497062384072,265.63185041952073,0.4346949325732419,-0.8250261761773652,-1.1975898823643076,0.7454073564713272,22.543095,94699.606771,-2.700114,-949.625
3795|2021-05-28|Francisco Beltrão,3795|2021-05-28|Francisco Beltrão,3795,6638,Brazil,Brazil,Francisco Beltrão,São Carlos,2021-05-28,2021,gust_15ms,0.3801518494797484,-0.387679457557097,0.2318041207027374,,False,False,Cfa,,-26.064775,-53.053956,-22.01681573567272,-47.89575791963001,same_country_year_koppen_uncertainty_lowgap_p25,1.807058,True,True,True,0.028333,0.0,0.028333,1.851559,,2723.78540625,3782.732071666667,0.000254647908947,,1.1363891633711107,2.7543806659427035,410.6497062384072,262.6830763888667,0.4346949325732419,-1.1827116635051729,-1.1975898823643076,1.5805867228375576,21.989465,93168.273438,-2.146484,581.708333
3795|2021-06-24|Francisco Beltrão,3795|2021-06-24|Francisco Beltrão,3795,2872,Brazil,Brazil,Francisco Beltrão,Foz do Iguaçu,2021-06-24,2021,gust_15ms,0.3801518494797484,-0.1966613904058463,0.2318041207027374,,False,False,Cfa,,-26.064775,-53.053956,-25.522872867444423,-54.56013205839889,same_country_year_koppen_uncertainty_lowgap_p25,0.674748,True,True,True,0.0,2.533889,-2.533889,10.416985,,2723.78540625,3053.8004267605634,0.000254647908947,,1.1363891633711107,1.4435183100764912,410.6497062384072,559.6529668817774,0.4346949325732419,0.5406149567059964,-1.1975898823643076,1.611205623164557,19.341089,98555.533854,-3.661296,-4337.833333
3795|2021-06-24|Francisco Beltrão,3795|2021-06-24|Francisco Beltrão,3795,6334,Brazil,Brazil,Francisco Beltrão,Lençóis Paulista,2021-06-24,2021,gust_15ms,0.3801518494797484,-0.226771832336007,0.2318041207027374,,False,False,Cfa,,-26.064775,-53.053956,-22.601948663988097,-48.794308565303375,same_country_year_koppen_uncertainty_lowgap_p25,1.052069,True,True,True,0.0,0.0,0.0,10.416985,,2723.78540625,3898.380126428572,0.000254647908947,,1.1363891633711107,3.3674261108411487,410.6497062384072,265.63185041952073,0.4346949325732419,-0.8250261761773652,-1.1975898823643076,0.7454073564713272,18.046167,95143.533854,-2.366374,-925.833333
3795|2021-06-24|Francisco Beltrão,3795|2021-06-24|Francisco Beltrão,3795,6638,Brazil,Brazil,Francisco Beltrão,São Carlos,2021-06-24,2021,gust_15ms,0.3801518494797484,-0.387679457557097,0.2318041207027374,,False,False,Cfa,,-26.064775,-53.053956,-22.01681573567272,-47.89575791963001,same_country_year_koppen_uncertainty_lowgap_p25,1.807058,True,True,True,0.0,0.0,0.0,10.416985,,2723.78540625,3782.732071666667,0.000254647908947,,1.1363891633711107,2.7543806659427035,410.6497062384072,262.6830763888667,0.4346949325732419,-1.1827116635051729,-1.1975898823643076,1.5805867228375576,17.885929,93561.742188,-2.206136,655.958333
8128|2021-04-11|Palu,8128|2021-04-11|Palu,8128,2463,Indonesia,Indonesia,Palu,Tebing Tinggi,2021-04-11,2021,thunder_or_convective,0.3787821152448622,-0.187696806978957,0.2764547948403665,,False,False,Af,,-0.901066,119.8774,3.3383430064369852,99.16023732314332,same_country_year_uncertainty_lowgap_p25,1.305058,True,False,True,0.0,0.0,0.0,11.809826,,4284.016298717949,6403.953382051282,0.0001273239544735,,3.598108244675575,5.539365283459771,4.501564875383695,20.5724097370647,0.2439297577353351,-0.0089510151770741,-0.9982412972566114,1.0937462076382722,27.367558,100857.875,-3.990641,-8409.875
8128|2021-04-11|Palu,8128|2021-04-11|Palu,8128,7895,Indonesia,Indonesia,Palu,Kecamatan Kopang,2021-04-11,2021,thunder_or_convective,0.3787821152448622,-0.2066775667135026,0.2764547948403665,,False,False,Af,,-0.901066,119.8774,-8.63225356471884,116.3694489887622,same_country_year_uncertainty_lowgap_p25,1.368496,True,False,True,0.0,0.0,0.0,11.809826,,4284.016298717949,2596.4364095238093,0.0001273239544735,,3.598108244675575,18.36012621134884,4.501564875383695,22.07499431888145,0.2439297577353351,-0.2929023270342367,-0.9982412972566114,0.8112705654725947,27.179651,99552.083333,-3.802734,-7104.083333
8128|2021-04-11|Palu,8128|2021-04-11|Palu,8128,7797,Indonesia,Indonesia,Palu,Ubud,2021-04-11,2021,thunder_or_convective,0.3787821152448622,-0.2085711521040428,0.2764547948403665,,False,False,Af,,-0.901066,119.8774,-8.522905528333592,115.26770884640275,same_country_year_uncertainty_lowgap_p25,1.453201,True,False,True,0.0,0.0,0.0,11.809826,,4284.016298717949,3728.423932941176,0.0001273239544735,,3.598108244675575,3.763109345275131,4.501564875383695,13.135464181353282,0.2439297577353351,-0.490380446112943,-0.9982412972566114,0.6892509903396816,26.225712,97437.916667,-2.848795,-4989.916667
8128|2021-04-30|Palu,8128|2021-04-30|Palu,8128,2463,Indonesia,Indonesia,Palu,Tebing Tinggi,2021-04-30,2021,thunder_or_convective,0.3787821152448622,-0.187696806978957,0.2764547948403665,,False,False,Af,,-0.901066,119.8774,3.3383430064369852,99.16023732314332,same_country_year_uncertainty_lowgap_p25,1.305058,True,False,True,0.0,2.086667,-2.086667,8.437157,,4284.016298717949,6403.953382051282,0.0001273239544735,,3.598108244675575,5.539365283459771,4.501564875383695,20.5724097370647,0.2439297577353351,-0.0089510151770741,-0.9982412972566114,1.0937462076382722,27.213027,100730.304688,-3.625407,-8362.916667
8128|2021-04-30|Palu,8128|2021-04-30|Palu,8128,7895,Indonesia,Indonesia,Palu,Kecamatan Kopang,2021-04-30,2021,thunder_or_convective,0.3787821152448622,-0.2066775667135026,0.2764547948403665,,False,False,Af,,-0.901066,119.8774,-8.63225356471884,116.3694489887622,same_country_year_uncertainty_lowgap_p25,1.368496,True,False,True,0.0,0.0,0.0,8.437157,,4284.016298717949,2596.4364095238093,0.0001273239544735,,3.598108244675575,18.36012621134884,4.501564875383695,22.07499431888145,0.2439297577353351,-0.2929023270342367,-0.9982412972566114,0.8112705654725947,27.32167,99467.013021,-3.73405,-7099.625
8128|2021-04-30|Palu,8128|2021-04-30|Palu,8128,7797,Indonesia,Indonesia,Palu,Ubud,2021-04-30,2021,thunder_or_convective,0.3787821152448622,-0.2085711521040428,0.2764547948403665,,False,False,Af,,-0.901066,119.8774,-8.522905528333592,115.26770884640275,same_country_year_uncertainty_lowgap_p25,1.453201,True,False,True,0.0,0.0,0.0,8.437157,,4284.016298717949,3728.423932941176,0.0001273239544735,,3.598108244675575,3.763109345275131,4.501564875383695,13.135464181353282,0.2439297577353351,-0.490380446112943,-0.9982412972566114,0.6892509903396816,25.753066,97365.388021,-2.165446,-4998.0
4263|2021-12-15|Rzeszów,4263|2021-12-15|Rzeszów,4263,3403,Poland,Poland,Rzeszów,Bełchatów,2021-12-15,2021,low_ceiling_300m,0.3727925259239825,-0.2107257920052998,0.3741901593416214,,False,False,Dfb,,50.030827,22.002133,51.35896353742977,19.375143003940927,same_country_year_koppen_uncertainty_lowgap_p25,1.246235,True,True,True,0.0,0.0,0.0,0.475883,,4154.646042222223,3423.068758666667,0.0003819718634205,,6.854641766987755,3.4770926585272535,391.4413423077526,233.8785275089932,2.173087158723386,1.551784624385054,-0.5618893942986538,1.2725084682707946,3.934567,100436.105305,-2.946923,-845.821451
4263|2021-12-15|Rzeszów,4263|2021-12-15|Rzeszów,4263,1080,Poland,Poland,Rzeszów,Słupsk,2021-12-15,2021,low_ceiling_300m,0.3727925259239825,-0.3036819984011183,0.3741901593416214,,False,False,Dfb,,50.030827,22.002133,54.463339597672,17.024806823494853,same_country_year_koppen_uncertainty_lowgap_p25,1.426155,True,True,True,0.0,0.0,0.0,0.475883,,4154.646042222223,4364.374916842105,0.0003819718634205,,6.854641766987755,7.495769561299709,391.4413423077526,13.174767989702383,2.173087158723386,1.6343689717394831,-0.5618893942986538,1.7753750461944244,6.331069,101924.325521,-5.343425,-2334.041667
4263|2021-12-15|Rzeszów,4263|2021-12-15|Rzeszów,4263,4107,Poland,Poland,Rzeszów,Mielec,2021-12-15,2021,low_ceiling_300m,0.3727925259239825,-0.24124365161081,0.3741901593416214,,False,False,Dfb,,50.030827,22.002133,50.29769328585175,21.44420840091096,same_country_year_koppen_uncertainty_lowgap_p25,1.536556,True,True,True,0.0,0.0,0.0,0.475883,,4154.646042222223,2886.9516644444443,0.0003819718634205,,6.854641766987755,2.6576747356967148,391.4413423077526,361.2594458462124,2.173087158723386,1.2239140519271796,-0.5618893942986538,1.527557393335053,1.587091,100348.783854,-0.599447,-758.5
4263|2021-11-17|Rzeszów,4263|2021-11-17|Rzeszów,4263,3403,Poland,Poland,Rzeszów,Bełchatów,2021-11-17,2021,fog,0.3727925259239825,-0.2107257920052998,0.3741901593416214,,False,False,Dfb,,50.030827,22.002133,51.35896353742977,19.375143003940927,same_country_year_koppen_uncertainty_lowgap_p25,1.246235,True,True,True,0.005556,0.0,0.005556,0.024796,,4154.646042222223,3423.068758666667,0.0003819718634205,,6.854641766987755,3.4770926585272535,391.4413423077526,233.8785275089932,2.173087158723386,1.551784624385054,-0.5618893942986538,1.2725084682707946,4.470579,99674.679036,-1.443831,-716.551432
4263|2021-11-17|Rzeszów,4263|2021-11-17|Rzeszów,4263,1080,Poland,Poland,Rzeszów,Słupsk,2021-11-17,2021,fog,0.3727925259239825,-0.3036819984011183,0.3741901593416214,,False,False,Dfb,,50.030827,22.002133,54.463339597672,17.024806823494853,same_country_year_koppen_uncertainty_lowgap_p25,1.426155,True,True,True,0.005556,0.051667,-0.046111,0.024796,,4154.646042222223,4364.374916842105,0.0003819718634205,,6.854641766987755,7.495769561299709,391.4413423077526,13.174767989702383,2.173087158723386,1.6343689717394831,-0.5618893942986538,1.7753750461944244,5.912734,101102.085938,-2.885986,-2143.958334
4263|2021-11-17|Rzeszów,4263|2021-11-17|Rzeszów,4263,4107,Poland,Poland,Rzeszów,Mielec,2021-11-17,2021,fog,0.3727925259239825,-0.24124365161081,0.3741901593416214,,False,False,Dfb,,50.030827,22.002133,50.29769328585175,21.44420840091096,same_country_year_koppen_uncertainty_lowgap_p25,1.536556,True,True,True,0.005556,0.0,0.005556,0.024796,,4154.646042222223,2886.9516644444443,0.0003819718634205,,6.854641766987755,2.6576747356967148,391.4413423077526,361.2594458462124,2.173087158723386,1.2239140519271796,-0.5618893942986538,1.527557393335053,1.988255,99698.585938,1.038493,-740.458334
3944|2021-01-23|Belgorod,3944|2021-01-23|Belgorod,3944,6031,Russia,Russia,Belgorod,Ulyanovsk,2021-01-23,2021,low_vis_5km,0.3709589774612502,-0.223697249917436,0.4125955757894122,,False,False,Dfb,,50.591021,36.590908,54.30457195226994,48.34297095737613,same_country_year_koppen_uncertainty_lowgap_p25,1.018414,True,True,True,0.0,0.227778,-0.227778,0.7267,,4805.58424868421,3883.0337009900986,0.0001273239544735,,4.307196090145686,8.398455944882189,310.8719019755848,636.9057543024679,1.3325130073603717,0.325381007505541,-0.390423552467459,1.4474270797133315,-6.986782,100361.627604,10.148031,-991.041666
3944|2021-01-23|Belgorod,3944|2021-01-23|Belgorod,3944,7378,Russia,Russia,Belgorod,Young Leninist,2021-01-23,2021,low_vis_5km,0.3709589774612502,-0.2139349654412161,0.4125955757894122,,False,False,Dfb,,50.591021,36.590908,54.87960970913622,83.0067198381084,same_country_year_koppen_uncertainty_lowgap_p25,1.677932,True,True,True,0.0,0.0,0.0,0.7267,,4805.58424868421,1981.16886,0.0001273239544735,,4.307196090145686,2.3258718543025725,310.8719019755848,873.4625454980894,1.3325130073603717,0.2545668805709634,-0.390423552467459,1.3326387767853056,-20.191662,100929.002604,23.352911,-1558.416666
3944|2021-01-23|Belgorod,3944|2021-01-23|Belgorod,3944,6673,Russia,Russia,Belgorod,Лобаново,2021-01-23,2021,low_vis_5km,0.3709589774612502,-0.2463500564692427,0.4125955757894122,,False,False,Dfb,,50.591021,36.590908,57.88721369880574,56.30397792361633,same_country_year_koppen_uncertainty_lowgap_p25,1.691246,True,True,True,0.0,0.0,0.0,0.7267,,4805.58424868421,4149.35510125,0.0001273239544735,,4.307196090145686,5.9008614737121965,310.8719019755848,617.0284976892343,1.3325130073603717,-0.5232595844642428,-0.390423552467459,0.9857982973364906,-23.963309,100870.252604,27.124558,-1499.666666
3944|2021-02-25|Belgorod,3944|2021-02-25|Belgorod,3944,6031,Russia,Russia,Belgorod,Ulyanovsk,2021-02-25,2021,low_vis_5km,0.3709589774612502,-0.223697249917436,0.4125955757894122,,False,False,Dfb,,50.591021,36.590908,54.30457195226994,48.34297095737613,same_country_year_koppen_uncertainty_lowgap_p25,1.018414,True,True,True,0.0,0.0,0.0,0.41151,,4805.58424868421,3883.0337009900986,0.0001273239544735,,4.307196090145686,8.398455944882189,310.8719019755848,636.9057543024679,1.3325130073603717,0.325381007505541,-0.390423552467459,1.4474270797133315,-18.854946,100604.598958,17.443644,-220.416666
3944|2021-02-25|Belgorod,3944|2021-02-25|Belgorod,3944,7378,Russia,Russia,Belgorod,Young Leninist,2021-02-25,2021,low_vis_5km,0.3709589774612502,-0.2139349654412161,0.4125955757894122,,False,False,Dfb,,50.591021,36.590908,54.87960970913622,83.0067198381084,same_country_year_koppen_uncertainty_lowgap_p25,1.677932,True,True,True,0.0,0.0,0.0,0.41151,,4805.58424868421,1981.16886,0.0001273239544735,,4.307196090145686,2.3258718543025725,310.8719019755848,873.4625454980894,1.3325130073603717,0.2545668805709634,-0.390423552467459,1.3326387767853056,-21.047479,100040.182292,19.636177,344.0
3944|2021-02-25|Belgorod,3944|2021-02-25|Belgorod,3944,6673,Russia,Russia,Belgorod,Лобаново,2021-02-25,2021,low_vis_5km,0.3709589774612502,-0.2463500564692427,0.4125955757894122,,False,False,Dfb,,50.591021,36.590908,57.88721369880574,56.30397792361633,same_country_year_koppen_uncertainty_lowgap_p25,1.691246,True,True,True,0.0,0.0,0.0,0.41151,,4805.58424868421,4149.35510125,0.0001273239544735,,4.307196090145686,5.9008614737121965,310.8719019755848,617.0284976892343,1.3325130073603717,-0.5232595844642428,-0.390423552467459,0.9857982973364906,-24.643671,100723.098958,23.232369,-338.916666
56|2021-12-29|Brest,56|2021-12-29|Brest,56,544,France,France,Brest,Saint-Nazaire,2021-12-29,2021,fog,0.3700115863553835,-0.2066720398573133,0.3824198914375765,,False,False,Cfb,,48.395742,-4.48925,47.27677813565688,-2.2106401204496233,same_country_year_koppen_uncertainty_lowgap_p25,0.730661,True,True,True,0.0,0.067778,-0.067778,9.71508,,3076.876057142857,1682.734944411765,0.0008912676813146,,1.317212077783021,4.5093827474641195,1.139574491431255,0.3623114076915579,2.8725597641087677,2.0103573961429886,-0.5251467139062553,1.374723478085819,12.96795,101326.518229,0.662517,-842.375
56|2021-12-29|Brest,56|2021-12-29|Brest,56,1681,France,France,Brest,Le Havre,2021-12-29,2021,fog,0.3700115863553835,-0.1911583805329637,0.3824198914375765,,False,False,Cfb,,48.395742,-4.48925,49.4870591728847,0.1598997825707736,same_country_year_koppen_uncertainty_lowgap_p25,0.814386,True,True,True,0.0,0.405,-0.405,9.71508,,3076.876057142857,2015.3855174418604,0.0008912676813146,,1.317212077783021,3.952679858826151,1.139574491431255,0.5688784673683703,2.8725597641087677,1.9207537535455368,-0.5251467139062553,1.4934205768002704,12.278335,100067.851562,1.352132,416.291667
56|2021-12-29|Brest,56|2021-12-29|Brest,56,2940,France,France,Brest,Dunkirk,2021-12-29,2021,fog,0.3700115863553835,-0.2818886165706984,0.3824198914375765,,False,False,Cfb,,48.395742,-4.48925,51.033104620672454,2.341614719303309,same_country_year_koppen_uncertainty_lowgap_p25,0.877151,True,True,True,0.0,0.606111,-0.606111,9.71508,,3076.876057142857,1964.9232106060608,0.0008912676813146,,1.317212077783021,1.6586144161816407,1.139574491431255,2.0556910410935636,2.8725597641087677,1.7612207894571943,-0.5251467139062553,1.8382415117594328,10.66603,100521.476562,2.964437,-37.333333
56|2021-12-03|Brest,56|2021-12-03|Brest,56,544,France,France,Brest,Saint-Nazaire,2021-12-03,2021,low_ceiling_1000m,0.3700115863553835,-0.2066720398573133,0.3824198914375765,,False,False,Cfb,,48.395742,-4.48925,47.27677813565688,-2.2106401204496233,same_country_year_koppen_uncertainty_lowgap_p25,0.730661,True,True,True,1.181111,0.491111,0.69,12.029171,,3076.876057142857,1682.734944411765,0.0008912676813146,,1.317212077783021,4.5093827474641195,1.139574491431255,0.3623114076915579,2.8725597641087677,2.0103573961429886,-0.5251467139062553,1.374723478085819,10.022607,101072.815104,1.930664,-787.166666
56|2021-12-03|Brest,56|2021-12-03|Brest,56,1681,France,France,Brest,Le Havre,2021-12-03,2021,low_ceiling_1000m,0.3700115863553835,-0.1911583805329637,0.3824198914375765,,False,False,Cfb,,48.395742,-4.48925,49.4870591728847,0.1598997825707736,same_country_year_koppen_uncertainty_lowgap_p25,0.814386,True,True,True,1.181111,0.096667,1.084444,12.029171,,3076.876057142857,2015.3855174418604,0.0008912676813146,,1.317212077783021,3.952679858826151,1.139574491431255,0.5688784673683703,2.8725597641087677,1.9207537535455368,-0.5251467139062553,1.4934205768002704,6.860417,99881.856771,5.092854,403.791667
56|2021-12-03|Brest,56|2021-12-03|Brest,56,2940,France,France,Brest,Dunkirk,2021-12-03,2021,low_ceiling_1000m,0.3700115863553835,-0.2818886165706984,0.3824198914375765,,False,False,Cfb,,48.395742,-4.48925,51.033104620672454,2.341614719303309,same_country_year_koppen_uncertainty_lowgap_p25,0.877151,True,True,True,1.181111,0.0,1.181111,12.029171,,3076.876057142857,1964.9232106060608,0.0008912676813146,,1.317212077783021,1.6586144161816407,1.139574491431255,2.0556910410935636,2.8725597641087677,1.7612207894571943,-0.5251467139062553,1.8382415117594328,5.339909,100529.148438,6.613362,-243.5
6403|2021-01-24|Nizhnekamsk,6403|2021-01-24|Nizhnekamsk,6403,6031,Russia,Russia,Nizhnekamsk,Ulyanovsk,2021-01-24,2021,low_ceiling_1000m,0.369670877836352,-0.223697249917436,0.3218350551567151,,False,False,Dfb,,55.626131,51.811607,54.30457195226994,48.34297095737613,same_country_year_koppen_uncertainty_lowgap_p25,1.314244,True,True,True,0.0,0.037778,-0.037778,2.414227,,5182.24729375,3883.0337009900986,0.0001273239544735,,27.4681670757702,8.398455944882189,684.6867668945697,636.9057543024679,0.8964410087010497,0.325381007505541,-0.7956353823268937,1.4474270797133315,1.663019,100628.669271,-4.03711,222.75
6403|2021-01-24|Nizhnekamsk,6403|2021-01-24|Nizhnekamsk,6403,6242,Russia,Russia,Nizhnekamsk,Dimitrovgrad,2021-01-24,2021,low_ceiling_1000m,0.369670877836352,-0.2409419305614065,0.3218350551567151,,False,False,Dfb,,55.626131,51.811607,54.22085624156395,49.601213221695694,same_country_year_koppen_uncertainty_lowgap_p25,1.353652,True,True,True,0.0,0.0,0.0,2.414227,,5182.24729375,3687.2105466666662,0.0001273239544735,,27.4681670757702,26.832945880058592,684.6867668945697,597.7864892031167,0.8964410087010497,-0.3956783926186471,-0.7956353823268937,0.9314008893087364,0.433934,101112.419271,-2.808025,-261.0
6403|2021-01-24|Nizhnekamsk,6403|2021-01-24|Nizhnekamsk,6403,6191,Russia,Russia,Nizhnekamsk,Glazov,2021-01-24,2021,low_ceiling_1000m,0.369670877836352,-0.1905357578234381,0.3218350551567151,,False,False,Dfb,,55.626131,51.811607,58.13911643512936,52.66242861757086,same_country_year_koppen_uncertainty_lowgap_p25,1.460942,True,True,True,0.0,0.0,0.0,2.414227,,5182.24729375,4237.4195015,0.0001273239544735,,27.4681670757702,8.852785414584394,684.6867668945697,589.9287712816352,0.8964410087010497,-0.4815011601825797,-0.7956353823268937,0.7835181153889752,-9.346177,99381.377604,6.972086,1470.041667
6403|2021-04-09|Nizhnekamsk,6403|2021-04-09|Nizhnekamsk,6403,6031,Russia,Russia,Nizhnekamsk,Ulyanovsk,2021-04-09,2021,low_ceiling_1000m,0.369670877836352,-0.223697249917436,0.3218350551567151,,False,False,Dfb,,55.626131,51.811607,54.30457195226994,48.34297095737613,same_country_year_koppen_uncertainty_lowgap_p25,1.314244,True,True,True,1.043889,1.311111,-0.267222,15.960693,,5182.24729375,3883.0337009900986,0.0001273239544735,,27.4681670757702,8.398455944882189,684.6867668945697,636.9057543024679,0.8964410087010497,0.325381007505541,-0.7956353823268937,1.4474270797133315,2.884454,100745.497396,-0.056315,254.916666
6403|2021-04-09|Nizhnekamsk,6403|2021-04-09|Nizhnekamsk,6403,6242,Russia,Russia,Nizhnekamsk,Dimitrovgrad,2021-04-09,2021,low_ceiling_1000m,0.369670877836352,-0.2409419305614065,0.3218350551567151,,False,False,Dfb,,55.626131,51.811607,54.22085624156395,49.601213221695694,same_country_year_koppen_uncertainty_lowgap_p25,1.353652,True,True,True,1.043889,2.445556,-1.401667,15.960693,,5182.24729375,3687.2105466666662,0.0001273239544735,,27.4681670757702,26.832945880058592,684.6867668945697,597.7864892031167,0.8964410087010497,-0.3956783926186471,-0.7956353823268937,0.9314008893087364,1.59409,101094.289062,1.234049,-93.875
6403|2021-04-09|Nizhnekamsk,6403|2021-04-09|Nizhnekamsk,6403,6191,Russia,Russia,Nizhnekamsk,Glazov,2021-04-09,2021,low_ceiling_1000m,0.369670877836352,-0.1905357578234381,0.3218350551567151,,False,False,Dfb,,55.626131,51.811607,58.13911643512936,52.66242861757086,same_country_year_koppen_uncertainty_lowgap_p25,1.460942,True,True,True,1.043889,0.0,1.043889,15.960693,,5182.24729375,4237.4195015,0.0001273239544735,,27.4681670757702,8.852785414584394,684.6867668945697,589.9287712816352,0.8964410087010497,-0.4815011601825797,-0.7956353823268937,0.7835181153889752,3.270522,99615.122396,-0.442383,1385.291666
8387|2021-08-31|Timika,8387|2021-08-31|Timika,8387,2463,Indonesia,Indonesia,Timika,Tebing Tinggi,2021-08-31,2021,low_ceiling_1000m,0.3669320043057946,-0.187696806978957,0.2028833245782992,,False,False,Af,,-4.562932,136.877284,3.3383430064369852,99.16023732314332,same_country_year_uncertainty_lowgap_p25,1.258124,True,False,True,13.17,0.212778,12.957222,23.6516,,9510.816648484848,6403.953382051282,0.0001273239544735,,4.327595199516538,5.539365283459771,39.985758066631846,20.5724097370647,-0.4369967745187751,-0.0089510151770741,-1.3267104365092273,1.0937462076382722,26.652765,100745.393229,-1.435628,-2780.125
8387|2021-08-31|Timika,8387|2021-08-31|Timika,8387,2237,Indonesia,Indonesia,Timika,Perbaungan,2021-08-31,2021,low_ceiling_1000m,0.3669320043057946,-0.2006265962716424,0.2028833245782992,,False,False,Af,,-4.562932,136.877284,3.568359115451711,98.9602255745965,same_country_year_uncertainty_lowgap_p25,1.616617,True,False,True,13.17,0.067778,13.102222,23.6516,,9510.816648484848,6644.875190000001,0.0001273239544735,,4.327595199516538,12.374204757736722,39.985758066631846,9.761131000864877,-0.4369967745187751,0.0255164503153971,-1.3267104365092273,1.0611077628216192,27.069594,101141.518229,-1.852457,-3176.25
8387|2021-08-31|Timika,8387|2021-08-31|Timika,8387,7888,Indonesia,Indonesia,Timika,Praya,2021-08-31,2021,low_ceiling_1000m,0.3669320043057946,-0.2237154473741355,0.2028833245782992,,False,False,Af,,-4.562932,136.877284,-8.69442653810524,116.26378241993883,same_country_year_uncertainty_lowgap_p25,1.743406,True,False,True,13.17,0.0,13.17,23.6516,,9510.816648484848,5080.889812121211,0.0001273239544735,,4.327595199516538,8.382060387576859,39.985758066631846,17.12435571048932,-0.4369967745187751,-0.4790140671465718,-1.3267104365092273,1.105472594997548,26.111993,99502.184896,-0.894856,-1536.916667
8387|2021-01-09|Timika,8387|2021-01-09|Timika,8387,2463,Indonesia,Indonesia,Timika,Tebing Tinggi,2021-01-09,2021,low_ceiling_1000m,0.3669320043057946,-0.187696806978957,0.2028833245782992,,False,False,Af,,-4.562932,136.877284,3.3383430064369852,99.16023732314332,same_country_year_uncertainty_lowgap_p25,1.258124,True,False,True,1.666111,0.0,1.666111,17.146587,,9510.816648484848,6403.953382051282,0.0001273239544735,,4.327595199516538,5.539365283459771,39.985758066631846,20.5724097370647,-0.4369967745187751,-0.0089510151770741,-1.3267104365092273,1.0937462076382722,26.849013,100641.440104,-1.036865,-2929.791666
8387|2021-01-09|Timika,8387|2021-01-09|Timika,8387,2237,Indonesia,Indonesia,Timika,Perbaungan,2021-01-09,2021,low_ceiling_1000m,0.3669320043057946,-0.2006265962716424,0.2028833245782992,,False,False,Af,,-4.562932,136.877284,3.568359115451711,98.9602255745965,same_country_year_uncertainty_lowgap_p25,1.616617,True,False,True,1.666111,0.001111,1.665,17.146587,,9510.816648484848,6644.875190000001,0.0001273239544735,,4.327595199516538,12.374204757736722,39.985758066631846,9.761131000864877,-0.4369967745187751,0.0255164503153971,-1.3267104365092273,1.0611077628216192,26.949843,101044.523438,-1.137695,-3332.875
8387|2021-01-09|Timika,8387|2021-01-09|Timika,8387,7888,Indonesia,Indonesia,Timika,Praya,2021-01-09,2021,low_ceiling_1000m,0.3669320043057946,-0.2237154473741355,0.2028833245782992,,False,False,Af,,-4.562932,136.877284,-8.69442653810524,116.26378241993883,same_country_year_uncertainty_lowgap_p25,1.743406,True,False,True,1.666111,1.871111,-0.205,17.146587,,9510.816648484848,5080.889812121211,0.0001273239544735,,4.327595199516538,8.382060387576859,39.985758066631846,17.12435571048932,-0.4369967745187751,-0.4790140671465718,-1.3267104365092273,1.105472594997548,27.0829,99049.148438,-1.270752,-1337.5
10840|2021-01-29|Rourkela,10840|2021-01-29|Rourkela,10840,10132,India,India,Rourkela,Thanjavur,2021-01-29,2021,low_vis_5km,0.3639691959569022,-0.2008612165562531,0.4141131150411486,,False,False,Aw,,22.238048,84.844658,10.770179217220884,79.13268065039192,same_country_year_koppen_uncertainty_lowgap_p25,1.738134,True,True,True,0.0,0.005556,-0.005556,1.727581,,8868.71156875,7401.048096610169,0.0001273239544735,,3.5894811521617997,6.228330151614349,227.2652131308151,61.48962511548593,1.9823671958854208,0.584429446195352,-0.3836483064376549,1.527036220563529,26.523716,100829.90625,-7.44165,-2492.333333
10840|2021-01-29|Rourkela,10840|2021-01-29|Rourkela,10840,10006,India,India,Rourkela,Vellore,2021-01-29,2021,low_vis_5km,0.3639691959569022,-0.2445737262195922,0.4141131150411486,,False,False,Aw,,22.238048,84.844658,12.932520114326,79.13812056255384,same_country_year_koppen_uncertainty_lowgap_p25,1.744472,True,True,True,0.0,0.0,0.0,1.727581,,8868.71156875,8310.15619787234,0.0001273239544735,,3.5894811521617997,7.487407724303399,227.2652131308151,108.92918488870428,1.9823671958854208,-0.1407238127862597,-0.3836483064376549,1.1128341603953165,24.343947,98555.114583,-5.261881,-217.541666
10840|2021-01-29|Rourkela,10840|2021-01-29|Rourkela,10840,6662,India,India,Rourkela,Anand,2021-01-29,2021,low_vis_5km,0.3639691959569022,-0.1876681360503078,0.4141131150411486,,False,False,Aw,,22.238048,84.844658,22.55047884835942,72.94624089775064,same_country_year_koppen_uncertainty_lowgap_p25,2.116821,True,True,True,0.0,0.0,0.0,1.727581,,8868.71156875,8712.172945205479,0.0001273239544735,,3.5894811521617997,37.0276253332593,227.2652131308151,32.03434490822278,1.9823671958854208,0.4769325142870905,-0.3836483064376549,1.0892510924838834,18.461379,101211.364583,0.620687,-2873.791666
10840|2021-06-12|Rourkela,10840|2021-06-12|Rourkela,10840,10132,India,India,Rourkela,Thanjavur,2021-06-12,2021,low_vis_5km,0.3639691959569022,-0.2008612165562531,0.4141131150411486,,False,False,Aw,,22.238048,84.844658,10.770179217220884,79.13268065039192,same_country_year_koppen_uncertainty_lowgap_p25,1.738134,True,True,True,3.944444,0.558889,3.385555,29.270649,,8868.71156875,7401.048096610169,0.0001273239544735,,3.5894811521617997,6.228330151614349,227.2652131308151,61.48962511548593,1.9823671958854208,0.584429446195352,-0.3836483064376549,1.527036220563529,31.66606,100071.903646,-3.445149,-3371.208334
10840|2021-06-12|Rourkela,10840|2021-06-12|Rourkela,10840,10006,India,India,Rourkela,Vellore,2021-06-12,2021,low_vis_5km,0.3639691959569022,-0.2445737262195922,0.4141131150411486,,False,False,Aw,,22.238048,84.844658,12.932520114326,79.13812056255384,same_country_year_koppen_uncertainty_lowgap_p25,1.744472,True,True,True,3.944444,0.008333,3.936111,29.270649,,8868.71156875,8310.15619787234,0.0001273239544735,,3.5894811521617997,7.487407724303399,227.2652131308151,108.92918488870428,1.9823671958854208,-0.1407238127862597,-0.3836483064376549,1.1128341603953165,30.026982,97622.861979,-1.806071,-922.166667
10840|2021-06-12|Rourkela,10840|2021-06-12|Rourkela,10840,6662,India,India,Rourkela,Anand,2021-06-12,2021,low_vis_5km,0.3639691959569022,-0.1876681360503078,0.4141131150411486,,False,False,Aw,,22.238048,84.844658,22.55047884835942,72.94624089775064,same_country_year_koppen_uncertainty_lowgap_p25,2.116821,True,True,True,3.944444,0.0,3.944444,29.270649,,8868.71156875,8712.172945205479,0.0001273239544735,,3.5894811521617997,37.0276253332593,227.2652131308151,32.03434490822278,1.9823671958854208,0.4769325142870905,-0.3836483064376549,1.0892510924838834,33.548385,99666.070312,-5.327474,-2965.375
8051|2021-11-28|Jequié,8051|2021-11-28|Jequié,8051,7488,Brazil,Brazil,Jequié,Caçapava,2021-11-28,2021,gust_15ms,0.3638400753993868,-0.2245258304664421,0.245870542228448,,False,False,,,-13.860333,-40.080958,-23.106170438625977,-45.70488421215251,same_country_year_koppen_uncertainty_lowgap_p25,0.357445,True,True,True,0.448889,0.0,0.448889,38.930416,,4210.029953125,3855.985438571429,0.0001273239544735,,2.334260268012282,4.563588225690839,91.23744348268262,66.32773542091189,0.1186622183845943,0.0485392500015602,-1.134788563395739,1.0985670557748637,23.249913,91656.65625,-0.761963,3446.458333
8051|2021-11-28|Jequié,8051|2021-11-28|Jequié,8051,6413,Brazil,Brazil,Jequié,Formosa,2021-11-28,2021,gust_15ms,0.3638400753993868,-0.2728110628858007,0.245870542228448,,False,False,,,-13.860333,-40.080958,-15.543933187287688,-47.329753006437045,same_country_year_koppen_uncertainty_lowgap_p25,0.450641,True,True,True,0.448889,0.041111,0.407778,38.930416,,4210.029953125,3971.56738875,0.0001273239544735,,2.334260268012282,2.0626277323036786,91.23744348268262,803.5660956726903,0.1186622183845943,-0.4192580238873389,-1.134788563395739,1.3967430276826824,23.546381,91427.40625,-1.058431,3675.708333
8051|2021-11-28|Jequié,8051|2021-11-28|Jequié,8051,6891,Brazil,Brazil,Jequié,Pirassununga,2021-11-28,2021,gust_15ms,0.3638400753993868,-0.2509289140512042,0.245870542228448,,False,False,,,-13.860333,-40.080958,-22.00079480617699,-47.4225554215264,same_country_year_koppen_uncertainty_lowgap_p25,0.461883,True,True,True,0.448889,0.0,0.448889,38.930416,,4210.029953125,3329.126587647059,0.0001273239544735,,2.334260268012282,3.1792182405561293,91.23744348268262,242.10175723388463,0.1186622183845943,-0.1632522619551781,-1.134788563395739,1.1904889033523012,25.099603,93059.822917,-2.611653,2043.291666
2617|2021-05-21|Río Cuarto,2617|2021-05-21|Río Cuarto,2617,3443,Argentina,Argentina,Río Cuarto,Funes,2021-05-21,2021,low_ceiling_1000m,0.3546101424891542,-0.1810281506408551,0.3727018035370338,,False,False,Cwa,,-33.12169,-64.348265,-32.91871118991632,-60.8221861818703,same_country_year_uncertainty_lowgap_p25,0.572857,True,False,True,0.0,7.133889,-7.133889,5.803585,,3358.2219511627904,2924.080648,0.0001273239544735,,4.284361053901343,3.913801869633391,562.5719925533739,229.13555109673757,0.9945379561356332,0.4865082200195437,-0.5685343471355769,1.3144628763784272,12.942753,100545.848958,-1.183675,-4240.916666
2617|2021-05-21|Río Cuarto,2617|2021-05-21|Río Cuarto,2617,4739,Argentina,Argentina,Río Cuarto,Puerto Iguazú,2021-05-21,2021,low_ceiling_1000m,0.3546101424891542,-0.2946911107991738,0.3727018035370338,,False,False,Cwa,,-33.12169,-64.348265,-25.613647935089674,-54.5791210294304,same_country_year_uncertainty_lowgap_p25,0.948337,True,False,True,0.0,0.0,0.0,5.803585,,3358.2219511627904,4460.19593,0.0001273239544735,,4.284361053901343,8.242771024791876,562.5719925533739,560.3984346298093,0.9945379561356332,0.4295606734507086,-0.5685343471355769,1.5894466599534556,23.173954,98142.098958,-11.414876,-1837.166666
2617|2021-05-21|Río Cuarto,2617|2021-05-21|Río Cuarto,2617,928,Argentina,Argentina,Río Cuarto,San Martín,2021-05-21,2021,low_ceiling_1000m,0.3546101424891542,-0.3273900550791071,0.3727018035370338,,False,False,Cwa,,-33.12169,-64.348265,-33.0797776486365,-68.47293720923602,same_country_year_uncertainty_lowgap_p25,1.329654,True,False,True,0.0,0.775,-0.775,5.803585,,3358.2219511627904,4412.302193888889,0.0001273239544735,,4.284361053901343,3.944436201653753,562.5719925533739,290.51778221787094,0.9945379561356332,-0.7750548885436949,-0.5685343471355769,1.521824492848296,11.780969,94148.848958,-0.021891,2156.083334
2617|2021-04-09|Río Cuarto,2617|2021-04-09|Río Cuarto,2617,3443,Argentina,Argentina,Río Cuarto,Funes,2021-04-09,2021,low_ceiling_1000m,0.3546101424891542,-0.1810281506408551,0.3727018035370338,,False,False,Cwa,,-33.12169,-64.348265,-32.91871118991632,-60.8221861818703,same_country_year_uncertainty_lowgap_p25,0.572857,True,False,True,2.745,24.840556,-22.095556,7.376671,,3358.2219511627904,2924.080648,0.0001273239544735,,4.284361053901343,3.913801869633391,562.5719925533739,229.13555109673757,0.9945379561356332,0.4865082200195437,-0.5685343471355769,1.3144628763784272,20.384047,100743.914062,-1.056477,-4267.125
2617|2021-04-09|Río Cuarto,2617|2021-04-09|Río Cuarto,2617,4739,Argentina,Argentina,Río Cuarto,Puerto Iguazú,2021-04-09,2021,low_ceiling_1000m,0.3546101424891542,-0.2946911107991738,0.3727018035370338,,False,False,Cwa,,-33.12169,-64.348265,-25.613647935089674,-54.5791210294304,same_country_year_uncertainty_lowgap_p25,0.948337,True,False,True,2.745,0.0,2.745,7.376671,,3358.2219511627904,4460.19593,0.0001273239544735,,4.284361053901343,8.242771024791876,562.5719925533739,560.3984346298093,0.9945379561356332,0.4295606734507086,-0.5685343471355769,1.5894466599534556,26.479181,98854.372396,-7.151611,-2377.583334
2617|2021-04-09|Río Cuarto,2617|2021-04-09|Río Cuarto,2617,928,Argentina,Argentina,Río Cuarto,San Martín,2021-04-09,2021,low_ceiling_1000m,0.3546101424891542,-0.3273900550791071,0.3727018035370338,,False,False,Cwa,,-33.12169,-64.348265,-33.0797776486365,-68.47293720923602,same_country_year_uncertainty_lowgap_p25,1.329654,True,False,True,2.745,0.0,2.745,7.376671,,3358.2219511627904,4412.302193888889,0.0001273239544735,,4.284361053901343,3.944436201653753,562.5719925533739,290.51778221787094,0.9945379561356332,-0.7750548885436949,-0.5685343471355769,1.521824492848296,17.29518,94164.122396,2.03239,2312.666666
3783|2021-10-20|Pangkalan Kerinci,3783|2021-10-20|Pangkalan Kerinci,3783,2463,Indonesia,Indonesia,Pangkalan Kerinci,Tebing Tinggi,2021-10-20,2021,low_ceiling_1000m,0.3543302002026562,-0.187696806978957,0.2161034261366952,,False,False,,,0.398914,101.856111,3.3383430064369852,99.16023732314332,same_country_year_koppen_uncertainty_lowgap_p25,1.058998,True,True,True,3.344444,5.576667,-2.232223,23.131847,,7015.977517647059,6403.953382051282,0.0001273239544735,,14.353261627914003,5.539365283459771,58.73356816542032,20.5724097370647,0.1338398941761197,-0.0089510151770741,-1.2676876201342036,1.0937462076382722,25.180597,101091.140625,-1.424235,28.25
3783|2021-10-20|Pangkalan Kerinci,3783|2021-10-20|Pangkalan Kerinci,3783,2237,Indonesia,Indonesia,Pangkalan Kerinci,Perbaungan,2021-10-20,2021,low_ceiling_1000m,0.3543302002026562,-0.2006265962716424,0.2161034261366952,,False,False,,,0.398914,101.856111,3.568359115451711,98.9602255745965,same_country_year_koppen_uncertainty_lowgap_p25,1.239669,True,True,True,3.344444,8.568889,-5.224445,23.131847,,7015.977517647059,6644.875190000001,0.0001273239544735,,14.353261627914003,12.374204757736722,58.73356816542032,9.761131000864877,0.1338398941761197,0.0255164503153971,-1.2676876201342036,1.0611077628216192,25.537286,101497.473958,-1.780924,-378.083333
3783|2021-10-20|Pangkalan Kerinci,3783|2021-10-20|Pangkalan Kerinci,3783,7522,Indonesia,Indonesia,Pangkalan Kerinci,Bangkalan,2021-10-20,2021,low_ceiling_1000m,0.3543302002026562,-0.2679665710121738,0.2161034261366952,,False,False,,,0.398914,101.856111,-7.024509276746599,112.75002767124536,same_country_year_koppen_uncertainty_lowgap_p25,1.321346,True,True,True,3.344444,0.0,3.344444,23.131847,,7015.977517647059,4470.686796315789,0.0001273239544735,,14.353261627914003,15.8693787172368,58.73356816542032,0.5697666009198254,0.1338398941761197,-0.5250889181429998,-1.2676876201342036,0.8889904550260205,28.916111,101066.348958,-5.159749,53.041667
3783|2021-01-12|Pangkalan Kerinci,3783|2021-01-12|Pangkalan Kerinci,3783,2463,Indonesia,Indonesia,Pangkalan Kerinci,Tebing Tinggi,2021-01-12,2021,low_ceiling_1000m,0.3543302002026562,-0.187696806978957,0.2161034261366952,,False,False,,,0.398914,101.856111,3.3383430064369852,99.16023732314332,same_country_year_koppen_uncertainty_lowgap_p25,1.058998,True,True,True,2.363333,0.032778,2.330555,10.061741,,7015.977517647059,6403.953382051282,0.0001273239544735,,14.353261627914003,5.539365283459771,58.73356816542032,20.5724097370647,0.1338398941761197,-0.0089510151770741,-1.2676876201342036,1.0937462076382722,26.01451,100744.768229,-1.509684,93.25
3783|2021-01-12|Pangkalan Kerinci,3783|2021-01-12|Pangkalan Kerinci,3783,2237,Indonesia,Indonesia,Pangkalan Kerinci,Perbaungan,2021-01-12,2021,low_ceiling_1000m,0.3543302002026562,-0.2006265962716424,0.2161034261366952,,False,False,,,0.398914,101.856111,3.568359115451711,98.9602255745965,same_country_year_koppen_uncertainty_lowgap_p25,1.239669,True,True,True,2.363333,0.143333,2.22,10.061741,,7015.977517647059,6644.875190000001,0.0001273239544735,,14.353261627914003,12.374204757736722,58.73356816542032,9.761131000864877,0.1338398941761197,0.0255164503153971,-1.2676876201342036,1.0611077628216192,26.218937,101146.226562,-1.714111,-308.208333
3783|2021-01-12|Pangkalan Kerinci,3783|2021-01-12|Pangkalan Kerinci,3783,7522,Indonesia,Indonesia,Pangkalan Kerinci,Bangkalan,2021-01-12,2021,low_ceiling_1000m,0.3543302002026562,-0.2679665710121738,0.2161034261366952,,False,False,,,0.398914,101.856111,-7.024509276746599,112.75002767124536,same_country_year_koppen_uncertainty_lowgap_p25,1.321346,True,True,True,2.363333,0.075556,2.287777,10.061741,,7015.977517647059,4470.686796315789,0.0001273239544735,,14.353261627914003,15.8693787172368,58.73356816542032,0.5697666009198254,0.1338398941761197,-0.5250889181429998,-1.2676876201342036,0.8889904550260205,27.49506,100710.643229,-2.990234,127.375
4339|2021-12-15|Lublin,4339|2021-12-15|Lublin,4339,3403,Poland,Poland,Lublin,Bełchatów,2021-12-15,2021,low_vis_5km,0.3520682063543245,-0.2107257920052998,0.3736356738457946,,False,False,Dfb,,51.239794,22.554886,51.35896353742977,19.375143003940927,same_country_year_koppen_uncertainty_lowgap_p25,1.057196,True,True,True,0.0,0.0,0.0,0.489712,,4178.979672222222,3423.068758666667,0.000254647908947,,13.081017647413086,3.4770926585272535,313.08324423939416,233.8785275089932,2.1515259952486216,1.551784624385054,-0.5643649649633902,1.2725084682707946,3.934567,100436.105305,-2.886701,-114.238117
4339|2021-12-15|Lublin,4339|2021-12-15|Lublin,4339,1080,Poland,Poland,Lublin,Słupsk,2021-12-15,2021,low_vis_5km,0.3520682063543245,-0.3036819984011183,0.3736356738457946,,False,False,Dfb,,51.239794,22.554886,54.463339597672,17.024806823494853,same_country_year_koppen_uncertainty_lowgap_p25,1.209401,True,True,True,0.0,0.0,0.0,0.489712,,4178.979672222222,4364.374916842105,0.000254647908947,,13.081017647413086,7.495769561299709,313.08324423939416,13.174767989702383,2.1515259952486216,1.6343689717394831,-0.5643649649633902,1.7753750461944244,6.331069,101924.325521,-5.283203,-1602.458333
4339|2021-12-15|Lublin,4339|2021-12-15|Lublin,4339,4107,Poland,Poland,Lublin,Mielec,2021-12-15,2021,low_vis_5km,0.3520682063543245,-0.24124365161081,0.3736356738457946,,False,False,Dfb,,51.239794,22.554886,50.29769328585175,21.44420840091096,same_country_year_koppen_uncertainty_lowgap_p25,1.239261,True,True,True,0.0,0.0,0.0,0.489712,,4178.979672222222,2886.9516644444443,0.000254647908947,,13.081017647413086,2.6576747356967148,313.08324423939416,361.2594458462124,2.1515259952486216,1.2239140519271796,-0.5643649649633902,1.527557393335053,1.587091,100348.783854,-0.539225,-26.916666
4339|2021-11-17|Lublin,4339|2021-11-17|Lublin,4339,3403,Poland,Poland,Lublin,Bełchatów,2021-11-17,2021,fog,0.3520682063543245,-0.2107257920052998,0.3736356738457946,,False,False,Dfb,,51.239794,22.554886,51.35896353742977,19.375143003940927,same_country_year_koppen_uncertainty_lowgap_p25,1.057196,True,True,True,0.0,0.0,0.0,0.033379,,4178.979672222222,3423.068758666667,0.000254647908947,,13.081017647413086,3.4770926585272535,313.08324423939416,233.8785275089932,2.1515259952486216,1.551784624385054,-0.5643649649633902,1.2725084682707946,4.470579,99674.679036,-2.912988,84.573568
4339|2021-11-17|Lublin,4339|2021-11-17|Lublin,4339,1080,Poland,Poland,Lublin,Słupsk,2021-11-17,2021,fog,0.3520682063543245,-0.3036819984011183,0.3736356738457946,,False,False,Dfb,,51.239794,22.554886,54.463339597672,17.024806823494853,same_country_year_koppen_uncertainty_lowgap_p25,1.209401,True,True,True,0.0,0.051667,-0.051667,0.033379,,4178.979672222222,4364.374916842105,0.000254647908947,,13.081017647413086,7.495769561299709,313.08324423939416,13.174767989702383,2.1515259952486216,1.6343689717394831,-0.5643649649633902,1.7753750461944244,5.912734,101102.085938,-4.355143,-1342.833334
4339|2021-11-17|Lublin,4339|2021-11-17|Lublin,4339,4107,Poland,Poland,Lublin,Mielec,2021-11-17,2021,fog,0.3520682063543245,-0.24124365161081,0.3736356738457946,,False,False,Dfb,,51.239794,22.554886,50.29769328585175,21.44420840091096,same_country_year_koppen_uncertainty_lowgap_p25,1.239261,True,True,True,0.0,0.0,0.0,0.033379,,4178.979672222222,2886.9516644444443,0.000254647908947,,13.081017647413086,2.6576747356967148,313.08324423939416,361.2594458462124,2.1515259952486216,1.2239140519271796,-0.5643649649633902,1.527557393335053,1.988255,99698.585938,-0.430664,60.666666
2044|2021-12-06|Vinnytsia,2044|2021-12-06|Vinnytsia,2044,2506,Ukraine,Ukraine,Vinnytsia,Pervomaisk,2021-12-06,2021,low_vis_1km,0.3507516622090021,-0.1940390677410046,0.3750072958617871,,False,False,Dfb,,49.233728,28.479445,48.040325755688905,30.85700138527686,same_country_year_koppen_uncertainty_lowgap_p25,1.909526,True,True,True,0.0,0.075,-0.075,1.829147,,5713.788211594203,3472.8745052941176,0.0001273239544735,,12.98230880577612,7.373265060801696,316.0482145347481,108.75395572508036,1.4746085107178015,0.5137792915220409,-0.5582411848979905,1.025733160954469,6.498936,99380.807292,-5.811198,-1795.75
2044|2021-12-06|Vinnytsia,2044|2021-12-06|Vinnytsia,2044,4030,Ukraine,Ukraine,Vinnytsia,Lozova,2021-12-06,2021,low_vis_1km,0.3507516622090021,-0.2567047600191757,0.3750072958617871,,False,False,Dfb,,49.233728,28.479445,48.88626053909163,36.31027032442569,same_country_year_koppen_uncertainty_lowgap_p25,2.249782,True,True,True,0.0,0.0,0.0,1.829147,,5713.788211594203,5039.966945384615,0.0001273239544735,,12.98230880577612,23.14377477649469,316.0482145347481,184.36827403145824,1.4746085107178015,-0.8105238816347977,-0.5582411848979905,0.8095767539651437,2.251866,99901.890625,-1.564128,-2316.833333
2044|2021-12-06|Vinnytsia,2044|2021-12-06|Vinnytsia,2044,1089,Ukraine,Ukraine,Vinnytsia,Kovel,2021-12-06,2021,low_vis_1km,0.3507516622090021,-0.3456370783780521,0.3750072958617871,,False,False,Dfb,,49.233728,28.479445,51.21789566047926,24.704436853501942,same_country_year_koppen_uncertainty_lowgap_p25,2.628958,True,True,True,0.0,0.334444,-0.334444,1.829147,,5713.788211594203,3431.8134027272727,0.0001273239544735,,12.98230880577612,17.86785928008107,316.0482145347481,441.6647128821463,1.4746085107178015,-1.346534218258172,-0.5582411848979905,0.7835832619854154,-0.602382,98813.057292,1.29012,-1228.0
2044|2021-12-09|Vinnytsia,2044|2021-12-09|Vinnytsia,2044,2506,Ukraine,Ukraine,Vinnytsia,Pervomaisk,2021-12-09,2021,low_ceiling_300m,0.3507516622090021,-0.1940390677410046,0.3750072958617871,,False,False,Dfb,,49.233728,28.479445,48.040325755688905,30.85700138527686,same_country_year_koppen_uncertainty_lowgap_p25,1.909526,True,True,True,0.0,0.0,0.0,0.339031,,5713.788211594203,3472.8745052941176,0.0001273239544735,,12.98230880577612,7.373265060801696,316.0482145347481,108.75395572508036,1.4746085107178015,0.5137792915220409,-0.5582411848979905,1.025733160954469,4.440973,99700.794271,-5.073893,-1702.0
2044|2021-12-09|Vinnytsia,2044|2021-12-09|Vinnytsia,2044,4030,Ukraine,Ukraine,Vinnytsia,Lozova,2021-12-09,2021,low_ceiling_300m,0.3507516622090021,-0.2567047600191757,0.3750072958617871,,False,False,Dfb,,49.233728,28.479445,48.88626053909163,36.31027032442569,same_country_year_koppen_uncertainty_lowgap_p25,2.249782,True,True,True,0.0,0.0,0.0,0.339031,,5713.788211594203,5039.966945384615,0.0001273239544735,,12.98230880577612,23.14377477649469,316.0482145347481,184.36827403145824,1.4746085107178015,-0.8105238816347977,-0.5582411848979905,0.8095767539651437,6.661839,99669.877604,-7.294759,-1671.083333
2044|2021-12-09|Vinnytsia,2044|2021-12-09|Vinnytsia,2044,1089,Ukraine,Ukraine,Vinnytsia,Kovel,2021-12-09,2021,low_ceiling_300m,0.3507516622090021,-0.3456370783780521,0.3750072958617871,,False,False,Dfb,,49.233728,28.479445,51.21789566047926,24.704436853501942,same_country_year_koppen_uncertainty_lowgap_p25,2.628958,True,True,True,0.0,0.0,0.0,0.339031,,5713.788211594203,3431.8134027272727,0.0001273239544735,,12.98230880577612,17.86785928008107,316.0482145347481,441.6647128821463,1.4746085107178015,-1.346534218258172,-0.5582411848979905,0.7835832619854154,-3.745225,99131.669271,3.112305,-1132.875
4166|2021-05-06|Aungpan,4166|2021-05-06|Aungpan,4166,5151,Myanmar,Myanmar,Aungpan,Hlegu,2021-05-06,2021,thunder_or_convective,0.3414410320425429,-0.206751741109214,0.2196929901359948,,False,False,,,20.659912,96.638692,17.09504288301021,96.21556461809432,same_country_year_koppen_uncertainty_lowgap_p25,0.819013,True,True,True,17.134444,0.013333,17.121111,7.299423,,9259.933069,9541.090841666666,0.0001273239544735,,18.099918923122164,14.60428842020675,291.29450846114827,34.34161363544779,-0.1412786261982549,-0.4429262384504826,-1.2516615574098593,0.9071012088364582,30.303217,101009.096354,-8.823568,-13104.25
4166|2021-05-06|Aungpan,4166|2021-05-06|Aungpan,4166,1448,Myanmar,Myanmar,Aungpan,Chauk,2021-05-06,2021,thunder_or_convective,0.3414410320425429,-0.2005155379585413,0.2196929901359948,,False,False,,,20.659912,96.638692,20.89474841272753,94.82120962125826,same_country_year_koppen_uncertainty_lowgap_p25,0.880666,True,True,True,17.134444,0.0,17.134444,7.299423,,9259.933069,8850.19275125,0.0001273239544735,,18.099918923122164,5.450948559652543,291.29450846114827,155.88710030378027,-0.1412786261982549,-0.6991173753904553,-1.2516615574098593,0.9325083814482236,32.01212,98829.679688,-10.532471,-10924.833334
4166|2021-05-06|Aungpan,4166|2021-05-06|Aungpan,4166,2852,Myanmar,Myanmar,Aungpan,Kyaukse,2021-05-06,2021,thunder_or_convective,0.3414410320425429,-0.2254320425509385,0.2196929901359948,,False,False,,,20.659912,96.638692,21.608066749978036,96.14223452048444,same_country_year_koppen_uncertainty_lowgap_p25,1.050129,True,True,True,17.134444,0.132222,17.002222,7.299423,,9259.933069,6662.267127857143,0.0001273239544735,,18.099918923122164,19.4023454698042,291.29450846114827,306.76398147681635,-0.1412786261982549,-0.9536068686682596,-1.2516615574098593,0.9001956696137731,30.934971,98476.846354,-9.455322,-10572.0
4166|2021-12-22|Aungpan,4166|2021-12-22|Aungpan,4166,5151,Myanmar,Myanmar,Aungpan,Hlegu,2021-12-22,2021,thunder_or_convective,0.3414410320425429,-0.206751741109214,0.2196929901359948,,False,False,,,20.659912,96.638692,17.09504288301021,96.21556461809432,same_country_year_koppen_uncertainty_lowgap_p25,0.819013,True,True,True,0.0,0.0,0.0,2.982616,,9259.933069,9541.090841666666,0.0001273239544735,,18.099918923122164,14.60428842020675,291.29450846114827,34.34161363544779,-0.1412786261982549,-0.4429262384504826,-1.2516615574098593,0.9071012088364582,24.914718,101153.294271,-9.733643,-13388.416667
4166|2021-12-22|Aungpan,4166|2021-12-22|Aungpan,4166,1448,Myanmar,Myanmar,Aungpan,Chauk,2021-12-22,2021,thunder_or_convective,0.3414410320425429,-0.2005155379585413,0.2196929901359948,,False,False,,,20.659912,96.638692,20.89474841272753,94.82120962125826,same_country_year_koppen_uncertainty_lowgap_p25,0.880666,True,True,True,0.0,0.0,0.0,2.982616,,9259.933069,8850.19275125,0.0001273239544735,,18.099918923122164,5.450948559652543,291.29450846114827,155.88710030378027,-0.1412786261982549,-0.6991173753904553,-1.2516615574098593,0.9325083814482236,21.758875,99054.210938,-6.5778,-11289.333334
4166|2021-12-22|Aungpan,4166|2021-12-22|Aungpan,4166,2852,Myanmar,Myanmar,Aungpan,Kyaukse,2021-12-22,2021,thunder_or_convective,0.3414410320425429,-0.2254320425509385,0.2196929901359948,,False,False,,,20.659912,96.638692,21.608066749978036,96.14223452048444,same_country_year_koppen_uncertainty_lowgap_p25,1.050129,True,True,True,0.0,0.107778,-0.107778,2.982616,,9259.933069,6662.267127857143,0.0001273239544735,,18.099918923122164,19.4023454698042,291.29450846114827,306.76398147681635,-0.1412786261982549,-0.9536068686682596,-1.2516615574098593,0.9001956696137731,21.723474,98619.835938,-6.542399,-10854.958334
6968|2021-07-27|Chakwal,6968|2021-07-27|Chakwal,6968,4866,Pakistan,Pakistan,Chakwal,Kohat,2021-07-27,2021,low_vis_5km,0.3211276830612021,-0.1820442187998076,0.1751006828926632,,False,False,BSh,,32.93251,72.853555,33.57637418433994,71.45405191673616,same_country_year_koppen_uncertainty_lowgap_p25,0.968922,True,True,True,0.0,0.005556,-0.005556,2.411366,,6890.5077363636365,6575.121447761194,0.0001273239544735,,8.070635981855483,1.516726710359382,1026.1562094560388,1010.7739764378108,-0.3485781984655837,-0.4112873666571257,-1.4507495561317938,0.9856028575471688,31.597864,92492.223958,-1.055583,1423.833334
6968|2021-07-27|Chakwal,6968|2021-07-27|Chakwal,6968,5564,Pakistan,Pakistan,Chakwal,Nowshera,2021-07-27,2021,low_vis_5km,0.3211276830612021,-0.2280973275191323,0.1751006828926632,,False,False,BSh,,32.93251,72.853555,34.001624294943994,72.07847276034254,same_country_year_koppen_uncertainty_lowgap_p25,1.019698,True,True,True,0.0,0.061667,-0.061667,2.411366,,6890.5077363636365,5967.859306722688,0.0001273239544735,,8.070635981855483,11.631497438031642,1026.1562094560388,1079.8232852946255,-0.3485781984655837,-0.8193389451160051,-1.4507495561317938,0.8414985862209515,31.192021,94922.223958,-0.64974,-1006.166666
6968|2021-07-27|Chakwal,6968|2021-07-27|Chakwal,6968,4931,Pakistan,Pakistan,Chakwal,Ameer Abad Kalay,2021-07-27,2021,low_vis_5km,0.3211276830612021,-0.1939490195064614,0.1751006828926632,,False,False,BSh,,32.93251,72.853555,34.32019464619991,71.78351407650331,same_country_year_koppen_uncertainty_lowgap_p25,1.674659,True,True,True,0.0,0.0,0.0,2.411366,,6890.5077363636365,2058.0354715999997,0.0001273239544735,,8.070635981855483,31.220132342467025,1026.1562094560388,1095.406670873744,-0.3485781984655837,-1.0558052945289471,-1.4507495561317938,0.4148535261326177,31.054407,94818.807292,-0.512126,-902.75
6968|2021-08-14|Chakwal,6968|2021-08-14|Chakwal,6968,4866,Pakistan,Pakistan,Chakwal,Kohat,2021-08-14,2021,low_vis_5km,0.3211276830612021,-0.1820442187998076,0.1751006828926632,,False,False,BSh,,32.93251,72.853555,33.57637418433994,71.45405191673616,same_country_year_koppen_uncertainty_lowgap_p25,0.968922,True,True,True,0.0,0.0,0.0,9.228706,,6890.5077363636365,6575.121447761194,0.0001273239544735,,8.070635981855483,1.516726710359382,1026.1562094560388,1010.7739764378108,-0.3485781984655837,-0.4112873666571257,-1.4507495561317938,0.9856028575471688,27.698816,93114.895833,1.546712,1334.083334
6968|2021-08-14|Chakwal,6968|2021-08-14|Chakwal,6968,5564,Pakistan,Pakistan,Chakwal,Nowshera,2021-08-14,2021,low_vis_5km,0.3211276830612021,-0.2280973275191323,0.1751006828926632,,False,False,BSh,,32.93251,72.853555,34.001624294943994,72.07847276034254,same_country_year_koppen_uncertainty_lowgap_p25,1.019698,True,True,True,0.0,0.0,0.0,9.228706,,6890.5077363636365,5967.859306722688,0.0001273239544735,,8.070635981855483,11.631497438031642,1026.1562094560388,1079.8232852946255,-0.3485781984655837,-0.8193389451160051,-1.4507495561317938,0.8414985862209515,28.190027,95569.229167,1.055501,-1120.25
6968|2021-08-14|Chakwal,6968|2021-08-14|Chakwal,6968,4931,Pakistan,Pakistan,Chakwal,Ameer Abad Kalay,2021-08-14,2021,low_vis_5km,0.3211276830612021,-0.1939490195064614,0.1751006828926632,,False,False,BSh,,32.93251,72.853555,34.32019464619991,71.78351407650331,same_country_year_koppen_uncertainty_lowgap_p25,1.674659,True,True,True,0.0,0.0,0.0,9.228706,,6890.5077363636365,2058.0354715999997,0.0001273239544735,,8.070635981855483,31.220132342467025,1026.1562094560388,1095.406670873744,-0.3485781984655837,-1.0558052945289471,-1.4507495561317938,0.4148535261326177,29.562911,95463.5625,-0.317383,-1014.583333
357|2021-12-02|Ensenada,357|2021-12-02|Ensenada,357,5,México,México,Ensenada,Rosarito,2021-12-02,2021,fog,0.3092718060361651,-0.3118878130725722,0.3058425261191852,,False,False,BSk,,31.868981,-116.596919,32.37649376352435,-117.05451024532564,same_country_year_koppen_uncertainty_lowgap_p25,0.750901,True,True,True,0.0,0.0,0.0,0.002384,,3811.671316666667,2569.436087586207,0.0001273239544735,,2.8949827654241225,9.847961667340336,2.5241468271537766,1.980261212917391,1.008626092465676,0.3531629037912664,-0.8670360520255979,1.3052772062803273,15.402521,99790.971354,-0.595866,-2317.791666
357|2021-12-02|Ensenada,357|2021-12-02|Ensenada,357,913,México,México,Ensenada,Tecate,2021-12-02,2021,fog,0.3092718060361651,-0.2810506242582953,0.3058425261191852,,False,False,BSk,,31.868981,-116.596919,32.5646551549511,-116.62289751088105,same_country_year_uncertainty_lowgap_p25,0.783255,True,False,True,0.0,0.0,0.0,0.002384,,3811.671316666667,3351.1524165,0.0001273239544735,,2.8949827654241225,2.9877776863311936,2.5241468271537766,46.533200544990414,1.008626092465676,0.4632241990763216,-0.8670360520255979,1.2940719916925751,14.729425,91900.929688,0.07723,5572.25
357|2021-12-02|Ensenada,357|2021-12-02|Ensenada,357,6251,México,México,Ensenada,Cadereyta Jiménez,2021-12-02,2021,fog,0.3092718060361651,-0.191361157182301,0.3058425261191852,,False,False,BSk,,31.868981,-116.596919,25.58432504239487,-99.99764015722496,same_country_year_uncertainty_lowgap_p25,1.087497,True,False,True,0.0,0.0,0.0,0.002384,,3811.671316666667,3409.790441304348,0.0001273239544735,,2.8949827654241225,10.651741488489913,2.5241468271537766,249.08491085844503,1.008626092465676,0.5657943377822148,-0.8670360520255979,0.9210425804747094,20.10117,95275.471354,-5.294515,2197.708334
357|2021-11-04|Ensenada,357|2021-11-04|Ensenada,357,5,México,México,Ensenada,Rosarito,2021-11-04,2021,fog,0.3092718060361651,-0.3118878130725722,0.3058425261191852,,False,False,BSk,,31.868981,-116.596919,32.37649376352435,-117.05451024532564,same_country_year_koppen_uncertainty_lowgap_p25,0.750901,True,True,True,0.0,0.0,0.0,0.004292,,3811.671316666667,2569.436087586207,0.0001273239544735,,2.8949827654241225,9.847961667340336,2.5241468271537766,1.980261212917391,1.008626092465676,0.3531629037912664,-0.8670360520255979,1.3052772062803273,16.372939,99523.473958,1.043538,-2331.791666
357|2021-11-04|Ensenada,357|2021-11-04|Ensenada,357,913,México,México,Ensenada,Tecate,2021-11-04,2021,fog,0.3092718060361651,-0.2810506242582953,0.3058425261191852,,False,False,BSk,,31.868981,-116.596919,32.5646551549511,-116.62289751088105,same_country_year_uncertainty_lowgap_p25,0.783255,True,False,True,0.0,0.0,0.0,0.004292,,3811.671316666667,3351.1524165,0.0001273239544735,,2.8949827654241225,2.9877776863311936,2.5241468271537766,46.533200544990414,1.008626092465676,0.4632241990763216,-0.8670360520255979,1.2940719916925751,18.620498,91681.223958,-1.204021,5510.458334
357|2021-11-04|Ensenada,357|2021-11-04|Ensenada,357,6251,México,México,Ensenada,Cadereyta Jiménez,2021-11-04,2021,fog,0.3092718060361651,-0.191361157182301,0.3058425261191852,,False,False,BSk,,31.868981,-116.596919,25.58432504239487,-99.99764015722496,same_country_year_uncertainty_lowgap_p25,1.087497,True,False,True,0.0,0.0,0.0,0.004292,,3811.671316666667,3409.790441304348,0.0001273239544735,,2.8949827654241225,10.651741488489913,2.5241468271537766,249.08491085844503,1.008626092465676,0.5657943377822148,-0.8670360520255979,0.9210425804747094,16.356582,95311.098958,1.059895,1880.583334
2661|2021-02-21|Mogok,2661|2021-02-21|Mogok,2661,2852,Myanmar,Myanmar,Mogok,Kyaukse,2021-02-21,2021,low_ceiling_1000m,0.307103364774526,-0.2254320425509385,0.2037004610984649,,False,False,,,22.921326,96.505589,21.608066749978036,96.14223452048444,same_country_year_koppen_uncertainty_lowgap_p25,0.893568,True,True,True,0.0,0.0,0.0,0.101566,,8644.3088,6662.267127857143,0.0001273239544735,,24.23636650713343,19.4023454698042,434.2923049621341,306.76398147681635,-0.591776013032159,-0.9536068686682596,-1.3230622271085637,0.9001956696137731,25.014602,98817.8125,-5.293295,-5365.208333
2661|2021-02-21|Mogok,2661|2021-02-21|Mogok,2661,1448,Myanmar,Myanmar,Mogok,Chauk,2021-02-21,2021,low_ceiling_1000m,0.307103364774526,-0.2005155379585413,0.2037004610984649,,False,False,,,22.921326,96.505589,20.89474841272753,94.82120962125826,same_country_year_koppen_uncertainty_lowgap_p25,1.083537,True,True,True,0.0,0.0,0.0,0.101566,,8644.3088,8850.19275125,0.0001273239544735,,24.23636650713343,5.450948559652543,434.2923049621341,155.88710030378027,-0.591776013032159,-0.6991173753904553,-1.3230622271085637,0.9325083814482236,25.354527,99273.0625,-5.63322,-5820.458333
2661|2021-02-21|Mogok,2661|2021-02-21|Mogok,2661,4903,Myanmar,Myanmar,Mogok,Myaungtagar,2021-02-21,2021,low_ceiling_1000m,0.307103364774526,-0.2246206101001089,0.2037004610984649,,False,False,,,22.921326,96.505589,17.170477707252438,95.97288596677456,same_country_year_koppen_uncertainty_lowgap_p25,1.110829,True,True,True,0.0,0.0,0.0,0.101566,,8644.3088,5494.02951,0.0001273239544735,,24.23636650713343,11.181265889615185,434.2923049621341,51.28529681815086,-0.591776013032159,-1.0840149956012577,-1.3230622271085637,0.581628813020102,28.494012,101076.854167,-8.772705,-7624.25
2661|2021-06-02|Mogok,2661|2021-06-02|Mogok,2661,2852,Myanmar,Myanmar,Mogok,Kyaukse,2021-06-02,2021,low_vis_5km,0.307103364774526,-0.2254320425509385,0.2037004610984649,,False,False,,,22.921326,96.505589,21.608066749978036,96.14223452048444,same_country_year_koppen_uncertainty_lowgap_p25,0.893568,True,True,True,0.104444,0.070556,0.033888,5.363941,,8644.3088,6662.267127857143,0.0001273239544735,,24.23636650713343,19.4023454698042,434.2923049621341,306.76398147681635,-0.591776013032159,-0.9536068686682596,-1.3230622271085637,0.9001956696137731,32.928908,97984.09375,-6.380696,-5280.916667
2661|2021-06-02|Mogok,2661|2021-06-02|Mogok,2661,1448,Myanmar,Myanmar,Mogok,Chauk,2021-06-02,2021,low_vis_5km,0.307103364774526,-0.2005155379585413,0.2037004610984649,,False,False,,,22.921326,96.505589,20.89474841272753,94.82120962125826,same_country_year_koppen_uncertainty_lowgap_p25,1.083537,True,True,True,0.104444,0.0,0.104444,5.363941,,8644.3088,8850.19275125,0.0001273239544735,,24.23636650713343,5.450948559652543,434.2923049621341,155.88710030378027,-0.591776013032159,-0.6991173753904553,-1.3230622271085637,0.9325083814482236,33.478469,98360.010417,-6.930257,-5656.833334
2661|2021-06-02|Mogok,2661|2021-06-02|Mogok,2661,4903,Myanmar,Myanmar,Mogok,Myaungtagar,2021-06-02,2021,low_vis_5km,0.307103364774526,-0.2246206101001089,0.2037004610984649,,False,False,,,22.921326,96.505589,17.170477707252438,95.97288596677456,same_country_year_koppen_uncertainty_lowgap_p25,1.110829,True,True,True,0.104444,0.0,0.104444,5.363941,,8644.3088,5494.02951,0.0001273239544735,,24.23636650713343,11.181265889615185,434.2923049621341,51.28529681815086,-0.591776013032159,-1.0840149956012577,-1.3230622271085637,0.581628813020102,31.387323,100570.59375,-4.839111,-7867.416667
7176|2021-10-09|Khewra,7176|2021-10-09|Khewra,7176,5467,Pakistan,Pakistan,Khewra,Amangarh,2021-10-09,2021,low_vis_5km,0.3050634126456155,-0.3542065892019243,0.2181754508842584,,False,False,,,32.632324,73.018358,33.99658327683414,71.90435027663186,same_country_year_koppen_uncertainty_lowgap_p25,0.389234,True,True,True,0.0,0.0,0.0,0.472546,,8394.07191,7494.936557777777,0.000254647908947,,0.5368572957692995,6.4378436073805,1010.4848097651604,1070.9867148523756,-0.3830392678593675,-0.969722016043584,-1.2584368034396634,1.1132901865703992,27.327824,96241.619792,0.889974,-1600.833334
7176|2021-10-09|Khewra,7176|2021-10-09|Khewra,7176,6279,Pakistan,Pakistan,Khewra,Attock,2021-10-09,2021,low_vis_5km,0.3050634126456155,-0.246072893135288,0.2181754508842584,,False,False,,,32.632324,73.018358,33.77815952309717,72.36221353412442,same_country_year_koppen_uncertainty_lowgap_p25,0.540887,True,True,True,0.0,0.0,0.0,0.472546,,8394.07191,5483.526405128205,0.000254647908947,,0.5368572957692995,1.301204559924562,1010.4848097651604,1073.6911567075056,-0.3830392678593675,-0.3721393604732429,-1.2584368034396634,1.2053423273407182,27.271997,95987.953125,0.945801,-1347.166667
7176|2021-10-09|Khewra,7176|2021-10-09|Khewra,7176,7997,Pakistan,Pakistan,Khewra,Chawinda,2021-10-09,2021,low_vis_5km,0.3050634126456155,-0.3394038174392779,0.2181754508842584,,False,False,,,32.632324,73.018358,32.34423098962403,74.70121447649565,same_country_year_koppen_uncertainty_lowgap_p25,0.745079,True,True,True,0.0,0.0,0.0,0.472546,,8394.07191,8965.326181666667,0.000254647908947,,0.5368572957692995,24.821166859258685,1010.4848097651604,1097.848992151943,-0.3830392678593675,-1.0603018722103683,-1.2584368034396634,0.7818894504779644,28.243188,97641.453125,-0.02539,-3000.666667
7176|2021-10-03|Khewra,7176|2021-10-03|Khewra,7176,5467,Pakistan,Pakistan,Khewra,Amangarh,2021-10-03,2021,low_vis_5km,0.3050634126456155,-0.3542065892019243,0.2181754508842584,,False,False,,,32.632324,73.018358,33.99658327683414,71.90435027663186,same_country_year_koppen_uncertainty_lowgap_p25,0.389234,True,True,True,1.413333,0.0,1.413333,4.589558,,8394.07191,7494.936557777777,0.000254647908947,,0.5368572957692995,6.4378436073805,1010.4848097651604,1070.9867148523756,-0.3830392678593675,-0.969722016043584,-1.2584368034396634,1.1132901865703992,27.348362,96183.880208,-0.08789,-1645.291666
7176|2021-10-03|Khewra,7176|2021-10-03|Khewra,7176,6279,Pakistan,Pakistan,Khewra,Attock,2021-10-03,2021,low_vis_5km,0.3050634126456155,-0.246072893135288,0.2181754508842584,,False,False,,,32.632324,73.018358,33.77815952309717,72.36221353412442,same_country_year_koppen_uncertainty_lowgap_p25,0.540887,True,True,True,1.413333,0.0,1.413333,4.589558,,8394.07191,5483.526405128205,0.000254647908947,,0.5368572957692995,1.301204559924562,1010.4848097651604,1073.6911567075056,-0.3830392678593675,-0.3721393604732429,-1.2584368034396634,1.2053423273407182,26.718886,95924.005208,0.541586,-1385.416666
7176|2021-10-03|Khewra,7176|2021-10-03|Khewra,7176,7997,Pakistan,Pakistan,Khewra,Chawinda,2021-10-03,2021,low_vis_5km,0.3050634126456155,-0.3394038174392779,0.2181754508842584,,False,False,,,32.632324,73.018358,32.34423098962403,74.70121447649565,same_country_year_koppen_uncertainty_lowgap_p25,0.745079,True,True,True,1.413333,0.0,1.413333,4.589558,,8394.07191,8965.326181666667,0.000254647908947,,0.5368572957692995,24.821166859258685,1010.4848097651604,1097.848992151943,-0.3830392678593675,-1.0603018722103683,-1.2584368034396634,0.7818894504779644,29.061334,97528.796875,-1.800862,-2990.208333
6511|2021-12-27|Kot Addu,6511|2021-12-27|Kot Addu,6511,6228,Pakistan,Pakistan,Kot Addu,Layyah,2021-12-27,2021,low_vis_5km,0.3022341977700553,-0.3334500144825772,0.2036420942041673,,False,False,BWh,,30.45738,70.967571,30.968234457690944,70.94803619058457,same_country_year_koppen_uncertainty_lowgap_p25,1.215013,True,True,True,0.0,0.0,0.0,0.071526,,6059.579273076923,6096.643668,0.0001273239544735,,4.153397168089313,52.13439063193045,701.5498972734302,745.247208044932,-0.7879762037550913,-1.7338114815125238,-1.3233228134943256,0.8068405969146465,12.616988,100174.40625,0.402588,247.458333
6511|2021-12-27|Kot Addu,6511|2021-12-27|Kot Addu,6511,6841,Pakistan,Pakistan,Kot Addu,Joharabad,2021-12-27,2021,low_vis_5km,0.3022341977700553,-0.4045783700233363,0.2036420942041673,,False,False,BWh,,30.45738,70.967571,32.2941027805159,72.3033929235665,same_country_year_koppen_uncertainty_lowgap_p25,1.858498,True,True,True,0.0,0.0,0.0,0.071526,,6059.579273076923,7185.213682352941,0.0001273239544735,,4.153397168089313,32.44073382262003,701.5498972734302,939.2070199379774,-0.7879762037550913,-1.8084079200218104,-1.3233228134943256,1.043778768168467,11.877323,99121.989583,1.142253,1299.875
6511|2021-12-27|Kot Addu,6511|2021-12-27|Kot Addu,6511,7085,Pakistan,Pakistan,Kot Addu,Sargodha,2021-12-27,2021,low_vis_5km,0.3022341977700553,-0.3402899071297459,0.2036420942041673,,False,False,BWh,,30.45738,70.967571,32.070230643021624,72.68028096370735,same_country_year_koppen_uncertainty_lowgap_p25,2.741127,True,True,True,0.0,0.0,0.0,0.071526,,6059.579273076923,12935.935841463415,0.0001273239544735,,4.153397168089313,2.772147320155872,701.5498972734302,942.770474279186,-0.7879762037550913,-1.4492183641943626,-1.3233228134943256,1.171596390384578,12.452356,99782.614583,0.56722,639.25
6511|2021-12-19|Kot Addu,6511|2021-12-19|Kot Addu,6511,6228,Pakistan,Pakistan,Kot Addu,Layyah,2021-12-19,2021,low_vis_5km,0.3022341977700553,-0.3334500144825772,0.2036420942041673,,False,False,BWh,,30.45738,70.967571,30.968234457690944,70.94803619058457,same_country_year_koppen_uncertainty_lowgap_p25,1.215013,True,True,True,0.0,0.0,0.0,0.0,,6059.579273076923,6096.643668,0.0001273239544735,,4.153397168089313,52.13439063193045,701.5498972734302,745.247208044932,-0.7879762037550913,-1.7338114815125238,-1.3233228134943256,0.8068405969146465,11.25861,100084.552083,0.816162,266.625
6511|2021-12-19|Kot Addu,6511|2021-12-19|Kot Addu,6511,6841,Pakistan,Pakistan,Kot Addu,Joharabad,2021-12-19,2021,low_vis_5km,0.3022341977700553,-0.4045783700233363,0.2036420942041673,,False,False,BWh,,30.45738,70.967571,32.2941027805159,72.3033929235665,same_country_year_koppen_uncertainty_lowgap_p25,1.858498,True,True,True,0.0,0.0,0.0,0.0,,6059.579273076923,7185.213682352941,0.0001273239544735,,4.153397168089313,32.44073382262003,701.5498972734302,939.2070199379774,-0.7879762037550913,-1.8084079200218104,-1.3233228134943256,1.043778768168467,10.1236,99032.927083,1.951172,1318.25
6511|2021-12-19|Kot Addu,6511|2021-12-19|Kot Addu,6511,7085,Pakistan,Pakistan,Kot Addu,Sargodha,2021-12-19,2021,low_vis_5km,0.3022341977700553,-0.3402899071297459,0.2036420942041673,,False,False,BWh,,30.45738,70.967571,32.070230643021624,72.68028096370735,same_country_year_koppen_uncertainty_lowgap_p25,2.741127,True,True,True,0.0,0.0,0.0,0.0,,6059.579273076923,12935.935841463415,0.0001273239544735,,4.153397168089313,2.772147320155872,701.5498972734302,942.770474279186,-0.7879762037550913,-1.4492183641943626,-1.3233228134943256,1.171596390384578,9.915186,99722.885417,2.159586,628.291666
4225|2021-12-15|Stalowa Wola,4225|2021-12-15|Stalowa Wola,4225,3403,Poland,Poland,Stalowa Wola,Bełchatów,2021-12-15,2021,low_ceiling_300m,0.3000002026050176,-0.2107257920052998,0.2944317982840133,,False,False,Dfb,,50.564298,22.058214,51.35896353742977,19.375143003940927,same_country_year_koppen_uncertainty_lowgap_p25,0.272447,True,True,True,0.0,0.0,0.0,0.341892,,3356.946019375,3423.068758666667,0.0001273239544735,,7.639868288311741,3.4770926585272535,349.8358306884888,233.8785275089932,1.5805936500494338,1.551784624385054,-0.9179806904420094,1.2725084682707946,3.934567,100436.105305,-2.844383,327.136883
4225|2021-12-15|Stalowa Wola,4225|2021-12-15|Stalowa Wola,4225,3349,Poland,Poland,Stalowa Wola,Płock,2021-12-15,2021,low_ceiling_300m,0.3000002026050176,-0.2565669814050171,0.2944317982840133,,False,False,Dfb,,50.564298,22.058214,52.54403783538433,19.72281251128816,same_country_year_koppen_uncertainty_lowgap_p25,0.659797,True,True,True,0.0,0.0,0.0,0.341892,,3356.946019375,3217.812315,0.0001273239544735,,7.639868288311741,1.4428704037794438,349.8358306884888,144.2506016126202,1.5805936500494338,0.8398498844272857,-0.9179806904420094,1.213550798492211,3.938491,101464.700521,-2.848307,-701.458333
4225|2021-12-15|Stalowa Wola,4225|2021-12-15|Stalowa Wola,4225,1080,Poland,Poland,Stalowa Wola,Słupsk,2021-12-15,2021,low_ceiling_300m,0.3000002026050176,-0.3036819984011183,0.2944317982840133,,False,False,Dfb,,50.564298,22.058214,54.463339597672,17.024806823494853,same_country_year_koppen_uncertainty_lowgap_p25,0.66085,True,True,True,0.0,0.0,0.0,0.341892,,3356.946019375,4364.374916842105,0.0001273239544735,,7.639868288311741,7.495769561299709,349.8358306884888,13.174767989702383,1.5805936500494338,1.6343689717394831,-0.9179806904420094,1.7753750461944244,6.331069,101924.325521,-5.240885,-1161.083333
4225|2021-11-17|Stalowa Wola,4225|2021-11-17|Stalowa Wola,4225,3403,Poland,Poland,Stalowa Wola,Bełchatów,2021-11-17,2021,fog,0.3000002026050176,-0.2107257920052998,0.2944317982840133,,False,False,Dfb,,50.564298,22.058214,51.35896353742977,19.375143003940927,same_country_year_koppen_uncertainty_lowgap_p25,0.272447,True,True,True,0.0,0.0,0.0,0.038147,,3356.946019375,3423.068758666667,0.0001273239544735,,7.639868288311741,3.4770926585272535,349.8358306884888,233.8785275089932,1.5805936500494338,1.551784624385054,-0.9179806904420094,1.2725084682707946,4.470579,99674.679036,-2.743148,471.615235
4225|2021-11-17|Stalowa Wola,4225|2021-11-17|Stalowa Wola,4225,3349,Poland,Poland,Stalowa Wola,Płock,2021-11-17,2021,fog,0.3000002026050176,-0.2565669814050171,0.2944317982840133,,False,False,Dfb,,50.564298,22.058214,52.54403783538433,19.72281251128816,same_country_year_koppen_uncertainty_lowgap_p25,0.659797,True,True,True,0.0,0.0,0.0,0.038147,,3356.946019375,3217.812315,0.0001273239544735,,7.639868288311741,1.4428704037794438,349.8358306884888,144.2506016126202,1.5805936500494338,0.8398498844272857,-0.9179806904420094,1.213550798492211,3.979222,100714.835938,-2.251791,-568.541667
4225|2021-11-17|Stalowa Wola,4225|2021-11-17|Stalowa Wola,4225,1080,Poland,Poland,Stalowa Wola,Słupsk,2021-11-17,2021,fog,0.3000002026050176,-0.3036819984011183,0.2944317982840133,,False,False,Dfb,,50.564298,22.058214,54.463339597672,17.024806823494853,same_country_year_koppen_uncertainty_lowgap_p25,0.66085,True,True,True,0.0,0.051667,-0.051667,0.038147,,3356.946019375,4364.374916842105,0.0001273239544735,,7.639868288311741,7.495769561299709,349.8358306884888,13.174767989702383,1.5805936500494338,1.6343689717394831,-0.9179806904420094,1.7753750461944244,5.912734,101102.085938,-4.185303,-955.791667
1707|2021-08-29|Mutare,1707|2021-08-29|Mutare,1707,1098,Zimbabwe,Zimbabwe,Mutare,Chinhoyi,2021-08-29,2021,low_vis_5km,0.2878208336980104,-0.2820353254022554,0.3126130858577015,,False,False,,,-18.978664,32.650351,-17.376612140516027,30.1882093677029,same_country_year_uncertainty_lowgap_p25,0.885098,True,False,True,0.0,0.0,0.0,4.222393,,3272.9704666666667,3713.623530833333,0.0001273239544735,,3.1885026956436096,12.789585322621358,197.02526392576624,498.7847441455162,-0.3857134785899649,-1.548709032809973,-0.8368080312772416,0.7685343982076775,21.431207,87836.802083,-6.237142,2594.625
1707|2021-08-29|Mutare,1707|2021-08-29|Mutare,1707,862,Zimbabwe,Zimbabwe,Mutare,Kadoma,2021-08-29,2021,low_vis_5km,0.2878208336980104,-0.2632700039521616,0.3126130858577015,,False,True,,,-18.978664,32.650351,-18.33969097597462,29.90028436283703,same_country_year_lowgap_p25,0.909689,True,True,False,0.0,0.0,0.0,4.222393,,3272.9704666666667,3677.6985909090913,0.0001273239544735,,3.1885026956436096,5.094071924042521,197.02526392576624,472.6184875629503,-0.3857134785899649,-1.671912929729816,-0.8368080312772416,0.6413682419559704,19.642959,88979.84375,-4.448894,1451.583333
1707|2021-08-29|Mutare,1707|2021-08-29|Mutare,1707,1316,Zimbabwe,Zimbabwe,Mutare,Norton,2021-08-29,2021,low_vis_5km,0.2878208336980104,-0.2434076150176883,0.3126130858577015,,False,True,,,-18.978664,32.650351,-17.88657583003399,30.672339777870725,same_country_year_lowgap_p25,1.1525,True,True,False,0.0,0.0,0.0,4.222393,,3272.9704666666667,3316.8740236,0.0001273239544735,,3.1885026956436096,27.37827007670448,197.02526392576624,426.9640289403455,-0.3857134785899649,-1.7542641899588336,-0.8368080312772416,0.397003358707941,17.352675,86750.552083,-2.15861,3680.875
1707|2021-02-06|Mutare,1707|2021-02-06|Mutare,1707,1098,Zimbabwe,Zimbabwe,Mutare,Chinhoyi,2021-02-06,2021,fog,0.2878208336980104,-0.2820353254022554,0.3126130858577015,,False,False,,,-18.978664,32.650351,-17.376612140516027,30.1882093677029,same_country_year_uncertainty_lowgap_p25,0.885098,True,False,True,0.0,0.079444,-0.079444,0.101566,,3272.9704666666667,3713.623530833333,0.0001273239544735,,3.1885026956436096,12.789585322621358,197.02526392576624,498.7847441455162,-0.3857134785899649,-1.548709032809973,-0.8368080312772416,0.7685343982076775,22.704706,87642.802083,0.880941,2298.0
1707|2021-02-06|Mutare,1707|2021-02-06|Mutare,1707,862,Zimbabwe,Zimbabwe,Mutare,Kadoma,2021-02-06,2021,fog,0.2878208336980104,-0.2632700039521616,0.3126130858577015,,False,True,,,-18.978664,32.650351,-18.33969097597462,29.90028436283703,same_country_year_lowgap_p25,0.909689,True,True,False,0.0,0.0,0.0,0.101566,,3272.9704666666667,3677.6985909090913,0.0001273239544735,,3.1885026956436096,5.094071924042521,197.02526392576624,472.6184875629503,-0.3857134785899649,-1.671912929729816,-0.8368080312772416,0.6413682419559704,24.150507,88675.46875,-0.56486,1265.333333
1707|2021-02-06|Mutare,1707|2021-02-06|Mutare,1707,1316,Zimbabwe,Zimbabwe,Mutare,Norton,2021-02-06,2021,fog,0.2878208336980104,-0.2434076150176883,0.3126130858577015,,False,True,,,-18.978664,32.650351,-17.88657583003399,30.672339777870725,same_country_year_lowgap_p25,1.1525,True,True,False,0.0,0.0,0.0,0.101566,,3272.9704666666667,3316.8740236,0.0001273239544735,,3.1885026956436096,27.37827007670448,197.02526392576624,426.9640289403455,-0.3857134785899649,-1.7542641899588336,-0.8368080312772416,0.397003358707941,22.205845,86483.260417,1.379802,3457.541666
6297|2021-01-18|Kishoreganj,6297|2021-01-18|Kishoreganj,6297,6361,Bangladesh,Bangladesh,Kishoreganj,Kapashia,2021-01-18,2021,low_vis_5km,0.2859228391924442,-0.2488387901161765,0.2046926983015233,,False,False,Aw,,24.342567,90.732515,24.099697572531003,90.5646500463687,same_country_year_koppen_uncertainty_lowgap_p25,2.230601,True,True,True,0.0,0.0,0.0,0.000954,,2395.451132996633,2297.2936166666664,0.0001273239544735,,22.633372150208977,29.448542997637205,86.81902036669517,57.897297005778405,0.028228509881809,0.3709595390735548,-1.3186322585506147,1.0050816898828554,16.53396,101257.546875,0.121419,-18.125
6297|2021-01-18|Kishoreganj,6297|2021-01-18|Kishoreganj,6297,6345,Bangladesh,Bangladesh,Kishoreganj,Sreenagar,2021-01-18,2021,low_vis_5km,0.2859228391924442,-0.2421080659464983,0.2046926983015233,,False,False,Aw,,24.342567,90.732515,23.55580698489829,90.29444710301225,same_country_year_koppen_uncertainty_lowgap_p25,2.561304,True,True,True,0.0,0.0,0.0,0.000954,,2395.451132996633,3228.7927228571425,0.0001273239544735,,22.633372150208977,27.432881464182792,86.81902036669517,11.253274295140562,0.028228509881809,0.0328570804352208,-1.3186322585506147,1.0219546583609258,17.456649,101327.130208,-0.80127,-87.708333
6297|2021-01-18|Kishoreganj,6297|2021-01-18|Kishoreganj,6297,4164,Bangladesh,Bangladesh,Kishoreganj,Gabtali,2021-01-18,2021,low_vis_5km,0.2859228391924442,-0.2267017264430049,0.2046926983015233,,False,False,Aw,,24.342567,90.732515,24.87652123454863,89.45284316665268,same_country_year_koppen_uncertainty_lowgap_p25,2.666468,True,True,True,0.0,0.0,0.0,0.000954,,2395.451132996633,2326.240405,0.0001273239544735,,22.633372150208977,13.203501062039088,86.81902036669517,180.27729091956755,0.028228509881809,-0.7111444259531302,-1.3186322585506147,0.3715961860961762,16.705184,101157.380208,-0.049805,82.041667
6297|2021-01-24|Kishoreganj,6297|2021-01-24|Kishoreganj,6297,6361,Bangladesh,Bangladesh,Kishoreganj,Kapashia,2021-01-24,2021,fog,0.2859228391924442,-0.2488387901161765,0.2046926983015233,,False,False,Aw,,24.342567,90.732515,24.099697572531003,90.5646500463687,same_country_year_koppen_uncertainty_lowgap_p25,2.230601,True,True,True,0.0,0.0,0.0,0.005245,,2395.451132996633,2297.2936166666664,0.0001273239544735,,22.633372150208977,29.448542997637205,86.81902036669517,57.897297005778405,0.028228509881809,0.3709595390735548,-1.3186322585506147,1.0050816898828554,15.917983,101349.169271,0.149251,-10.416667
6297|2021-01-24|Kishoreganj,6297|2021-01-24|Kishoreganj,6297,6345,Bangladesh,Bangladesh,Kishoreganj,Sreenagar,2021-01-24,2021,fog,0.2859228391924442,-0.2421080659464983,0.2046926983015233,,False,False,Aw,,24.342567,90.732515,23.55580698489829,90.29444710301225,same_country_year_koppen_uncertainty_lowgap_p25,2.561304,True,True,True,0.0,0.0,0.0,0.005245,,2395.451132996633,3228.7927228571425,0.0001273239544735,,22.633372150208977,27.432881464182792,86.81902036669517,11.253274295140562,0.028228509881809,0.0328570804352208,-1.3186322585506147,1.0219546583609258,17.303074,101400.794271,-1.23584,-62.041667
6297|2021-01-24|Kishoreganj,6297|2021-01-24|Kishoreganj,6297,4164,Bangladesh,Bangladesh,Kishoreganj,Gabtali,2021-01-24,2021,fog,0.2859228391924442,-0.2267017264430049,0.2046926983015233,,False,False,Aw,,24.342567,90.732515,24.87652123454863,89.45284316665268,same_country_year_koppen_uncertainty_lowgap_p25,2.666468,True,True,True,0.0,0.0,0.0,0.005245,,2395.451132996633,2326.240405,0.0001273239544735,,22.633372150208977,13.203501062039088,86.81902036669517,180.27729091956755,0.028228509881809,-0.7111444259531302,-1.3186322585506147,0.3715961860961762,17.044936,101258.752604,-0.977702,80.0
2154|2021-10-05|Sammanturai,2154|2021-10-05|Sammanturai,2154,768,Sri Lanka,Sri Lanka,Sammanturai,Bandaragama,2021-10-05,2021,fog,0.2846486352285439,-0.2005787369259783,0.232241872409969,,False,False,Aw,,7.359089,81.796456,6.717395407302171,80.0200311669557,same_country_year_uncertainty_lowgap_p25,0.973901,True,False,True,0.101667,3.827778,-3.726111,9.102345,,4953.426067272727,2313.5453592105264,0.0001273239544735,,16.890620656493017,18.49466340462268,6.499692556239444,11.260295597609815,0.2975177546521673,-0.3264668842605508,-1.1956354844710952,0.8556353976485237,25.262781,100504.526042,1.271728,-186.041667
2154|2021-10-05|Sammanturai,2154|2021-10-05|Sammanturai,2154,335,Sri Lanka,Sri Lanka,Sammanturai,Puttalam,2021-10-05,2021,fog,0.2846486352285439,-0.3564079546132953,0.232241872409969,,False,False,Aw,,7.359089,81.796456,8.025399173310616,79.83157813682244,same_country_year_uncertainty_lowgap_p25,1.275795,True,False,True,0.101667,4.87,-4.768333,9.102345,,4953.426067272727,3035.1289633333336,0.0001273239544735,,16.890620656493017,6.258910922298625,6.499692556239444,0.4155271311269382,0.2975177546521673,-0.8665736483911208,-1.1956354844710952,1.0567429408601114,26.211511,100586.901042,0.322998,-268.416667
2154|2021-10-05|Sammanturai,2154|2021-10-05|Sammanturai,2154,1132,Sri Lanka,Sri Lanka,Sammanturai,Anuradhapura,2021-10-05,2021,fog,0.2846486352285439,-0.2847271465668561,0.232241872409969,,False,False,Aw,,7.359089,81.796456,8.318598574304318,80.41107650907784,same_country_year_uncertainty_lowgap_p25,1.351152,True,False,True,0.101667,9.297778,-9.196111,9.102345,,4953.426067272727,2430.927762380953,0.0001273239544735,,16.890620656493017,2.7309725517022683,6.499692556239444,55.28586524868698,0.2975177546521673,-0.4283653058223828,-1.1956354844710952,1.1683390605625574,25.406661,99270.484375,1.127848,1048.0
2154|2021-10-29|Sammanturai,2154|2021-10-29|Sammanturai,2154,768,Sri Lanka,Sri Lanka,Sammanturai,Bandaragama,2021-10-29,2021,fog,0.2846486352285439,-0.2005787369259783,0.232241872409969,,False,False,Aw,,7.359089,81.796456,6.717395407302171,80.0200311669557,same_country_year_uncertainty_lowgap_p25,0.973901,True,False,True,0.420556,2.892222,-2.471666,4.599094,,4953.426067272727,2313.5453592105264,0.0001273239544735,,16.890620656493017,18.49466340462268,6.499692556239444,11.260295597609815,0.2975177546521673,-0.3264668842605508,-1.1956354844710952,0.8556353976485237,25.547164,100688.138021,0.913249,-87.916667
2154|2021-10-29|Sammanturai,2154|2021-10-29|Sammanturai,2154,335,Sri Lanka,Sri Lanka,Sammanturai,Puttalam,2021-10-29,2021,fog,0.2846486352285439,-0.3564079546132953,0.232241872409969,,False,False,Aw,,7.359089,81.796456,8.025399173310616,79.83157813682244,same_country_year_uncertainty_lowgap_p25,1.275795,True,False,True,0.420556,14.097778,-13.677222,4.599094,,4953.426067272727,3035.1289633333336,0.0001273239544735,,16.890620656493017,6.258910922298625,6.499692556239444,0.4155271311269382,0.2975177546521673,-0.8665736483911208,-1.1956354844710952,1.0567429408601114,26.31523,100835.304688,0.145183,-235.083334
2154|2021-10-29|Sammanturai,2154|2021-10-29|Sammanturai,2154,1132,Sri Lanka,Sri Lanka,Sammanturai,Anuradhapura,2021-10-29,2021,fog,0.2846486352285439,-0.2847271465668561,0.232241872409969,,False,False,Aw,,7.359089,81.796456,8.318598574304318,80.41107650907784,same_country_year_uncertainty_lowgap_p25,1.351152,True,False,True,0.420556,2.448333,-2.027777,4.599094,,4953.426067272727,2430.927762380953,0.0001273239544735,,16.890620656493017,2.7309725517022683,6.499692556239444,55.28586524868698,0.2975177546521673,-0.4283653058223828,-1.1956354844710952,1.1683390605625574,25.875452,99531.096354,0.584961,1069.125
2835|2021-01-16|Manbij,2835|2021-01-16|Manbij,2835,2644,Syria,Syria,Manbij,Salamiyah,2021-01-16,2021,low_ceiling_1000m,0.2801102478473207,-0.2695212772841611,0.2615712367944902,,False,False,,,36.52404,37.953772,35.00955815118204,37.05201478100287,same_country_year_koppen_uncertainty_lowgap_p25,0.697836,True,True,True,0.0,0.0,0.0,1.270294,,5870.178812499999,5128.3322963636365,0.000254647908947,,44.16953788026351,34.80208529913652,168.2201578392967,106.97046578031834,-0.0425917741318555,-0.8179692773034579,-1.0646908256258432,0.885277099028916,10.667271,95572.619792,-0.945882,389.333333
2835|2021-01-16|Manbij,2835|2021-01-16|Manbij,2835,1524,Syria,Syria,Manbij,Jdaydet Artooz,2021-01-16,2021,low_ceiling_1000m,0.2801102478473207,-0.2130611286191114,0.2615712367944902,,False,False,,,36.52404,37.953772,33.43128856413437,36.15612112051,same_country_year_koppen_uncertainty_lowgap_p25,0.95512,True,True,True,0.0,0.0,0.0,1.270294,,5870.178812499999,5486.344852727273,0.000254647908947,,44.16953788026351,8.156608166172779,168.2201578392967,75.41908912218796,-0.0425917741318555,-0.4489815516961822,-1.0646908256258432,0.8975898057561565,7.175979,90394.703125,2.54541,5567.25
2835|2021-01-16|Manbij,2835|2021-01-16|Manbij,2835,2368,Syria,Syria,Manbij,Al-Rastan,2021-01-16,2021,low_ceiling_1000m,0.2801102478473207,-0.315840652296612,0.2615712367944902,,False,False,,,36.52404,37.953772,34.925005770129594,36.730011679740784,same_country_year_koppen_uncertainty_lowgap_p25,1.031084,True,True,True,0.0,0.0,0.0,1.270294,,5870.178812499999,6085.287985,0.000254647908947,,44.16953788026351,20.354039241564145,168.2201578392967,78.33887115289703,-0.0425917741318555,-1.0773103200462233,-1.0646908256258432,0.9874269622475004,10.785272,96240.411458,-1.063883,-278.458333
2835|2021-12-19|Manbij,2835|2021-12-19|Manbij,2835,2644,Syria,Syria,Manbij,Salamiyah,2021-12-19,2021,low_ceiling_1000m,0.2801102478473207,-0.2695212772841611,0.2615712367944902,,False,False,,,36.52404,37.953772,35.00955815118204,37.05201478100287,same_country_year_koppen_uncertainty_lowgap_p25,0.697836,True,True,True,0.0,0.0,0.0,1.568794,,5870.178812499999,5128.3322963636365,0.000254647908947,,44.16953788026351,34.80208529913652,168.2201578392967,106.97046578031834,-0.0425917741318555,-0.8179692773034579,-1.0646908256258432,0.885277099028916,11.984684,95711.885417,-1.194173,398.666666
2835|2021-12-19|Manbij,2835|2021-12-19|Manbij,2835,1524,Syria,Syria,Manbij,Jdaydet Artooz,2021-12-19,2021,low_ceiling_1000m,0.2801102478473207,-0.2130611286191114,0.2615712367944902,,False,False,,,36.52404,37.953772,33.43128856413437,36.15612112051,same_country_year_koppen_uncertainty_lowgap_p25,0.95512,True,True,True,0.0,0.0,0.0,1.568794,,5870.178812499999,5486.344852727273,0.000254647908947,,44.16953788026351,8.156608166172779,168.2201578392967,75.41908912218796,-0.0425917741318555,-0.4489815516961822,-1.0646908256258432,0.8975898057561565,7.081608,90580.59375,3.708903,5529.958333
2835|2021-12-19|Manbij,2835|2021-12-19|Manbij,2835,2368,Syria,Syria,Manbij,Al-Rastan,2021-12-19,2021,low_ceiling_1000m,0.2801102478473207,-0.315840652296612,0.2615712367944902,,False,False,,,36.52404,37.953772,34.925005770129594,36.730011679740784,same_country_year_koppen_uncertainty_lowgap_p25,1.031084,True,True,True,0.0,0.0,0.0,1.568794,,5870.178812499999,6085.287985,0.000254647908947,,44.16953788026351,20.354039241564145,168.2201578392967,78.33887115289703,-0.0425917741318555,-1.0773103200462233,-1.0646908256258432,0.9874269622475004,11.995833,96368.010417,-1.205322,-257.458334
2903|2021-04-24|Sanandaj,2903|2021-04-24|Sanandaj,2903,3470,Iran,Iran,Sanandaj,Bandar-e Anzali,2021-04-24,2021,low_vis_5km,0.277031421930625,-0.258446503217369,0.4042491099048619,,False,False,Dsa,,35.295203,47.003034,37.4729038631064,49.462629703426046,same_country_year_uncertainty_lowgap_p25,1.205411,True,False,True,0.0,0.0,0.0,0.004292,,5809.846588888889,3407.732897391304,0.0001273239544735,,5.192455140407558,21.35800454227968,315.93293485076697,1.9925827040439597,1.0751820282895426,0.5635545979204403,-0.4276874056313813,1.4454726818201196,16.064905,102717.78125,0.836263,-20711.75
2903|2021-04-24|Sanandaj,2903|2021-04-24|Sanandaj,2903,5515,Iran,Iran,Sanandaj,Shahr-e Kord,2021-04-24,2021,low_vis_5km,0.277031421930625,-0.2683450363296827,0.4042491099048619,,False,False,Dsa,,35.295203,47.003034,32.33385101896318,50.86238885519479,same_country_year_uncertainty_lowgap_p25,1.457478,True,False,True,0.0,0.0,0.0,0.004292,,5809.846588888889,3625.206961851852,0.0001273239544735,,5.192455140407558,4.419178821270833,315.93293485076697,245.4254867039268,1.0751820282895426,-0.429367048987402,-0.4276874056313813,1.1578504585356482,16.391565,77480.697917,0.509603,4525.333333
2903|2021-04-24|Sanandaj,2903|2021-04-24|Sanandaj,2903,2219,Iran,Iran,Sanandaj,Saqqez,2021-04-24,2021,low_vis_5km,0.277031421930625,-0.2671774433503169,0.4042491099048619,,False,False,Dsa,,35.295203,47.003034,36.2416331922991,46.27371919986662,same_country_year_uncertainty_lowgap_p25,1.505179,True,False,True,0.0,0.0,0.0,0.004292,,5809.846588888889,7453.428063157895,0.0001273239544735,,5.192455140407558,4.921626758688895,315.93293485076697,305.68482124490396,1.0751820282895426,-0.4885365770103034,-0.4276874056313813,1.041889516871695,16.761112,83293.90625,0.140056,-1287.875
6864|2021-11-15|Ogwashi-Uku,6864|2021-11-15|Ogwashi-Uku,6864,7233,Nigeria,Nigeria,Ogwashi-Uku,Yangoji,2021-11-15,2021,low_ceiling_1000m,0.2740819121736816,-0.1935790744340046,0.277184381019086,,False,False,,,6.1902,6.524541,8.822873474450683,7.035931933164844,same_country_year_koppen_uncertainty_lowgap_p25,0.900779,True,True,True,0.0,0.0,0.0,0.793934,,5456.205642105263,5146.040620833333,0.000254647908947,,13.694237132001142,31.911612211082065,118.7097435188176,400.21964060258625,-0.1434012894623613,-0.7748125370360834,-0.99498396743459,0.5342020908114737,29.771021,98677.692708,-2.616293,744.708334
6864|2021-11-15|Ogwashi-Uku,6864|2021-11-15|Ogwashi-Uku,6864,7333,Nigeria,Nigeria,Ogwashi-Uku,Maji,2021-11-15,2021,low_ceiling_1000m,0.2740819121736816,-0.2615775963439796,0.277184381019086,,False,False,,,6.1902,6.524541,9.254253950297258,7.158487584173963,same_country_year_koppen_uncertainty_lowgap_p25,1.109394,True,True,True,0.0,0.0,0.0,0.793934,,5456.205642105263,7669.832348333333,0.000254647908947,,13.694237132001142,32.77541216605198,118.7097435188176,451.1628585397937,-0.1434012894623613,-0.6741439784418461,-0.99498396743459,0.8046907592321128,27.379663,95728.776042,-0.224935,3693.625
6864|2021-11-15|Ogwashi-Uku,6864|2021-11-15|Ogwashi-Uku,6864,7597,Nigeria,Nigeria,Ogwashi-Uku,Egwuachi,2021-11-15,2021,low_ceiling_1000m,0.2740819121736816,-0.2005566117028521,0.277184381019086,,False,False,,,6.1902,6.524541,6.13526555769777,7.363935987010714,same_country_year_koppen_uncertainty_lowgap_p25,1.257493,True,True,True,0.0,0.0,0.0,0.793934,,5456.205642105263,4276.891164615385,0.000254647908947,,13.694237132001142,46.92513037983883,118.7097435188176,165.01121464805118,-0.1434012894623613,-0.675650047273095,-0.99498396743459,0.5606516089662854,27.245549,98822.026042,-0.090821,600.375
6864|2021-09-25|Ogwashi-Uku,6864|2021-09-25|Ogwashi-Uku,6864,7233,Nigeria,Nigeria,Ogwashi-Uku,Yangoji,2021-09-25,2021,low_ceiling_300m,0.2740819121736816,-0.1935790744340046,0.277184381019086,,False,False,,,6.1902,6.524541,8.822873474450683,7.035931933164844,same_country_year_koppen_uncertainty_lowgap_p25,0.900779,True,True,True,2.495556,0.113333,2.382223,22.356033,,5456.205642105263,5146.040620833333,0.000254647908947,,13.694237132001142,31.911612211082065,118.7097435188176,400.21964060258625,-0.1434012894623613,-0.7748125370360834,-0.99498396743459,0.5342020908114737,25.891748,98922.46875,-1.807292,712.125
6864|2021-09-25|Ogwashi-Uku,6864|2021-09-25|Ogwashi-Uku,6864,7333,Nigeria,Nigeria,Ogwashi-Uku,Maji,2021-09-25,2021,low_ceiling_300m,0.2740819121736816,-0.2615775963439796,0.277184381019086,,False,False,,,6.1902,6.524541,9.254253950297258,7.158487584173963,same_country_year_koppen_uncertainty_lowgap_p25,1.109394,True,True,True,2.495556,0.071111,2.424445,22.356033,,5456.205642105263,7669.832348333333,0.000254647908947,,13.694237132001142,32.77541216605198,118.7097435188176,451.1628585397937,-0.1434012894623613,-0.6741439784418461,-0.99498396743459,0.8046907592321128,24.817692,95929.552083,-0.733236,3705.041667
6864|2021-09-25|Ogwashi-Uku,6864|2021-09-25|Ogwashi-Uku,6864,7597,Nigeria,Nigeria,Ogwashi-Uku,Egwuachi,2021-09-25,2021,low_ceiling_300m,0.2740819121736816,-0.2005566117028521,0.277184381019086,,False,False,,,6.1902,6.524541,6.13526555769777,7.363935987010714,same_country_year_koppen_uncertainty_lowgap_p25,1.257493,True,True,True,2.495556,5.328889,-2.833333,22.356033,,5456.205642105263,4276.891164615385,0.000254647908947,,13.694237132001142,46.92513037983883,118.7097435188176,165.01121464805118,-0.1434012894623613,-0.675650047273095,-0.99498396743459,0.5606516089662854,23.681787,99035.71875,0.402669,598.875
2233|2021-10-05|Kalmunai,2233|2021-10-05|Kalmunai,2233,768,Sri Lanka,Sri Lanka,Kalmunai,Bandaragama,2021-10-05,2021,fog,0.2680971959950057,-0.2005787369259783,0.2449074884725383,,False,False,,,7.409923,81.829179,6.717395407302171,80.0200311669557,same_country_year_koppen_uncertainty_lowgap_p25,0.648849,True,True,True,0.255556,3.827778,-3.572222,10.896206,,4518.861112,2313.5453592105264,0.0001273239544735,,21.86720946196311,18.49466340462268,2.064359348247313,11.260295597609815,-0.0828612963470003,-0.3264668842605508,-1.1390882387608074,0.8556353976485237,25.262781,100504.526042,1.737711,-147.333334
2233|2021-10-05|Kalmunai,2233|2021-10-05|Kalmunai,2233,335,Sri Lanka,Sri Lanka,Kalmunai,Puttalam,2021-10-05,2021,fog,0.2680971959950057,-0.3564079546132953,0.2449074884725383,,False,False,,,7.409923,81.829179,8.025399173310616,79.83157813682244,same_country_year_koppen_uncertainty_lowgap_p25,1.084684,True,True,True,0.255556,4.87,-4.614444,10.896206,,4518.861112,3035.1289633333336,0.0001273239544735,,21.86720946196311,6.258910922298625,2.064359348247313,0.4155271311269382,-0.0828612963470003,-0.8665736483911208,-1.1390882387608074,1.0567429408601114,26.211511,100586.901042,0.788981,-229.708334
2233|2021-10-05|Kalmunai,2233|2021-10-05|Kalmunai,2233,1132,Sri Lanka,Sri Lanka,Kalmunai,Anuradhapura,2021-10-05,2021,fog,0.2680971959950057,-0.2847271465668561,0.2449074884725383,,False,False,,,7.409923,81.829179,8.318598574304318,80.41107650907784,same_country_year_koppen_uncertainty_lowgap_p25,1.222863,True,True,True,0.255556,9.297778,-9.042222,10.896206,,4518.861112,2430.927762380953,0.0001273239544735,,21.86720946196311,2.7309725517022683,2.064359348247313,55.28586524868698,-0.0828612963470003,-0.4283653058223828,-1.1390882387608074,1.1683390605625574,25.406661,99270.484375,1.593831,1086.708333
2233|2021-10-29|Kalmunai,2233|2021-10-29|Kalmunai,2233,768,Sri Lanka,Sri Lanka,Kalmunai,Bandaragama,2021-10-29,2021,fog,0.2680971959950057,-0.2005787369259783,0.2449074884725383,,False,False,,,7.409923,81.829179,6.717395407302171,80.0200311669557,same_country_year_koppen_uncertainty_lowgap_p25,0.648849,True,True,True,0.195,2.892222,-2.697222,5.191326,,4518.861112,2313.5453592105264,0.0001273239544735,,21.86720946196311,18.49466340462268,2.064359348247313,11.260295597609815,-0.0828612963470003,-0.3264668842605508,-1.1390882387608074,0.8556353976485237,25.547164,100688.138021,0.915202,-38.916667
2233|2021-10-29|Kalmunai,2233|2021-10-29|Kalmunai,2233,335,Sri Lanka,Sri Lanka,Kalmunai,Puttalam,2021-10-29,2021,fog,0.2680971959950057,-0.3564079546132953,0.2449074884725383,,False,False,,,7.409923,81.829179,8.025399173310616,79.83157813682244,same_country_year_koppen_uncertainty_lowgap_p25,1.084684,True,True,True,0.195,14.097778,-13.902778,5.191326,,4518.861112,3035.1289633333336,0.0001273239544735,,21.86720946196311,6.258910922298625,2.064359348247313,0.4155271311269382,-0.0828612963470003,-0.8665736483911208,-1.1390882387608074,1.0567429408601114,26.31523,100835.304688,0.147136,-186.083334
2233|2021-10-29|Kalmunai,2233|2021-10-29|Kalmunai,2233,1132,Sri Lanka,Sri Lanka,Kalmunai,Anuradhapura,2021-10-29,2021,fog,0.2680971959950057,-0.2847271465668561,0.2449074884725383,,False,False,,,7.409923,81.829179,8.318598574304318,80.41107650907784,same_country_year_koppen_uncertainty_lowgap_p25,1.222863,True,True,True,0.195,2.448333,-2.253333,5.191326,,4518.861112,2430.927762380953,0.0001273239544735,,21.86720946196311,2.7309725517022683,2.064359348247313,55.28586524868698,-0.0828612963470003,-0.4283653058223828,-1.1390882387608074,1.1683390605625574,25.875452,99531.096354,0.586914,1118.125
4942|2022-12-26|Celaya,4942|2022-12-26|Celaya,4942,6696,México,México,Celaya,Matamoros,2022-12-26,2022,low_ceiling_1000m,0.4355736334993257,-0.2629107949259768,0.1821047102083698,,False,False,BSh,,20.531576,-100.820914,25.847048265415868,-97.50931699803468,same_country_year_koppen_uncertainty_lowgap_p25,1.363541,True,True,True,0.0,0.0,0.0,4.746437,,5500.956343939394,5099.120625252525,0.0001273239544735,,6.562864635255111,8.129910296062748,328.116473165505,29.96880844717999,0.6742196950005667,1.1084174637701594,-1.4194791898403902,1.718306627712613,10.710138,102331.21875,0.91512,-21320.291667
4942|2022-12-26|Celaya,4942|2022-12-26|Celaya,4942,4288,México,México,Celaya,San Francisco del Rincón,2022-12-26,2022,low_ceiling_1000m,0.4355736334993257,-0.2260774905487374,0.1821047102083698,,False,False,BSh,,20.531576,-100.820914,21.025504865614927,-101.8607450821336,same_country_year_koppen_uncertainty_lowgap_p25,1.54424,True,True,True,0.0,0.0,0.0,4.746437,,5500.956343939394,4393.776685714286,0.0001273239544735,,6.562864635255111,16.709251224239814,328.116473165505,324.4454119629594,0.6742196950005667,-0.5931200362533479,-1.4194791898403902,0.573290048675728,11.419936,82097.052083,0.205322,-1086.125
4942|2022-12-26|Celaya,4942|2022-12-26|Celaya,4942,4134,México,México,Celaya,Chihuahua,2022-12-26,2022,low_ceiling_1000m,0.4355736334993257,-0.2280772724811935,0.1821047102083698,,False,False,BSh,,20.531576,-100.820914,28.659020888249007,-106.0811875464914,same_country_year_koppen_uncertainty_lowgap_p25,1.77834,True,True,True,0.0,0.0,0.0,4.746437,,5500.956343939394,4201.6389046875,0.0001273239544735,,6.562864635255111,4.608050563636304,328.116473165505,391.7325558931292,0.6742196950005667,0.2840642732166048,-1.4194791898403902,1.263322798172695,7.437514,85770.96875,4.187744,-4760.041667
4942|2022-08-22|Celaya,4942|2022-08-22|Celaya,4942,6696,México,México,Celaya,Matamoros,2022-08-22,2022,low_ceiling_1000m,0.4355736334993257,-0.2629107949259768,0.1821047102083698,,False,False,BSh,,20.531576,-100.820914,25.847048265415868,-97.50931699803468,same_country_year_koppen_uncertainty_lowgap_p25,1.363541,True,True,True,0.0,0.0,0.0,15.800476,,5500.956343939394,5099.120625252525,0.0001273239544735,,6.562864635255111,8.129910296062748,328.116473165505,29.96880844717999,0.6742196950005667,1.1084174637701594,-1.4194791898403902,1.718306627712613,30.299768,101110.945312,-10.879639,-20210.458333
4942|2022-08-22|Celaya,4942|2022-08-22|Celaya,4942,4288,México,México,Celaya,San Francisco del Rincón,2022-08-22,2022,low_ceiling_1000m,0.4355736334993257,-0.2260774905487374,0.1821047102083698,,False,False,BSh,,20.531576,-100.820914,21.025504865614927,-101.8607450821336,same_country_year_koppen_uncertainty_lowgap_p25,1.54424,True,True,True,0.0,0.0,0.0,15.800476,,5500.956343939394,4393.776685714286,0.0001273239544735,,6.562864635255111,16.709251224239814,328.116473165505,324.4454119629594,0.6742196950005667,-0.5931200362533479,-1.4194791898403902,0.573290048675728,20.621545,81964.486979,-1.201416,-1064.0
4942|2022-08-22|Celaya,4942|2022-08-22|Celaya,4942,4134,México,México,Celaya,Chihuahua,2022-08-22,2022,low_ceiling_1000m,0.4355736334993257,-0.2280772724811935,0.1821047102083698,,False,False,BSh,,20.531576,-100.820914,28.659020888249007,-106.0811875464914,same_country_year_koppen_uncertainty_lowgap_p25,1.77834,True,True,True,0.0,0.598333,-0.598333,15.800476,,5500.956343939394,4201.6389046875,0.0001273239544735,,6.562864635255111,4.608050563636304,328.116473165505,391.7325558931292,0.6742196950005667,0.2840642732166048,-1.4194791898403902,1.263322798172695,22.911584,85502.861979,-3.491455,-4602.375
4379|2022-03-19|Karadeniz Ereğli,4379|2022-03-19|Karadeniz Ereğli,4379,3459,Turkey,Turkey,Karadeniz Ereğli,Yalova,2022-03-19,2022,low_ceiling_1000m,0.4239057131020607,-0.2173334564248427,0.2040506624642502,,False,False,,,41.265007,31.422627,40.65253863849585,29.282727859013196,same_country_year_koppen_uncertainty_lowgap_p25,0.816997,True,True,True,0.0,0.0,0.0,9.10902,,4424.80204,4905.462747058824,0.000254647908947,,1.7391893438228485,9.67680099117227,0.5836552227457015,1.3070794959245655,1.3358315692495748,1.1718900701813997,-1.3214987087939936,1.6409776177378312,0.950911,101395.5,-1.814697,-1235.166667
4379|2022-03-19|Karadeniz Ereğli,4379|2022-03-19|Karadeniz Ereğli,4379,858,Turkey,Turkey,Karadeniz Ereğli,Tekirdağ,2022-03-19,2022,low_ceiling_1000m,0.4239057131020607,-0.3010943158246248,0.2040506624642502,,False,False,,,41.265007,31.422627,40.97362181837198,27.521795993298632,same_country_year_koppen_uncertainty_lowgap_p25,0.951353,True,True,True,0.0,0.0,0.0,9.10902,,4424.80204,4822.32412,0.000254647908947,,1.7391893438228485,3.435653266875913,0.5836552227457015,1.2815414559229568,1.3358315692495748,0.3296049805374885,-1.3214987087939936,1.3884042633383085,1.241846,102530.958333,-2.105632,-2370.625
4379|2022-03-19|Karadeniz Ereğli,4379|2022-03-19|Karadeniz Ereğli,4379,4341,Turkey,Turkey,Karadeniz Ereğli,Düzce,2022-03-19,2022,low_ceiling_1000m,0.4239057131020607,-0.2243913266620748,0.2040506624642502,,False,False,,,41.265007,31.422627,40.84383926392352,31.157814680057847,same_country_year_koppen_uncertainty_lowgap_p25,1.03873,True,True,True,0.0,0.929444,-0.929444,9.10902,,4424.80204,6187.665303448276,0.000254647908947,,1.7391893438228485,2.063061364596871,0.5836552227457015,24.0677466235646,1.3358315692495748,0.438828918751529,-1.3214987087939936,1.1620849873042771,-7.085303,92880.083333,6.221517,7280.25
4379|2022-06-27|Karadeniz Ereğli,4379|2022-06-27|Karadeniz Ereğli,4379,3459,Turkey,Turkey,Karadeniz Ereğli,Yalova,2022-06-27,2022,thunder_or_convective,0.4239057131020607,-0.2173334564248427,0.2040506624642502,,False,False,,,41.265007,31.422627,40.65253863849585,29.282727859013196,same_country_year_koppen_uncertainty_lowgap_p25,0.816997,True,True,True,7.12,0.0,7.12,47.619343,,4424.80204,4905.462747058824,0.000254647908947,,1.7391893438228485,9.67680099117227,0.5836552227457015,1.3070794959245655,1.3358315692495748,1.1718900701813997,-1.3214987087939936,1.6409776177378312,21.600539,99462.830729,-2.499837,-1123.333333
4379|2022-06-27|Karadeniz Ereğli,4379|2022-06-27|Karadeniz Ereğli,4379,858,Turkey,Turkey,Karadeniz Ereğli,Tekirdağ,2022-06-27,2022,thunder_or_convective,0.4239057131020607,-0.3010943158246248,0.2040506624642502,,False,False,,,41.265007,31.422627,40.97362181837198,27.521795993298632,same_country_year_koppen_uncertainty_lowgap_p25,0.951353,True,True,True,7.12,0.051111,7.068889,47.619343,,4424.80204,4822.32412,0.000254647908947,,1.7391893438228485,3.435653266875913,0.5836552227457015,1.2815414559229568,1.3358315692495748,0.3296049805374885,-1.3214987087939936,1.3884042633383085,23.025018,100364.997396,-3.924316,-2025.5
4379|2022-06-27|Karadeniz Ereğli,4379|2022-06-27|Karadeniz Ereğli,4379,4341,Turkey,Turkey,Karadeniz Ereğli,Düzce,2022-06-27,2022,thunder_or_convective,0.4239057131020607,-0.2243913266620748,0.2040506624642502,,False,False,,,41.265007,31.422627,40.84383926392352,31.157814680057847,same_country_year_koppen_uncertainty_lowgap_p25,1.03873,True,True,True,7.12,3.846667,3.273333,47.619343,,4424.80204,6187.665303448276,0.000254647908947,,1.7391893438228485,2.063061364596871,0.5836552227457015,24.0677466235646,1.3358315692495748,0.438828918751529,-1.3214987087939936,1.1620849873042771,15.819533,91726.080729,3.281169,6613.416667
175|2022-09-14|Điện Biên Phủ,175|2022-09-14|Điện Biên Phủ,175,1739,Vietnam,Vietnam,Điện Biên Phủ,Phúc Yên,2022-09-14,2022,fog,0.4206542420932275,-0.2207820398304685,0.1673962528453861,,False,False,,,21.388702,103.018583,21.239375103723827,105.72237654564918,same_country_year_koppen_uncertainty_lowgap_p25,0.975366,True,True,True,0.0,0.0,0.0,1.330376,,3593.0871382352943,3784.632731,0.0001273239544735,,1.4621449867646352,8.447059325582973,333.03551537488755,92.50786143688232,0.7551669145649029,0.6904264882543372,-1.4851469590523374,1.2795443006863605,29.747349,100366.411458,-6.003174,-9325.541666
175|2022-09-14|Điện Biên Phủ,175|2022-09-14|Điện Biên Phủ,175,5031,Vietnam,Vietnam,Điện Biên Phủ,Trang Bang,2022-09-14,2022,fog,0.4206542420932275,-0.1913948350094969,0.1673962528453861,,False,False,,,21.388702,103.018583,11.024954059705768,106.37291346135945,same_country_year_koppen_uncertainty_lowgap_p25,1.04644,True,True,True,0.0,0.151667,-0.151667,1.330376,,3593.0871382352943,3158.056480952381,0.0001273239544735,,1.4621449867646352,12.209831124929222,333.03551537488755,56.9735070891997,0.7551669145649029,0.637184374146548,-1.4851469590523374,0.9071663554328984,27.468866,100982.119792,-3.724691,-9941.25
175|2022-09-14|Điện Biên Phủ,175|2022-09-14|Điện Biên Phủ,175,3097,Vietnam,Vietnam,Điện Biên Phủ,Lạng Sơn,2022-09-14,2022,fog,0.4206542420932275,-0.2232923276436526,0.1673962528453861,,False,False,,,21.388702,103.018583,21.85489840384316,106.76047743618248,same_country_year_koppen_uncertainty_lowgap_p25,1.260169,True,True,True,0.0,0.0,0.0,1.330376,,3593.0871382352943,5967.093841176471,0.0001273239544735,,1.4621449867646352,47.20246906060313,333.03551537488755,88.89480202986566,0.7551669145649029,0.6824090106994543,-1.4851469590523374,0.9338113133770318,27.493768,96953.119792,-3.749593,-5912.25
175|2022-05-20|Điện Biên Phủ,175|2022-05-20|Điện Biên Phủ,175,1739,Vietnam,Vietnam,Điện Biên Phủ,Phúc Yên,2022-05-20,2022,thunder_or_convective,0.4206542420932275,-0.2207820398304685,0.1673962528453861,,False,False,,,21.388702,103.018583,21.239375103723827,105.72237654564918,same_country_year_koppen_uncertainty_lowgap_p25,0.975366,True,True,True,2.977222,0.0,2.977222,15.307426,,3593.0871382352943,3784.632731,0.0001273239544735,,1.4621449867646352,8.447059325582973,333.03551537488755,92.50786143688232,0.7551669145649029,0.6904264882543372,-1.4851469590523374,1.2795443006863605,26.563837,100347.320312,-3.04305,-9570.25
175|2022-05-20|Điện Biên Phủ,175|2022-05-20|Điện Biên Phủ,175,5031,Vietnam,Vietnam,Điện Biên Phủ,Trang Bang,2022-05-20,2022,thunder_or_convective,0.4206542420932275,-0.1913948350094969,0.1673962528453861,,False,False,,,21.388702,103.018583,11.024954059705768,106.37291346135945,same_country_year_koppen_uncertainty_lowgap_p25,1.04644,True,True,True,2.977222,0.196111,2.781111,15.307426,,3593.0871382352943,3158.056480952381,0.0001273239544735,,1.4621449867646352,12.209831124929222,333.03551537488755,56.9735070891997,0.7551669145649029,0.637184374146548,-1.4851469590523374,0.9071663554328984,28.869257,100717.236979,-5.34847,-9940.166667
175|2022-05-20|Điện Biên Phủ,175|2022-05-20|Điện Biên Phủ,175,3097,Vietnam,Vietnam,Điện Biên Phủ,Lạng Sơn,2022-05-20,2022,thunder_or_convective,0.4206542420932275,-0.2232923276436526,0.1673962528453861,,False,False,,,21.388702,103.018583,21.85489840384316,106.76047743618248,same_country_year_koppen_uncertainty_lowgap_p25,1.260169,True,True,True,2.977222,0.0,2.977222,15.307426,,3593.0871382352943,5967.093841176471,0.0001273239544735,,1.4621449867646352,47.20246906060313,333.03551537488755,88.89480202986566,0.7551669145649029,0.6824090106994543,-1.4851469590523374,0.9338113133770318,24.227248,96919.903646,-0.706461,-6142.833334
10954|2022-01-10|Giridih,10954|2022-01-10|Giridih,10954,10132,India,India,Giridih,Thanjavur,2022-01-10,2022,low_vis_5km,0.4136882051021737,-0.1987262058582096,0.221502363859219,,False,False,Aw,,24.171116,86.306248,10.770179217220884,79.13268065039192,same_country_year_koppen_uncertainty_lowgap_p25,0.917763,True,True,True,0.0,0.0,0.0,0.088692,,5670.705629166667,7401.048096610169,0.0001273239544735,,3.925533527089168,6.228330151614349,256.6828591519296,61.48962511548593,0.8147679621759303,0.709386080459541,-1.2435833794512468,1.5685346024960791,26.473861,100758.174479,-8.289958,-2935.958333
10954|2022-01-10|Giridih,10954|2022-01-10|Giridih,10954,10080,India,India,Giridih,Siltara,2022-01-10,2022,low_vis_5km,0.4136882051021737,-0.2514754450573978,0.221502363859219,,False,False,Aw,,24.171116,86.306248,21.367822645426184,81.65945734260364,same_country_year_koppen_uncertainty_lowgap_p25,1.170544,True,True,True,0.0,0.033333,-0.033333,0.088692,,5670.705629166667,4028.20720625,0.0001273239544735,,3.925533527089168,15.350854292513652,256.6828591519296,395.2266457776779,0.8147679621759303,0.3553496493354016,-1.2435833794512468,1.0417592236788134,20.612126,98192.882812,-2.428223,-370.666666
10954|2022-01-10|Giridih,10954|2022-01-10|Giridih,10954,11432,India,India,Giridih,Chandpara,2022-01-10,2022,low_vis_5km,0.4136882051021737,-0.1999878668364216,0.221502363859219,,False,False,Aw,,24.171116,86.306248,22.968342743805323,88.78465529398024,same_country_year_koppen_uncertainty_lowgap_p25,1.273139,True,True,True,0.0,0.0,0.0,0.088692,,5670.705629166667,6661.472346666666,0.0001273239544735,,3.925533527089168,11.100908352194775,256.6828591519296,90.72386133387684,0.8147679621759303,0.0649327635917808,-1.2435833794512468,0.6986972468235431,20.888493,101428.716146,-2.70459,-3606.5
10954|2022-01-11|Giridih,10954|2022-01-11|Giridih,10954,10132,India,India,Giridih,Thanjavur,2022-01-11,2022,low_vis_5km,0.4136882051021737,-0.1987262058582096,0.221502363859219,,False,False,Aw,,24.171116,86.306248,10.770179217220884,79.13268065039192,same_country_year_koppen_uncertainty_lowgap_p25,0.917763,True,True,True,3.687222,0.0,3.687222,20.559311,,5670.705629166667,7401.048096610169,0.0001273239544735,,3.925533527089168,6.228330151614349,256.6828591519296,61.48962511548593,0.8147679621759303,0.709386080459541,-1.2435833794512468,1.5685346024960791,26.52629,100727.411458,-9.19987,-2942.125
10954|2022-01-11|Giridih,10954|2022-01-11|Giridih,10954,10080,India,India,Giridih,Siltara,2022-01-11,2022,low_vis_5km,0.4136882051021737,-0.2514754450573978,0.221502363859219,,False,False,Aw,,24.171116,86.306248,21.367822645426184,81.65945734260364,same_country_year_koppen_uncertainty_lowgap_p25,1.170544,True,True,True,3.687222,0.0,3.687222,20.559311,,5670.705629166667,4028.20720625,0.0001273239544735,,3.925533527089168,15.350854292513652,256.6828591519296,395.2266457776779,0.8147679621759303,0.3553496493354016,-1.2435833794512468,1.0417592236788134,18.666182,98187.703125,-1.339762,-402.416667
10954|2022-01-11|Giridih,10954|2022-01-11|Giridih,10954,11432,India,India,Giridih,Chandpara,2022-01-11,2022,low_vis_5km,0.4136882051021737,-0.1999878668364216,0.221502363859219,,False,False,Aw,,24.171116,86.306248,22.968342743805323,88.78465529398024,same_country_year_koppen_uncertainty_lowgap_p25,1.273139,True,True,True,3.687222,0.016111,3.671111,20.559311,,5670.705629166667,6661.472346666666,0.0001273239544735,,3.925533527089168,11.100908352194775,256.6828591519296,90.72386133387684,0.8147679621759303,0.0649327635917808,-1.2435833794512468,0.6986972468235431,21.120203,101403.703125,-3.793783,-3618.416667
46|2022-07-27|Kamsar,46|2022-07-27|Kamsar,46,2181,Guinea,Guinea,Kamsar,Siguiri,2022-07-27,2022,low_ceiling_1000m,0.4031969449010736,-0.2516234891039589,0.2327088075643495,,False,False,,,10.662686,-14.57679,11.42166882766884,-9.174764323982396,same_country_year_koppen_uncertainty_lowgap_p25,2.131807,True,True,True,1.436111,0.922222,0.513889,4.439354,,3801.789187096774,5831.576347619048,0.0001273239544735,,4.33846513408834,3.0327420264056557,4.252468467077536,470.21754676871103,0.1321259121597184,-2.2324079501389575,-1.1935507933850011,0.7869708850003173,25.690708,96920.372396,-0.071451,4104.0
46|2022-07-27|Kamsar,46|2022-07-27|Kamsar,46,1852,Guinea,Guinea,Kamsar,Boukaria,2022-07-27,2022,low_ceiling_1000m,0.4031969449010736,-0.1815322813972414,0.2327088075643495,,False,False,,,10.662686,-14.57679,11.548584774013417,-9.357512114669564,same_country_year_koppen_uncertainty_lowgap_p25,2.150699,True,True,True,1.436111,0.426111,1.01,4.439354,,3801.789187096774,6236.365222857143,0.0001273239544735,,4.33846513408834,24.747649486819768,4.252468467077536,461.788293425837,0.1321259121597184,-2.120992469763516,-1.1935507933850011,0.0265798113476929,25.690708,96920.372396,-0.071451,4104.0
46|2022-07-27|Kamsar,46|2022-07-27|Kamsar,46,2101,Guinea,Guinea,Kamsar,Balato,2022-07-27,2022,low_ceiling_1000m,0.4031969449010736,-0.209851475584158,0.2327088075643495,,False,False,,,10.662686,-14.57679,11.565586120007389,-9.326826397097552,same_country_year_koppen_uncertainty_lowgap_p25,2.218481,True,True,True,1.436111,0.426111,1.01,4.439354,,3801.789187096774,5417.375701,0.0001273239544735,,4.33846513408834,24.6624950343502,4.252468467077536,465.4054421826907,0.1321259121597184,-2.386894269940082,-1.1935507933850011,0.0569381252889299,25.690708,96920.372396,-0.071451,4104.0
46|2022-08-17|Kamsar,46|2022-08-17|Kamsar,46,2181,Guinea,Guinea,Kamsar,Siguiri,2022-08-17,2022,low_ceiling_1000m,0.4031969449010736,-0.2516234891039589,0.2327088075643495,,False,False,,,10.662686,-14.57679,11.42166882766884,-9.174764323982396,same_country_year_koppen_uncertainty_lowgap_p25,2.131807,True,True,True,0.548889,0.0,0.548889,21.751881,,3801.789187096774,5831.576347619048,0.0001273239544735,,4.33846513408834,3.0327420264056557,4.252468467077536,470.21754676871103,0.1321259121597184,-2.2324079501389575,-1.1935507933850011,0.7869708850003173,24.192662,96844.291667,0.517334,3973.833333
46|2022-08-17|Kamsar,46|2022-08-17|Kamsar,46,1852,Guinea,Guinea,Kamsar,Boukaria,2022-08-17,2022,low_ceiling_1000m,0.4031969449010736,-0.1815322813972414,0.2327088075643495,,False,False,,,10.662686,-14.57679,11.548584774013417,-9.357512114669564,same_country_year_koppen_uncertainty_lowgap_p25,2.150699,True,True,True,0.548889,0.0,0.548889,21.751881,,3801.789187096774,6236.365222857143,0.0001273239544735,,4.33846513408834,24.747649486819768,4.252468467077536,461.788293425837,0.1321259121597184,-2.120992469763516,-1.1935507933850011,0.0265798113476929,24.192662,96844.291667,0.517334,3973.833333
46|2022-08-17|Kamsar,46|2022-08-17|Kamsar,46,2101,Guinea,Guinea,Kamsar,Balato,2022-08-17,2022,low_ceiling_1000m,0.4031969449010736,-0.209851475584158,0.2327088075643495,,False,False,,,10.662686,-14.57679,11.565586120007389,-9.326826397097552,same_country_year_koppen_uncertainty_lowgap_p25,2.218481,True,True,True,0.548889,0.0,0.548889,21.751881,,3801.789187096774,5417.375701,0.0001273239544735,,4.33846513408834,24.6624950343502,4.252468467077536,465.4054421826907,0.1321259121597184,-2.386894269940082,-1.1935507933850011,0.0569381252889299,24.192662,96844.291667,0.517334,3973.833333
7672|2022-01-08|Zigong,7672|2022-01-08|Zigong,7672,10851,China,China,Zigong,Yangjiang,2022-01-08,2022,fog,0.3962918468273839,-0.2684919246895326,0.2448491215782408,,False,False,Cwa,,29.352113,104.76754,21.86109235665186,111.97037709693542,same_country_year_koppen_uncertainty_lowgap_p25,1.328002,True,True,True,0.036667,0.0,0.036667,0.152588,,5587.709175903615,5796.998992857143,0.0001273239544735,,13.944562860724895,17.468869984535875,925.4341966168917,1.5520610440621192,1.2493189772096671,-0.0333592446423835,-1.1393488251465689,1.13035859483779,17.358067,101706.111979,-8.169922,-3390.375
7672|2022-01-08|Zigong,7672|2022-01-08|Zigong,7672,9653,China,China,Zigong,Ningming,2022-01-08,2022,fog,0.3962918468273839,-0.2364055099800891,0.2448491215782408,,False,False,Cwa,,29.352113,104.76754,22.12935904736112,107.0607294319672,same_country_year_koppen_uncertainty_lowgap_p25,1.503317,True,True,True,0.036667,0.0,0.036667,0.152588,,5587.709175903615,5478.231793,0.0001273239544735,,13.944562860724895,6.294069640784925,925.4341966168917,98.9386033000899,1.2493189772096671,0.2893818164565304,-1.1393488251465689,0.9329644076233063,13.310866,99448.111979,-4.122721,-1132.375
7672|2022-01-08|Zigong,7672|2022-01-08|Zigong,7672,7775,China,China,Zigong,Xingping,2022-01-08,2022,fog,0.3962918468273839,-0.2011199142959792,0.2448491215782408,,False,False,Cwa,,29.352113,104.76754,34.29434697258374,108.45167856092996,same_country_year_koppen_uncertainty_lowgap_p25,1.60142,True,True,True,0.036667,0.083333,-0.046666,0.152588,,5587.709175903615,5754.3302092307695,0.0001273239544735,,13.944562860724895,18.040643144473748,925.4341966168917,984.096143388074,1.2493189772096671,-0.6751661601135523,-1.1393488251465689,0.6321825718578709,2.681228,96670.778646,6.506917,1644.958333
7672|2022-01-07|Zigong,7672|2022-01-07|Zigong,7672,10851,China,China,Zigong,Yangjiang,2022-01-07,2022,fog,0.3962918468273839,-0.2684919246895326,0.2448491215782408,,False,False,Cwa,,29.352113,104.76754,21.86109235665186,111.97037709693542,same_country_year_koppen_uncertainty_lowgap_p25,1.328002,True,True,True,0.0,0.0,0.0,1.214504,,5587.709175903615,5796.998992857143,0.0001273239544735,,13.944562860724895,17.468869984535875,925.4341966168917,1.5520610440621192,1.2493189772096671,-0.0333592446423835,-1.1393488251465689,1.13035859483779,17.873763,101872.143229,-8.484049,-3485.0
7672|2022-01-07|Zigong,7672|2022-01-07|Zigong,7672,9653,China,China,Zigong,Ningming,2022-01-07,2022,fog,0.3962918468273839,-0.2364055099800891,0.2448491215782408,,False,False,Cwa,,29.352113,104.76754,22.12935904736112,107.0607294319672,same_country_year_koppen_uncertainty_lowgap_p25,1.503317,True,True,True,0.0,0.0,0.0,1.214504,,5587.709175903615,5478.231793,0.0001273239544735,,13.944562860724895,6.294069640784925,925.4341966168917,98.9386033000899,1.2493189772096671,0.2893818164565304,-1.1393488251465689,0.9329644076233063,15.983545,99480.893229,-6.593831,-1093.75
7672|2022-01-07|Zigong,7672|2022-01-07|Zigong,7672,7775,China,China,Zigong,Xingping,2022-01-07,2022,fog,0.3962918468273839,-0.2011199142959792,0.2448491215782408,,False,False,Cwa,,29.352113,104.76754,34.29434697258374,108.45167856092996,same_country_year_koppen_uncertainty_lowgap_p25,1.60142,True,True,True,0.0,0.0,0.0,1.214504,,5587.709175903615,5754.3302092307695,0.0001273239544735,,13.944562860724895,18.040643144473748,925.4341966168917,984.096143388074,1.2493189772096671,-0.6751661601135523,-1.1393488251465689,0.6321825718578709,3.272363,97001.601562,6.117351,1385.541667
10433|2022-10-02|Baishan,10433|2022-10-02|Baishan,10433,10025,China,China,Baishan,Benxi,2022-10-02,2022,low_vis_5km,0.3962772963741289,-0.1990230854382688,0.2313371855483569,,False,False,Dwa,,41.938761,126.424563,41.29145514719016,123.7503761908393,same_country_year_koppen_uncertainty_lowgap_p25,1.647505,True,True,True,0.0,0.0,0.0,0.750065,,13585.061845945946,11034.743119117646,0.000254647908947,,67.4496712980915,42.24078107865443,234.925866865715,130.55749844653494,1.1836068999598446,0.5313373649899145,-1.1996745734504013,1.207557311619692,15.650293,97404.729167,0.816406,-4618.833334
10433|2022-10-02|Baishan,10433|2022-10-02|Baishan,10433,9949,China,China,Baishan,Qianjin,2022-10-02,2022,low_vis_5km,0.3962772963741289,-0.3444157285424103,0.2313371855483569,,False,False,Dwa,,41.938761,126.424563,41.7992268165388,123.950078335615,same_country_year_koppen_uncertainty_lowgap_p25,2.412365,True,True,True,0.0,0.0,0.0,0.750065,,13585.061845945946,6225.60304875,0.000254647908947,,67.4496712980915,43.805732992508105,234.925866865715,169.74060090791454,1.1836068999598446,-0.2641415961370356,-1.1996745734504013,0.948273857786806,18.05874,99033.604167,-1.592041,-6247.708334
10433|2022-10-02|Baishan,10433|2022-10-02|Baishan,10433,9397,China,China,Baishan,Hulan,2022-10-02,2022,low_vis_5km,0.3962772963741289,-0.2895592238691569,0.2313371855483569,,False,False,Dwa,,41.938761,126.424563,45.921887129065006,126.573869191809,same_country_year_koppen_uncertainty_lowgap_p25,2.522756,True,True,True,0.0,0.622778,-0.622778,0.750065,,13585.061845945946,4531.991670370371,0.000254647908947,,67.4496712980915,23.030761941163444,234.925866865715,489.85856599342833,1.1836068999598446,0.249132998742926,-1.1996745734504013,1.4122479176355025,14.575016,99964.8125,1.891683,-7178.916667
10433|2022-01-08|Baishan,10433|2022-01-08|Baishan,10433,10025,China,China,Baishan,Benxi,2022-01-08,2022,fog,0.3962772963741289,-0.1990230854382688,0.2313371855483569,,False,False,Dwa,,41.938761,126.424563,41.29145514719016,123.7503761908393,same_country_year_koppen_uncertainty_lowgap_p25,1.647505,True,True,True,0.0,0.0,0.0,1.09911,,13585.061845945946,11034.743119117646,0.000254647908947,,67.4496712980915,42.24078107865443,234.925866865715,130.55749844653494,1.1836068999598446,0.5313373649899145,-1.1996745734504013,1.207557311619692,-9.85694,98171.320312,-1.801653,-5312.875
10433|2022-01-08|Baishan,10433|2022-01-08|Baishan,10433,9949,China,China,Baishan,Qianjin,2022-01-08,2022,fog,0.3962772963741289,-0.3444157285424103,0.2313371855483569,,False,False,Dwa,,41.938761,126.424563,41.7992268165388,123.950078335615,same_country_year_koppen_uncertainty_lowgap_p25,2.412365,True,True,True,0.0,0.0,0.0,1.09911,,13585.061845945946,6225.60304875,0.000254647908947,,67.4496712980915,43.805732992508105,234.925866865715,169.74060090791454,1.1836068999598446,-0.2641415961370356,-1.1996745734504013,0.948273857786806,-9.580003,99967.778646,-2.07859,-7109.333334
10433|2022-01-08|Baishan,10433|2022-01-08|Baishan,10433,9397,China,China,Baishan,Hulan,2022-01-08,2022,fog,0.3962772963741289,-0.2895592238691569,0.2313371855483569,,False,False,Dwa,,41.938761,126.424563,45.921887129065006,126.573869191809,same_country_year_koppen_uncertainty_lowgap_p25,2.522756,True,True,True,0.0,0.0,0.0,1.09911,,13585.061845945946,4531.991670370371,0.000254647908947,,67.4496712980915,23.030761941163444,234.925866865715,489.85856599342833,1.1836068999598446,0.249132998742926,-1.1996745734504013,1.4122479176355025,-19.969399,100990.695312,8.310806,-8132.25
3150|2022-02-27|Jiayuguan,3150|2022-02-27|Jiayuguan,3150,2595,China,China,Jiayuguan,51 farm of 12th division,2022-02-27,2022,gust_15ms,0.3862996318899703,-0.1976510325882386,0.3283721473180412,,False,False,BWk,,39.794314,98.275577,43.96724864695461,87.38223360309642,same_country_year_koppen_uncertainty_lowgap_p25,1.32897,True,True,True,0.0,0.0,0.0,0.021935,,4536.584714583333,4442.305184444444,0.0001273239544735,,8.861671366983087,10.60479599067984,1862.746143416928,1858.8180793556223,1.46762640326676,0.2927343140929839,-0.7664497071215839,1.1407169036718172,-5.503719,95300.208333,4.374186,-12741.25
3150|2022-02-27|Jiayuguan,3150|2022-02-27|Jiayuguan,3150,1544,China,China,Jiayuguan,Karamay,2022-02-27,2022,gust_15ms,0.3862996318899703,-0.2007332451012314,0.3283721473180412,,False,False,BWk,,39.794314,98.275577,45.591728819463455,84.87309691574201,same_country_year_koppen_uncertainty_lowgap_p25,2.290875,True,True,True,0.0,0.0,0.0,0.021935,,4536.584714583333,7392.438915789474,0.0001273239544735,,8.861671366983087,13.63341164554783,1862.746143416928,1647.4649718178034,1.46762640326676,-0.5035246955517338,-0.7664497071215839,0.8882086958687352,-6.735409,96825.5,5.605876,-14266.541667
3150|2022-02-27|Jiayuguan,3150|2022-02-27|Jiayuguan,3150,9035,China,China,Jiayuguan,Mengjin,2022-02-27,2022,gust_15ms,0.3862996318899703,-0.185505280017955,0.3283721473180412,,False,False,BWk,,39.794314,98.275577,34.821154682490125,112.4373388544098,same_country_year_uncertainty_lowgap_p25,0.977437,True,False,True,0.0,0.008333,-0.008333,0.021935,,4536.584714583333,5082.112604285714,0.0001273239544735,,8.861671366983087,9.67680991295296,1862.746143416928,627.202786069849,1.46762640326676,0.4656065717593693,-0.7664497071215839,1.058176165981801,12.158716,99223.291667,-13.288249,-16664.333334
3150|2022-04-08|Jiayuguan,3150|2022-04-08|Jiayuguan,3150,2595,China,China,Jiayuguan,51 farm of 12th division,2022-04-08,2022,gust_15ms,0.3862996318899703,-0.1976510325882386,0.3283721473180412,,False,False,BWk,,39.794314,98.275577,43.96724864695461,87.38223360309642,same_country_year_koppen_uncertainty_lowgap_p25,1.32897,True,True,True,0.0,0.0,0.0,0.0,,4536.584714583333,4442.305184444444,0.0001273239544735,,8.861671366983087,10.60479599067984,1862.746143416928,1858.8180793556223,1.46762640326676,0.2927343140929839,-0.7664497071215839,1.1407169036718172,20.001306,93584.286458,-4.575195,-11387.208333
3150|2022-04-08|Jiayuguan,3150|2022-04-08|Jiayuguan,3150,1544,China,China,Jiayuguan,Karamay,2022-04-08,2022,gust_15ms,0.3862996318899703,-0.2007332451012314,0.3283721473180412,,False,False,BWk,,39.794314,98.275577,45.591728819463455,84.87309691574201,same_country_year_koppen_uncertainty_lowgap_p25,2.290875,True,True,True,0.0,0.237778,-0.237778,0.0,,4536.584714583333,7392.438915789474,0.0001273239544735,,8.861671366983087,13.63341164554783,1862.746143416928,1647.4649718178034,1.46762640326676,-0.5035246955517338,-0.7664497071215839,0.8882086958687352,21.27629,94832.869792,-5.850179,-12635.791667
3150|2022-04-08|Jiayuguan,3150|2022-04-08|Jiayuguan,3150,9035,China,China,Jiayuguan,Mengjin,2022-04-08,2022,gust_15ms,0.3862996318899703,-0.185505280017955,0.3283721473180412,,False,False,BWk,,39.794314,98.275577,34.821154682490125,112.4373388544098,same_country_year_uncertainty_lowgap_p25,0.977437,True,False,True,0.0,0.0,0.0,0.0,,4536.584714583333,5082.112604285714,0.0001273239544735,,8.861671366983087,9.67680991295296,1862.746143416928,627.202786069849,1.46762640326676,0.4656065717593693,-0.7664497071215839,1.058176165981801,22.167485,98438.786458,-6.741374,-16241.708333
10936|2022-01-10|Phusro,10936|2022-01-10|Phusro,10936,10422,India,India,Phusro,Jagdalpur,2022-01-10,2022,low_vis_5km,0.3807833955489506,-0.20469522416022,0.2220568493550458,,False,False,,,23.772954,85.992166,19.084643956362275,82.01933462666783,same_country_year_koppen_uncertainty_lowgap_p25,0.976632,True,True,True,0.0,0.0,0.0,0.714302,,5655.4166263157895,7897.268533333334,0.0001273239544735,,21.40905865759822,2.09720911769055,243.41550296525784,197.25890664663825,1.0942813527463149,0.3918081130693948,-1.2411078087865106,1.1553097412744728,22.243717,94897.382812,-4.069417,3399.958334
10936|2022-01-10|Phusro,10936|2022-01-10|Phusro,10936,7703,India,India,Phusro,Alibag,2022-01-10,2022,low_vis_5km,0.3807833955489506,-0.3336737650573649,0.2220568493550458,,False,False,,,23.772954,85.992166,18.65317906395264,72.87724336527454,same_country_year_koppen_uncertainty_lowgap_p25,1.08782,True,True,True,0.0,0.0,0.0,0.714302,,5655.4166263157895,5933.119215789474,0.0001273239544735,,21.40905865759822,30.02403028448972,243.41550296525784,1.2215805635729218,1.0942813527463149,0.6176663395562872,-1.2411078087865106,1.4429319645589422,19.901676,100447.424479,-1.727376,-2150.083333
10936|2022-01-10|Phusro,10936|2022-01-10|Phusro,10936,7510,India,India,Phusro,Solan,2022-01-10,2022,low_vis_5km,0.3807833955489506,-0.2062853618670365,0.2220568493550458,,False,False,,,23.772954,85.992166,30.908388212732003,77.09741811561662,same_country_year_koppen_uncertainty_lowgap_p25,1.097945,True,True,True,0.0,0.0,0.0,0.714302,,5655.4166263157895,7570.576922,0.0001273239544735,,21.40905865759822,19.241837852679705,243.41550296525784,1065.5797697867183,1.0942813527463149,0.4940092247227342,-1.2411078087865106,0.9746582293451777,,,,
10936|2022-01-11|Phusro,10936|2022-01-11|Phusro,10936,10422,India,India,Phusro,Jagdalpur,2022-01-11,2022,low_vis_5km,0.3807833955489506,-0.20469522416022,0.2220568493550458,,False,False,,,23.772954,85.992166,19.084643956362275,82.01933462666783,same_country_year_koppen_uncertainty_lowgap_p25,0.976632,True,True,True,1.946111,0.512222,1.433889,9.416103,,5655.4166263157895,7897.268533333334,0.0001273239544735,,21.40905865759822,2.09720911769055,243.41550296525784,197.25890664663825,1.0942813527463149,0.3918081130693948,-1.2411078087865106,1.1553097412744728,20.813481,94854.536458,-2.88322,3404.666667
10936|2022-01-11|Phusro,10936|2022-01-11|Phusro,10936,7703,India,India,Phusro,Alibag,2022-01-11,2022,low_vis_5km,0.3807833955489506,-0.3336737650573649,0.2220568493550458,,False,False,,,23.772954,85.992166,18.65317906395264,72.87724336527454,same_country_year_koppen_uncertainty_lowgap_p25,1.08782,True,True,True,1.946111,0.0,1.946111,9.416103,,5655.4166263157895,5933.119215789474,0.0001273239544735,,21.40905865759822,30.02403028448972,243.41550296525784,1.2215805635729218,1.0942813527463149,0.6176663395562872,-1.2411078087865106,1.4429319645589422,20.181645,100423.703125,-2.251384,-2164.5
10936|2022-01-11|Phusro,10936|2022-01-11|Phusro,10936,7510,India,India,Phusro,Solan,2022-01-11,2022,low_vis_5km,0.3807833955489506,-0.2062853618670365,0.2220568493550458,,False,False,,,23.772954,85.992166,30.908388212732003,77.09741811561662,same_country_year_koppen_uncertainty_lowgap_p25,1.097945,True,True,True,1.946111,0.560556,1.385555,9.416103,,5655.4166263157895,7570.576922,0.0001273239544735,,21.40905865759822,19.241837852679705,243.41550296525784,1065.5797697867183,1.0942813527463149,0.4940092247227342,-1.2411078087865106,0.9746582293451777,8.088871,89094.203125,9.84139,9165.0
3795|2022-10-30|Francisco Beltrão,3795|2022-10-30|Francisco Beltrão,3795,2872,Brazil,Brazil,Francisco Beltrão,Foz do Iguaçu,2022-10-30,2022,gust_15ms,0.3774016214215518,-0.1981825922895489,0.2339053288974494,,False,False,Cfa,,-26.064775,-53.053956,-25.522872867444423,-54.56013205839889,same_country_year_koppen_uncertainty_lowgap_p25,0.602755,True,True,True,3.507778,14.386111,-10.878333,8.68082,,2723.78540625,3053.8004267605634,0.000254647908947,,1.1363891633711107,1.4435183100764912,410.6497062384072,559.6529668817774,0.4321124646466294,0.651684546948592,-1.1882087724768862,1.668078601857047,22.46026,97799.450521,-4.172933,-4257.958333
3795|2022-10-30|Francisco Beltrão,3795|2022-10-30|Francisco Beltrão,3795,6334,Brazil,Brazil,Francisco Beltrão,Lençóis Paulista,2022-10-30,2022,gust_15ms,0.3774016214215518,-0.2367540609111171,0.2339053288974494,,False,False,Cfa,,-26.064775,-53.053956,-22.601948663988097,-48.794308565303375,same_country_year_koppen_uncertainty_lowgap_p25,0.975105,True,True,True,3.507778,0.0,3.507778,8.68082,,2723.78540625,3898.380126428572,0.000254647908947,,1.1363891633711107,3.3674261108411487,410.6497062384072,265.63185041952073,0.4321124646466294,-0.7061095330152171,-1.1882087724768862,0.8437135704999263,23.8836,94358.908854,-5.596273,-817.416666
3795|2022-10-30|Francisco Beltrão,3795|2022-10-30|Francisco Beltrão,3795,7266,Brazil,Brazil,Francisco Beltrão,Amparo,2022-10-30,2022,gust_15ms,0.3774016214215518,-0.2204447595707933,0.2339053288974494,,False,False,Cfa,,-26.064775,-53.053956,-22.709096549637092,-46.77852551661239,same_country_year_koppen_uncertainty_lowgap_p25,1.039741,True,True,True,3.507778,0.0,3.507778,8.68082,,2723.78540625,3177.48536,0.000254647908947,,1.1363891633711107,1.8626838043907183,410.6497062384072,141.88516252752584,0.4321124646466294,-0.5793837276722051,-1.1882087724768862,0.6397395770449601,22.757298,91888.617188,-4.469971,1652.875
3795|2022-10-29|Francisco Beltrão,3795|2022-10-29|Francisco Beltrão,3795,2872,Brazil,Brazil,Francisco Beltrão,Foz do Iguaçu,2022-10-29,2022,gust_15ms,0.3774016214215518,-0.1981825922895489,0.2339053288974494,,False,False,Cfa,,-26.064775,-53.053956,-25.522872867444423,-54.56013205839889,same_country_year_koppen_uncertainty_lowgap_p25,0.602755,True,True,True,14.133333,14.117778,0.015555,18.905163,,2723.78540625,3053.8004267605634,0.000254647908947,,1.1363891633711107,1.4435183100764912,410.6497062384072,559.6529668817774,0.4321124646466294,0.651684546948592,-1.1882087724768862,1.668078601857047,23.811812,98120.325521,-4.556152,-4228.583333
3795|2022-10-29|Francisco Beltrão,3795|2022-10-29|Francisco Beltrão,3795,6334,Brazil,Brazil,Francisco Beltrão,Lençóis Paulista,2022-10-29,2022,gust_15ms,0.3774016214215518,-0.2367540609111171,0.2339053288974494,,False,False,Cfa,,-26.064775,-53.053956,-22.601948663988097,-48.794308565303375,same_country_year_koppen_uncertainty_lowgap_p25,0.975105,True,True,True,14.133333,0.0,14.133333,18.905163,,2723.78540625,3898.380126428572,0.000254647908947,,1.1363891633711107,3.3674261108411487,410.6497062384072,265.63185041952073,0.4321124646466294,-0.7061095330152171,-1.1882087724768862,0.8437135704999263,25.700647,94536.033854,-6.444987,-644.291666
3795|2022-10-29|Francisco Beltrão,3795|2022-10-29|Francisco Beltrão,3795,7266,Brazil,Brazil,Francisco Beltrão,Amparo,2022-10-29,2022,gust_15ms,0.3774016214215518,-0.2204447595707933,0.2339053288974494,,False,False,Cfa,,-26.064775,-53.053956,-22.709096549637092,-46.77852551661239,same_country_year_koppen_uncertainty_lowgap_p25,1.039741,True,True,True,14.133333,0.0,14.133333,18.905163,,2723.78540625,3177.48536,0.000254647908947,,1.1363891633711107,1.8626838043907183,410.6497062384072,141.88516252752584,0.4321124646466294,-0.5793837276722051,-1.1882087724768862,0.6397395770449601,23.932906,92084.742188,-4.677246,1807.0
8128|2022-05-25|Palu,8128|2022-05-25|Palu,8128,5423,Indonesia,Indonesia,Palu,Pandeglang,2022-05-25,2022,thunder_or_convective,0.3752704043753463,-0.1961494916083855,0.2785560030350785,,False,False,Af,,-0.901066,119.8774,-6.312272527739886,106.09560552157612,same_country_year_koppen_uncertainty_lowgap_p25,2.033291,True,True,True,0.019444,0.415556,-0.396112,10.201454,,4284.016298717949,5213.9844946428575,0.0001273239544735,,3.598108244675575,23.915413579458885,4.501564875383695,25.885649282711366,0.2230973429867424,-1.136909759008658,-0.9888601873691902,0.3715961860961767,25.605056,98959.838542,-2.034099,-6685.333334
8128|2022-05-25|Palu,8128|2022-05-25|Palu,8128,6605,Indonesia,Indonesia,Palu,Loning,2022-05-25,2022,thunder_or_convective,0.3752704043753463,-0.1819304985165777,0.2785560030350785,,False,False,Af,,-0.901066,119.8774,-6.879066096794977,109.46466803477202,same_country_year_koppen_uncertainty_lowgap_p25,2.76374,True,True,True,0.019444,0.340556,-0.321112,10.201454,,4284.016298717949,4844.529689999999,0.0001273239544735,,3.598108244675575,73.86514255732702,4.501564875383695,3.501497754246163,0.2230973429867424,-1.5610189648971018,-0.9888601873691902,0.094462564838614,25.948155,97295.463542,-2.377198,-5020.958334
8128|2022-05-25|Palu,8128|2022-05-25|Palu,8128,1998,Indonesia,Indonesia,Palu,Lubuk Pakam,2022-05-25,2022,thunder_or_convective,0.3752704043753463,-0.1842416221661755,0.2785560030350785,,False,False,Af,,-0.901066,119.8774,3.5604673982114865,98.87529110126168,same_country_year_uncertainty_lowgap_p25,1.147662,True,False,True,0.019444,2.065556,-2.046112,10.201454,,4284.016298717949,5176.239830625,0.0001273239544735,,3.598108244675575,9.86316161113705,4.501564875383695,15.482293908927508,0.2230973429867424,0.2737985912933327,-0.9888601873691902,1.1826713117794505,25.577557,100893.179035,-2.0066,-8618.673827
8128|2022-10-04|Palu,8128|2022-10-04|Palu,8128,5423,Indonesia,Indonesia,Palu,Pandeglang,2022-10-04,2022,thunder_or_convective,0.3752704043753463,-0.1961494916083855,0.2785560030350785,,False,False,Af,,-0.901066,119.8774,-6.312272527739886,106.09560552157612,same_country_year_koppen_uncertainty_lowgap_p25,2.033291,True,True,True,0.132778,1.79,-1.657222,29.016972,,4284.016298717949,5213.9844946428575,0.0001273239544735,,3.598108244675575,23.915413579458885,4.501564875383695,25.885649282711366,0.2230973429867424,-1.136909759008658,-0.9888601873691902,0.3715961860961767,25.605219,98842.578125,-2.66976,-6621.375
8128|2022-10-04|Palu,8128|2022-10-04|Palu,8128,6605,Indonesia,Indonesia,Palu,Loning,2022-10-04,2022,thunder_or_convective,0.3752704043753463,-0.1819304985165777,0.2785560030350785,,False,False,Af,,-0.901066,119.8774,-6.879066096794977,109.46466803477202,same_country_year_koppen_uncertainty_lowgap_p25,2.76374,True,True,True,0.132778,0.049444,0.083334,29.016972,,4284.016298717949,4844.529689999999,0.0001273239544735,,3.598108244675575,73.86514255732702,4.501564875383695,3.501497754246163,0.2230973429867424,-1.5610189648971018,-0.9888601873691902,0.094462564838614,25.428298,97200.578125,-2.492839,-4979.375
8128|2022-10-04|Palu,8128|2022-10-04|Palu,8128,1998,Indonesia,Indonesia,Palu,Lubuk Pakam,2022-10-04,2022,thunder_or_convective,0.3752704043753463,-0.1842416221661755,0.2785560030350785,,False,False,Af,,-0.901066,119.8774,3.5604673982114865,98.87529110126168,same_country_year_uncertainty_lowgap_p25,1.147662,True,False,True,0.132778,1.214444,-1.081666,29.016972,,4284.016298717949,5176.239830625,0.0001273239544735,,3.598108244675575,9.86316161113705,4.501564875383695,15.482293908927508,0.2230973429867424,0.2737985912933327,-0.9888601873691902,1.1826713117794505,26.352839,100637.674479,-3.41738,-8416.471354
4263|2022-11-21|Rzeszów,4263|2022-11-21|Rzeszów,4263,3403,Poland,Poland,Rzeszów,Bełchatów,2022-11-21,2022,fog,0.3716182461126244,-0.2004857947467617,0.3762913675363333,,False,False,Dfb,,50.030827,22.002133,51.35896353742977,19.375143003940927,same_country_year_koppen_uncertainty_lowgap_p25,1.293619,True,True,True,0.0,0.0,0.0,1.025677,,4154.646042222223,3423.068758666667,0.0003819718634205,,6.854641766987755,3.4770926585272535,391.4413423077526,233.8785275089932,2.1556911380739217,1.6091911482877987,-0.5525082844112332,1.2657983688374308,-0.350228,98218.086426,0.227562,-684.820801
4263|2022-11-21|Rzeszów,4263|2022-11-21|Rzeszów,4263,3939,Poland,Poland,Rzeszów,Nowy Sącz,2022-11-21,2022,fog,0.3716182461126244,-0.3290704897218872,0.3762913675363333,,False,False,Dfb,,50.030827,22.002133,49.61016223153979,20.695056604094415,same_country_year_koppen_uncertainty_lowgap_p25,1.410428,True,True,True,0.0,0.0,0.0,1.025677,,4154.646042222223,3048.9409969565218,0.0003819718634205,,6.854641766987755,3.556652967473742,391.4413423077526,396.5502193834211,2.1556911380739217,1.4737273529350294,-0.5525082844112332,1.783322930960156,-0.771185,93965.140625,0.648519,3568.125
4263|2022-11-21|Rzeszów,4263|2022-11-21|Rzeszów,4263,1080,Poland,Poland,Rzeszów,Słupsk,2022-11-21,2022,fog,0.3716182461126244,-0.338943296929475,0.3762913675363333,,False,False,Dfb,,50.030827,22.002133,54.463339597672,17.024806823494853,same_country_year_koppen_uncertainty_lowgap_p25,1.411013,True,True,True,0.0,0.0,0.0,1.025677,,4154.646042222223,4364.374916842105,0.0003819718634205,,6.854641766987755,7.495769561299709,391.4413423077526,13.174767989702383,2.1556911380739217,1.5930677588792082,-0.5525082844112332,1.9257985373753628,-0.878607,99970.890625,0.755941,-2437.625
4263|2022-11-25|Rzeszów,4263|2022-11-25|Rzeszów,4263,3403,Poland,Poland,Rzeszów,Bełchatów,2022-11-25,2022,low_ceiling_1000m,0.3716182461126244,-0.2004857947467617,0.3762913675363333,,False,False,Dfb,,50.030827,22.002133,51.35896353742977,19.375143003940927,same_country_year_koppen_uncertainty_lowgap_p25,1.293619,True,True,True,0.0,0.0,0.0,2.566338,,4154.646042222223,3423.068758666667,0.0003819718634205,,6.854641766987755,3.4770926585272535,391.4413423077526,233.8785275089932,2.1556911380739217,1.6091911482877987,-0.5525082844112332,1.2657983688374308,1.535773,99433.243815,-0.170474,-784.858398
4263|2022-11-25|Rzeszów,4263|2022-11-25|Rzeszów,4263,3939,Poland,Poland,Rzeszów,Nowy Sącz,2022-11-25,2022,low_ceiling_1000m,0.3716182461126244,-0.3290704897218872,0.3762913675363333,,False,False,Dfb,,50.030827,22.002133,49.61016223153979,20.695056604094415,same_country_year_koppen_uncertainty_lowgap_p25,1.410428,True,True,True,0.0,0.0,0.0,2.566338,,4154.646042222223,3048.9409969565218,0.0003819718634205,,6.854641766987755,3.556652967473742,391.4413423077526,396.5502193834211,2.1556911380739217,1.4737273529350294,-0.5525082844112332,1.783322930960156,1.584456,95087.59375,-0.219157,3560.791667
4263|2022-11-25|Rzeszów,4263|2022-11-25|Rzeszów,4263,1080,Poland,Poland,Rzeszów,Słupsk,2022-11-25,2022,low_ceiling_1000m,0.3716182461126244,-0.338943296929475,0.3762913675363333,,False,False,Dfb,,50.030827,22.002133,54.463339597672,17.024806823494853,same_country_year_koppen_uncertainty_lowgap_p25,1.411013,True,True,True,0.0,0.0,0.0,2.566338,,4154.646042222223,4364.374916842105,0.0003819718634205,,6.854641766987755,7.495769561299709,391.4413423077526,13.174767989702383,2.1556911380739217,1.5930677588792082,-0.5525082844112332,1.9257985373753628,1.338037,101365.010417,0.027262,-2716.625
6403|2022-02-28|Nizhnekamsk,6403|2022-02-28|Nizhnekamsk,6403,6031,Russia,Russia,Nizhnekamsk,Ulyanovsk,2022-02-28,2022,fog,0.3684965980249938,-0.2535157021304398,0.323936263351427,,False,False,Dfb,,55.626131,51.811607,54.30457195226994,48.34297095737613,same_country_year_koppen_uncertainty_lowgap_p25,1.208799,True,True,True,0.0,0.0,0.0,0.015259,,5182.24729375,3883.0337009900986,0.0001273239544735,,27.4681670757702,8.398455944882189,684.6867668945697,636.9057543024679,1.0485390047995056,0.8954781903151975,-0.786254272439473,1.7795444283666118,0.479201,101286.854167,-1.05013,333.541666
6403|2022-02-28|Nizhnekamsk,6403|2022-02-28|Nizhnekamsk,6403,6242,Russia,Russia,Nizhnekamsk,Dimitrovgrad,2022-02-28,2022,fog,0.3684965980249938,-0.2383011523326504,0.323936263351427,,False,False,Dfb,,55.626131,51.811607,54.22085624156395,49.601213221695694,same_country_year_koppen_uncertainty_lowgap_p25,1.365917,True,True,True,0.0,0.0,0.0,0.015259,,5182.24729375,3687.2105466666662,0.0001273239544735,,27.4681670757702,26.832945880058592,684.6867668945697,597.7864892031167,1.0485390047995056,-0.2629428577896834,-0.786254272439473,0.9147233606199884,0.827102,101642.979167,-1.398031,-22.583334
6403|2022-02-28|Nizhnekamsk,6403|2022-02-28|Nizhnekamsk,6403,6191,Russia,Russia,Nizhnekamsk,Glazov,2022-02-28,2022,fog,0.3684965980249938,-0.2058875232711255,0.323936263351427,,False,False,Dfb,,55.626131,51.811607,58.13911643512936,52.66242861757086,same_country_year_koppen_uncertainty_lowgap_p25,1.4818,True,True,True,0.0,0.0,0.0,0.015259,,5182.24729375,4237.4195015,0.0001273239544735,,27.4681670757702,8.852785414584394,684.6867668945697,589.9287712816352,1.0485390047995056,-0.3623308770717794,-0.786254272439473,0.8408471202565478,-4.448777,100245.104167,3.877848,1375.291666
6403|2022-04-18|Nizhnekamsk,6403|2022-04-18|Nizhnekamsk,6403,6031,Russia,Russia,Nizhnekamsk,Ulyanovsk,2022-04-18,2022,low_ceiling_300m,0.3684965980249938,-0.2535157021304398,0.323936263351427,,False,False,Dfb,,55.626131,51.811607,54.30457195226994,48.34297095737613,same_country_year_koppen_uncertainty_lowgap_p25,1.208799,True,True,True,0.0,0.047778,-0.047778,2.229691,,5182.24729375,3883.0337009900986,0.0001273239544735,,27.4681670757702,8.398455944882189,684.6867668945697,636.9057543024679,1.0485390047995056,0.8954781903151975,-0.786254272439473,1.7795444283666118,5.305699,100371.200521,-0.949789,255.166667
6403|2022-04-18|Nizhnekamsk,6403|2022-04-18|Nizhnekamsk,6403,6242,Russia,Russia,Nizhnekamsk,Dimitrovgrad,2022-04-18,2022,low_ceiling_300m,0.3684965980249938,-0.2383011523326504,0.323936263351427,,False,False,Dfb,,55.626131,51.811607,54.22085624156395,49.601213221695694,same_country_year_koppen_uncertainty_lowgap_p25,1.365917,True,True,True,0.0,0.013333,-0.013333,2.229691,,5182.24729375,3687.2105466666662,0.0001273239544735,,27.4681670757702,26.832945880058592,684.6867668945697,597.7864892031167,1.0485390047995056,-0.2629428577896834,-0.786254272439473,0.9147233606199884,7.605829,100722.408854,-3.249919,-96.041666
6403|2022-04-18|Nizhnekamsk,6403|2022-04-18|Nizhnekamsk,6403,6191,Russia,Russia,Nizhnekamsk,Glazov,2022-04-18,2022,low_ceiling_300m,0.3684965980249938,-0.2058875232711255,0.323936263351427,,False,False,Dfb,,55.626131,51.811607,58.13911643512936,52.66242861757086,same_country_year_koppen_uncertainty_lowgap_p25,1.4818,True,True,True,0.0,0.0,0.0,2.229691,,5182.24729375,4237.4195015,0.0001273239544735,,27.4681670757702,8.852785414584394,684.6867668945697,589.9287712816352,1.0485390047995056,-0.3623308770717794,-0.786254272439473,0.8408471202565478,0.427118,99554.117188,3.928792,1072.25
8387|2022-07-06|Timika,8387|2022-07-06|Timika,8387,5423,Indonesia,Indonesia,Timika,Pandeglang,2022-07-06,2022,low_ceiling_1000m,0.3634202934362786,-0.1961494916083855,0.2049845327730111,,False,False,Af,,-4.562932,136.877284,-6.312272527739886,106.09560552157612,same_country_year_koppen_uncertainty_lowgap_p25,2.013229,True,True,True,12.586667,0.046111,12.540556,122.087955,,9510.816648484848,5213.9844946428575,0.0001273239544735,,4.327595199516538,23.915413579458885,39.985758066631846,25.885649282711366,-0.4578291892673683,-1.136909759008658,-1.3173293266218062,0.3715961860961767,25.728764,98933.179688,-1.915772,-914.333334
8387|2022-07-06|Timika,8387|2022-07-06|Timika,8387,6605,Indonesia,Indonesia,Timika,Loning,2022-07-06,2022,low_ceiling_1000m,0.3634202934362786,-0.1819304985165777,0.2049845327730111,,False,False,Af,,-4.562932,136.877284,-6.879066096794977,109.46466803477202,same_country_year_koppen_uncertainty_lowgap_p25,2.81863,True,True,True,12.586667,2.142222,10.444445,122.087955,,9510.816648484848,4844.529689999999,0.0001273239544735,,4.327595199516538,73.86514255732702,39.985758066631846,3.501497754246163,-0.4578291892673683,-1.5610189648971018,-1.3173293266218062,0.094462564838614,25.075444,97325.929688,-1.262452,692.916666
8387|2022-07-06|Timika,8387|2022-07-06|Timika,8387,2463,Indonesia,Indonesia,Timika,Tebing Tinggi,2022-07-06,2022,low_ceiling_1000m,0.3634202934362786,-0.1978424068648634,0.2049845327730111,,False,False,Af,,-4.562932,136.877284,3.3383430064369852,99.16023732314332,same_country_year_uncertainty_lowgap_p25,1.232394,True,False,True,12.586667,0.0,12.586667,122.087955,,9510.816648484848,6403.953382051282,0.0001273239544735,,4.327595199516538,5.539365283459771,39.985758066631846,20.5724097370647,-0.4578291892673683,-0.0704007371292445,-1.3173293266218062,1.1138113593419228,27.635258,100667.596354,-3.822266,-2648.75
8387|2022-08-16|Timika,8387|2022-08-16|Timika,8387,5423,Indonesia,Indonesia,Timika,Pandeglang,2022-08-16,2022,low_ceiling_1000m,0.3634202934362786,-0.1961494916083855,0.2049845327730111,,False,False,Af,,-4.562932,136.877284,-6.312272527739886,106.09560552157612,same_country_year_koppen_uncertainty_lowgap_p25,2.013229,True,True,True,9.1,0.115556,8.984444,109.291553,,9510.816648484848,5213.9844946428575,0.0001273239544735,,4.327595199516538,23.915413579458885,39.985758066631846,25.885649282711366,-0.4578291892673683,-1.136909759008658,-1.3173293266218062,0.3715961860961767,25.979771,98956.552083,-1.927816,-886.0
8387|2022-08-16|Timika,8387|2022-08-16|Timika,8387,6605,Indonesia,Indonesia,Timika,Loning,2022-08-16,2022,low_ceiling_1000m,0.3634202934362786,-0.1819304985165777,0.2049845327730111,,False,False,Af,,-4.562932,136.877284,-6.879066096794977,109.46466803477202,same_country_year_koppen_uncertainty_lowgap_p25,2.81863,True,True,True,9.1,0.0,9.1,109.291553,,9510.816648484848,4844.529689999999,0.0001273239544735,,4.327595199516538,73.86514255732702,39.985758066631846,3.501497754246163,-0.4578291892673683,-1.5610189648971018,-1.3173293266218062,0.094462564838614,25.880975,97340.427083,-1.82902,730.125
8387|2022-08-16|Timika,8387|2022-08-16|Timika,8387,2463,Indonesia,Indonesia,Timika,Tebing Tinggi,2022-08-16,2022,low_ceiling_1000m,0.3634202934362786,-0.1978424068648634,0.2049845327730111,,False,False,Af,,-4.562932,136.877284,3.3383430064369852,99.16023732314332,same_country_year_uncertainty_lowgap_p25,1.232394,True,False,True,9.1,0.191667,8.908333,109.291553,,9510.816648484848,6403.953382051282,0.0001273239544735,,4.327595199516538,5.539365283459771,39.985758066631846,20.5724097370647,-0.4578291892673683,-0.0704007371292445,-1.3173293266218062,1.1138113593419228,27.209263,100692.677083,-3.157308,-2622.125
10210|2022-11-11|Neyveli Township,10210|2022-11-11|Neyveli Township,10210,7349,India,India,Neyveli Township,Daman,2022-11-11,2022,low_vis_5km,0.3628333195334579,-0.181779430615022,0.2623591898675071,,False,False,,,11.605937,79.482999,20.426963397667024,72.84656791437195,same_country_year_koppen_uncertainty_lowgap_p25,1.163694,True,True,True,12.109444,0.0,12.109444,32.631397,,3434.0973779166666,3750.872209999999,0.000254647908947,,4.371302955955729,0.8125432946599426,26.16442768671589,1.9155952459150836,1.4854227180927777,1.252070163754151,-1.0611729094180606,1.1739416678564338,27.064254,101389.278646,-3.03418,-884.458334
10210|2022-11-11|Neyveli Township,10210|2022-11-11|Neyveli Township,10210,10314,India,India,Neyveli Township,Chengalpattu,2022-11-11,2022,low_vis_5km,0.3628333195334579,-0.2216931742355386,0.2623591898675071,,False,False,,,11.605937,79.482999,12.680491964075646,79.98613079459547,same_country_year_koppen_uncertainty_lowgap_p25,1.439746,True,True,True,12.109444,0.564444,11.545,32.631397,,3434.0973779166666,4520.149968666667,0.000254647908947,,4.371302955955729,26.762482408475424,26.16442768671589,21.848999412535044,1.4854227180927777,0.3137827954180503,-1.0611729094180606,0.7835832619854154,25.041467,100603.861979,-1.011393,-99.041667
10210|2022-11-11|Neyveli Township,10210|2022-11-11|Neyveli Township,10210,11388,India,India,Neyveli Township,Durgachak,2022-11-11,2022,low_vis_5km,0.3628333195334579,-0.267965626668539,0.2623591898675071,,False,False,,,11.605937,79.482999,22.066908304006414,88.1201363562848,same_country_year_koppen_uncertainty_lowgap_p25,1.514984,True,True,True,12.109444,0.0,12.109444,32.631397,,3434.0973779166666,2903.2760137931036,0.000254647908947,,4.371302955955729,7.023518257536653,26.16442768671589,1.9874971185513937,1.4854227180927777,0.0706274946714164,-1.0611729094180606,1.1282739037516964,25.66134,101346.986979,-1.631266,-842.166667
10210|2022-09-28|Neyveli Township,10210|2022-09-28|Neyveli Township,10210,7349,India,India,Neyveli Township,Daman,2022-09-28,2022,low_vis_5km,0.3628333195334579,-0.181779430615022,0.2623591898675071,,False,False,,,11.605937,79.482999,20.426963397667024,72.84656791437195,same_country_year_koppen_uncertainty_lowgap_p25,1.163694,True,True,True,0.0,0.0,0.0,8.13961,,3434.0973779166666,3750.872209999999,0.000254647908947,,4.371302955955729,0.8125432946599426,26.16442768671589,1.9155952459150836,1.4854227180927777,1.252070163754151,-1.0611729094180606,1.1739416678564338,27.53339,100724.213542,2.125814,-601.916667
10210|2022-09-28|Neyveli Township,10210|2022-09-28|Neyveli Township,10210,10314,India,India,Neyveli Township,Chengalpattu,2022-09-28,2022,low_vis_5km,0.3628333195334579,-0.2216931742355386,0.2623591898675071,,False,False,,,11.605937,79.482999,12.680491964075646,79.98613079459547,same_country_year_koppen_uncertainty_lowgap_p25,1.439746,True,True,True,0.0,0.155556,-0.155556,8.13961,,3434.0973779166666,4520.149968666667,0.000254647908947,,4.371302955955729,26.762482408475424,26.16442768671589,21.848999412535044,1.4854227180927777,0.3137827954180503,-1.0611729094180606,0.7835832619854154,28.41604,100103.213542,1.243164,19.083333
10210|2022-09-28|Neyveli Township,10210|2022-09-28|Neyveli Township,10210,11388,India,India,Neyveli Township,Durgachak,2022-09-28,2022,low_vis_5km,0.3628333195334579,-0.267965626668539,0.2623591898675071,,False,False,,,11.605937,79.482999,22.066908304006414,88.1201363562848,same_country_year_koppen_uncertainty_lowgap_p25,1.514984,True,True,True,0.0,1.305556,-1.305556,8.13961,,3434.0973779166666,2903.2760137931036,0.000254647908947,,4.371302955955729,7.023518257536653,26.16442768671589,1.9874971185513937,1.4854227180927777,0.0706274946714164,-1.0611729094180606,1.1282739037516964,29.570744,100417.963542,0.08846,-295.666667
56|2022-02-16|Brest,56|2022-02-16|Brest,56,1585,France,France,Brest,Caen,2022-02-16,2022,low_vis_5km,0.3598375220361931,-0.1848973835954289,0.3845210996322885,,False,False,Cfb,,48.395742,-4.48925,49.17675486973722,-0.358204929234041,same_country_year_koppen_uncertainty_lowgap_p25,0.611115,True,True,True,0.000556,0.050556,-0.05,2.408028,,3076.876057142857,2831.465037735849,0.0008912676813146,,1.317212077783021,2.2420940871322497,1.139574491431255,12.26733834091748,2.7660042401192504,1.93076183514792,-0.5157656040188342,1.5095117861210554,12.685571,100107.578125,-0.200032,316.791667
56|2022-02-16|Brest,56|2022-02-16|Brest,56,544,France,France,Brest,Saint-Nazaire,2022-02-16,2022,low_vis_5km,0.3598375220361931,-0.2328702583793902,0.3845210996322885,,False,False,Cfb,,48.395742,-4.48925,47.27677813565688,-2.2106401204496233,same_country_year_koppen_uncertainty_lowgap_p25,0.658349,True,True,True,0.000556,0.0,0.000556,2.408028,,3076.876057142857,1682.734944411765,0.0008912676813146,,1.317212077783021,4.5093827474641195,1.139574491431255,0.3623114076915579,2.7660042401192504,2.017957750501674,-0.5157656040188342,1.5088603201566513,11.890161,101214.494792,0.595378,-790.125
56|2022-02-16|Brest,56|2022-02-16|Brest,56,1681,France,France,Brest,Le Havre,2022-02-16,2022,low_vis_5km,0.3598375220361931,-0.1903423798708172,0.3845210996322885,,False,False,Cfb,,48.395742,-4.48925,49.4870591728847,0.1598997825707736,same_country_year_koppen_uncertainty_lowgap_p25,0.742132,True,True,True,0.000556,0.0,0.000556,2.408028,,3076.876057142857,2015.3855174418604,0.0008912676813146,,1.317212077783021,3.952679858826151,1.139574491431255,0.5688784673683703,2.7660042401192504,1.9282616561200752,-0.5157656040188342,1.506905922263439,11.639917,99645.911458,0.845622,778.458334
56|2022-01-24|Brest,56|2022-01-24|Brest,56,1585,France,France,Brest,Caen,2022-01-24,2022,fog,0.3598375220361931,-0.1848973835954289,0.3845210996322885,,False,False,Cfb,,48.395742,-4.48925,49.17675486973722,-0.358204929234041,same_country_year_koppen_uncertainty_lowgap_p25,0.611115,True,True,True,0.0,0.0,0.0,0.026226,,3076.876057142857,2831.465037735849,0.0008912676813146,,1.317212077783021,2.2420940871322497,1.139574491431255,12.26733834091748,2.7660042401192504,1.93076183514792,-0.5157656040188342,1.5095117861210554,3.058333,102646.934896,0.823812,-247.166667
56|2022-01-24|Brest,56|2022-01-24|Brest,56,544,France,France,Brest,Saint-Nazaire,2022-01-24,2022,fog,0.3598375220361931,-0.2328702583793902,0.3845210996322885,,False,False,Cfb,,48.395742,-4.48925,47.27677813565688,-2.2106401204496233,same_country_year_koppen_uncertainty_lowgap_p25,0.658349,True,True,True,0.0,0.0,0.0,0.026226,,3076.876057142857,1682.734944411765,0.0008912676813146,,1.317212077783021,4.5093827474641195,1.139574491431255,0.3623114076915579,2.7660042401192504,2.017957750501674,-0.5157656040188342,1.5088603201566513,3.491032,102803.809896,0.391113,-404.041667
56|2022-01-24|Brest,56|2022-01-24|Brest,56,1681,France,France,Brest,Le Havre,2022-01-24,2022,fog,0.3598375220361931,-0.1903423798708172,0.3845210996322885,,False,False,Cfb,,48.395742,-4.48925,49.4870591728847,0.1598997825707736,same_country_year_koppen_uncertainty_lowgap_p25,0.742132,True,True,True,0.0,0.0,0.0,0.026226,,3076.876057142857,2015.3855174418604,0.0008912676813146,,1.317212077783021,3.952679858826151,1.139574491431255,0.5688784673683703,2.7660042401192504,1.9282616561200752,-0.5157656040188342,1.506905922263439,3.77098,102289.393229,0.111165,110.375
2617|2022-07-25|Río Cuarto,2617|2022-07-25|Río Cuarto,2617,3443,Argentina,Argentina,Río Cuarto,Funes,2022-07-25,2022,low_vis_5km,0.3547850322962805,-0.1971947004229208,0.3748030117317458,,False,False,Cwa,,-33.12169,-64.348265,-32.91871118991632,-60.8221861818703,same_country_year_uncertainty_lowgap_p25,0.519796,True,False,True,0.01,0.0,0.01,2.089024,,3358.2219511627904,2924.080648,0.0001273239544735,,4.284361053901343,3.913801869633391,562.5719925533739,229.13555109673757,1.04110206967231,0.403672213407465,-0.5591532372481558,1.3364824259752903,16.917403,101098.010417,-2.441732,-4370.958334
2617|2022-07-25|Río Cuarto,2617|2022-07-25|Río Cuarto,2617,4739,Argentina,Argentina,Río Cuarto,Puerto Iguazú,2022-07-25,2022,low_vis_5km,0.3547850322962805,-0.2961359017701309,0.3748030117317458,,False,False,Cwa,,-33.12169,-64.348265,-25.613647935089674,-54.5791210294304,same_country_year_uncertainty_lowgap_p25,0.89044,True,False,True,0.01,0.0,0.01,2.089024,,3358.2219511627904,4460.19593,0.0001273239544735,,4.284361053901343,8.242771024791876,562.5719925533739,560.3984346298093,1.04110206967231,0.5675241052676031,-0.5591532372481558,1.6486649161178006,22.818201,98985.59375,-8.34253,-2258.541667
2617|2022-07-25|Río Cuarto,2617|2022-07-25|Río Cuarto,2617,4775,Argentina,Argentina,Río Cuarto,Oberá,2022-07-25,2022,low_vis_5km,0.3547850322962805,-0.1912787996890463,0.3748030117317458,,False,False,Cwa,,-33.12169,-64.348265,-27.484677112419533,-55.11966082247188,same_country_year_uncertainty_lowgap_p25,1.30248,True,False,True,0.01,0.0,0.01,2.089024,,3358.2219511627904,3919.478466,0.0001273239544735,,4.284361053901343,3.8293330385356095,562.5719925533739,465.94311404691894,1.04110206967231,-0.66314292060059,-0.5591532372481558,0.8063194241431231,22.574548,98747.802083,-8.098877,-2020.75
2617|2022-07-26|Río Cuarto,2617|2022-07-26|Río Cuarto,2617,3443,Argentina,Argentina,Río Cuarto,Funes,2022-07-26,2022,low_vis_5km,0.3547850322962805,-0.1971947004229208,0.3748030117317458,,False,False,Cwa,,-33.12169,-64.348265,-32.91871118991632,-60.8221861818703,same_country_year_uncertainty_lowgap_p25,0.519796,True,False,True,0.0,0.0,0.0,0.491142,,3358.2219511627904,2924.080648,0.0001273239544735,,4.284361053901343,3.913801869633391,562.5719925533739,229.13555109673757,1.04110206967231,0.403672213407465,-0.5591532372481558,1.3364824259752903,19.898086,100953.5625,-5.55127,-4302.375
2617|2022-07-26|Río Cuarto,2617|2022-07-26|Río Cuarto,2617,4739,Argentina,Argentina,Río Cuarto,Puerto Iguazú,2022-07-26,2022,low_vis_5km,0.3547850322962805,-0.2961359017701309,0.3748030117317458,,False,False,Cwa,,-33.12169,-64.348265,-25.613647935089674,-54.5791210294304,same_country_year_uncertainty_lowgap_p25,0.89044,True,False,True,0.0,0.0,0.0,0.491142,,3358.2219511627904,4460.19593,0.0001273239544735,,4.284361053901343,8.242771024791876,562.5719925533739,560.3984346298093,1.04110206967231,0.5675241052676031,-0.5591532372481558,1.6486649161178006,23.428278,99054.895833,-9.081462,-2403.708333
2617|2022-07-26|Río Cuarto,2617|2022-07-26|Río Cuarto,2617,4775,Argentina,Argentina,Río Cuarto,Oberá,2022-07-26,2022,low_vis_5km,0.3547850322962805,-0.1912787996890463,0.3748030117317458,,False,False,Cwa,,-33.12169,-64.348265,-27.484677112419533,-55.11966082247188,same_country_year_uncertainty_lowgap_p25,1.30248,True,False,True,0.0,0.0,0.0,0.491142,,3358.2219511627904,3919.478466,0.0001273239544735,,4.284361053901343,3.8293330385356095,562.5719925533739,465.94311404691894,1.04110206967231,-0.66314292060059,-0.5591532372481558,0.8063194241431231,22.865371,98818.770833,-8.518555,-2167.583333
3783|2022-12-17|Pangkalan Kerinci,3783|2022-12-17|Pangkalan Kerinci,3783,2463,Indonesia,Indonesia,Pangkalan Kerinci,Tebing Tinggi,2022-12-17,2022,low_ceiling_1000m,0.3539422486589947,-0.1978424068648634,0.2182046343314072,,False,False,,,0.398914,101.856111,3.3383430064369852,99.16023732314332,same_country_year_koppen_uncertainty_lowgap_p25,1.014317,True,True,True,0.085556,0.0,0.085556,10.723114,,7015.977517647059,6403.953382051282,0.0001273239544735,,14.353261627914003,5.539365283459771,58.73356816542032,20.5724097370647,0.142925727270333,-0.0704007371292445,-1.2583065102467823,1.1138113593419228,26.148269,100464.393229,0.164876,38.166667
3783|2022-12-17|Pangkalan Kerinci,3783|2022-12-17|Pangkalan Kerinci,3783,2237,Indonesia,Indonesia,Pangkalan Kerinci,Perbaungan,2022-12-17,2022,low_ceiling_1000m,0.3539422486589947,-0.209633412000407,0.2182046343314072,,False,False,,,0.398914,101.856111,3.568359115451711,98.9602255745965,same_country_year_koppen_uncertainty_lowgap_p25,1.185608,True,True,True,0.085556,0.012778,0.072778,10.723114,,7015.977517647059,6644.875190000001,0.0001273239544735,,14.353261627914003,12.374204757736722,58.73356816542032,9.761131000864877,0.142925727270333,-0.0507411963693656,-1.2583065102467823,1.0691859407802322,26.526524,100865.559896,-0.213379,-363.0
3783|2022-12-17|Pangkalan Kerinci,3783|2022-12-17|Pangkalan Kerinci,3783,1998,Indonesia,Indonesia,Pangkalan Kerinci,Lubuk Pakam,2022-12-17,2022,low_ceiling_1000m,0.3539422486589947,-0.1842416221661755,0.2182046343314072,,False,False,,,0.398914,101.856111,3.5604673982114865,98.87529110126168,same_country_year_koppen_uncertainty_lowgap_p25,1.219511,True,True,True,0.085556,0.013889,0.071667,10.723114,,7015.977517647059,5176.239830625,0.0001273239544735,,14.353261627914003,9.86316161113705,58.73356816542032,15.482293908927508,0.142925727270333,0.2737985912933327,-1.2583065102467823,1.1826713117794505,26.200496,100512.582681,0.112649,-10.022785
3783|2022-04-11|Pangkalan Kerinci,3783|2022-04-11|Pangkalan Kerinci,3783,2463,Indonesia,Indonesia,Pangkalan Kerinci,Tebing Tinggi,2022-04-11,2022,low_ceiling_1000m,0.3539422486589947,-0.1978424068648634,0.2182046343314072,,False,False,,,0.398914,101.856111,3.3383430064369852,99.16023732314332,same_country_year_koppen_uncertainty_lowgap_p25,1.014317,True,True,True,1.788889,0.106667,1.682222,5.327225,,7015.977517647059,6403.953382051282,0.0001273239544735,,14.353261627914003,5.539365283459771,58.73356816542032,20.5724097370647,0.142925727270333,-0.0704007371292445,-1.2583065102467823,1.1138113593419228,26.804112,100652.739583,-0.799317,61.625
3783|2022-04-11|Pangkalan Kerinci,3783|2022-04-11|Pangkalan Kerinci,3783,2237,Indonesia,Indonesia,Pangkalan Kerinci,Perbaungan,2022-04-11,2022,low_ceiling_1000m,0.3539422486589947,-0.209633412000407,0.2182046343314072,,False,False,,,0.398914,101.856111,3.568359115451711,98.9602255745965,same_country_year_koppen_uncertainty_lowgap_p25,1.185608,True,True,True,1.788889,0.007778,1.781111,5.327225,,7015.977517647059,6644.875190000001,0.0001273239544735,,14.353261627914003,12.374204757736722,58.73356816542032,9.761131000864877,0.142925727270333,-0.0507411963693656,-1.2583065102467823,1.0691859407802322,27.367181,101049.239583,-1.362386,-334.875
3783|2022-04-11|Pangkalan Kerinci,3783|2022-04-11|Pangkalan Kerinci,3783,1998,Indonesia,Indonesia,Pangkalan Kerinci,Lubuk Pakam,2022-04-11,2022,low_ceiling_1000m,0.3539422486589947,-0.1842416221661755,0.2182046343314072,,False,False,,,0.398914,101.856111,3.5604673982114865,98.87529110126168,same_country_year_koppen_uncertainty_lowgap_p25,1.219511,True,True,True,1.788889,0.007778,1.781111,5.327225,,7015.977517647059,5176.239830625,0.0001273239544735,,14.353261627914003,9.86316161113705,58.73356816542032,15.482293908927508,0.142925727270333,0.2737985912933327,-1.2583065102467823,1.1826713117794505,27.123417,100694.250001,-1.118622,20.114582
4339|2022-11-22|Lublin,4339|2022-11-22|Lublin,4339,3403,Poland,Poland,Lublin,Bełchatów,2022-11-22,2022,fog,0.3508939265429664,-0.2004857947467617,0.3757368820405066,,False,False,Dfb,,51.239794,22.554886,51.35896353742977,19.375143003940927,same_country_year_koppen_uncertainty_lowgap_p25,1.104579,True,True,True,0.0,0.0,0.0,0.053883,,4178.979672222222,3423.068758666667,0.000254647908947,,13.081017647413086,3.4770926585272535,313.08324423939416,233.8785275089932,2.134129974599158,1.6091911482877987,-0.554983855075969,1.2657983688374308,1.542714,98217.190267,-0.87112,184.38265
4339|2022-11-22|Lublin,4339|2022-11-22|Lublin,4339,1080,Poland,Poland,Lublin,Słupsk,2022-11-22,2022,fog,0.3508939265429664,-0.338943296929475,0.3757368820405066,,False,False,Dfb,,51.239794,22.554886,54.463339597672,17.024806823494853,same_country_year_koppen_uncertainty_lowgap_p25,1.194258,True,True,True,0.0,0.0,0.0,0.053883,,4178.979672222222,4364.374916842105,0.000254647908947,,13.081017647413086,7.495769561299709,313.08324423939416,13.174767989702383,2.134129974599158,1.5930677588792082,-0.554983855075969,1.9257985373753628,-0.883419,100157.739583,1.555013,-1756.166666
4339|2022-11-22|Lublin,4339|2022-11-22|Lublin,4339,3939,Poland,Poland,Lublin,Nowy Sącz,2022-11-22,2022,fog,0.3508939265429664,-0.3290704897218872,0.3757368820405066,,False,False,Dfb,,51.239794,22.554886,49.61016223153979,20.695056604094415,same_country_year_koppen_uncertainty_lowgap_p25,1.230355,True,True,True,0.0,0.0,0.0,0.053883,,4178.979672222222,3048.9409969565218,0.000254647908947,,13.081017647413086,3.556652967473742,313.08324423939416,396.5502193834211,2.134129974599158,1.4737273529350294,-0.554983855075969,1.783322930960156,0.273889,93907.822917,0.397705,4493.75
4339|2022-11-26|Lublin,4339|2022-11-26|Lublin,4339,3403,Poland,Poland,Lublin,Bełchatów,2022-11-26,2022,low_vis_5km,0.3508939265429664,-0.2004857947467617,0.3757368820405066,,False,False,Dfb,,51.239794,22.554886,51.35896353742977,19.375143003940927,same_country_year_koppen_uncertainty_lowgap_p25,1.104579,True,True,True,0.0,0.0,0.0,1.246929,,4178.979672222222,3423.068758666667,0.000254647908947,,13.081017647413086,3.4770926585272535,313.08324423939416,233.8785275089932,2.134129974599158,1.6091911482877987,-0.554983855075969,1.2657983688374308,2.062732,100167.081543,-1.001856,-91.714355
4339|2022-11-26|Lublin,4339|2022-11-26|Lublin,4339,1080,Poland,Poland,Lublin,Słupsk,2022-11-26,2022,low_vis_5km,0.3508939265429664,-0.338943296929475,0.3757368820405066,,False,False,Dfb,,51.239794,22.554886,54.463339597672,17.024806823494853,same_country_year_koppen_uncertainty_lowgap_p25,1.194258,True,True,True,0.0,0.0,0.0,1.246929,,4178.979672222222,4364.374916842105,0.000254647908947,,13.081017647413086,7.495769561299709,313.08324423939416,13.174767989702383,2.134129974599158,1.5930677588792082,-0.554983855075969,1.9257985373753628,2.931482,102111.533854,-1.870606,-2036.166666
4339|2022-11-26|Lublin,4339|2022-11-26|Lublin,4339,3939,Poland,Poland,Lublin,Nowy Sącz,2022-11-26,2022,low_vis_5km,0.3508939265429664,-0.3290704897218872,0.3757368820405066,,False,False,Dfb,,51.239794,22.554886,49.61016223153979,20.695056604094415,same_country_year_koppen_uncertainty_lowgap_p25,1.230355,True,True,True,0.0,0.037778,-0.037778,1.246929,,4178.979672222222,3048.9409969565218,0.000254647908947,,13.081017647413086,3.556652967473742,313.08324423939416,396.5502193834211,2.134129974599158,1.4737273529350294,-0.554983855075969,1.783322930960156,3.097416,95747.492188,-2.03654,4327.875
2044|2022-01-09|Vinnytsia,2044|2022-01-09|Vinnytsia,2044,4030,Ukraine,Ukraine,Vinnytsia,Lozova,2022-01-09,2022,low_ceiling_1000m,0.3495773823976437,-0.2270440845943914,0.3771085040564991,,False,False,Dfb,,49.233728,28.479445,48.88626053909163,36.31027032442569,same_country_year_koppen_uncertainty_lowgap_p25,2.119364,True,True,True,0.562778,0.0,0.562778,5.747795,,5713.788211594203,5039.966945384615,0.0001273239544735,,12.98230880577612,23.14377477649469,316.0482145347481,184.36827403145824,1.2632894214342556,-0.815959568138784,-0.5488600750105693,0.7772640421306943,-1.267137,99624.953125,0.188477,-2140.5
2044|2022-01-09|Vinnytsia,2044|2022-01-09|Vinnytsia,2044,2506,Ukraine,Ukraine,Vinnytsia,Pervomaisk,2022-01-09,2022,low_ceiling_1000m,0.3495773823976437,-0.231062503282197,0.3771085040564991,,False,False,Dfb,,49.233728,28.479445,48.040325755688905,30.85700138527686,same_country_year_koppen_uncertainty_lowgap_p25,2.19997,True,True,True,0.562778,0.0,0.562778,5.747795,,5713.788211594203,3472.8745052941176,0.0001273239544735,,12.98230880577612,7.373265060801696,316.0482145347481,108.75395572508036,1.2632894214342556,-0.1560477139650206,-0.5488600750105693,0.9814334753749816,-0.403693,99361.286458,-0.674967,-1876.833333
2044|2022-01-09|Vinnytsia,2044|2022-01-09|Vinnytsia,2044,1089,Ukraine,Ukraine,Vinnytsia,Kovel,2022-01-09,2022,low_ceiling_1000m,0.3495773823976437,-0.346704010836092,0.3771085040564991,,False,False,Dfb,,49.233728,28.479445,51.21789566047926,24.704436853501942,same_country_year_koppen_uncertainty_lowgap_p25,2.638841,True,True,True,0.562778,0.0,0.562778,5.747795,,5713.788211594203,3431.8134027272727,0.0001273239544735,,12.98230880577612,17.86785928008107,316.0482145347481,441.6647128821463,1.2632894214342556,-1.5734559349127446,-0.5488600750105693,0.7852119268964252,-1.517625,98584.244792,0.438965,-1099.791667
2044|2022-01-23|Vinnytsia,2044|2022-01-23|Vinnytsia,2044,4030,Ukraine,Ukraine,Vinnytsia,Lozova,2022-01-23,2022,low_ceiling_1000m,0.3495773823976437,-0.2270440845943914,0.3771085040564991,,False,False,Dfb,,49.233728,28.479445,48.88626053909163,36.31027032442569,same_country_year_koppen_uncertainty_lowgap_p25,2.119364,True,True,True,0.0,0.0,0.0,1.9207,,5713.788211594203,5039.966945384615,0.0001273239544735,,12.98230880577612,23.14377477649469,316.0482145347481,184.36827403145824,1.2632894214342556,-0.815959568138784,-0.5488600750105693,0.7772640421306943,-5.534196,100126.234375,-0.334961,-1230.208333
2044|2022-01-23|Vinnytsia,2044|2022-01-23|Vinnytsia,2044,2506,Ukraine,Ukraine,Vinnytsia,Pervomaisk,2022-01-23,2022,low_ceiling_1000m,0.3495773823976437,-0.231062503282197,0.3771085040564991,,False,False,Dfb,,49.233728,28.479445,48.040325755688905,30.85700138527686,same_country_year_koppen_uncertainty_lowgap_p25,2.19997,True,True,True,0.0,0.0,0.0,1.9207,,5713.788211594203,3472.8745052941176,0.0001273239544735,,12.98230880577612,7.373265060801696,316.0482145347481,108.75395572508036,1.2632894214342556,-0.1560477139650206,-0.5488600750105693,0.9814334753749816,-3.703548,100445.859375,-2.165609,-1549.833333
2044|2022-01-23|Vinnytsia,2044|2022-01-23|Vinnytsia,2044,1089,Ukraine,Ukraine,Vinnytsia,Kovel,2022-01-23,2022,low_ceiling_1000m,0.3495773823976437,-0.346704010836092,0.3771085040564991,,False,False,Dfb,,49.233728,28.479445,51.21789566047926,24.704436853501942,same_country_year_koppen_uncertainty_lowgap_p25,2.638841,True,True,True,0.0,0.0,0.0,1.9207,,5713.788211594203,3431.8134027272727,0.0001273239544735,,12.98230880577612,17.86785928008107,316.0482145347481,441.6647128821463,1.2632894214342556,-1.5734559349127446,-0.5488600750105693,0.7852119268964252,-4.960547,100578.109375,-0.90861,-1682.083333
5973|2022-07-08|Sapele,5973|2022-07-08|Sapele,5973,7233,Nigeria,Nigeria,Sapele,Yangoji,2022-07-08,2022,thunder_or_convective,0.3442540364958962,-0.1970364355820944,0.2574855541936613,,False,False,Am,,5.876784,5.686455,8.822873474450683,7.035931933164844,same_country_year_uncertainty_lowgap_p25,1.616573,True,False,True,3.632222,0.0,3.632222,23.728848,,5956.922972916666,5146.040620833333,0.000254647908947,,37.59667936181803,31.911612211082065,36.000686392652845,400.21964060258625,0.3580421785063652,-0.7952362130629178,-1.082931872629162,0.540716750455516,27.492629,98957.171875,-3.269369,2073.0
5973|2022-07-08|Sapele,5973|2022-07-08|Sapele,5973,7333,Nigeria,Nigeria,Sapele,Maji,2022-07-08,2022,thunder_or_convective,0.3442540364958962,-0.2613374396803185,0.2574855541936613,,False,False,Am,,5.876784,5.686455,9.254253950297258,7.158487584173963,same_country_year_uncertainty_lowgap_p25,1.626252,True,False,True,3.632222,0.0,3.632222,23.728848,,5956.922972916666,7669.832348333333,0.000254647908947,,37.59667936181803,32.77541216605198,36.000686392652845,451.1628585397937,0.3580421785063652,-0.6574771017604658,-1.082931872629162,0.81198717803344,25.668492,95972.921875,-1.445232,5057.25
5973|2022-07-08|Sapele,5973|2022-07-08|Sapele,5973,8257,Nigeria,Nigeria,Sapele,Okuku Lepuole,2022-07-08,2022,thunder_or_convective,0.3442540364958962,-0.2484217236141269,0.2574855541936613,,False,False,Am,,5.876784,5.686455,6.713720031830337,8.777158915108874,same_country_year_uncertainty_lowgap_p25,1.996032,True,False,True,3.632222,0.0,3.632222,23.728848,,5956.922972916666,6460.206542222222,0.000254647908947,,37.59667936181803,53.5707639014325,36.000686392652845,226.0193912313347,0.3580421785063652,-1.3666733684726446,-1.082931872629162,0.474267222086284,27.028925,100461.505208,-2.805665,568.666667
5973|2022-08-13|Sapele,5973|2022-08-13|Sapele,5973,7233,Nigeria,Nigeria,Sapele,Yangoji,2022-08-13,2022,low_ceiling_300m,0.3442540364958962,-0.1970364355820944,0.2574855541936613,,False,False,Am,,5.876784,5.686455,8.822873474450683,7.035931933164844,same_country_year_uncertainty_lowgap_p25,1.616573,True,False,True,0.031111,0.008333,0.022778,11.590958,,5956.922972916666,5146.040620833333,0.000254647908947,,37.59667936181803,31.911612211082065,36.000686392652845,400.21964060258625,0.3580421785063652,-0.7952362130629178,-1.082931872629162,0.540716750455516,25.613519,98849.763021,-1.138021,2018.125
5973|2022-08-13|Sapele,5973|2022-08-13|Sapele,5973,7333,Nigeria,Nigeria,Sapele,Maji,2022-08-13,2022,low_ceiling_300m,0.3442540364958962,-0.2613374396803185,0.2574855541936613,,False,False,Am,,5.876784,5.686455,9.254253950297258,7.158487584173963,same_country_year_uncertainty_lowgap_p25,1.626252,True,False,True,0.031111,0.0,0.031111,11.590958,,5956.922972916666,7669.832348333333,0.000254647908947,,37.59667936181803,32.77541216605198,36.000686392652845,451.1628585397937,0.3580421785063652,-0.6574771017604658,-1.082931872629162,0.81198717803344,23.731276,95856.471354,0.744222,5011.416667
5973|2022-08-13|Sapele,5973|2022-08-13|Sapele,5973,8257,Nigeria,Nigeria,Sapele,Okuku Lepuole,2022-08-13,2022,low_ceiling_300m,0.3442540364958962,-0.2484217236141269,0.2574855541936613,,False,False,Am,,5.876784,5.686455,6.713720031830337,8.777158915108874,same_country_year_uncertainty_lowgap_p25,1.996032,True,False,True,0.031111,1.095556,-1.064445,11.590958,,5956.922972916666,6460.206542222222,0.000254647908947,,37.59667936181803,53.5707639014325,36.000686392652845,226.0193912313347,0.3580421785063652,-1.3666733684726446,-1.082931872629162,0.474267222086284,25.141189,100338.721354,-0.665691,529.166667
4166|2022-04-18|Aungpan,4166|2022-04-18|Aungpan,4166,5151,Myanmar,Myanmar,Aungpan,Hlegu,2022-04-18,2022,thunder_or_convective,0.3410530804988815,-0.2113694901692144,0.2217941983307068,,False,False,,,20.659912,96.638692,17.09504288301021,96.21556461809432,same_country_year_koppen_uncertainty_lowgap_p25,0.858043,True,True,True,0.0,0.0,0.0,1.143932,,9259.933069,9541.090841666666,0.0001273239544735,,18.099918923122164,14.60428842020675,291.29450846114827,34.34161363544779,-0.1507521643310571,-0.514014161526741,-1.2422804475224385,0.9066451826613754,32.479852,100774.575521,-8.969075,-13050.75
4166|2022-04-18|Aungpan,4166|2022-04-18|Aungpan,4166,2852,Myanmar,Myanmar,Aungpan,Kyaukse,2022-04-18,2022,thunder_or_convective,0.3410530804988815,-0.2227692190164125,0.2217941983307068,,False,False,,,20.659912,96.638692,21.608066749978036,96.14223452048444,same_country_year_koppen_uncertainty_lowgap_p25,1.04791,True,True,True,0.0,0.0,0.0,1.143932,,9259.933069,6662.267127857143,0.0001273239544735,,18.099918923122164,19.4023454698042,291.29450846114827,306.76398147681635,-0.1507521643310571,-0.9595759673974092,-1.2422804475224385,0.8975898057561565,30.695103,98216.783854,-7.184326,-10492.958333
4166|2022-04-18|Aungpan,4166|2022-04-18|Aungpan,4166,1548,Myanmar,Myanmar,Aungpan,Pakokku,2022-04-18,2022,thunder_or_convective,0.3410530804988815,-0.2047606543004054,0.2217941983307068,,False,False,,,20.659912,96.638692,21.33730216929332,95.07992178794996,same_country_year_koppen_uncertainty_lowgap_p25,1.053123,True,True,True,0.0,1.221111,-1.221111,1.143932,,9259.933069,8119.479992857143,0.0001273239544735,,18.099918923122164,8.527339972394135,291.29450846114827,212.39161430714427,-0.1507521643310571,-0.7648475007173399,-1.2422804475224385,1.009120778862162,32.125441,98699.200521,-8.614664,-10975.375
4166|2022-09-03|Aungpan,4166|2022-09-03|Aungpan,4166,5151,Myanmar,Myanmar,Aungpan,Hlegu,2022-09-03,2022,thunder_or_convective,0.3410530804988815,-0.2113694901692144,0.2217941983307068,,False,False,,,20.659912,96.638692,17.09504288301021,96.21556461809432,same_country_year_koppen_uncertainty_lowgap_p25,0.858043,True,True,True,0.283333,0.474444,-0.191111,1.443863,,9259.933069,9541.090841666666,0.0001273239544735,,18.099918923122164,14.60428842020675,291.29450846114827,34.34161363544779,-0.1507521643310571,-0.514014161526741,-1.2422804475224385,0.9066451826613754,30.37769,100588.789062,-6.649089,-13112.625
4166|2022-09-03|Aungpan,4166|2022-09-03|Aungpan,4166,2852,Myanmar,Myanmar,Aungpan,Kyaukse,2022-09-03,2022,thunder_or_convective,0.3410530804988815,-0.2227692190164125,0.2217941983307068,,False,False,,,20.659912,96.638692,21.608066749978036,96.14223452048444,same_country_year_koppen_uncertainty_lowgap_p25,1.04791,True,True,True,0.283333,0.0,0.283333,1.443863,,9259.933069,6662.267127857143,0.0001273239544735,,18.099918923122164,19.4023454698042,291.29450846114827,306.76398147681635,-0.1507521643310571,-0.9595759673974092,-1.2422804475224385,0.8975898057561565,30.317794,97989.914062,-6.589193,-10513.75
4166|2022-09-03|Aungpan,4166|2022-09-03|Aungpan,4166,1548,Myanmar,Myanmar,Aungpan,Pakokku,2022-09-03,2022,thunder_or_convective,0.3410530804988815,-0.2047606543004054,0.2217941983307068,,False,False,,,20.659912,96.638692,21.33730216929332,95.07992178794996,same_country_year_koppen_uncertainty_lowgap_p25,1.053123,True,True,True,0.283333,0.0,0.283333,1.443863,,9259.933069,8119.479992857143,0.0001273239544735,,18.099918923122164,8.527339972394135,291.29450846114827,212.39161430714427,-0.1507521643310571,-0.7648475007173399,-1.2422804475224385,1.009120778862162,32.541589,98430.080729,-8.812988,-10953.916667
5991|2022-07-08|Ogharefe,5991|2022-07-08|Ogharefe,5991,7233,Nigeria,Nigeria,Ogharefe,Yangoji,2022-07-08,2022,thunder_or_convective,0.3285674595224515,-0.1970364355820944,0.2301698476624059,,False,False,,,5.945897,5.667334,8.822873474450683,7.035931933164844,same_country_year_koppen_uncertainty_lowgap_p25,1.52691,True,True,True,4.188333,0.0,4.188333,23.728848,,5158.561117391305,5146.040620833333,0.000254647908947,,46.49019085116768,31.911612211082065,36.65399579568572,400.21964060258625,0.2252990019721576,-0.7952362130629178,-1.2048863011656348,0.540716750455516,27.492629,98957.171875,-3.269369,2073.0
5991|2022-07-08|Ogharefe,5991|2022-07-08|Ogharefe,5991,8269,Nigeria,Nigeria,Ogharefe,Ogoja,2022-07-08,2022,thunder_or_convective,0.3285674595224515,-0.2293786233494312,0.2301698476624059,,False,False,,,5.945897,5.667334,6.65785911123994,8.802145287991946,same_country_year_koppen_uncertainty_lowgap_p25,1.577656,True,True,True,4.188333,0.129444,4.058889,23.728848,,5158.561117391305,10126.217934285714,0.000254647908947,,46.49019085116768,50.08194018900219,36.65399579568572,219.8244869820091,0.2252990019721576,-0.579922557715258,-1.2048863011656348,0.8224106334639076,27.028925,100461.505208,-2.805665,568.666667
5991|2022-07-08|Ogharefe,5991|2022-07-08|Ogharefe,5991,8257,Nigeria,Nigeria,Ogharefe,Okuku Lepuole,2022-07-08,2022,thunder_or_convective,0.3285674595224515,-0.2484217236141269,0.2301698476624059,,False,False,,,5.945897,5.667334,6.713720031830337,8.777158915108874,same_country_year_koppen_uncertainty_lowgap_p25,1.702225,True,True,True,4.188333,0.0,4.188333,23.728848,,5158.561117391305,6460.206542222222,0.000254647908947,,46.49019085116768,53.5707639014325,36.65399579568572,226.0193912313347,0.2252990019721576,-1.3666733684726446,-1.2048863011656348,0.474267222086284,27.028925,100461.505208,-2.805665,568.666667
5991|2022-08-13|Ogharefe,5991|2022-08-13|Ogharefe,5991,7233,Nigeria,Nigeria,Ogharefe,Yangoji,2022-08-13,2022,low_ceiling_300m,0.3285674595224515,-0.1970364355820944,0.2301698476624059,,False,False,,,5.945897,5.667334,8.822873474450683,7.035931933164844,same_country_year_koppen_uncertainty_lowgap_p25,1.52691,True,True,True,0.128333,0.008333,0.12,11.590958,,5158.561117391305,5146.040620833333,0.000254647908947,,46.49019085116768,31.911612211082065,36.65399579568572,400.21964060258625,0.2252990019721576,-0.7952362130629178,-1.2048863011656348,0.540716750455516,25.613519,98849.763021,-1.138021,2018.125
5991|2022-08-13|Ogharefe,5991|2022-08-13|Ogharefe,5991,8269,Nigeria,Nigeria,Ogharefe,Ogoja,2022-08-13,2022,low_ceiling_300m,0.3285674595224515,-0.2293786233494312,0.2301698476624059,,False,False,,,5.945897,5.667334,6.65785911123994,8.802145287991946,same_country_year_koppen_uncertainty_lowgap_p25,1.577656,True,True,True,0.128333,1.016111,-0.887778,11.590958,,5158.561117391305,10126.217934285714,0.000254647908947,,46.49019085116768,50.08194018900219,36.65399579568572,219.8244869820091,0.2252990019721576,-0.579922557715258,-1.2048863011656348,0.8224106334639076,25.141189,100338.721354,-0.665691,529.166667
5991|2022-08-13|Ogharefe,5991|2022-08-13|Ogharefe,5991,8257,Nigeria,Nigeria,Ogharefe,Okuku Lepuole,2022-08-13,2022,low_ceiling_300m,0.3285674595224515,-0.2484217236141269,0.2301698476624059,,False,False,,,5.945897,5.667334,6.713720031830337,8.777158915108874,same_country_year_koppen_uncertainty_lowgap_p25,1.702225,True,True,True,0.128333,1.095556,-0.967223,11.590958,,5158.561117391305,6460.206542222222,0.000254647908947,,46.49019085116768,53.5707639014325,36.65399579568572,226.0193912313347,0.2252990019721576,-1.3666733684726446,-1.2048863011656348,0.474267222086284,25.141189,100338.721354,-0.665691,529.166667
6968|2022-01-23|Chakwal,6968|2022-01-23|Chakwal,6968,5467,Pakistan,Pakistan,Chakwal,Amangarh,2022-01-23,2022,low_vis_5km,0.3249811086272527,-0.2784091271262971,0.1772018910873752,,False,False,BSh,,32.93251,72.853555,33.99658327683414,71.90435027663186,same_country_year_uncertainty_lowgap_p25,0.657836,True,False,True,0.015,0.008333,0.006667,7.511139,,6890.5077363636365,7494.936557777777,0.0001273239544735,,8.070635981855483,6.4378436073805,1026.1562094560388,1070.9867148523756,-0.2841119205145129,-1.0413109234151474,-1.441368446244373,0.7380457910735593,10.337223,96633.401042,0.41447,-1240.666667
6968|2022-01-23|Chakwal,6968|2022-01-23|Chakwal,6968,7983,Pakistan,Pakistan,Chakwal,Pasrur,2022-01-23,2022,low_vis_5km,0.3249811086272527,-0.2855276038678837,0.1772018910873752,,False,False,BSh,,32.93251,72.853555,32.27290219160985,74.65857876956825,same_country_year_uncertainty_lowgap_p25,0.869563,True,False,True,0.015,0.0,0.015,7.511139,,6890.5077363636365,7864.190936363637,0.0001273239544735,,8.070635981855483,28.98924721200193,1026.1562094560388,1089.525104705114,-0.2841119205145129,-0.9876233928665924,-1.441368446244373,0.8090555811936209,11.972803,98040.984375,-1.22111,-2648.25
6968|2022-01-23|Chakwal,6968|2022-01-23|Chakwal,6968,6661,Pakistan,Pakistan,Chakwal,Haripur,2022-01-23,2022,low_vis_5km,0.3249811086272527,-0.3064087435633523,0.1772018910873752,,False,False,BSh,,32.93251,72.853555,34.00183328053772,72.93558182849185,same_country_year_uncertainty_lowgap_p25,0.894458,True,False,True,0.015,1.207222,-1.192222,7.511139,,6890.5077363636365,6641.305306557377,0.0001273239544735,,8.070635981855483,21.456145842346555,1026.1562094560388,1123.8011604564056,-0.2841119205145129,-0.2957314681866057,-1.441368446244373,1.3041697141408408,8.253564,90896.109375,2.498129,4496.625
6968|2022-01-17|Chakwal,6968|2022-01-17|Chakwal,6968,5467,Pakistan,Pakistan,Chakwal,Amangarh,2022-01-17,2022,fog,0.3249811086272527,-0.2784091271262971,0.1772018910873752,,False,False,BSh,,32.93251,72.853555,33.99658327683414,71.90435027663186,same_country_year_uncertainty_lowgap_p25,0.657836,True,False,True,0.0,0.0,0.0,0.066757,,6890.5077363636365,7494.936557777777,0.0001273239544735,,8.070635981855483,6.4378436073805,1026.1562094560388,1070.9867148523756,-0.2841119205145129,-1.0413109234151474,-1.441368446244373,0.7380457910735593,10.988611,97608.080729,0.279053,-1201.708333
6968|2022-01-17|Chakwal,6968|2022-01-17|Chakwal,6968,7983,Pakistan,Pakistan,Chakwal,Pasrur,2022-01-17,2022,fog,0.3249811086272527,-0.2855276038678837,0.1772018910873752,,False,False,BSh,,32.93251,72.853555,32.27290219160985,74.65857876956825,same_country_year_uncertainty_lowgap_p25,0.869563,True,False,True,0.0,0.0,0.0,0.066757,,6890.5077363636365,7864.190936363637,0.0001273239544735,,8.070635981855483,28.98924721200193,1026.1562094560388,1089.525104705114,-0.2841119205145129,-0.9876233928665924,-1.441368446244373,0.8090555811936209,10.614506,99070.872396,0.653158,-2664.5
6968|2022-01-17|Chakwal,6968|2022-01-17|Chakwal,6968,6661,Pakistan,Pakistan,Chakwal,Haripur,2022-01-17,2022,fog,0.3249811086272527,-0.3064087435633523,0.1772018910873752,,False,False,BSh,,32.93251,72.853555,34.00183328053772,72.93558182849185,same_country_year_uncertainty_lowgap_p25,0.894458,True,False,True,0.0,0.182778,-0.182778,0.066757,,6890.5077363636365,6641.305306557377,0.0001273239544735,,8.070635981855483,21.456145842346555,1026.1562094560388,1123.8011604564056,-0.2841119205145129,-0.2957314681866057,-1.441368446244373,1.3041697141408408,10.4738,91868.289062,0.793864,4538.083334
357|2022-01-07|Ensenada,357|2022-01-07|Ensenada,357,5,México,México,Ensenada,Rosarito,2022-01-07,2022,fog,0.3102698511481496,-0.3337947801973159,0.3079437343138971,,False,False,BSk,,31.868981,-116.596919,32.37649376352435,-117.05451024532564,same_country_year_koppen_uncertainty_lowgap_p25,0.892168,True,True,True,0.0,0.0,0.0,0.003338,,3811.671316666667,2569.436087586207,0.0001273239544735,,2.8949827654241225,9.847961667340336,2.5241468271537766,1.980261212917391,1.0255081364264378,0.1470353336513803,-0.8576549421381773,1.3129645046602982,13.086003,99240.476562,-1.225342,-2328.083333
357|2022-01-07|Ensenada,357|2022-01-07|Ensenada,357,5772,México,México,Ensenada,Santa Matilde,2022-01-07,2022,fog,0.3102698511481496,-0.1923038811363437,0.3079437343138971,,False,False,BSk,,31.868981,-116.596919,20.044546470729,-98.78409081019672,same_country_year_koppen_uncertainty_lowgap_p25,1.798455,True,True,True,0.0,0.0,0.0,0.003338,,3811.671316666667,3458.5348882142857,0.0001273239544735,,2.8949827654241225,3.9461346843594014,2.5241468271537766,173.35771699608745,1.0255081364264378,-0.3970019399416196,-0.8576549421381773,0.7336809691120507,12.78221,76162.893229,-0.921549,20749.5
357|2022-01-07|Ensenada,357|2022-01-07|Ensenada,357,913,México,México,Ensenada,Tecate,2022-01-07,2022,fog,0.3102698511481496,-0.3042570770175055,0.3079437343138971,,False,False,BSk,,31.868981,-116.596919,32.5646551549511,-116.62289751088105,same_country_year_uncertainty_lowgap_p25,0.92851,True,False,True,0.0,0.0,0.0,0.003338,,3811.671316666667,3351.1524165,0.0001273239544735,,2.8949827654241225,2.9877776863311936,2.5241468271537766,46.533200544990414,1.0255081364264378,0.2507998102878783,-0.8576549421381773,1.3046257403159236,11.088607,91319.143229,0.772054,5593.25
357|2022-02-20|Ensenada,357|2022-02-20|Ensenada,357,5,México,México,Ensenada,Rosarito,2022-02-20,2022,low_vis_5km,0.3102698511481496,-0.3337947801973159,0.3079437343138971,,False,False,BSk,,31.868981,-116.596919,32.37649376352435,-117.05451024532564,same_country_year_koppen_uncertainty_lowgap_p25,0.892168,True,True,True,0.0,0.0,0.0,0.000954,,3811.671316666667,2569.436087586207,0.0001273239544735,,2.8949827654241225,9.847961667340336,2.5241468271537766,1.980261212917391,1.0255081364264378,0.1470353336513803,-0.8576549421381773,1.3129645046602982,13.124038,99473.369792,-0.381022,-2346.458334
357|2022-02-20|Ensenada,357|2022-02-20|Ensenada,357,5772,México,México,Ensenada,Santa Matilde,2022-02-20,2022,low_vis_5km,0.3102698511481496,-0.1923038811363437,0.3079437343138971,,False,False,BSk,,31.868981,-116.596919,20.044546470729,-98.78409081019672,same_country_year_koppen_uncertainty_lowgap_p25,1.798455,True,True,True,0.0,0.0,0.0,0.000954,,3811.671316666667,3458.5348882142857,0.0001273239544735,,2.8949827654241225,3.9461346843594014,2.5241468271537766,173.35771699608745,1.0255081364264378,-0.3970019399416196,-0.8576549421381773,0.7336809691120507,13.353204,76418.244792,-0.610188,20708.666666
357|2022-02-20|Ensenada,357|2022-02-20|Ensenada,357,913,México,México,Ensenada,Tecate,2022-02-20,2022,low_vis_5km,0.3102698511481496,-0.3042570770175055,0.3079437343138971,,False,False,BSk,,31.868981,-116.596919,32.5646551549511,-116.62289751088105,same_country_year_uncertainty_lowgap_p25,0.92851,True,False,True,0.0,0.0,0.0,0.000954,,3811.671316666667,3351.1524165,0.0001273239544735,,2.8949827654241225,2.9877776863311936,2.5241468271537766,46.533200544990414,1.0255081364264378,0.2507998102878783,-0.8576549421381773,1.3046257403159236,11.979018,91479.119792,0.763998,5647.791666
6934|2022-01-15|Asaba,6934|2022-01-15|Asaba,6934,3062,Nigeria,Nigeria,Asaba,Ijebu-Ode,2022-01-15,2022,low_ceiling_300m,0.3095057940715446,-0.1950757952125842,0.3628669818478958,,False,False,Aw,,6.208715,6.700832,6.821678051945105,3.944344108434735,same_country_year_koppen_uncertainty_lowgap_p25,2.496118,True,True,True,0.0,0.0,0.0,0.0,,5259.020845714285,3602.4050890756303,0.000509295817894,,3.478621225764316,64.07151380614879,132.95899243999074,28.41926173921487,0.4516356504884996,-0.3106009136220395,-0.6124431531364228,0.7837787017747362,28.043054,100610.692708,1.432129,-49.25
6934|2022-01-15|Asaba,6934|2022-01-15|Asaba,6934,2270,Nigeria,Nigeria,Asaba,Iseyin,2022-01-15,2022,low_ceiling_300m,0.3095057940715446,-0.3247608856649333,0.3628669818478958,,False,False,Aw,,6.208715,6.700832,7.971317868118243,3.5910508946964037,same_country_year_koppen_uncertainty_lowgap_p25,3.024376,True,True,True,0.0,0.0,0.0,0.0,,5259.020845714285,7250.990470212765,0.000509295817894,,3.478621225764316,85.5858205718108,132.95899243999074,171.6346328370271,0.4516356504884996,-1.8288886560177835,-0.6124431531364228,0.8191533036418865,28.432296,98014.401042,1.042887,2547.041666
6934|2022-01-15|Asaba,6934|2022-01-15|Asaba,6934,1864,Nigeria,Nigeria,Asaba,Oke Iho,2022-01-15,2022,low_ceiling_300m,0.3095057940715446,-0.2210808349807955,0.3628669818478958,,False,False,Aw,,6.208715,6.700832,8.03789924898527,3.360827308536667,same_country_year_koppen_uncertainty_lowgap_p25,3.857053,True,True,True,0.0,0.0,0.0,0.0,,5259.020845714285,9526.137395238096,0.000509295817894,,3.478621225764316,86.51148721914832,132.95899243999074,182.06992805495528,0.4516356504884996,-2.2067747976873724,-0.6124431531364228,-0.0441693923866076,28.89185,98220.317708,0.583333,2341.125
6934|2022-01-11|Asaba,6934|2022-01-11|Asaba,6934,3062,Nigeria,Nigeria,Asaba,Ijebu-Ode,2022-01-11,2022,fog,0.3095057940715446,-0.1950757952125842,0.3628669818478958,,False,False,Aw,,6.208715,6.700832,6.821678051945105,3.944344108434735,same_country_year_koppen_uncertainty_lowgap_p25,2.496118,True,True,True,0.0,0.0,0.0,0.178337,,5259.020845714285,3602.4050890756303,0.000509295817894,,3.478621225764316,64.07151380614879,132.95899243999074,28.41926173921487,0.4516356504884996,-0.3106009136220395,-0.6124431531364228,0.7837787017747362,28.089115,100414.536458,0.792725,-30.541666
6934|2022-01-11|Asaba,6934|2022-01-11|Asaba,6934,2270,Nigeria,Nigeria,Asaba,Iseyin,2022-01-11,2022,fog,0.3095057940715446,-0.3247608856649333,0.3628669818478958,,False,False,Aw,,6.208715,6.700832,7.971317868118243,3.5910508946964037,same_country_year_koppen_uncertainty_lowgap_p25,3.024376,True,True,True,0.0,0.0,0.0,0.178337,,5259.020845714285,7250.990470212765,0.000509295817894,,3.478621225764316,85.5858205718108,132.95899243999074,171.6346328370271,0.4516356504884996,-1.8288886560177835,-0.6124431531364228,0.8191533036418865,28.465824,97810.578125,0.416016,2573.416667
6934|2022-01-11|Asaba,6934|2022-01-11|Asaba,6934,1864,Nigeria,Nigeria,Asaba,Oke Iho,2022-01-11,2022,fog,0.3095057940715446,-0.2210808349807955,0.3628669818478958,,False,False,Aw,,6.208715,6.700832,8.03789924898527,3.360827308536667,same_country_year_koppen_uncertainty_lowgap_p25,3.857053,True,True,True,0.0,0.0,0.0,0.178337,,5259.020845714285,9526.137395238096,0.000509295817894,,3.478621225764316,86.51148721914832,132.95899243999074,182.06992805495528,0.4516356504884996,-2.2067747976873724,-0.6124431531364228,-0.0441693923866076,28.762455,98018.328125,0.119385,2365.666667
6511|2022-12-22|Kot Addu,6511|2022-12-22|Kot Addu,6511,6228,Pakistan,Pakistan,Kot Addu,Layyah,2022-12-22,2022,low_vis_5km,0.3049216274526898,-0.3501186909736246,0.2057433023988793,,False,False,BWh,,30.45738,70.967571,30.968234457690944,70.94803619058457,same_country_year_koppen_uncertainty_lowgap_p25,1.166014,True,True,True,0.0,0.0,0.0,0.0,,6059.579273076923,6096.643668,0.0001273239544735,,4.153397168089313,52.13439063193045,701.5498972734302,745.247208044932,-0.7346774166971272,-1.603160459073781,-1.3139417036069043,0.9386973081100644,13.847732,99576.304688,-0.478842,267.5
6511|2022-12-22|Kot Addu,6511|2022-12-22|Kot Addu,6511,7871,Pakistan,Pakistan,Kot Addu,Faqirwali,2022-12-22,2022,low_vis_5km,0.3049216274526898,-0.245335919593393,0.2057433023988793,,False,False,BWh,,30.45738,70.967571,29.467246514969524,73.03906081337477,same_country_year_koppen_uncertainty_lowgap_p25,1.781276,True,True,True,0.0,0.0,0.0,0.0,,6059.579273076923,4283.016395714286,0.0001273239544735,,4.153397168089313,56.98276735759619,701.5498972734302,757.2172331360754,-0.7346774166971272,-2.141646888339652,-1.3139417036069043,-0.2059283913481794,11.240798,99781.888021,2.128092,61.916667
6511|2022-12-22|Kot Addu,6511|2022-12-22|Kot Addu,6511,6841,Pakistan,Pakistan,Kot Addu,Joharabad,2022-12-22,2022,low_vis_5km,0.3049216274526898,-0.3643607069249826,0.2057433023988793,,False,False,BWh,,30.45738,70.967571,32.2941027805159,72.3033929235665,same_country_year_koppen_uncertainty_lowgap_p25,2.142671,True,True,True,0.0,0.0,0.0,0.0,,6059.579273076923,7185.213682352941,0.0001273239544735,,4.153397168089313,32.44073382262003,701.5498972734302,939.2070199379774,-0.7346774166971272,-2.203717371976533,-1.3139417036069043,0.6764822574373588,11.752924,98536.971354,1.615966,1306.833334
6511|2022-12-23|Kot Addu,6511|2022-12-23|Kot Addu,6511,6228,Pakistan,Pakistan,Kot Addu,Layyah,2022-12-23,2022,low_vis_5km,0.3049216274526898,-0.3501186909736246,0.2057433023988793,,False,False,BWh,,30.45738,70.967571,30.968234457690944,70.94803619058457,same_country_year_koppen_uncertainty_lowgap_p25,1.166014,True,True,True,0.0,0.0,0.0,0.0,,6059.579273076923,6096.643668,0.0001273239544735,,4.153397168089313,52.13439063193045,701.5498972734302,745.247208044932,-0.7346774166971272,-1.603160459073781,-1.3139417036069043,0.9386973081100644,12.423985,99530.302083,0.245605,263.625
6511|2022-12-23|Kot Addu,6511|2022-12-23|Kot Addu,6511,7871,Pakistan,Pakistan,Kot Addu,Faqirwali,2022-12-23,2022,low_vis_5km,0.3049216274526898,-0.245335919593393,0.2057433023988793,,False,False,BWh,,30.45738,70.967571,29.467246514969524,73.03906081337477,same_country_year_koppen_uncertainty_lowgap_p25,1.781276,True,True,True,0.0,0.0,0.0,0.0,,6059.579273076923,4283.016395714286,0.0001273239544735,,4.153397168089313,56.98276735759619,701.5498972734302,757.2172331360754,-0.7346774166971272,-2.141646888339652,-1.3139417036069043,-0.2059283913481794,10.371901,99744.09375,2.297689,49.833333
6511|2022-12-23|Kot Addu,6511|2022-12-23|Kot Addu,6511,6841,Pakistan,Pakistan,Kot Addu,Joharabad,2022-12-23,2022,low_vis_5km,0.3049216274526898,-0.3643607069249826,0.2057433023988793,,False,False,BWh,,30.45738,70.967571,32.2941027805159,72.3033929235665,same_country_year_koppen_uncertainty_lowgap_p25,2.142671,True,True,True,0.0,0.0,0.0,0.0,,6059.579273076923,7185.213682352941,0.0001273239544735,,4.153397168089313,32.44073382262003,701.5498972734302,939.2070199379774,-0.7346774166971272,-2.203717371976533,-1.3139417036069043,0.6764822574373588,11.293125,98511.635417,1.376465,1282.291666
4225|2022-11-21|Stalowa Wola,4225|2022-11-21|Stalowa Wola,4225,3403,Poland,Poland,Stalowa Wola,Bełchatów,2022-11-21,2022,fog,0.2988259227936592,-0.2004857947467617,0.2965330064787252,,False,False,Dfb,,50.564298,22.058214,51.35896353742977,19.375143003940927,same_country_year_koppen_uncertainty_lowgap_p25,0.31983,True,True,True,0.0,0.0,0.0,0.040531,,3356.946019375,3423.068758666667,0.0001273239544735,,7.639868288311741,3.4770926585272535,349.8358306884888,233.8785275089932,1.563197629399968,1.6091911482877987,-0.9085995805545884,1.2657983688374308,-0.350228,98218.086426,0.483421,503.012532
4225|2022-11-21|Stalowa Wola,4225|2022-11-21|Stalowa Wola,4225,3349,Poland,Poland,Stalowa Wola,Płock,2022-11-21,2022,fog,0.2988259227936592,-0.2353565333928422,0.2965330064787252,,False,False,Dfb,,50.564298,22.058214,52.54403783538433,19.72281251128816,same_country_year_koppen_uncertainty_lowgap_p25,0.562056,True,True,True,0.0,0.0,0.0,0.040531,,3356.946019375,3217.812315,0.0001273239544735,,7.639868288311741,1.4428704037794438,349.8358306884888,144.2506016126202,1.563197629399968,0.9767524187008756,-0.9085995805545884,1.1949188719102504,-1.635362,99387.223958,1.768555,-666.125
4225|2022-11-21|Stalowa Wola,4225|2022-11-21|Stalowa Wola,4225,1080,Poland,Poland,Stalowa Wola,Słupsk,2022-11-21,2022,fog,0.2988259227936592,-0.338943296929475,0.2965330064787252,,False,False,Dfb,,50.564298,22.058214,54.463339597672,17.024806823494853,same_country_year_koppen_uncertainty_lowgap_p25,0.645707,True,True,True,0.0,0.0,0.0,0.040531,,3356.946019375,4364.374916842105,0.0001273239544735,,7.639868288311741,7.495769561299709,349.8358306884888,13.174767989702383,1.563197629399968,1.5930677588792082,-0.9085995805545884,1.9257985373753628,-0.878607,99970.890625,1.0118,-1249.791667
4225|2022-11-25|Stalowa Wola,4225|2022-11-25|Stalowa Wola,4225,3403,Poland,Poland,Stalowa Wola,Bełchatów,2022-11-25,2022,low_ceiling_1000m,0.2988259227936592,-0.2004857947467617,0.2965330064787252,,False,False,Dfb,,50.564298,22.058214,51.35896353742977,19.375143003940927,same_country_year_koppen_uncertainty_lowgap_p25,0.31983,True,True,True,0.0,0.0,0.0,1.78957,,3356.946019375,3423.068758666667,0.0001273239544735,,7.639868288311741,3.4770926585272535,349.8358306884888,233.8785275089932,1.563197629399968,1.6091911482877987,-0.9085995805545884,1.2657983688374308,1.535773,99433.243815,-1.301333,408.516602
4225|2022-11-25|Stalowa Wola,4225|2022-11-25|Stalowa Wola,4225,3349,Poland,Poland,Stalowa Wola,Płock,2022-11-25,2022,low_ceiling_1000m,0.2988259227936592,-0.2353565333928422,0.2965330064787252,,False,False,Dfb,,50.564298,22.058214,52.54403783538433,19.72281251128816,same_country_year_koppen_uncertainty_lowgap_p25,0.562056,True,True,True,0.0,0.0,0.0,1.78957,,3356.946019375,3217.812315,0.0001273239544735,,7.639868288311741,1.4428704037794438,349.8358306884888,144.2506016126202,1.563197629399968,0.9767524187008756,-0.9085995805545884,1.1949188719102504,0.788232,100589.885417,-0.553792,-748.125
4225|2022-11-25|Stalowa Wola,4225|2022-11-25|Stalowa Wola,4225,1080,Poland,Poland,Stalowa Wola,Słupsk,2022-11-25,2022,low_ceiling_1000m,0.2988259227936592,-0.338943296929475,0.2965330064787252,,False,False,Dfb,,50.564298,22.058214,54.463339597672,17.024806823494853,same_country_year_koppen_uncertainty_lowgap_p25,0.645707,True,True,True,0.0,0.0,0.0,1.78957,,3356.946019375,4364.374916842105,0.0001273239544735,,7.639868288311741,7.495769561299709,349.8358306884888,13.174767989702383,1.563197629399968,1.5930677588792082,-0.9085995805545884,1.9257985373753628,1.338037,101365.010417,-1.103597,-1523.25
2903|2022-04-17|Sanandaj,2903|2022-04-17|Sanandaj,2903,3470,Iran,Iran,Sanandaj,Bandar-e Anzali,2022-04-17,2022,strong_wind,0.2963921688989414,-0.267219383266652,0.4063503180995739,,False,False,Dsa,,35.295203,47.003034,37.4729038631064,49.462629703426046,same_country_year_uncertainty_lowgap_p25,1.36388,True,False,True,0.0,0.0,0.0,0.126839,,5809.846588888889,3407.732897391304,0.0001273239544735,,5.192455140407558,21.35800454227968,315.93293485076697,1.9925827040439597,1.289122204912151,0.5273270664750624,-0.4183062957439602,1.4638440220163187,14.332676,102738.638021,-3.925618,-21034.75
2903|2022-04-17|Sanandaj,2903|2022-04-17|Sanandaj,2903,5515,Iran,Iran,Sanandaj,Shahr-e Kord,2022-04-17,2022,strong_wind,0.2963921688989414,-0.2666490007323444,0.4063503180995739,,False,False,Dsa,,35.295203,47.003034,32.33385101896318,50.86238885519479,same_country_year_uncertainty_lowgap_p25,1.472138,True,False,True,0.0,0.0,0.0,0.126839,,5809.846588888889,3625.206961851852,0.0001273239544735,,5.192455140407558,4.419178821270833,315.93293485076697,245.4254867039268,1.289122204912151,-0.2385699051240963,-0.4183062957439602,1.235309761703313,9.470778,76902.013021,0.93628,4801.875
2903|2022-04-17|Sanandaj,2903|2022-04-17|Sanandaj,2903,5115,Iran,Iran,Sanandaj,Bandar-e Mahshahr,2022-04-17,2022,strong_wind,0.2963921688989414,-0.2438643362684478,0.4063503180995739,,False,False,Dsa,,35.295203,47.003034,30.555300524629462,49.18516104342151,same_country_year_uncertainty_lowgap_p25,1.527569,True,False,True,0.0,0.0,0.0,0.126839,,5809.846588888889,4019.507117142857,0.0001273239544735,,5.192455140407558,3.2106694046246953,315.93293485076697,5.428718712673267,1.289122204912151,0.1565544440048011,-0.4183062957439602,1.2743977195675669,27.238845,100817.679688,-16.831787,-19113.791667
2903|2022-09-18|Sanandaj,2903|2022-09-18|Sanandaj,2903,3470,Iran,Iran,Sanandaj,Bandar-e Anzali,2022-09-18,2022,strong_wind,0.2963921688989414,-0.267219383266652,0.4063503180995739,,False,False,Dsa,,35.295203,47.003034,37.4729038631064,49.462629703426046,same_country_year_uncertainty_lowgap_p25,1.36388,True,False,True,0.0,0.0,0.0,0.0,,5809.846588888889,3407.732897391304,0.0001273239544735,,5.192455140407558,21.35800454227968,315.93293485076697,1.9925827040439597,1.289122204912151,0.5273270664750624,-0.4183062957439602,1.4638440220163187,25.833612,101832.669271,-2.833008,-20056.666667
2903|2022-09-18|Sanandaj,2903|2022-09-18|Sanandaj,2903,5515,Iran,Iran,Sanandaj,Shahr-e Kord,2022-09-18,2022,strong_wind,0.2963921688989414,-0.2666490007323444,0.4063503180995739,,False,False,Dsa,,35.295203,47.003034,32.33385101896318,50.86238885519479,same_country_year_uncertainty_lowgap_p25,1.472138,True,False,True,0.0,0.0,0.0,0.0,,5809.846588888889,3625.206961851852,0.0001273239544735,,5.192455140407558,4.419178821270833,315.93293485076697,245.4254867039268,1.289122204912151,-0.2385699051240963,-0.4183062957439602,1.235309761703313,20.233677,77377.210938,2.766927,4398.791666
2903|2022-09-18|Sanandaj,2903|2022-09-18|Sanandaj,2903,5115,Iran,Iran,Sanandaj,Bandar-e Mahshahr,2022-09-18,2022,strong_wind,0.2963921688989414,-0.2438643362684478,0.4063503180995739,,False,False,Dsa,,35.295203,47.003034,30.555300524629462,49.18516104342151,same_country_year_uncertainty_lowgap_p25,1.527569,True,False,True,0.0,0.0,0.0,0.0,,5809.846588888889,4019.507117142857,0.0001273239544735,,5.192455140407558,3.2106694046246953,315.93293485076697,5.428718712673267,1.289122204912151,0.1565544440048011,-0.4183062957439602,1.2743977195675669,32.256952,100249.002604,-9.256348,-18473.0
1707|2022-04-19|Mutare,1707|2022-04-19|Mutare,1707,1098,Zimbabwe,Zimbabwe,Mutare,Chinhoyi,2022-04-19,2022,low_ceiling_300m,0.2874328821543489,-0.2870155766853619,0.3147142940524134,,False,False,,,-18.978664,32.650351,-17.376612140516027,30.1882093677029,same_country_year_uncertainty_lowgap_p25,0.907117,True,False,True,3.728333,3.575556,0.152777,10.263443,,3272.9704666666667,3713.623530833333,0.0001273239544735,,3.1885026956436096,12.789585322621358,197.02526392576624,498.7847441455162,-0.388031596490665,-1.585786768687396,-0.8274269213898207,0.7822151834601659,18.68902,87966.856771,-1.551677,2378.541667
1707|2022-04-19|Mutare,1707|2022-04-19|Mutare,1707,862,Zimbabwe,Zimbabwe,Mutare,Kadoma,2022-04-19,2022,low_ceiling_300m,0.2874328821543489,-0.2994248797002729,0.3147142940524134,,False,True,,,-18.978664,32.650351,-18.33969097597462,29.90028436283703,same_country_year_lowgap_p25,1.114912,True,True,False,3.728333,0.0,3.728333,10.263443,,3272.9704666666667,3677.6985909090913,0.0001273239544735,,3.1885026956436096,5.094071924042521,197.02526392576624,472.6184875629503,-0.388031596490665,-1.998206513292849,-0.8274269213898207,0.6594138491699675,19.222386,89066.398438,-2.085043,1279.0
1707|2022-04-19|Mutare,1707|2022-04-19|Mutare,1707,1316,Zimbabwe,Zimbabwe,Mutare,Norton,2022-04-19,2022,low_ceiling_300m,0.2874328821543489,-0.2523736056524689,0.3147142940524134,,False,True,,,-18.978664,32.650351,-17.88657583003399,30.672339777870725,same_country_year_lowgap_p25,1.180463,True,True,False,3.728333,1.312222,2.416111,10.263443,,3272.9704666666667,3316.8740236,0.0001273239544735,,3.1885026956436096,27.37827007670448,197.02526392576624,426.9640289403455,-0.388031596490665,-1.80072652350132,-0.8274269213898207,0.4241043428271573,16.651097,86824.356771,0.486246,3521.041667
1707|2022-06-29|Mutare,1707|2022-06-29|Mutare,1707,1098,Zimbabwe,Zimbabwe,Mutare,Chinhoyi,2022-06-29,2022,low_ceiling_300m,0.2874328821543489,-0.2870155766853619,0.3147142940524134,,False,False,,,-18.978664,32.650351,-17.376612140516027,30.1882093677029,same_country_year_uncertainty_lowgap_p25,0.907117,True,False,True,0.0,0.45,-0.45,4.122257,,3272.9704666666667,3713.623530833333,0.0001273239544735,,3.1885026956436096,12.789585322621358,197.02526392576624,498.7847441455162,-0.388031596490665,-1.585786768687396,-0.8274269213898207,0.7822151834601659,13.092045,88510.091146,-1.218831,2494.125
1707|2022-06-29|Mutare,1707|2022-06-29|Mutare,1707,862,Zimbabwe,Zimbabwe,Mutare,Kadoma,2022-06-29,2022,low_ceiling_300m,0.2874328821543489,-0.2994248797002729,0.3147142940524134,,False,True,,,-18.978664,32.650351,-18.33969097597462,29.90028436283703,same_country_year_lowgap_p25,1.114912,True,True,False,0.0,0.0,0.0,4.122257,,3272.9704666666667,3677.6985909090913,0.0001273239544735,,3.1885026956436096,5.094071924042521,197.02526392576624,472.6184875629503,-0.388031596490665,-1.998206513292849,-0.8274269213898207,0.6594138491699675,12.504968,89651.799479,-0.631754,1352.416667
1707|2022-06-29|Mutare,1707|2022-06-29|Mutare,1707,1316,Zimbabwe,Zimbabwe,Mutare,Norton,2022-06-29,2022,low_ceiling_300m,0.2874328821543489,-0.2523736056524689,0.3147142940524134,,False,True,,,-18.978664,32.650351,-17.88657583003399,30.672339777870725,same_country_year_lowgap_p25,1.180463,True,True,False,0.0,0.0,0.0,4.122257,,3272.9704666666667,3316.8740236,0.0001273239544735,,3.1885026956436096,27.37827007670448,197.02526392576624,426.9640289403455,-0.388031596490665,-1.80072652350132,-0.8274269213898207,0.4241043428271573,11.905766,87320.716146,-0.032552,3683.5
2835|2022-01-12|Manbij,2835|2022-01-12|Manbij,2835,2644,Syria,Syria,Manbij,Salamiyah,2022-01-12,2022,low_vis_5km,0.2797222963036592,-0.2492838811258942,0.2636724449892021,,False,False,,,36.52404,37.953772,35.00955815118204,37.05201478100287,same_country_year_koppen_uncertainty_lowgap_p25,0.580493,True,True,True,0.0,0.0,0.0,0.741959,,5870.178812499999,5128.3322963636365,0.000254647908947,,44.16953788026351,34.80208529913652,168.2201578392967,106.97046578031834,-0.0200895281024511,-0.6102232178361947,-1.0553097157384224,0.8889253084295798,12.07467,95953.257812,-1.019205,427.916667
2835|2022-01-12|Manbij,2835|2022-01-12|Manbij,2835,1524,Syria,Syria,Manbij,Jdaydet Artooz,2022-01-12,2022,low_vis_5km,0.2797222963036592,-0.2506630235839112,0.2636724449892021,,False,False,,,36.52404,37.953772,33.43128856413437,36.15612112051,same_country_year_koppen_uncertainty_lowgap_p25,0.844314,True,True,True,0.0,0.0,0.0,0.741959,,5870.178812499999,5486.344852727273,0.000254647908947,,44.16953788026351,8.156608166172779,168.2201578392967,75.41908912218796,-0.0200895281024511,-0.2515552711744241,-1.0553097157384224,1.154658275310068,8.573857,90749.382812,2.481608,5631.791667
2835|2022-01-12|Manbij,2835|2022-01-12|Manbij,2835,2368,Syria,Syria,Manbij,Al-Rastan,2022-01-12,2022,low_vis_5km,0.2797222963036592,-0.2956534793046538,0.2636724449892021,,False,False,,,36.52404,37.953772,34.925005770129594,36.730011679740784,same_country_year_koppen_uncertainty_lowgap_p25,0.913691,True,True,True,0.0,0.0,0.0,0.741959,,5870.178812499999,6085.287985,0.000254647908947,,44.16953788026351,20.354039241564145,168.2201578392967,78.33887115289703,-0.0200895281024511,-0.8694862628694957,-1.0553097157384224,0.9913357580339264,11.398971,96623.257812,-0.343506,-242.083333
2835|2022-01-23|Manbij,2835|2022-01-23|Manbij,2835,2644,Syria,Syria,Manbij,Salamiyah,2022-01-23,2022,low_vis_5km,0.2797222963036592,-0.2492838811258942,0.2636724449892021,,False,False,,,36.52404,37.953772,35.00955815118204,37.05201478100287,same_country_year_koppen_uncertainty_lowgap_p25,0.580493,True,True,True,0.0,0.316111,-0.316111,8.089066,,5870.178812499999,5128.3322963636365,0.000254647908947,,44.16953788026351,34.80208529913652,168.2201578392967,106.97046578031834,-0.0200895281024511,-0.6102232178361947,-1.0553097157384224,0.8889253084295798,7.353337,95684.151042,-3.160157,341.333333
2835|2022-01-23|Manbij,2835|2022-01-23|Manbij,2835,1524,Syria,Syria,Manbij,Jdaydet Artooz,2022-01-23,2022,low_vis_5km,0.2797222963036592,-0.2506630235839112,0.2636724449892021,,False,False,,,36.52404,37.953772,33.43128856413437,36.15612112051,same_country_year_koppen_uncertainty_lowgap_p25,0.844314,True,True,True,0.0,0.808333,-0.808333,8.089066,,5870.178812499999,5486.344852727273,0.000254647908947,,44.16953788026351,8.156608166172779,168.2201578392967,75.41908912218796,-0.0200895281024511,-0.2515552711744241,-1.0553097157384224,1.154658275310068,4.239486,90468.817708,-0.046306,5556.666667
2835|2022-01-23|Manbij,2835|2022-01-23|Manbij,2835,2368,Syria,Syria,Manbij,Al-Rastan,2022-01-23,2022,low_vis_5km,0.2797222963036592,-0.2956534793046538,0.2636724449892021,,False,False,,,36.52404,37.953772,34.925005770129594,36.730011679740784,same_country_year_koppen_uncertainty_lowgap_p25,0.913691,True,True,True,0.0,0.0,0.0,8.089066,,5870.178812499999,6085.287985,0.000254647908947,,44.16953788026351,20.354039241564145,168.2201578392967,78.33887115289703,-0.0200895281024511,-0.8694862628694957,-1.0553097157384224,0.9913357580339264,7.403874,96335.276042,-3.210694,-309.791667
6297|2022-12-31|Kishoreganj,6297|2022-12-31|Kishoreganj,6297,6361,Bangladesh,Bangladesh,Kishoreganj,Kapashia,2022-12-31,2022,low_vis_5km,0.2753662346577278,-0.2468208677695436,0.2067939064962353,,False,False,Aw,,24.342567,90.732515,24.099697572531003,90.5646500463687,same_country_year_koppen_uncertainty_lowgap_p25,2.282323,True,True,True,0.0,0.0,0.0,0.001431,,2395.451132996633,2297.2936166666664,0.0001273239544735,,22.633372150208977,29.448542997637205,86.81902036669517,57.897297005778405,-0.0392819327496741,0.2217986906799746,-1.3092511486631937,0.920260821317424,16.733392,101681.96875,-0.228515,-7.958333
6297|2022-12-31|Kishoreganj,6297|2022-12-31|Kishoreganj,6297,4164,Bangladesh,Bangladesh,Kishoreganj,Gabtali,2022-12-31,2022,low_vis_5km,0.2753662346577278,-0.2318567331173093,0.2067939064962353,,False,False,Aw,,24.342567,90.732515,24.87652123454863,89.45284316665268,same_country_year_koppen_uncertainty_lowgap_p25,2.536758,True,True,True,0.0,0.0,0.0,0.001431,,2395.451132996633,2326.240405,0.0001273239544735,,22.633372150208977,13.203501062039088,86.81902036669517,180.27729091956755,-0.0392819327496741,-0.5738893391737413,-1.3092511486631937,0.4523128190858611,16.187168,101588.302083,0.317709,85.708334
6297|2022-12-31|Kishoreganj,6297|2022-12-31|Kishoreganj,6297,5635,Bangladesh,Bangladesh,Kishoreganj,Noapara,2022-12-31,2022,low_vis_5km,0.2753662346577278,-0.1972504915691291,0.2067939064962353,,False,False,Aw,,24.342567,90.732515,23.024095241954967,89.40591302488919,same_country_year_koppen_uncertainty_lowgap_p25,2.606535,True,True,True,0.0,0.0,0.0,0.001431,,2395.451132996633,4699.5242875,0.0001273239544735,,22.633372150208977,29.356432077122776,86.81902036669517,83.89886090371226,-0.0392819327496741,-0.2091164117217383,-1.3092511486631937,0.5505538865180197,17.551182,101697.885417,-1.046305,-23.875
6297|2022-12-30|Kishoreganj,6297|2022-12-30|Kishoreganj,6297,6361,Bangladesh,Bangladesh,Kishoreganj,Kapashia,2022-12-30,2022,low_vis_5km,0.2753662346577278,-0.2468208677695436,0.2067939064962353,,False,False,Aw,,24.342567,90.732515,24.099697572531003,90.5646500463687,same_country_year_koppen_uncertainty_lowgap_p25,2.282323,True,True,True,0.0,0.0,0.0,0.032425,,2395.451132996633,2297.2936166666664,0.0001273239544735,,22.633372150208977,29.448542997637205,86.81902036669517,57.897297005778405,-0.0392819327496741,0.2217986906799746,-1.3092511486631937,0.920260821317424,16.496179,101691.565104,-0.218017,-15.375
6297|2022-12-30|Kishoreganj,6297|2022-12-30|Kishoreganj,6297,4164,Bangladesh,Bangladesh,Kishoreganj,Gabtali,2022-12-30,2022,low_vis_5km,0.2753662346577278,-0.2318567331173093,0.2067939064962353,,False,False,Aw,,24.342567,90.732515,24.87652123454863,89.45284316665268,same_country_year_koppen_uncertainty_lowgap_p25,2.536758,True,True,True,0.0,0.0,0.0,0.032425,,2395.451132996633,2326.240405,0.0001273239544735,,22.633372150208977,13.203501062039088,86.81902036669517,180.27729091956755,-0.0392819327496741,-0.5738893391737413,-1.3092511486631937,0.4523128190858611,16.926274,101586.606771,-0.648112,89.583333
6297|2022-12-30|Kishoreganj,6297|2022-12-30|Kishoreganj,6297,5635,Bangladesh,Bangladesh,Kishoreganj,Noapara,2022-12-30,2022,low_vis_5km,0.2753662346577278,-0.1972504915691291,0.2067939064962353,,False,False,Aw,,24.342567,90.732515,23.024095241954967,89.40591302488919,same_country_year_koppen_uncertainty_lowgap_p25,2.606535,True,True,True,0.0,0.0,0.0,0.032425,,2395.451132996633,4699.5242875,0.0001273239544735,,22.633372150208977,29.356432077122776,86.81902036669517,83.89886090371226,-0.0392819327496741,-0.2091164117217383,-1.3092511486631937,0.5505538865180197,16.943363,101730.273438,-0.665201,-54.083334
2154|2022-01-04|Sammanturai,2154|2022-01-04|Sammanturai,2154,768,Sri Lanka,Sri Lanka,Sammanturai,Bandaragama,2022-01-04,2022,low_ceiling_1000m,0.2740920306938275,-0.2025301388723675,0.234343080604681,,False,False,Aw,,7.359089,81.796456,6.717395407302171,80.0200311669557,same_country_year_uncertainty_lowgap_p25,0.929042,True,False,True,2.493333,0.0,2.493333,9.924412,,4953.426067272727,2313.5453592105264,0.0001273239544735,,16.890620656493017,18.49466340462268,6.499692556239444,11.260295597609815,0.1748323138247096,-0.3783343842341961,-1.1862543745836738,0.8596093400313901,26.901188,100847.255208,-2.136393,35.875
2154|2022-01-04|Sammanturai,2154|2022-01-04|Sammanturai,2154,335,Sri Lanka,Sri Lanka,Sammanturai,Puttalam,2022-01-04,2022,low_ceiling_1000m,0.2740920306938275,-0.3504361440400058,0.234343080604681,,False,False,Aw,,7.359089,81.796456,8.025399173310616,79.83157813682244,same_country_year_uncertainty_lowgap_p25,1.241205,True,False,True,2.493333,0.0,2.493333,9.924412,,4953.426067272727,3035.1289633333336,0.0001273239544735,,16.890620656493017,6.258910922298625,6.499692556239444,0.4155271311269382,0.1748323138247096,-0.9346535416999444,-1.1862543745836738,1.0177852761887385,26.541243,101124.171875,-1.776448,-241.041667
2154|2022-01-04|Sammanturai,2154|2022-01-04|Sammanturai,2154,1132,Sri Lanka,Sri Lanka,Sammanturai,Anuradhapura,2022-01-04,2022,low_ceiling_1000m,0.2740920306938275,-0.2772939602822683,0.234343080604681,,False,False,Aw,,7.359089,81.796456,8.318598574304318,80.41107650907784,same_country_year_uncertainty_lowgap_p25,1.31584,True,False,True,2.493333,0.0,2.493333,9.924412,,4953.426067272727,2430.927762380953,0.0001273239544735,,16.890620656493017,2.7309725517022683,6.499692556239444,55.28586524868698,0.1748323138247096,-0.4953060617859522,-1.1862543745836738,1.123387909018665,25.28042,99839.421875,-0.515625,1043.708333
2154|2022-08-18|Sammanturai,2154|2022-08-18|Sammanturai,2154,768,Sri Lanka,Sri Lanka,Sammanturai,Bandaragama,2022-08-18,2022,low_ceiling_1000m,0.2740920306938275,-0.2025301388723675,0.234343080604681,,False,False,Aw,,7.359089,81.796456,6.717395407302171,80.0200311669557,same_country_year_uncertainty_lowgap_p25,0.929042,True,False,True,0.0,0.003889,-0.003889,11.761189,,4953.426067272727,2313.5453592105264,0.0001273239544735,,16.890620656493017,18.49466340462268,6.499692556239444,11.260295597609815,0.1748323138247096,-0.3783343842341961,-1.1862543745836738,0.8596093400313901,27.55753,100610.507812,1.676595,-275.291666
2154|2022-08-18|Sammanturai,2154|2022-08-18|Sammanturai,2154,335,Sri Lanka,Sri Lanka,Sammanturai,Puttalam,2022-08-18,2022,low_ceiling_1000m,0.2740920306938275,-0.3504361440400058,0.234343080604681,,False,False,Aw,,7.359089,81.796456,8.025399173310616,79.83157813682244,same_country_year_uncertainty_lowgap_p25,1.241205,True,False,True,0.0,0.002222,-0.002222,11.761189,,4953.426067272727,3035.1289633333336,0.0001273239544735,,16.890620656493017,6.258910922298625,6.499692556239444,0.4155271311269382,0.1748323138247096,-0.9346535416999444,-1.1862543745836738,1.0177852761887385,27.508051,100674.591146,1.726074,-339.375
2154|2022-08-18|Sammanturai,2154|2022-08-18|Sammanturai,2154,1132,Sri Lanka,Sri Lanka,Sammanturai,Anuradhapura,2022-08-18,2022,low_ceiling_1000m,0.2740920306938275,-0.2772939602822683,0.234343080604681,,False,False,Aw,,7.359089,81.796456,8.318598574304318,80.41107650907784,same_country_year_uncertainty_lowgap_p25,1.31584,True,False,True,0.0,0.0,0.0,11.761189,,4953.426067272727,2430.927762380953,0.0001273239544735,,16.890620656493017,2.7309725517022683,6.499692556239444,55.28586524868698,0.1748323138247096,-0.4953060617859522,-1.1862543745836738,1.123387909018665,27.734369,99344.382812,1.499756,990.833334
2233|2022-01-04|Kalmunai,2233|2022-01-04|Kalmunai,2233,768,Sri Lanka,Sri Lanka,Kalmunai,Bandaragama,2022-01-04,2022,low_ceiling_1000m,0.2677092444513441,-0.2025301388723675,0.2470086966672503,,False,False,,,7.409923,81.829179,6.717395407302171,80.0200311669557,same_country_year_koppen_uncertainty_lowgap_p25,0.661414,True,True,True,3.447778,0.0,3.447778,17.148018,,4518.861112,2313.5453592105264,0.0001273239544735,,21.86720946196311,18.49466340462268,2.064359348247313,11.260295597609815,-0.108155021399216,-0.3783343842341961,-1.129707128873386,0.8596093400313901,26.901188,100847.255208,-1.807861,90.166667
2233|2022-01-04|Kalmunai,2233|2022-01-04|Kalmunai,2233,335,Sri Lanka,Sri Lanka,Kalmunai,Puttalam,2022-01-04,2022,low_ceiling_1000m,0.2677092444513441,-0.3504361440400058,0.2470086966672503,,False,False,,,7.409923,81.829179,8.025399173310616,79.83157813682244,same_country_year_koppen_uncertainty_lowgap_p25,1.111787,True,True,True,3.447778,0.0,3.447778,17.148018,,4518.861112,3035.1289633333336,0.0001273239544735,,21.86720946196311,6.258910922298625,2.064359348247313,0.4155271311269382,-0.108155021399216,-0.9346535416999444,-1.129707128873386,1.0177852761887385,26.541243,101124.171875,-1.447916,-186.75
2233|2022-01-04|Kalmunai,2233|2022-01-04|Kalmunai,2233,1132,Sri Lanka,Sri Lanka,Kalmunai,Anuradhapura,2022-01-04,2022,low_ceiling_1000m,0.2677092444513441,-0.2772939602822683,0.2470086966672503,,False,False,,,7.409923,81.829179,8.318598574304318,80.41107650907784,same_country_year_koppen_uncertainty_lowgap_p25,1.249244,True,True,True,3.447778,0.0,3.447778,17.148018,,4518.861112,2430.927762380953,0.0001273239544735,,21.86720946196311,2.7309725517022683,2.064359348247313,55.28586524868698,-0.108155021399216,-0.4953060617859522,-1.129707128873386,1.123387909018665,25.28042,99839.421875,-0.187093,1098.0
2233|2022-08-18|Kalmunai,2233|2022-08-18|Kalmunai,2233,768,Sri Lanka,Sri Lanka,Kalmunai,Bandaragama,2022-08-18,2022,low_ceiling_1000m,0.2677092444513441,-0.2025301388723675,0.2470086966672503,,False,False,,,7.409923,81.829179,6.717395407302171,80.0200311669557,same_country_year_koppen_uncertainty_lowgap_p25,0.661414,True,True,True,0.0,0.003889,-0.003889,4.929543,,4518.861112,2313.5453592105264,0.0001273239544735,,21.86720946196311,18.49466340462268,2.064359348247313,11.260295597609815,-0.108155021399216,-0.3783343842341961,-1.129707128873386,0.8596093400313901,27.55753,100610.507812,0.411784,-221.375
2233|2022-08-18|Kalmunai,2233|2022-08-18|Kalmunai,2233,335,Sri Lanka,Sri Lanka,Kalmunai,Puttalam,2022-08-18,2022,low_ceiling_1000m,0.2677092444513441,-0.3504361440400058,0.2470086966672503,,False,False,,,7.409923,81.829179,8.025399173310616,79.83157813682244,same_country_year_koppen_uncertainty_lowgap_p25,1.111787,True,True,True,0.0,0.002222,-0.002222,4.929543,,4518.861112,3035.1289633333336,0.0001273239544735,,21.86720946196311,6.258910922298625,2.064359348247313,0.4155271311269382,-0.108155021399216,-0.9346535416999444,-1.129707128873386,1.0177852761887385,27.508051,100674.591146,0.461263,-285.458334
2233|2022-08-18|Kalmunai,2233|2022-08-18|Kalmunai,2233,1132,Sri Lanka,Sri Lanka,Kalmunai,Anuradhapura,2022-08-18,2022,low_ceiling_1000m,0.2677092444513441,-0.2772939602822683,0.2470086966672503,,False,False,,,7.409923,81.829179,8.318598574304318,80.41107650907784,same_country_year_koppen_uncertainty_lowgap_p25,1.249244,True,True,True,0.0,0.0,0.0,4.929543,,4518.861112,2430.927762380953,0.0001273239544735,,21.86720946196311,2.7309725517022683,2.064359348247313,55.28586524868698,-0.108155021399216,-0.4953060617859522,-1.129707128873386,1.123387909018665,27.734369,99344.382812,0.234945,1044.75
2875|2022-09-05|Talavera de la Reina,2875|2022-09-05|Talavera de la Reina,2875,3842,Spain,Spain,Talavera de la Reina,Guadalajara,2022-09-05,2022,low_vis_5km,0.2369087488254457,-0.4860089439565744,0.1813751240296504,,False,False,,,39.960647,-4.832961,40.634229913464566,-3.1663363139812692,same_country_year_koppen_uncertainty_lowgap_p25,0.462978,True,True,True,0.0,0.0,0.0,0.0,,5822.885577,5756.2522033333335,0.000254647908947,,4.721540926752777,2.3855090154630307,328.12873515964253,256.76447145100366,0.3060274087423152,-0.2387994230136968,-1.422736519662411,1.6445606805420538,19.846134,92476.708333,1.339193,3826.625
2875|2022-09-05|Talavera de la Reina,2875|2022-09-05|Talavera de la Reina,2875,3752,Spain,Spain,Talavera de la Reina,Arganda del Rey,2022-09-05,2022,low_vis_5km,0.2369087488254457,-0.3555529314528329,0.1813751240296504,,False,False,,,39.960647,-4.832961,40.306153676883895,-3.4549112097345023,same_country_year_koppen_uncertainty_lowgap_p25,0.464577,True,True,True,0.0,0.0,0.0,0.0,,5822.885577,4665.319153636364,0.000254647908947,,4.721540926752777,13.364195388601493,328.12873515964253,291.5350327559967,0.3060274087423152,0.3340550584926171,-1.422736519662411,1.1149188514814092,21.547144,94442.541667,-0.361817,1860.791666
2875|2022-09-05|Talavera de la Reina,2875|2022-09-05|Talavera de la Reina,2875,4815,Spain,Spain,Talavera de la Reina,Igualada,2022-09-05,2022,low_vis_5km,0.2369087488254457,-0.2491384418468943,0.1813751240296504,,False,False,,,39.960647,-4.832961,41.579675275803986,1.6276923055096146,same_country_year_koppen_uncertainty_lowgap_p25,0.614141,True,True,True,0.0,0.0,0.0,0.0,,5822.885577,4412.456817692308,0.000254647908947,,4.721540926752777,1.063848877712751,328.12873515964253,36.286076800332374,0.3060274087423152,0.2486182883395556,-1.422736519662411,0.7884692567184469,24.109074,97902.041667,-2.923747,-1598.708334
2875|2022-09-08|Talavera de la Reina,2875|2022-09-08|Talavera de la Reina,2875,3842,Spain,Spain,Talavera de la Reina,Guadalajara,2022-09-08,2022,low_vis_1km,0.2369087488254457,-0.4860089439565744,0.1813751240296504,,False,False,,,39.960647,-4.832961,40.634229913464566,-3.1663363139812692,same_country_year_koppen_uncertainty_lowgap_p25,0.462978,True,True,True,0.0,0.0,0.0,0.659943,,5822.885577,5756.2522033333335,0.000254647908947,,4.721540926752777,2.3855090154630307,328.12873515964253,256.76447145100366,0.3060274087423152,-0.2387994230136968,-1.422736519662411,1.6445606805420538,20.196598,92228.416667,2.433513,3797.416666
2875|2022-09-08|Talavera de la Reina,2875|2022-09-08|Talavera de la Reina,2875,3752,Spain,Spain,Talavera de la Reina,Arganda del Rey,2022-09-08,2022,low_vis_1km,0.2369087488254457,-0.3555529314528329,0.1813751240296504,,False,False,,,39.960647,-4.832961,40.306153676883895,-3.4549112097345023,same_country_year_koppen_uncertainty_lowgap_p25,0.464577,True,True,True,0.0,0.0,0.0,0.659943,,5822.885577,4665.319153636364,0.000254647908947,,4.721540926752777,13.364195388601493,328.12873515964253,291.5350327559967,0.3060274087423152,0.3340550584926171,-1.422736519662411,1.1149188514814092,22.17609,94182.375,0.454021,1843.458333
2875|2022-09-08|Talavera de la Reina,2875|2022-09-08|Talavera de la Reina,2875,4815,Spain,Spain,Talavera de la Reina,Igualada,2022-09-08,2022,low_vis_1km,0.2369087488254457,-0.2491384418468943,0.1813751240296504,,False,False,,,39.960647,-4.832961,41.579675275803986,1.6276923055096146,same_country_year_koppen_uncertainty_lowgap_p25,0.614141,True,True,True,0.0,0.13,-0.13,0.659943,,5822.885577,4412.456817692308,0.000254647908947,,4.721540926752777,1.063848877712751,328.12873515964253,36.286076800332374,0.3060274087423152,0.2486182883395556,-1.422736519662411,0.7884692567184469,21.10236,97535.708333,1.527751,-1509.875
4942|2023-12-08|Celaya,4942|2023-12-08|Celaya,4942,6696,México,México,Celaya,Matamoros,2023-12-08,2023,low_ceiling_1000m,0.4410268152643283,-0.2661234158249506,0.1818712426311796,,False,False,BSh,,20.531576,-100.820914,25.847048265415868,-97.50931699803468,same_country_year_koppen_uncertainty_lowgap_p25,1.312913,True,True,True,0.0,0.0,0.0,2.049446,,5500.956343939394,5099.120625252525,0.0001273239544735,,6.562864635255111,8.129910296062748,328.116473165505,29.96880844717999,0.7378522675243129,1.0921266772375369,-1.420521535383437,1.718697507291256,22.55637,101183.783854,-8.891195,-20260.041666
4942|2023-12-08|Celaya,4942|2023-12-08|Celaya,4942,4288,México,México,Celaya,San Francisco del Rincón,2023-12-08,2023,low_ceiling_1000m,0.4410268152643283,-0.2292072720059968,0.1818712426311796,,False,False,BSh,,20.531576,-100.820914,21.025504865614927,-101.8607450821336,same_country_year_koppen_uncertainty_lowgap_p25,1.61455,True,True,True,0.0,0.0,0.0,2.049446,,5500.956343939394,4393.776685714286,0.0001273239544735,,6.562864635255111,16.709251224239814,328.116473165505,324.4454119629594,0.7378522675243129,-0.6404813970087139,-1.420521535383437,0.5588275042659537,13.495335,82015.783854,0.16984,-1092.041666
4942|2023-12-08|Celaya,4942|2023-12-08|Celaya,4942,4212,México,México,Celaya,Aguascalientes,2023-12-08,2023,low_ceiling_1000m,0.4410268152643283,-0.2474336597956218,0.1818712426311796,,False,False,BSh,,20.531576,-100.820914,21.88787978958307,-102.28936613173036,same_country_year_koppen_uncertainty_lowgap_p25,1.726824,True,True,True,0.0,0.0,0.0,2.049446,,5500.956343939394,5888.667485915494,0.0001273239544735,,6.562864635255111,1.1414261947941498,328.116473165505,284.26998841687225,0.7378522675243129,-0.0459513387661606,-1.420521535383437,1.232703897845695,12.932102,80281.867188,0.733073,641.875
4942|2023-12-12|Celaya,4942|2023-12-12|Celaya,4942,6696,México,México,Celaya,Matamoros,2023-12-12,2023,low_ceiling_1000m,0.4410268152643283,-0.2661234158249506,0.1818712426311796,,False,False,BSh,,20.531576,-100.820914,25.847048265415868,-97.50931699803468,same_country_year_koppen_uncertainty_lowgap_p25,1.312913,True,True,True,0.0,0.0,0.0,0.533104,,5500.956343939394,5099.120625252525,0.0001273239544735,,6.562864635255111,8.129910296062748,328.116473165505,29.96880844717999,0.7378522675243129,1.0921266772375369,-1.420521535383437,1.718697507291256,18.182326,102179.585938,-6.518636,-21190.416667
4942|2023-12-12|Celaya,4942|2023-12-12|Celaya,4942,4288,México,México,Celaya,San Francisco del Rincón,2023-12-12,2023,low_ceiling_1000m,0.4410268152643283,-0.2292072720059968,0.1818712426311796,,False,False,BSh,,20.531576,-100.820914,21.025504865614927,-101.8607450821336,same_country_year_koppen_uncertainty_lowgap_p25,1.61455,True,True,True,0.0,0.003333,-0.003333,0.533104,,5500.956343939394,4393.776685714286,0.0001273239544735,,6.562864635255111,16.709251224239814,328.116473165505,324.4454119629594,0.7378522675243129,-0.6404813970087139,-1.420521535383437,0.5588275042659537,11.696486,82083.127604,-0.032796,-1093.958333
4942|2023-12-12|Celaya,4942|2023-12-12|Celaya,4942,4212,México,México,Celaya,Aguascalientes,2023-12-12,2023,low_ceiling_1000m,0.4410268152643283,-0.2474336597956218,0.1818712426311796,,False,False,BSh,,20.531576,-100.820914,21.88787978958307,-102.28936613173036,same_country_year_koppen_uncertainty_lowgap_p25,1.726824,True,True,True,0.0,0.0,0.0,0.533104,,5500.956343939394,5888.667485915494,0.0001273239544735,,6.562864635255111,1.1414261947941498,328.116473165505,284.26998841687225,0.7378522675243129,-0.0459513387661606,-1.420521535383437,1.232703897845695,8.746291,80378.210938,2.917399,610.958333
7989|2023-08-12|Eket,7989|2023-08-12|Eket,7989,8269,Nigeria,Nigeria,Eket,Ogoja,2023-08-12,2023,low_ceiling_1000m,0.4361252846640336,-0.2156351942246027,0.2257923305900893,,False,False,,,4.659064,7.945066,6.65785911123994,8.802145287991946,same_country_year_koppen_uncertainty_lowgap_p25,2.003538,True,True,True,0.477222,0.012778,0.464444,16.206741,,5234.961317391304,10126.217934285714,0.0001273239544735,,2.100103009421044,50.08194018900219,15.263761257652249,219.8244869820091,0.3115208196845875,-0.5249621264249098,-1.224430280097762,0.8227363664461103,27.283655,100273.476562,-1.578532,631.208334
7989|2023-08-12|Eket,7989|2023-08-12|Eket,7989,7233,Nigeria,Nigeria,Eket,Yangoji,2023-08-12,2023,low_ceiling_1000m,0.4361252846640336,-0.2120081065430994,0.2257923305900893,,False,False,,,4.659064,7.945066,8.822873474450683,7.035931933164844,same_country_year_koppen_uncertainty_lowgap_p25,2.09001,True,True,True,0.477222,0.001111,0.476111,16.206741,,5234.961317391304,5146.040620833333,0.0001273239544735,,2.100103009421044,31.911612211082065,15.263761257652249,400.21964060258625,0.3115208196845875,-0.9877671268121232,-1.224430280097762,0.5538763629364816,26.534306,98806.059896,-0.829183,2098.625
7989|2023-08-12|Eket,7989|2023-08-12|Eket,7989,8257,Nigeria,Nigeria,Eket,Okuku Lepuole,2023-08-12,2023,low_ceiling_1000m,0.4361252846640336,-0.2346782944892982,0.2257923305900893,,False,False,,,4.659064,7.945066,6.713720031830337,8.777158915108874,same_country_year_koppen_uncertainty_lowgap_p25,2.112265,True,True,True,0.477222,0.039444,0.437778,16.206741,,5234.961317391304,6460.206542222222,0.0001273239544735,,2.100103009421044,53.5707639014325,15.263761257652249,226.0193912313347,0.3115208196845875,-1.3117129371822964,-1.224430280097762,0.4745929550684861,27.283655,100273.476562,-1.578532,631.208334
7989|2023-07-11|Eket,7989|2023-07-11|Eket,7989,8269,Nigeria,Nigeria,Eket,Ogoja,2023-07-11,2023,low_ceiling_1000m,0.4361252846640336,-0.2156351942246027,0.2257923305900893,,False,False,,,4.659064,7.945066,6.65785911123994,8.802145287991946,same_country_year_koppen_uncertainty_lowgap_p25,2.003538,True,True,True,0.042222,0.107222,-0.065,10.109425,,5234.961317391304,10126.217934285714,0.0001273239544735,,2.100103009421044,50.08194018900219,15.263761257652249,219.8244869820091,0.3115208196845875,-0.5249621264249098,-1.224430280097762,0.8227363664461103,27.40014,100278.026042,-1.081787,633.25
7989|2023-07-11|Eket,7989|2023-07-11|Eket,7989,7233,Nigeria,Nigeria,Eket,Yangoji,2023-07-11,2023,low_ceiling_1000m,0.4361252846640336,-0.2120081065430994,0.2257923305900893,,False,False,,,4.659064,7.945066,8.822873474450683,7.035931933164844,same_country_year_koppen_uncertainty_lowgap_p25,2.09001,True,True,True,0.042222,0.0,0.042222,10.109425,,5234.961317391304,5146.040620833333,0.0001273239544735,,2.100103009421044,31.911612211082065,15.263761257652249,400.21964060258625,0.3115208196845875,-0.9877671268121232,-1.224430280097762,0.5538763629364816,27.548659,98802.401042,-1.230306,2108.875
7989|2023-07-11|Eket,7989|2023-07-11|Eket,7989,8257,Nigeria,Nigeria,Eket,Okuku Lepuole,2023-07-11,2023,low_ceiling_1000m,0.4361252846640336,-0.2346782944892982,0.2257923305900893,,False,False,,,4.659064,7.945066,6.713720031830337,8.777158915108874,same_country_year_koppen_uncertainty_lowgap_p25,2.112265,True,True,True,0.042222,0.118889,-0.076667,10.109425,,5234.961317391304,6460.206542222222,0.0001273239544735,,2.100103009421044,53.5707639014325,15.263761257652249,226.0193912313347,0.3115208196845875,-1.3117129371822964,-1.224430280097762,0.4745929550684861,27.40014,100278.026042,-1.081787,633.25
4379|2023-07-09|Karadeniz Ereğli,4379|2023-07-09|Karadeniz Ereğli,4379,858,Turkey,Turkey,Karadeniz Ereğli,Tekirdağ,2023-07-09,2023,thunder_or_convective,0.4233745851876794,-0.2577734268559989,0.20381719488706,,False,False,,,41.265007,31.422627,40.97362181837198,27.521795993298632,same_country_year_koppen_uncertainty_lowgap_p25,0.761614,True,True,True,2.066111,0.0,2.066111,78.558922,,4424.80204,4822.32412,0.000254647908947,,1.7391893438228485,3.435653266875913,0.5836552227457015,1.2815414559229568,1.3367820021649253,0.6300861148551136,-1.3225410543370404,1.3312055516636163,24.279637,100499.104167,-4.093262,-2132.625
4379|2023-07-09|Karadeniz Ereğli,4379|2023-07-09|Karadeniz Ereğli,4379,3459,Turkey,Turkey,Karadeniz Ereğli,Yalova,2023-07-09,2023,thunder_or_convective,0.4233745851876794,-0.1925472324927138,0.20381719488706,,False,False,,,41.265007,31.422627,40.65253863849585,29.282727859013196,same_country_year_koppen_uncertainty_lowgap_p25,0.90559,True,True,True,2.066111,0.982778,1.083333,78.558922,,4424.80204,4905.462747058824,0.000254647908947,,1.7391893438228485,9.67680099117227,0.5836552227457015,1.3070794959245655,1.3367820021649253,1.409591103647157,-1.3225410543370404,1.6372642617407256,21.451756,99603.479167,-1.265381,-1237.0
4379|2023-07-09|Karadeniz Ereğli,4379|2023-07-09|Karadeniz Ereğli,4379,5938,Turkey,Turkey,Karadeniz Ereğli,Dörtyol,2023-07-09,2023,thunder_or_convective,0.4233745851876794,-0.1910654913959628,0.20381719488706,,False,False,,,41.265007,31.422627,36.837326743795344,36.220640776669775,same_country_year_koppen_uncertainty_lowgap_p25,0.917003,True,True,True,2.066111,0.0,2.066111,78.558922,,4424.80204,4540.7204483333335,0.000254647908947,,1.7391893438228485,0.7382404584014463,0.5836552227457015,4.679230938032254,1.3367820021649253,0.0156183480991505,-1.3225410543370404,0.6143324044331941,25.435236,94580.854167,-5.248861,3785.625
4379|2023-04-27|Karadeniz Ereğli,4379|2023-04-27|Karadeniz Ereğli,4379,858,Turkey,Turkey,Karadeniz Ereğli,Tekirdağ,2023-04-27,2023,thunder_or_convective,0.4233745851876794,-0.2577734268559989,0.20381719488706,,False,False,,,41.265007,31.422627,40.97362181837198,27.521795993298632,same_country_year_koppen_uncertainty_lowgap_p25,0.761614,True,True,True,1.011111,1.423333,-0.412222,25.444508,,4424.80204,4822.32412,0.000254647908947,,1.7391893438228485,3.435653266875913,0.5836552227457015,1.2815414559229568,1.3367820021649253,0.6300861148551136,-1.3225410543370404,1.3312055516636163,11.812474,100092.257812,-0.602295,-2140.083333
4379|2023-04-27|Karadeniz Ereğli,4379|2023-04-27|Karadeniz Ereğli,4379,3459,Turkey,Turkey,Karadeniz Ereğli,Yalova,2023-04-27,2023,thunder_or_convective,0.4233745851876794,-0.1925472324927138,0.20381719488706,,False,False,,,41.265007,31.422627,40.65253863849585,29.282727859013196,same_country_year_koppen_uncertainty_lowgap_p25,0.90559,True,True,True,1.011111,3.523333,-2.512222,25.444508,,4424.80204,4905.462747058824,0.000254647908947,,1.7391893438228485,9.67680099117227,0.5836552227457015,1.3070794959245655,1.3367820021649253,1.409591103647157,-1.3225410543370404,1.6372642617407256,10.4072,99104.549479,0.802979,-1152.375
4379|2023-04-27|Karadeniz Ereğli,4379|2023-04-27|Karadeniz Ereğli,4379,5938,Turkey,Turkey,Karadeniz Ereğli,Dörtyol,2023-04-27,2023,thunder_or_convective,0.4233745851876794,-0.1910654913959628,0.20381719488706,,False,False,,,41.265007,31.422627,36.837326743795344,36.220640776669775,same_country_year_koppen_uncertainty_lowgap_p25,0.917003,True,True,True,1.011111,0.666111,0.345,25.444508,,4424.80204,4540.7204483333335,0.000254647908947,,1.7391893438228485,0.7382404584014463,0.5836552227457015,4.679230938032254,1.3367820021649253,0.0156183480991505,-1.3225410543370404,0.6143324044331941,15.028864,94930.674479,-3.818685,3021.5
10954|2023-01-02|Giridih,10954|2023-01-02|Giridih,10954,10080,India,India,Giridih,Siltara,2023-01-02,2023,low_vis_5km,0.4203141318544344,-0.2235904274861455,0.2212688962820288,,False,False,Aw,,24.171116,86.306248,21.367822645426184,81.65945734260364,same_country_year_koppen_uncertainty_lowgap_p25,1.060776,True,True,True,0.0,0.0,0.0,0.545979,,5670.705629166667,4028.20720625,0.0001273239544735,,3.925533527089168,15.350854292513652,256.6828591519296,395.2266457776779,0.881582818330633,0.5954497786046751,-1.2446257249942934,1.0265800667081948,19.833195,98489.75,-4.302246,-249.666667
10954|2023-01-02|Giridih,10954|2023-01-02|Giridih,10954,11398,India,India,Giridih,Haringhata,2023-01-02,2023,low_vis_5km,0.4203141318544344,-0.2119818954156103,0.2212688962820288,,False,False,Aw,,24.171116,86.306248,22.962794762878264,88.54336568455774,same_country_year_koppen_uncertainty_lowgap_p25,1.299485,True,True,True,0.0,0.0,0.0,0.545979,,5670.705629166667,2963.504170625,0.0001273239544735,,3.925533527089168,9.318275738603049,256.6828591519296,86.94568044875058,0.881582818330633,0.6046860360150121,-1.2446257249942934,1.0207820196249977,18.683211,101850.291667,-3.152262,-3610.208334
10954|2023-01-02|Giridih,10954|2023-01-02|Giridih,10954,10060,India,India,Giridih,Ranipet,2023-01-02,2023,low_vis_5km,0.4203141318544344,-0.1887004660017331,0.2212688962820288,,False,False,Aw,,24.171116,86.306248,12.93184089221432,79.31877395295768,same_country_year_koppen_uncertainty_lowgap_p25,1.369619,True,True,True,0.0,0.0,0.0,0.545979,,5670.705629166667,4208.574927397261,0.0001273239544735,,3.925533527089168,24.480192466473977,256.6828591519296,91.50755583627044,0.881582818330633,-0.5687484355545956,-1.2446257249942934,0.5052770019919252,23.990991,98754.625,-8.460042,-514.541667
10954|2023-01-17|Giridih,10954|2023-01-17|Giridih,10954,10080,India,India,Giridih,Siltara,2023-01-17,2023,low_vis_5km,0.4203141318544344,-0.2235904274861455,0.2212688962820288,,False,False,Aw,,24.171116,86.306248,21.367822645426184,81.65945734260364,same_country_year_koppen_uncertainty_lowgap_p25,1.060776,True,True,True,0.0,0.0,0.0,0.000954,,5670.705629166667,4028.20720625,0.0001273239544735,,3.925533527089168,15.350854292513652,256.6828591519296,395.2266457776779,0.881582818330633,0.5954497786046751,-1.2446257249942934,1.0265800667081948,21.435704,98102.6875,-7.383138,-258.75
10954|2023-01-17|Giridih,10954|2023-01-17|Giridih,10954,11398,India,India,Giridih,Haringhata,2023-01-17,2023,low_vis_5km,0.4203141318544344,-0.2119818954156103,0.2212688962820288,,False,False,Aw,,24.171116,86.306248,22.962794762878264,88.54336568455774,same_country_year_koppen_uncertainty_lowgap_p25,1.299485,True,True,True,0.0,0.0,0.0,0.000954,,5670.705629166667,2963.504170625,0.0001273239544735,,3.925533527089168,9.318275738603049,256.6828591519296,86.94568044875058,0.881582818330633,0.6046860360150121,-1.2446257249942934,1.0207820196249977,17.596836,101512.3125,-3.54427,-3668.375
10954|2023-01-17|Giridih,10954|2023-01-17|Giridih,10954,10060,India,India,Giridih,Ranipet,2023-01-17,2023,low_vis_5km,0.4203141318544344,-0.1887004660017331,0.2212688962820288,,False,False,Aw,,24.171116,86.306248,12.93184089221432,79.31877395295768,same_country_year_koppen_uncertainty_lowgap_p25,1.369619,True,True,True,0.0,0.0,0.0,0.000954,,5670.705629166667,4208.574927397261,0.0001273239544735,,3.925533527089168,24.480192466473977,256.6828591519296,91.50755583627044,0.881582818330633,-0.5687484355545956,-1.2446257249942934,0.5052770019919252,22.449457,98580.854167,-8.396891,-736.916667
175|2023-09-12|Điện Biên Phủ,175|2023-09-12|Điện Biên Phủ,175,1739,Vietnam,Vietnam,Điện Biên Phủ,Phúc Yên,2023-09-12,2023,thunder_or_convective,0.420123114178846,-0.2143398788363719,0.1671627852681958,,False,False,,,21.388702,103.018583,21.239375103723827,105.72237654564918,same_country_year_koppen_uncertainty_lowgap_p25,1.023516,True,True,True,0.0,0.048889,-0.048889,20.47348,,3593.0871382352943,3784.632731,0.0001273239544735,,1.4621449867646352,8.447059325582973,333.03551537488755,92.50786143688232,0.7452165119704096,0.7564875327752963,-1.4861893045953842,1.2828016305083814,27.887252,99968.432292,-3.380778,-9250.666667
175|2023-09-12|Điện Biên Phủ,175|2023-09-12|Điện Biên Phủ,175,3097,Vietnam,Vietnam,Điện Biên Phủ,Lạng Sơn,2023-09-12,2023,thunder_or_convective,0.420123114178846,-0.2400932919115876,0.1671627852681958,,False,False,,,21.388702,103.018583,21.85489840384316,106.76047743618248,same_country_year_koppen_uncertainty_lowgap_p25,1.270881,True,True,True,0.0,2.579444,-2.579444,20.47348,,3593.0871382352943,5967.093841176471,0.0001273239544735,,1.4621449867646352,47.20246906060313,333.03551537488755,88.89480202986566,0.7452165119704096,0.6555477192243342,-1.4861893045953842,0.997524684695767,24.951135,96498.932292,-0.444661,-5781.166667
175|2023-09-12|Điện Biên Phủ,175|2023-09-12|Điện Biên Phủ,175,3961,Vietnam,Vietnam,Điện Biên Phủ,Uông Bí,2023-09-12,2023,thunder_or_convective,0.420123114178846,-0.2100972309263728,0.1671627852681958,,False,False,,,21.388702,103.018583,21.03490777407487,106.76732967765548,same_country_year_koppen_uncertainty_lowgap_p25,1.294209,True,True,True,0.0,0.460556,-0.460556,20.47348,,3593.0871382352943,4098.370023529412,0.0001273239544735,,1.4621449867646352,25.43286032301884,333.03551537488755,1.393744426980823,0.7452165119704096,0.5828414828008214,-1.4861893045953842,0.772768926976305,27.232955,99484.807292,-2.726481,-8767.041667
175|2023-04-26|Điện Biên Phủ,175|2023-04-26|Điện Biên Phủ,175,1739,Vietnam,Vietnam,Điện Biên Phủ,Phúc Yên,2023-04-26,2023,low_ceiling_1000m,0.420123114178846,-0.2143398788363719,0.1671627852681958,,False,False,,,21.388702,103.018583,21.239375103723827,105.72237654564918,same_country_year_koppen_uncertainty_lowgap_p25,1.023516,True,True,True,0.0,0.0,0.0,1.605034,,3593.0871382352943,3784.632731,0.0001273239544735,,1.4621449867646352,8.447059325582973,333.03551537488755,92.50786143688232,0.7452165119704096,0.7564875327752963,-1.4861893045953842,1.2828016305083814,22.68138,100900.932292,-0.43042,-9726.541667
175|2023-04-26|Điện Biên Phủ,175|2023-04-26|Điện Biên Phủ,175,3097,Vietnam,Vietnam,Điện Biên Phủ,Lạng Sơn,2023-04-26,2023,low_ceiling_1000m,0.420123114178846,-0.2400932919115876,0.1671627852681958,,False,False,,,21.388702,103.018583,21.85489840384316,106.76047743618248,same_country_year_koppen_uncertainty_lowgap_p25,1.270881,True,True,True,0.0,0.0,0.0,1.605034,,3593.0871382352943,5967.093841176471,0.0001273239544735,,1.4621449867646352,47.20246906060313,333.03551537488755,88.89480202986566,0.7452165119704096,0.6555477192243342,-1.4861893045953842,0.997524684695767,21.523747,97353.140625,0.727213,-6178.75
175|2023-04-26|Điện Biên Phủ,175|2023-04-26|Điện Biên Phủ,175,3961,Vietnam,Vietnam,Điện Biên Phủ,Uông Bí,2023-04-26,2023,low_ceiling_1000m,0.420123114178846,-0.2100972309263728,0.1671627852681958,,False,False,,,21.388702,103.018583,21.03490777407487,106.76732967765548,same_country_year_koppen_uncertainty_lowgap_p25,1.294209,True,True,True,0.0,0.007778,-0.007778,1.605034,,3593.0871382352943,4098.370023529412,0.0001273239544735,,1.4621449867646352,25.43286032301884,333.03551537488755,1.393744426980823,0.7452165119704096,0.5828414828008214,-1.4861893045953842,0.772768926976305,23.376611,100444.765625,-1.125651,-9270.375
46|2023-01-18|Kamsar,46|2023-01-18|Kamsar,46,2420,Guinea,France,Kamsar,Boulogne-sur-Mer,2023-01-18,2023,low_vis_1km,0.4026658169866922,-0.3380056477516368,0.2324753399871592,,False,False,,,10.662686,-14.57679,50.71998384289729,1.593078342339849,same_year_koppen_uncertainty_lowgap_p25,0.719042,False,True,True,0.0,0.0,0.0,0.0,,3801.789187096774,2693.7698560000003,0.0001273239544735,,4.33846513408834,3.102996090108449,4.252468467077536,1.9342728357320396,0.1030012194120136,1.1036191693279152,-1.1945931389280484,1.846124249928724,2.947432,99412.247396,23.161459,1375.583333
46|2023-01-18|Kamsar,46|2023-01-18|Kamsar,46,4599,Guinea,France,Kamsar,Belfort,2023-01-18,2023,low_vis_1km,0.4026658169866922,-0.2983540318965871,0.2324753399871592,,False,False,,,10.662686,-14.57679,47.642883802812136,6.847256766663086,same_year_koppen_uncertainty_lowgap_p25,0.734572,False,True,True,0.0,0.0,0.0,0.0,,3801.789187096774,3400.996812222222,0.0001273239544735,,4.33846513408834,5.23840622306667,4.252468467077536,336.4751927523905,0.1030012194120136,1.3125711180141253,-1.1945931389280484,1.818371799845104,-0.988033,93679.539062,27.096924,7108.291667
46|2023-01-18|Kamsar,46|2023-01-18|Kamsar,46,3459,Guinea,Turkey,Kamsar,Yalova,2023-01-18,2023,low_vis_1km,0.4026658169866922,-0.1925472324927138,0.2324753399871592,,False,False,,,10.662686,-14.57679,40.65253863849585,29.282727859013196,same_year_koppen_uncertainty_lowgap_p25,0.758408,False,True,True,0.0,0.0,0.0,0.0,,3801.789187096774,4905.462747058824,0.0001273239544735,,4.33846513408834,9.67680099117227,4.252468467077536,1.3070794959245655,0.1030012194120136,1.409591103647157,-1.1945931389280484,1.6372642617407256,13.508386,99340.914062,12.600505,1446.916667
46|2023-08-12|Kamsar,46|2023-08-12|Kamsar,46,2420,Guinea,France,Kamsar,Boulogne-sur-Mer,2023-08-12,2023,fog,0.4026658169866922,-0.3380056477516368,0.2324753399871592,,False,False,,,10.662686,-14.57679,50.71998384289729,1.593078342339849,same_year_koppen_uncertainty_lowgap_p25,0.719042,False,True,True,2.055,0.0,2.055,44.974327,,3801.789187096774,2693.7698560000003,0.0001273239544735,,4.33846513408834,3.102996090108449,4.252468467077536,1.9342728357320396,0.1030012194120136,1.1036191693279152,-1.1945931389280484,1.846124249928724,17.957076,101284.726562,7.822184,-348.958333
46|2023-08-12|Kamsar,46|2023-08-12|Kamsar,46,4599,Guinea,France,Kamsar,Belfort,2023-08-12,2023,fog,0.4026658169866922,-0.2983540318965871,0.2324753399871592,,False,False,,,10.662686,-14.57679,47.642883802812136,6.847256766663086,same_year_koppen_uncertainty_lowgap_p25,0.734572,False,True,True,2.055,0.018333,2.036667,44.974327,,3801.789187096774,3400.996812222222,0.0001273239544735,,4.33846513408834,5.23840622306667,4.252468467077536,336.4751927523905,0.1030012194120136,1.3125711180141253,-1.1945931389280484,1.818371799845104,21.520878,96011.101562,4.258382,4924.666667
46|2023-08-12|Kamsar,46|2023-08-12|Kamsar,46,3459,Guinea,Turkey,Kamsar,Yalova,2023-08-12,2023,fog,0.4026658169866922,-0.1925472324927138,0.2324753399871592,,False,False,,,10.662686,-14.57679,40.65253863849585,29.282727859013196,same_year_koppen_uncertainty_lowgap_p25,0.758408,False,True,True,2.055,0.0,2.055,44.974327,,3801.789187096774,4905.462747058824,0.0001273239544735,,4.33846513408834,9.67680099117227,4.252468467077536,1.3070794959245655,0.1030012194120136,1.409591103647157,-1.1945931389280484,1.6372642617407256,23.327844,99583.601562,2.451416,1352.166667
10433|2023-12-05|Baishan,10433|2023-12-05|Baishan,10433,10025,China,China,Baishan,Benxi,2023-12-05,2023,low_vis_5km,0.3986100229230493,-0.2154729765524663,0.2311037179711667,,False,False,Dwa,,41.938761,126.424563,41.29145514719016,123.7503761908393,same_country_year_koppen_uncertainty_lowgap_p25,1.774384,True,True,True,0.0,0.0,0.0,1.526356,,13585.061845945946,11034.743119117646,0.000254647908947,,67.4496712980915,42.24078107865443,234.925866865715,130.55749844653494,1.212154010208215,0.3595871634874424,-1.200716918993448,1.1970035629963436,2.76217,97022.658854,-2.534342,-4875.166666
10433|2023-12-05|Baishan,10433|2023-12-05|Baishan,10433,8903,China,China,Baishan,Chengde,2023-12-05,2023,low_vis_5km,0.3986100229230493,-0.1985430262842897,0.2311037179711667,,False,False,Dwa,,41.938761,126.424563,40.98148308046749,117.92634290942787,same_country_year_koppen_uncertainty_lowgap_p25,2.352389,True,True,True,0.0,0.0,0.0,1.526356,,13585.061845945946,6677.930714102564,0.000254647908947,,67.4496712980915,19.719525413172555,234.925866865715,173.1400413072598,1.212154010208215,-0.1448080025576555,-1.200716918993448,1.000391134939145,1.551396,94398.492188,-1.323568,-2251.0
10433|2023-12-05|Baishan,10433|2023-12-05|Baishan,10433,9949,China,China,Baishan,Qianjin,2023-12-05,2023,low_vis_5km,0.3986100229230493,-0.3417654908067312,0.2311037179711667,,False,False,Dwa,,41.938761,126.424563,41.7992268165388,123.950078335615,same_country_year_koppen_uncertainty_lowgap_p25,2.400169,True,True,True,0.0,0.0,0.0,1.526356,,13585.061845945946,6225.60304875,0.000254647908947,,67.4496712980915,43.805732992508105,234.925866865715,169.74060090791454,1.212154010208215,-0.2163419785160867,-1.200716918993448,0.9547885174308484,3.387415,98647.950521,-3.159587,-6500.458333
10433|2023-02-17|Baishan,10433|2023-02-17|Baishan,10433,10025,China,China,Baishan,Benxi,2023-02-17,2023,low_vis_5km,0.3986100229230493,-0.2154729765524663,0.2311037179711667,,False,False,Dwa,,41.938761,126.424563,41.29145514719016,123.7503761908393,same_country_year_koppen_uncertainty_lowgap_p25,1.774384,True,True,True,0.381111,0.0,0.381111,4.169941,,13585.061845945946,11034.743119117646,0.000254647908947,,67.4496712980915,42.24078107865443,234.925866865715,130.55749844653494,1.212154010208215,0.3595871634874424,-1.200716918993448,1.1970035629963436,0.895573,98049.309896,-3.608399,-5014.166667
10433|2023-02-17|Baishan,10433|2023-02-17|Baishan,10433,8903,China,China,Baishan,Chengde,2023-02-17,2023,low_vis_5km,0.3986100229230493,-0.1985430262842897,0.2311037179711667,,False,False,Dwa,,41.938761,126.424563,40.98148308046749,117.92634290942787,same_country_year_koppen_uncertainty_lowgap_p25,2.352389,True,True,True,0.381111,0.0,0.381111,4.169941,,13585.061845945946,6677.930714102564,0.000254647908947,,67.4496712980915,19.719525413172555,234.925866865715,173.1400413072598,1.212154010208215,-0.1448080025576555,-1.200716918993448,1.000391134939145,-0.367529,95167.851562,-2.345297,-2132.708333
10433|2023-02-17|Baishan,10433|2023-02-17|Baishan,10433,9949,China,China,Baishan,Qianjin,2023-02-17,2023,low_vis_5km,0.3986100229230493,-0.3417654908067312,0.2311037179711667,,False,False,Dwa,,41.938761,126.424563,41.7992268165388,123.950078335615,same_country_year_koppen_uncertainty_lowgap_p25,2.400169,True,True,True,0.381111,0.0,0.381111,4.169941,,13585.061845945946,6225.60304875,0.000254647908947,,67.4496712980915,43.805732992508105,234.925866865715,169.74060090791454,1.212154010208215,-0.2163419785160867,-1.200716918993448,0.9547885174308484,1.382959,99727.476562,-4.095785,-6692.333333
7672|2023-01-04|Zigong,7672|2023-01-04|Zigong,7672,10851,China,China,Zigong,Yangjiang,2023-01-04,2023,low_vis_5km,0.3914452877892949,-0.2380468052748434,0.2446156540010506,,False,False,Cwa,,29.352113,104.76754,21.86109235665186,111.97037709693542,same_country_year_koppen_uncertainty_lowgap_p25,1.204275,True,True,True,0.0,0.0,0.0,1.464367,,5587.709175903615,5796.998992857143,0.0001273239544735,,13.944562860724895,17.468869984535875,925.4341966168917,1.5520610440621192,1.209105461839837,0.1217491524306661,-1.1403911706896157,1.062801574329071,16.218774,102076.481771,-7.81429,-3534.0
7672|2023-01-04|Zigong,7672|2023-01-04|Zigong,7672,9653,China,China,Zigong,Ningming,2023-01-04,2023,low_vis_5km,0.3914452877892949,-0.2456175285971237,0.2446156540010506,,False,False,Cwa,,29.352113,104.76754,22.12935904736112,107.0607294319672,same_country_year_koppen_uncertainty_lowgap_p25,1.500499,True,True,True,0.0,0.0,0.0,1.464367,,5587.709175903615,5478.231793,0.0001273239544735,,13.944562860724895,6.294069640784925,925.4341966168917,98.9386033000899,1.209105461839837,0.2536161667826749,-1.1403911706896157,0.9534855855020392,16.096134,99699.106771,-7.69165,-1156.625
7672|2023-01-04|Zigong,7672|2023-01-04|Zigong,7672,7775,China,China,Zigong,Xingping,2023-01-04,2023,low_vis_5km,0.3914452877892949,-0.2212644176158996,0.2446156540010506,,False,False,Cwa,,29.352113,104.76754,34.29434697258374,108.45167856092996,same_country_year_koppen_uncertainty_lowgap_p25,1.682723,True,True,True,0.0,0.029444,-0.029444,1.464367,,5587.709175903615,5754.3302092307695,0.0001273239544735,,13.944562860724895,18.040643144473748,925.4341966168917,984.096143388074,1.209105461839837,-0.843729846664965,-1.1403911706896157,0.6396092838520788,3.371851,96928.106771,5.032633,1614.375
7672|2023-02-07|Zigong,7672|2023-02-07|Zigong,7672,10851,China,China,Zigong,Yangjiang,2023-02-07,2023,low_vis_5km,0.3914452877892949,-0.2380468052748434,0.2446156540010506,,False,False,Cwa,,29.352113,104.76754,21.86109235665186,111.97037709693542,same_country_year_koppen_uncertainty_lowgap_p25,1.204275,True,True,True,0.0,0.0,0.0,1.783848,,5587.709175903615,5796.998992857143,0.0001273239544735,,13.944562860724895,17.468869984535875,925.4341966168917,1.5520610440621192,1.209105461839837,0.1217491524306661,-1.1403911706896157,1.062801574329071,20.381453,101274.203125,-8.5472,-3670.125
7672|2023-02-07|Zigong,7672|2023-02-07|Zigong,7672,9653,China,China,Zigong,Ningming,2023-02-07,2023,low_vis_5km,0.3914452877892949,-0.2456175285971237,0.2446156540010506,,False,False,Cwa,,29.352113,104.76754,22.12935904736112,107.0607294319672,same_country_year_koppen_uncertainty_lowgap_p25,1.500499,True,True,True,0.0,0.0,0.0,1.783848,,5587.709175903615,5478.231793,0.0001273239544735,,13.944562860724895,6.294069640784925,925.4341966168917,98.9386033000899,1.209105461839837,0.2536161667826749,-1.1403911706896157,0.9534855855020392,15.500431,98830.078125,-3.666178,-1226.0
7672|2023-02-07|Zigong,7672|2023-02-07|Zigong,7672,7775,China,China,Zigong,Xingping,2023-02-07,2023,low_vis_5km,0.3914452877892949,-0.2212644176158996,0.2446156540010506,,False,False,Cwa,,29.352113,104.76754,34.29434697258374,108.45167856092996,same_country_year_koppen_uncertainty_lowgap_p25,1.682723,True,True,True,0.0,0.556667,-0.556667,1.783848,,5587.709175903615,5754.3302092307695,0.0001273239544735,,13.944562860724895,18.040643144473748,925.4341966168917,984.096143388074,1.209105461839837,-0.843729846664965,-1.1403911706896157,0.6396092838520788,8.266626,96209.828125,3.567627,1394.25
10936|2023-01-02|Phusro,10936|2023-01-02|Phusro,10936,10422,India,India,Phusro,Jagdalpur,2023-01-02,2023,low_vis_5km,0.3802522676345693,-0.1910307087607536,0.2218233817778555,,False,False,,,23.772954,85.992166,19.084643956362275,82.01933462666783,same_country_year_koppen_uncertainty_lowgap_p25,0.924601,True,True,True,0.0,0.0,0.0,0.442028,,5655.4166263157895,7897.268533333334,0.0001273239544735,,21.40905865759822,2.09720911769055,243.41550296525784,197.25890664663825,1.0925485030746265,0.5094052880851531,-1.2421501543295577,1.1465149507550154,23.285425,95146.791667,-7.543132,3562.0
10936|2023-01-02|Phusro,10936|2023-01-02|Phusro,10936,7703,India,India,Phusro,Alibag,2023-01-02,2023,low_vis_5km,0.3802522676345693,-0.335651812144028,0.2218233817778555,,False,False,,,23.772954,85.992166,18.65317906395264,72.87724336527454,same_country_year_koppen_uncertainty_lowgap_p25,1.082621,True,True,True,0.0,0.0,0.0,0.442028,,5655.4166263157895,5933.119215789474,0.0001273239544735,,21.40905865759822,30.02403028448972,243.41550296525784,1.2215805635729218,1.0925485030746265,0.5900565464408167,-1.2421501543295577,1.4362870117220197,23.063175,100576.541667,-7.320882,-1867.75
10936|2023-01-02|Phusro,10936|2023-01-02|Phusro,10936,10228,India,India,Phusro,Mangalagiri,2023-01-02,2023,low_vis_5km,0.3802522676345693,-0.1863177973026468,0.2218233817778555,,False,False,,,23.772954,85.992166,16.43444936281629,80.5708647410434,same_country_year_koppen_uncertainty_lowgap_p25,1.110854,True,True,True,0.0,0.0,0.0,0.442028,,5655.4166263157895,5769.246811111111,0.0001273239544735,,21.40905865759822,14.329553860682354,243.41550296525784,58.595644042704514,1.0925485030746265,0.837285451446862,-1.2421501543295577,1.006124035425903,26.2462,101097.583333,-10.503907,-2388.791666
10936|2023-01-17|Phusro,10936|2023-01-17|Phusro,10936,10422,India,India,Phusro,Jagdalpur,2023-01-17,2023,low_vis_5km,0.3802522676345693,-0.1910307087607536,0.2218233817778555,,False,False,,,23.772954,85.992166,19.084643956362275,82.01933462666783,same_country_year_koppen_uncertainty_lowgap_p25,0.924601,True,True,True,0.0,0.0,0.0,0.008583,,5655.4166263157895,7897.268533333334,0.0001273239544735,,21.40905865759822,2.09720911769055,243.41550296525784,197.25890664663825,1.0925485030746265,0.5094052880851531,-1.2421501543295577,1.1465149507550154,22.291498,94908.854167,-6.653483,3395.25
10936|2023-01-17|Phusro,10936|2023-01-17|Phusro,10936,7703,India,India,Phusro,Alibag,2023-01-17,2023,low_vis_5km,0.3802522676345693,-0.335651812144028,0.2218233817778555,,False,False,,,23.772954,85.992166,18.65317906395264,72.87724336527454,same_country_year_koppen_uncertainty_lowgap_p25,1.082621,True,True,True,0.0,0.0,0.0,0.008583,,5655.4166263157895,5933.119215789474,0.0001273239544735,,21.40905865759822,30.02403028448972,243.41550296525784,1.2215805635729218,1.0925485030746265,0.5900565464408167,-1.2421501543295577,1.4362870117220197,20.968907,100371.520833,-5.330892,-2067.416666
10936|2023-01-17|Phusro,10936|2023-01-17|Phusro,10936,10228,India,India,Phusro,Mangalagiri,2023-01-17,2023,low_vis_5km,0.3802522676345693,-0.1863177973026468,0.2218233817778555,,False,False,,,23.772954,85.992166,16.43444936281629,80.5708647410434,same_country_year_koppen_uncertainty_lowgap_p25,1.110854,True,True,True,0.0,0.0,0.0,0.008583,,5655.4166263157895,5769.246811111111,0.0001273239544735,,21.40905865759822,14.329553860682354,243.41550296525784,58.595644042704514,1.0925485030746265,0.837285451446862,-1.2421501543295577,1.006124035425903,24.384108,100936.4375,-8.746093,-2632.333333
3795|2023-09-04|Francisco Beltrão,3795|2023-09-04|Francisco Beltrão,3795,2872,Brazil,Brazil,Francisco Beltrão,Foz do Iguaçu,2023-09-04,2023,gust_15ms,0.3763825168823675,-0.2199048375559708,0.2336718613202591,,False,False,Cfa,,-26.064775,-53.053956,-25.522872867444423,-54.56013205839889,same_country_year_koppen_uncertainty_lowgap_p25,0.642843,True,True,True,0.0,0.936667,-0.936667,22.539139,,2723.78540625,3053.8004267605634,0.000254647908947,,1.1363891633711107,1.4435183100764912,410.6497062384072,559.6529668817774,0.4240847997672248,0.5803722715380545,-1.1892511180199334,1.7299678684754491,24.33112,98077.510417,-1.871745,-4334.791667
3795|2023-09-04|Francisco Beltrão,3795|2023-09-04|Francisco Beltrão,3795,6334,Brazil,Brazil,Francisco Beltrão,Lençóis Paulista,2023-09-04,2023,gust_15ms,0.3763825168823675,-0.2440949566821987,0.2336718613202591,,False,False,Cfa,,-26.064775,-53.053956,-22.601948663988097,-48.794308565303375,same_country_year_koppen_uncertainty_lowgap_p25,0.991682,True,True,True,0.0,0.001667,-0.001667,22.539139,,2723.78540625,3898.380126428572,0.000254647908947,,1.1363891633711107,3.3674261108411487,410.6497062384072,265.63185041952073,0.4240847997672248,-0.7403054916012344,-1.1892511180199334,0.8586972876812236,26.594059,94806.177083,-4.134684,-1063.458333
3795|2023-09-04|Francisco Beltrão,3795|2023-09-04|Francisco Beltrão,3795,7266,Brazil,Brazil,Francisco Beltrão,Amparo,2023-09-04,2023,gust_15ms,0.3763825168823675,-0.2496950330138296,0.2336718613202591,,False,False,Cfa,,-26.064775,-53.053956,-22.709096549637092,-46.77852551661239,same_country_year_koppen_uncertainty_lowgap_p25,1.022101,True,True,True,0.0,0.0,0.0,22.539139,,2723.78540625,3177.48536,0.000254647908947,,1.1363891633711107,1.8626838043907183,410.6497062384072,141.88516252752584,0.4240847997672248,-0.5595637362542113,-1.1892511180199334,0.7777200683057771,25.638574,92338.385417,-3.179199,1404.333333
3795|2023-08-22|Francisco Beltrão,3795|2023-08-22|Francisco Beltrão,3795,2872,Brazil,Brazil,Francisco Beltrão,Foz do Iguaçu,2023-08-22,2023,gust_15ms,0.3763825168823675,-0.2199048375559708,0.2336718613202591,,False,False,Cfa,,-26.064775,-53.053956,-25.522872867444423,-54.56013205839889,same_country_year_koppen_uncertainty_lowgap_p25,0.642843,True,True,True,0.0,0.0,0.0,0.0,,2723.78540625,3053.8004267605634,0.000254647908947,,1.1363891633711107,1.4435183100764912,410.6497062384072,559.6529668817774,0.4240847997672248,0.5803722715380545,-1.1892511180199334,1.7299678684754491,25.242548,97843.679688,-3.998536,-4208.291667
3795|2023-08-22|Francisco Beltrão,3795|2023-08-22|Francisco Beltrão,3795,6334,Brazil,Brazil,Francisco Beltrão,Lençóis Paulista,2023-08-22,2023,gust_15ms,0.3763825168823675,-0.2440949566821987,0.2336718613202591,,False,False,Cfa,,-26.064775,-53.053956,-22.601948663988097,-48.794308565303375,same_country_year_koppen_uncertainty_lowgap_p25,0.991682,True,True,True,0.0,0.0,0.0,0.0,,2723.78540625,3898.380126428572,0.000254647908947,,1.1363891633711107,3.3674261108411487,410.6497062384072,265.63185041952073,0.4240847997672248,-0.7403054916012344,-1.1892511180199334,0.8586972876812236,23.580764,94616.679688,-2.336752,-981.291667
3795|2023-08-22|Francisco Beltrão,3795|2023-08-22|Francisco Beltrão,3795,7266,Brazil,Brazil,Francisco Beltrão,Amparo,2023-08-22,2023,gust_15ms,0.3763825168823675,-0.2496950330138296,0.2336718613202591,,False,False,Cfa,,-26.064775,-53.053956,-22.709096549637092,-46.77852551661239,same_country_year_koppen_uncertainty_lowgap_p25,1.022101,True,True,True,0.0,0.0,0.0,0.0,,2723.78540625,3177.48536,0.000254647908947,,1.1363891633711107,1.8626838043907183,410.6497062384072,141.88516252752584,0.4240847997672248,-0.5595637362542113,-1.1892511180199334,0.7777200683057771,20.908889,92152.346354,0.335123,1483.041667
4263|2023-12-14|Rzeszów,4263|2023-12-14|Rzeszów,4263,3403,Poland,Poland,Rzeszów,Bełchatów,2023-12-14,2023,low_ceiling_300m,0.3744367573292752,-0.2084375545462639,0.3760578999591432,,False,False,Dfb,,50.030827,22.002133,51.35896353742977,19.375143003940927,same_country_year_koppen_uncertainty_lowgap_p25,1.254038,True,True,True,0.0,0.0,0.0,0.332832,,4154.646042222223,3423.068758666667,0.0003819718634205,,6.854641766987755,3.4770926585272535,391.4413423077526,233.8785275089932,2.1663066247464537,1.557321338959636,-0.5535506299542795,1.2837136828585476,2.539864,98767.196452,-0.855188,-1024.886556
4263|2023-12-14|Rzeszów,4263|2023-12-14|Rzeszów,4263,1080,Poland,Poland,Rzeszów,Słupsk,2023-12-14,2023,low_ceiling_300m,0.3744367573292752,-0.3359052952775624,0.3760578999591432,,False,False,Dfb,,50.030827,22.002133,54.463339597672,17.024806823494853,same_country_year_koppen_uncertainty_lowgap_p25,1.384723,True,True,True,0.0,0.0,0.0,0.332832,,4154.646042222223,4364.374916842105,0.0003819718634205,,6.854641766987755,7.495769561299709,391.4413423077526,13.174767989702383,2.1663066247464537,1.562182104276344,-0.5535506299542795,1.904430453742904,1.917424,101068.101562,-0.232748,-3325.791666
4263|2023-12-14|Rzeszów,4263|2023-12-14|Rzeszów,4263,3939,Poland,Poland,Rzeszów,Nowy Sącz,2023-12-14,2023,low_ceiling_300m,0.3744367573292752,-0.2840059599667999,0.3760578999591432,,False,False,Dfb,,50.030827,22.002133,49.61016223153979,20.695056604094415,same_country_year_koppen_uncertainty_lowgap_p25,1.513368,True,True,True,0.0,0.0,0.0,0.332832,,4154.646042222223,3048.9409969565218,0.0003819718634205,,6.854641766987755,3.556652967473742,391.4413423077526,396.5502193834211,2.1663066247464537,1.3218371168589091,-0.5535506299542795,1.51791569706187,1.386662,94229.351562,0.298014,3512.958334
4263|2023-01-22|Rzeszów,4263|2023-01-22|Rzeszów,4263,3403,Poland,Poland,Rzeszów,Bełchatów,2023-01-22,2023,low_ceiling_1000m,0.3744367573292752,-0.2084375545462639,0.3760578999591432,,False,False,Dfb,,50.030827,22.002133,51.35896353742977,19.375143003940927,same_country_year_koppen_uncertainty_lowgap_p25,1.254038,True,True,True,0.0,0.0,0.0,0.614643,,4154.646042222223,3423.068758666667,0.0003819718634205,,6.854641766987755,3.4770926585272535,391.4413423077526,233.8785275089932,2.1663066247464537,1.557321338959636,-0.5535506299542795,1.2837136828585476,0.968708,100338.5166,-0.300735,-1031.527017
4263|2023-01-22|Rzeszów,4263|2023-01-22|Rzeszów,4263,1080,Poland,Poland,Rzeszów,Słupsk,2023-01-22,2023,low_ceiling_1000m,0.3744367573292752,-0.3359052952775624,0.3760578999591432,,False,False,Dfb,,50.030827,22.002133,54.463339597672,17.024806823494853,same_country_year_koppen_uncertainty_lowgap_p25,1.384723,True,True,True,0.0,0.0,0.0,0.614643,,4154.646042222223,4364.374916842105,0.0003819718634205,,6.854641766987755,7.495769561299709,391.4413423077526,13.174767989702383,2.1663066247464537,1.562182104276344,-0.5535506299542795,1.904430453742904,1.340662,102806.322917,-0.672689,-3499.333334
4263|2023-01-22|Rzeszów,4263|2023-01-22|Rzeszów,4263,3939,Poland,Poland,Rzeszów,Nowy Sącz,2023-01-22,2023,low_ceiling_1000m,0.3744367573292752,-0.2840059599667999,0.3760578999591432,,False,False,Dfb,,50.030827,22.002133,49.61016223153979,20.695056604094415,same_country_year_koppen_uncertainty_lowgap_p25,1.513368,True,True,True,0.0,0.0,0.0,0.614643,,4154.646042222223,3048.9409969565218,0.0003819718634205,,6.854641766987755,3.556652967473742,391.4413423077526,396.5502193834211,2.1663066247464537,1.3218371168589091,-0.5535506299542795,1.51791569706187,-1.234534,95628.989583,1.902507,3678.0
3944|2023-03-08|Belgorod,3944|2023-03-08|Belgorod,3944,6031,Russia,Russia,Belgorod,Ulyanovsk,2023-03-08,2023,fog,0.3726032088665428,-0.2786609086871849,0.414463316406934,,False,False,Dfb,,50.591021,36.590908,54.30457195226994,48.34297095737613,same_country_year_koppen_uncertainty_lowgap_p25,0.933379,True,True,True,0.116111,0.0,0.116111,2.060413,,4805.58424868421,3883.0337009900986,0.0001273239544735,,4.307196090145686,8.398455944882189,310.8719019755848,636.9057543024679,1.3739197565090011,0.5010284812192969,-0.3820847881230845,1.7710753708293565,-0.301408,99307.515625,3.505046,-834.333333
3944|2023-03-08|Belgorod,3944|2023-03-08|Belgorod,3944,7378,Russia,Russia,Belgorod,Young Leninist,2023-03-08,2023,fog,0.3726032088665428,-0.1953587075809801,0.414463316406934,,False,False,Dfb,,50.591021,36.590908,54.87960970913622,83.0067198381084,same_country_year_koppen_uncertainty_lowgap_p25,1.534877,True,True,True,0.116111,0.0,0.116111,2.060413,,4805.58424868421,1981.16886,0.0001273239544735,,4.307196090145686,2.3258718543025725,310.8719019755848,873.4625454980894,1.3739197565090011,0.672944875048587,-0.3820847881230845,1.4411078598586105,-2.086076,98783.432292,5.289714,-310.25
3944|2023-03-08|Belgorod,3944|2023-03-08|Belgorod,3944,6191,Russia,Russia,Belgorod,Glazov,2023-03-08,2023,fog,0.3726032088665428,-0.1898317268205219,0.414463316406934,,False,False,Dfb,,50.591021,36.590908,58.13911643512936,52.66242861757086,same_country_year_koppen_uncertainty_lowgap_p25,1.650538,True,True,True,0.116111,0.0,0.116111,2.060413,,4805.58424868421,4237.4195015,0.0001273239544735,,4.307196090145686,8.852785414584394,310.8719019755848,589.9287712816352,1.3739197565090011,-0.3705573963017547,-0.3820847881230845,0.8284692669328668,-6.794653,98346.265625,9.998291,126.916667
3944|2023-12-18|Belgorod,3944|2023-12-18|Belgorod,3944,6031,Russia,Russia,Belgorod,Ulyanovsk,2023-12-18,2023,low_vis_5km,0.3726032088665428,-0.2786609086871849,0.414463316406934,,False,False,Dfb,,50.591021,36.590908,54.30457195226994,48.34297095737613,same_country_year_koppen_uncertainty_lowgap_p25,0.933379,True,True,True,0.0,0.0,0.0,1.100063,,4805.58424868421,3883.0337009900986,0.0001273239544735,,4.307196090145686,8.398455944882189,310.8719019755848,636.9057543024679,1.3739197565090011,0.5010284812192969,-0.3820847881230845,1.7710753708293565,-0.702307,99056.182292,2.628988,527.666666
3944|2023-12-18|Belgorod,3944|2023-12-18|Belgorod,3944,7378,Russia,Russia,Belgorod,Young Leninist,2023-12-18,2023,low_vis_5km,0.3726032088665428,-0.1953587075809801,0.414463316406934,,False,False,Dfb,,50.591021,36.590908,54.87960970913622,83.0067198381084,same_country_year_koppen_uncertainty_lowgap_p25,1.534877,True,True,True,0.0,0.0,0.0,1.100063,,4805.58424868421,1981.16886,0.0001273239544735,,4.307196090145686,2.3258718543025725,310.8719019755848,873.4625454980894,1.3739197565090011,0.672944875048587,-0.3820847881230845,1.4411078598586105,-24.430441,102354.307292,26.357122,-2770.458334
3944|2023-12-18|Belgorod,3944|2023-12-18|Belgorod,3944,6191,Russia,Russia,Belgorod,Glazov,2023-12-18,2023,low_vis_5km,0.3726032088665428,-0.1898317268205219,0.414463316406934,,False,False,Dfb,,50.591021,36.590908,58.13911643512936,52.66242861757086,same_country_year_koppen_uncertainty_lowgap_p25,1.650538,True,True,True,0.0,0.0,0.0,1.100063,,4805.58424868421,4237.4195015,0.0001273239544735,,4.307196090145686,8.852785414584394,310.8719019755848,589.9287712816352,1.3739197565090011,-0.3705573963017547,-0.3820847881230845,0.8284692669328668,-6.498531,97304.557292,8.425212,2279.291666
8128|2023-03-20|Palu,8128|2023-03-20|Palu,8128,5423,Indonesia,Indonesia,Palu,Pandeglang,2023-03-20,2023,thunder_or_convective,0.3723320405707622,-0.1868124057728594,0.2783225354578882,,False,False,Af,,-0.901066,119.8774,-6.312272527739886,106.09560552157612,same_country_year_koppen_uncertainty_lowgap_p25,1.980682,True,True,True,1.125556,0.737778,0.387778,22.444725,,4284.016298717949,5213.9844946428575,0.0001273239544735,,3.598108244675575,23.915413579458885,4.501564875383695,25.885649282711366,0.2670120648411319,-1.00994449021025,-0.9899025329122372,0.3544626312323447,26.090092,98804.257812,-3.103434,-6575.958333
8128|2023-03-20|Palu,8128|2023-03-20|Palu,8128,6605,Indonesia,Indonesia,Palu,Loning,2023-03-20,2023,thunder_or_convective,0.3723320405707622,-0.197913059125211,0.2783225354578882,,False,False,Af,,-0.901066,119.8774,-6.879066096794977,109.46466803477202,same_country_year_koppen_uncertainty_lowgap_p25,2.831282,True,True,True,1.125556,3.442778,-2.317222,22.444725,,4284.016298717949,4844.529689999999,0.0001273239544735,,3.598108244675575,73.86514255732702,4.501564875383695,3.501497754246163,0.2670120648411319,-1.6237290739088446,-0.9899025329122372,0.1019544234292631,25.503503,97200.424479,-2.516845,-4972.125
8128|2023-03-20|Palu,8128|2023-03-20|Palu,8128,1998,Indonesia,Indonesia,Palu,Lubuk Pakam,2023-03-20,2023,thunder_or_convective,0.3723320405707622,-0.1871626996356429,0.2783225354578882,,False,False,Af,,-0.901066,119.8774,3.5604673982114865,98.87529110126168,same_country_year_uncertainty_lowgap_p25,1.149184,True,False,True,1.125556,0.374444,0.751112,22.444725,,4284.016298717949,5176.239830625,0.0001273239544735,,3.598108244675575,9.86316161113705,4.501564875383695,15.482293908927508,0.2670120648411319,0.3201149442957638,-0.9899025329122372,1.1826713117794505,27.438755,100684.145833,-4.452097,-8455.846354
8128|2023-05-31|Palu,8128|2023-05-31|Palu,8128,5423,Indonesia,Indonesia,Palu,Pandeglang,2023-05-31,2023,thunder_or_convective,0.3723320405707622,-0.1868124057728594,0.2783225354578882,,False,False,Af,,-0.901066,119.8774,-6.312272527739886,106.09560552157612,same_country_year_koppen_uncertainty_lowgap_p25,1.980682,True,True,True,0.0,0.0,0.0,15.302658,,4284.016298717949,5213.9844946428575,0.0001273239544735,,3.598108244675575,23.915413579458885,4.501564875383695,25.885649282711366,0.2670120648411319,-1.00994449021025,-0.9899025329122372,0.3544626312323447,26.833327,98902.411458,-2.893473,-6585.875
8128|2023-05-31|Palu,8128|2023-05-31|Palu,8128,6605,Indonesia,Indonesia,Palu,Loning,2023-05-31,2023,thunder_or_convective,0.3723320405707622,-0.197913059125211,0.2783225354578882,,False,False,Af,,-0.901066,119.8774,-6.879066096794977,109.46466803477202,same_country_year_koppen_uncertainty_lowgap_p25,2.831282,True,True,True,0.0,0.0,0.0,15.302658,,4284.016298717949,4844.529689999999,0.0001273239544735,,3.598108244675575,73.86514255732702,4.501564875383695,3.501497754246163,0.2670120648411319,-1.6237290739088446,-0.9899025329122372,0.1019544234292631,26.426019,97306.161458,-2.486165,-4989.625
8128|2023-05-31|Palu,8128|2023-05-31|Palu,8128,1998,Indonesia,Indonesia,Palu,Lubuk Pakam,2023-05-31,2023,thunder_or_convective,0.3723320405707622,-0.1871626996356429,0.2783225354578882,,False,False,Af,,-0.901066,119.8774,3.5604673982114865,98.87529110126168,same_country_year_uncertainty_lowgap_p25,1.149184,True,False,True,0.0,0.0,0.0,15.302658,,4284.016298717949,5176.239830625,0.0001273239544735,,3.598108244675575,9.86316161113705,4.501564875383695,15.482293908927508,0.2670120648411319,0.3201149442957638,-0.9899025329122372,1.1826713117794505,28.483766,100686.315755,-4.543912,-8369.779297
6403|2023-01-28|Nizhnekamsk,6403|2023-01-28|Nizhnekamsk,6403,6031,Russia,Russia,Nizhnekamsk,Ulyanovsk,2023-01-28,2023,fog,0.3713151092416448,-0.2786609086871849,0.3237027957742368,,False,False,Dfb,,55.626131,51.811607,54.30457195226994,48.34297095737613,same_country_year_koppen_uncertainty_lowgap_p25,1.229209,True,True,True,0.0,0.0,0.0,0.843525,,5182.24729375,3883.0337009900986,0.0001273239544735,,27.4681670757702,8.398455944882189,684.6867668945697,636.9057543024679,0.9378477578496812,0.5010284812192969,-0.7872966179825198,1.7710753708293565,-4.72194,100747.067708,-0.110026,75.916667
6403|2023-01-28|Nizhnekamsk,6403|2023-01-28|Nizhnekamsk,6403,6242,Russia,Russia,Nizhnekamsk,Dimitrovgrad,2023-01-28,2023,fog,0.3713151092416448,-0.2327931817079574,0.3237027957742368,,False,False,Dfb,,55.626131,51.811607,54.22085624156395,49.601213221695694,same_country_year_koppen_uncertainty_lowgap_p25,1.391651,True,True,True,0.0,0.0,0.0,0.843525,,5182.24729375,3687.2105466666662,0.0001273239544735,,27.4681670757702,26.832945880058592,684.6867668945697,597.7864892031167,0.9378477578496812,-0.4142587191052951,-0.7872966179825198,0.8827363817677406,-5.705501,101149.734375,0.873535,-326.75
6403|2023-01-28|Nizhnekamsk,6403|2023-01-28|Nizhnekamsk,6403,6191,Russia,Russia,Nizhnekamsk,Glazov,2023-01-28,2023,fog,0.3713151092416448,-0.1898317268205219,0.3237027957742368,,False,False,Dfb,,55.626131,51.811607,58.13911643512936,52.66242861757086,same_country_year_koppen_uncertainty_lowgap_p25,1.416894,True,True,True,0.0,0.0,0.0,0.843525,,5182.24729375,4237.4195015,0.0001273239544735,,27.4681670757702,8.852785414584394,684.6867668945697,589.9287712816352,0.9378477578496812,-0.3705573963017547,-0.7872966179825198,0.8284692669328668,-7.017676,99307.567708,2.18571,1515.416667
6403|2023-10-29|Nizhnekamsk,6403|2023-10-29|Nizhnekamsk,6403,6031,Russia,Russia,Nizhnekamsk,Ulyanovsk,2023-10-29,2023,low_ceiling_300m,0.3713151092416448,-0.2786609086871849,0.3237027957742368,,False,False,Dfb,,55.626131,51.811607,54.30457195226994,48.34297095737613,same_country_year_koppen_uncertainty_lowgap_p25,1.229209,True,True,True,0.026667,0.0,0.026667,11.618137,,5182.24729375,3883.0337009900986,0.0001273239544735,,27.4681670757702,8.398455944882189,684.6867668945697,636.9057543024679,0.9378477578496812,0.5010284812192969,-0.7872966179825198,1.7710753708293565,1.83704,98055.473958,-1.024251,-29.375
6403|2023-10-29|Nizhnekamsk,6403|2023-10-29|Nizhnekamsk,6403,6242,Russia,Russia,Nizhnekamsk,Dimitrovgrad,2023-10-29,2023,low_ceiling_300m,0.3713151092416448,-0.2327931817079574,0.3237027957742368,,False,False,Dfb,,55.626131,51.811607,54.22085624156395,49.601213221695694,same_country_year_koppen_uncertainty_lowgap_p25,1.391651,True,True,True,0.026667,0.449444,-0.422777,11.618137,,5182.24729375,3687.2105466666662,0.0001273239544735,,27.4681670757702,26.832945880058592,684.6867668945697,597.7864892031167,0.9378477578496812,-0.4142587191052951,-0.7872966179825198,0.8827363817677406,2.441125,98318.348958,-1.628336,-292.25
6403|2023-10-29|Nizhnekamsk,6403|2023-10-29|Nizhnekamsk,6403,6191,Russia,Russia,Nizhnekamsk,Glazov,2023-10-29,2023,low_ceiling_300m,0.3713151092416448,-0.1898317268205219,0.3237027957742368,,False,False,Dfb,,55.626131,51.811607,58.13911643512936,52.66242861757086,same_country_year_koppen_uncertainty_lowgap_p25,1.416894,True,True,True,0.026667,1.430556,-1.403889,11.618137,,5182.24729375,4237.4195015,0.0001273239544735,,27.4681670757702,8.852785414584394,684.6867668945697,589.9287712816352,0.9378477578496812,-0.3705573963017547,-0.7872966179825198,0.8284692669328668,-1.566606,97321.765625,2.379395,704.333333
7884|2023-08-12|Abat,7884|2023-08-12|Abat,7884,7233,Nigeria,Nigeria,Abat,Yangoji,2023-08-12,2023,low_ceiling_1000m,0.3653625418162461,-0.2120081065430994,0.2147318041207027,,False,False,Am,,4.632778,7.815255,8.822873474450683,7.035931933164844,same_country_year_uncertainty_lowgap_p25,1.936853,True,False,True,0.583333,0.001111,0.582222,12.430668,,2906.2146413333335,5146.040620833333,0.0001273239544735,,12.9812225564816,31.911612211082065,13.539266395585551,400.21964060258625,-0.1267829968465722,-0.9877671268121232,-1.2738114001996033,0.5538763629364816,26.534306,98806.059896,-0.909098,1989.541666
7884|2023-08-12|Abat,7884|2023-08-12|Abat,7884,7333,Nigeria,Nigeria,Abat,Maji,2023-08-12,2023,low_ceiling_1000m,0.3653625418162461,-0.2750385631351649,0.2147318041207027,,False,False,Am,,4.632778,7.815255,9.254253950297258,7.158487584173963,same_country_year_uncertainty_lowgap_p25,2.148693,True,False,True,0.583333,0.0,0.583333,12.430668,,2906.2146413333335,7669.832348333333,0.0001273239544735,,12.9812225564816,32.77541216605198,13.539266395585551,451.1628585397937,-0.1267829968465722,-0.8579637860287773,-1.2738114001996033,0.8157656806269846,24.62651,95823.018229,0.998698,4972.583333
7884|2023-08-12|Abat,7884|2023-08-12|Abat,7884,8257,Nigeria,Nigeria,Abat,Okuku Lepuole,2023-08-12,2023,low_ceiling_1000m,0.3653625418162461,-0.2346782944892982,0.2147318041207027,,False,False,Am,,4.632778,7.815255,6.713720031830337,8.777158915108874,same_country_year_uncertainty_lowgap_p25,2.175647,True,False,True,0.583333,0.039444,0.543889,12.430668,,2906.2146413333335,6460.206542222222,0.0001273239544735,,12.9812225564816,53.5707639014325,13.539266395585551,226.0193912313347,-0.1267829968465722,-1.3117129371822964,-1.2738114001996033,0.4745929550684861,27.283655,100273.476562,-1.658447,522.125
7884|2023-07-11|Abat,7884|2023-07-11|Abat,7884,7233,Nigeria,Nigeria,Abat,Yangoji,2023-07-11,2023,low_ceiling_1000m,0.3653625418162461,-0.2120081065430994,0.2147318041207027,,False,False,Am,,4.632778,7.815255,8.822873474450683,7.035931933164844,same_country_year_uncertainty_lowgap_p25,1.936853,True,False,True,0.046667,0.0,0.046667,11.003494,,2906.2146413333335,5146.040620833333,0.0001273239544735,,12.9812225564816,31.911612211082065,13.539266395585551,400.21964060258625,-0.1267829968465722,-0.9877671268121232,-1.2738114001996033,0.5538763629364816,27.548659,98802.401042,-1.400309,2001.041666
7884|2023-07-11|Abat,7884|2023-07-11|Abat,7884,7333,Nigeria,Nigeria,Abat,Maji,2023-07-11,2023,low_ceiling_1000m,0.3653625418162461,-0.2750385631351649,0.2147318041207027,,False,False,Am,,4.632778,7.815255,9.254253950297258,7.158487584173963,same_country_year_uncertainty_lowgap_p25,2.148693,True,False,True,0.046667,0.0,0.046667,11.003494,,2906.2146413333335,7669.832348333333,0.0001273239544735,,12.9812225564816,32.77541216605198,13.539266395585551,451.1628585397937,-0.1267829968465722,-0.8579637860287773,-1.2738114001996033,0.8157656806269846,26.013177,95828.359375,0.135173,4975.083333
7884|2023-07-11|Abat,7884|2023-07-11|Abat,7884,8257,Nigeria,Nigeria,Abat,Okuku Lepuole,2023-07-11,2023,low_ceiling_1000m,0.3653625418162461,-0.2346782944892982,0.2147318041207027,,False,False,Am,,4.632778,7.815255,6.713720031830337,8.777158915108874,same_country_year_uncertainty_lowgap_p25,2.175647,True,False,True,0.046667,0.118889,-0.072222,11.003494,,2906.2146413333335,6460.206542222222,0.0001273239544735,,12.9812225564816,53.5707639014325,13.539266395585551,226.0193912313347,-0.1267829968465722,-1.3117129371822964,-1.2738114001996033,0.4745929550684861,27.40014,100278.026042,-1.25179,525.416666
56|2023-01-04|Brest,56|2023-01-04|Brest,56,1585,France,France,Brest,Caen,2023-01-04,2023,low_vis_5km,0.3634108066362015,-0.2072564131351266,0.3842876320550983,,False,False,Cfb,,48.395742,-4.48925,49.17675486973722,-0.358204929234041,same_country_year_koppen_uncertainty_lowgap_p25,0.727015,True,True,True,0.689444,0.0,0.689444,1.913071,,3076.876057142857,2831.465037735849,0.0008912676813146,,1.317212077783021,2.2420940871322497,1.139574491431255,12.26733834091748,2.677244094771551,1.659036287396167,-0.5168079495618808,1.538958047712127,12.958032,101720.190104,-0.101481,72.541667
56|2023-01-04|Brest,56|2023-01-04|Brest,56,544,France,France,Brest,Saint-Nazaire,2023-01-04,2023,low_vis_5km,0.3634108066362015,-0.2500985632941443,0.3842876320550983,,False,False,Cfb,,48.395742,-4.48925,47.27677813565688,-2.2106401204496233,same_country_year_koppen_uncertainty_lowgap_p25,0.753213,True,True,True,0.689444,0.992778,-0.303334,1.913071,,3076.876057142857,1682.734944411765,0.0008912676813146,,1.317212077783021,4.5093827474641195,1.139574491431255,0.3623114076915579,2.677244094771551,1.779440454940004,-0.5168079495618808,1.5308798697535149,12.674015,102620.606771,0.182536,-827.875
56|2023-01-04|Brest,56|2023-01-04|Brest,56,944,France,France,Brest,Cherbourg-en-Cotentin,2023-01-04,2023,low_vis_5km,0.3634108066362015,-0.2106112367561456,0.3842876320550983,,False,False,Cfb,,48.395742,-4.48925,49.64957377202679,-1.637778072916062,same_country_year_koppen_uncertainty_lowgap_p25,0.771456,True,True,True,0.689444,0.0,0.689444,1.913071,,3076.876057142857,1909.6476935483872,0.0008912676813146,,1.317212077783021,0.4182947886392194,1.139574491431255,1.22604575078238,2.677244094771551,1.775892390759792,-0.5168079495618808,1.433616001267962,12.45258,101722.398438,0.403971,70.333333
56|2023-07-31|Brest,56|2023-07-31|Brest,56,1585,France,France,Brest,Caen,2023-07-31,2023,low_vis_5km,0.3634108066362015,-0.2072564131351266,0.3842876320550983,,False,False,Cfb,,48.395742,-4.48925,49.17675486973722,-0.358204929234041,same_country_year_koppen_uncertainty_lowgap_p25,0.727015,True,True,True,2.048333,0.225556,1.822777,10.42223,,3076.876057142857,2831.465037735849,0.0008912676813146,,1.317212077783021,2.2420940871322497,1.139574491431255,12.26733834091748,2.677244094771551,1.659036287396167,-0.5168079495618808,1.538958047712127,18.144006,100455.46875,-0.620361,11.333333
56|2023-07-31|Brest,56|2023-07-31|Brest,56,544,France,France,Brest,Saint-Nazaire,2023-07-31,2023,low_vis_5km,0.3634108066362015,-0.2500985632941443,0.3842876320550983,,False,False,Cfb,,48.395742,-4.48925,47.27677813565688,-2.2106401204496233,same_country_year_koppen_uncertainty_lowgap_p25,0.753213,True,True,True,2.048333,0.09,1.958333,10.42223,,3076.876057142857,1682.734944411765,0.0008912676813146,,1.317212077783021,4.5093827474641195,1.139574491431255,0.3623114076915579,2.677244094771551,1.779440454940004,-0.5168079495618808,1.5308798697535149,19.22205,101270.84375,-1.698405,-804.041667
56|2023-07-31|Brest,56|2023-07-31|Brest,56,944,France,France,Brest,Cherbourg-en-Cotentin,2023-07-31,2023,low_vis_5km,0.3634108066362015,-0.2106112367561456,0.3842876320550983,,False,False,Cfb,,48.395742,-4.48925,49.64957377202679,-1.637778072916062,same_country_year_koppen_uncertainty_lowgap_p25,0.771456,True,True,True,2.048333,2.319444,-0.271111,10.42223,,3076.876057142857,1909.6476935483872,0.0008912676813146,,1.317212077783021,0.4182947886392194,1.139574491431255,1.22604575078238,2.677244094771551,1.775892390759792,-0.5168079495618808,1.433616001267962,17.121139,100489.34375,0.402506,-22.541667
10210|2023-03-19|Neyveli Township,10210|2023-03-19|Neyveli Township,10210,9624,India,India,Neyveli Township,Palladam,2023-03-19,2023,low_vis_5km,0.3623021916190765,-0.1820246820703996,0.2621257222903169,,False,False,,,11.605937,79.482999,10.998086056717556,77.2831690775284,same_country_year_koppen_uncertainty_lowgap_p25,1.403556,True,True,True,0.0,0.0,0.0,25.877476,,3434.0973779166666,3514.614816923077,0.000254647908947,,4.371302955955729,12.070786972048316,26.16442768671589,131.89456882040574,1.4836898684210895,0.1670260262509783,-1.0622152549611072,0.8734855650731994,29.327509,97201.255208,-0.898682,3207.416667
10210|2023-03-19|Neyveli Township,10210|2023-03-19|Neyveli Township,10210,9614,India,India,Neyveli Township,Anchal,2023-03-19,2023,low_vis_5km,0.3623021916190765,-0.3428302383260612,0.2621257222903169,,False,False,,,11.605937,79.482999,8.924571983959563,76.91890632490029,same_country_year_koppen_uncertainty_lowgap_p25,1.490177,True,True,True,0.0,0.0,0.0,25.877476,,3434.0973779166666,4549.723428,0.000254647908947,,4.371302955955729,9.243552191481006,26.16442768671589,25.548484109231634,1.4836898684210895,-0.2177445448114579,-1.0622152549611072,1.1628015998651209,27.373895,98076.255208,1.054932,2332.416667
10210|2023-03-19|Neyveli Township,10210|2023-03-19|Neyveli Township,10210,10422,India,India,Neyveli Township,Jagdalpur,2023-03-19,2023,low_vis_5km,0.3623021916190765,-0.1910307087607536,0.2621257222903169,,False,False,,,11.605937,79.482999,19.084643956362275,82.01933462666783,same_country_year_koppen_uncertainty_lowgap_p25,1.516729,True,True,True,0.0,0.0,0.0,25.877476,,3434.0973779166666,7897.268533333334,0.000254647908947,,4.371302955955729,2.09720911769055,26.16442768671589,197.25890664663825,1.4836898684210895,0.5094052880851531,-1.0622152549611072,1.1465149507550154,21.525262,94438.046875,6.903565,5970.625
10210|2023-08-12|Neyveli Township,10210|2023-08-12|Neyveli Township,10210,9624,India,India,Neyveli Township,Palladam,2023-08-12,2023,low_vis_5km,0.3623021916190765,-0.1820246820703996,0.2621257222903169,,False,False,,,11.605937,79.482999,10.998086056717556,77.2831690775284,same_country_year_koppen_uncertainty_lowgap_p25,1.403556,True,True,True,2.102222,0.0,2.102222,16.71648,,3434.0973779166666,3514.614816923077,0.000254647908947,,4.371302955955729,12.070786972048316,26.16442768671589,131.89456882040574,1.4836898684210895,0.1670260262509783,-1.0622152549611072,0.8734855650731994,27.731653,97329.226562,0.764974,3036.0
10210|2023-08-12|Neyveli Township,10210|2023-08-12|Neyveli Township,10210,9614,India,India,Neyveli Township,Anchal,2023-08-12,2023,low_vis_5km,0.3623021916190765,-0.3428302383260612,0.2621257222903169,,False,False,,,11.605937,79.482999,8.924571983959563,76.91890632490029,same_country_year_koppen_uncertainty_lowgap_p25,1.490177,True,True,True,2.102222,0.056111,2.046111,16.71648,,3434.0973779166666,4549.723428,0.000254647908947,,4.371302955955729,9.243552191481006,26.16442768671589,25.548484109231634,1.4836898684210895,-0.2177445448114579,-1.0622152549611072,1.1628015998651209,26.356571,98238.268229,2.140056,2126.958333
10210|2023-08-12|Neyveli Township,10210|2023-08-12|Neyveli Township,10210,10422,India,India,Neyveli Township,Jagdalpur,2023-08-12,2023,low_vis_5km,0.3623021916190765,-0.1910307087607536,0.2621257222903169,,False,False,,,11.605937,79.482999,19.084643956362275,82.01933462666783,same_country_year_koppen_uncertainty_lowgap_p25,1.516729,True,True,True,2.102222,0.443333,1.658889,16.71648,,3434.0973779166666,7897.268533333334,0.000254647908947,,4.371302955955729,2.09720911769055,26.16442768671589,197.25890664663825,1.4836898684210895,0.5094052880851531,-1.0622152549611072,1.1465149507550154,26.792118,94244.434896,1.704509,6120.791666
8387|2023-08-31|Timika,8387|2023-08-31|Timika,8387,5423,Indonesia,Indonesia,Timika,Pandeglang,2023-08-31,2023,low_ceiling_1000m,0.3604819296316945,-0.1868124057728594,0.2047510651958209,,False,False,Af,,-4.562932,136.877284,-6.312272527739886,106.09560552157612,same_country_year_koppen_uncertainty_lowgap_p25,1.960621,True,True,True,0.0,0.0,0.0,5.81646,,9510.816648484848,5213.9844946428575,0.0001273239544735,,4.327595199516538,23.915413579458885,39.985758066631846,25.885649282711366,-0.4139144674129783,-1.00994449021025,-1.318371672164853,0.3544626312323447,24.953373,99055.145833,-0.35319,-907.5
8387|2023-08-31|Timika,8387|2023-08-31|Timika,8387,6605,Indonesia,Indonesia,Timika,Loning,2023-08-31,2023,low_ceiling_1000m,0.3604819296316945,-0.197913059125211,0.2047510651958209,,False,False,Af,,-4.562932,136.877284,-6.879066096794977,109.46466803477202,same_country_year_koppen_uncertainty_lowgap_p25,2.886172,True,True,True,0.0,0.0,0.0,5.81646,,9510.816648484848,4844.529689999999,0.0001273239544735,,4.327595199516538,73.86514255732702,39.985758066631846,3.501497754246163,-0.4139144674129783,-1.6237290739088446,-1.318371672164853,0.1019544234292631,25.241215,97438.854167,-0.641032,708.791666
8387|2023-08-31|Timika,8387|2023-08-31|Timika,8387,2463,Indonesia,Indonesia,Timika,Tebing Tinggi,2023-08-31,2023,low_ceiling_1000m,0.3604819296316945,-0.1978486977756041,0.2047510651958209,,False,False,Af,,-4.562932,136.877284,3.3383430064369852,99.16023732314332,same_country_year_uncertainty_lowgap_p25,1.229291,True,False,True,0.0,0.985556,-0.985556,5.81646,,9510.816648484848,6403.953382051282,0.0001273239544735,,4.327595199516538,5.539365283459771,39.985758066631846,20.5724097370647,-0.4139144674129783,-0.0313856865450686,-1.318371672164853,1.097394417038936,27.890629,100712.354167,-3.290446,-2564.708334
8387|2023-09-06|Timika,8387|2023-09-06|Timika,8387,5423,Indonesia,Indonesia,Timika,Pandeglang,2023-09-06,2023,low_ceiling_1000m,0.3604819296316945,-0.1868124057728594,0.2047510651958209,,False,False,Af,,-4.562932,136.877284,-6.312272527739886,106.09560552157612,same_country_year_koppen_uncertainty_lowgap_p25,1.960621,True,True,True,8.503889,0.0,8.503889,90.867996,,9510.816648484848,5213.9844946428575,0.0001273239544735,,4.327595199516538,23.915413579458885,39.985758066631846,25.885649282711366,-0.4139144674129783,-1.00994449021025,-1.318371672164853,0.3544626312323447,26.03984,99040.580729,-1.78947,-952.958333
8387|2023-09-06|Timika,8387|2023-09-06|Timika,8387,6605,Indonesia,Indonesia,Timika,Loning,2023-09-06,2023,low_ceiling_1000m,0.3604819296316945,-0.197913059125211,0.2047510651958209,,False,False,Af,,-4.562932,136.877284,-6.879066096794977,109.46466803477202,same_country_year_koppen_uncertainty_lowgap_p25,2.886172,True,True,True,8.503889,0.0,8.503889,90.867996,,9510.816648484848,4844.529689999999,0.0001273239544735,,4.327595199516538,73.86514255732702,39.985758066631846,3.501497754246163,-0.4139144674129783,-1.6237290739088446,-1.318371672164853,0.1019544234292631,25.682092,97426.205729,-1.431722,661.416667
8387|2023-09-06|Timika,8387|2023-09-06|Timika,8387,2463,Indonesia,Indonesia,Timika,Tebing Tinggi,2023-09-06,2023,low_ceiling_1000m,0.3604819296316945,-0.1978486977756041,0.2047510651958209,,False,False,Af,,-4.562932,136.877284,3.3383430064369852,99.16023732314332,same_country_year_uncertainty_lowgap_p25,1.229291,True,False,True,8.503889,0.0,8.503889,90.867996,,9510.816648484848,6403.953382051282,0.0001273239544735,,4.327595199516538,5.539365283459771,39.985758066631846,20.5724097370647,-0.4139144674129783,-0.0313856865450686,-1.318371672164853,1.097394417038936,26.276656,100827.205729,-2.026286,-2739.583333
4339|2023-01-23|Lublin,4339|2023-01-23|Lublin,4339,3403,Poland,Poland,Lublin,Bełchatów,2023-01-23,2023,low_vis_5km,0.3537124377596172,-0.2084375545462639,0.3755034144633164,,False,False,Dfb,,51.239794,22.554886,51.35896353742977,19.375143003940927,same_country_year_koppen_uncertainty_lowgap_p25,1.064998,True,True,True,0.0,0.0,0.0,0.133038,,4178.979672222222,3423.068758666667,0.000254647908947,,13.081017647413086,3.4770926585272535,313.08324423939416,233.8785275089932,2.14474546127169,1.557321338959636,-0.5560262006190155,1.2837136828585476,0.884218,101112.335775,1.351311,-56.471192
4339|2023-01-23|Lublin,4339|2023-01-23|Lublin,4339,1080,Poland,Poland,Lublin,Słupsk,2023-01-23,2023,low_vis_5km,0.3537124377596172,-0.3359052952775624,0.3755034144633164,,False,False,Dfb,,51.239794,22.554886,54.463339597672,17.024806823494853,same_country_year_koppen_uncertainty_lowgap_p25,1.167969,True,True,True,0.0,0.0,0.0,0.133038,,4178.979672222222,4364.374916842105,0.000254647908947,,13.081017647413086,7.495769561299709,313.08324423939416,13.174767989702383,2.14474546127169,1.562182104276344,-0.5560262006190155,1.904430453742904,0.45615,103423.40625,1.779379,-2367.541667
4339|2023-01-23|Lublin,4339|2023-01-23|Lublin,4339,4107,Poland,Poland,Lublin,Mielec,2023-01-23,2023,low_vis_5km,0.3537124377596172,-0.2366389839321078,0.3755034144633164,,False,False,Dfb,,51.239794,22.554886,50.29769328585175,21.44420840091096,same_country_year_koppen_uncertainty_lowgap_p25,1.282118,True,True,True,0.0,0.0,0.0,0.133038,,4178.979672222222,2886.9516644444443,0.000254647908947,,13.081017647413086,2.6576747356967148,313.08324423939416,361.2594458462124,2.14474546127169,1.1494763110341863,-0.5560262006190155,1.4911404459248558,2.294204,100837.489583,-0.058675,218.375
4339|2023-01-22|Lublin,4339|2023-01-22|Lublin,4339,3403,Poland,Poland,Lublin,Bełchatów,2023-01-22,2023,low_vis_5km,0.3537124377596172,-0.2084375545462639,0.3755034144633164,,False,False,Dfb,,51.239794,22.554886,51.35896353742977,19.375143003940927,same_country_year_koppen_uncertainty_lowgap_p25,1.064998,True,True,True,0.0,0.0,0.0,0.704288,,4178.979672222222,3423.068758666667,0.000254647908947,,13.081017647413086,3.4770926585272535,313.08324423939416,233.8785275089932,2.14474546127169,1.557321338959636,-0.5560262006190155,1.2837136828585476,0.968708,100338.5166,0.381963,-0.943683
4339|2023-01-22|Lublin,4339|2023-01-22|Lublin,4339,1080,Poland,Poland,Lublin,Słupsk,2023-01-22,2023,low_vis_5km,0.3537124377596172,-0.3359052952775624,0.3755034144633164,,False,False,Dfb,,51.239794,22.554886,54.463339597672,17.024806823494853,same_country_year_koppen_uncertainty_lowgap_p25,1.167969,True,True,True,0.0,0.0,0.0,0.704288,,4178.979672222222,4364.374916842105,0.000254647908947,,13.081017647413086,7.495769561299709,313.08324423939416,13.174767989702383,2.14474546127169,1.562182104276344,-0.5560262006190155,1.904430453742904,1.340662,102806.322917,0.010009,-2468.75
4339|2023-01-22|Lublin,4339|2023-01-22|Lublin,4339,4107,Poland,Poland,Lublin,Mielec,2023-01-22,2023,low_vis_5km,0.3537124377596172,-0.2366389839321078,0.3755034144633164,,False,False,Dfb,,51.239794,22.554886,50.29769328585175,21.44420840091096,same_country_year_koppen_uncertainty_lowgap_p25,1.282118,True,True,True,0.0,0.0,0.0,0.704288,,4178.979672222222,2886.9516644444443,0.000254647908947,,13.081017647413086,2.6576747356967148,313.08324423939416,361.2594458462124,2.14474546127169,1.1494763110341863,-0.5560262006190155,1.4911404459248558,0.989181,100098.114583,0.36149,239.458334
3783|2023-12-29|Pangkalan Kerinci,3783|2023-12-29|Pangkalan Kerinci,3783,2463,Indonesia,Indonesia,Pangkalan Kerinci,Tebing Tinggi,2023-12-29,2023,low_ceiling_1000m,0.3534111207446132,-0.1978486977756041,0.217971166754217,,False,False,,,0.398914,101.856111,3.3383430064369852,99.16023732314332,same_country_year_koppen_uncertainty_lowgap_p25,0.996608,True,True,True,4.277222,0.569444,3.707778,10.066509,,7015.977517647059,6403.953382051282,0.0001273239544735,,14.353261627914003,5.539365283459771,58.73356816542032,20.5724097370647,0.2098960921709373,-0.0313856865450686,-1.259348855789829,1.097394417038936,26.010889,100810.700521,0.660563,15.125
3783|2023-12-29|Pangkalan Kerinci,3783|2023-12-29|Pangkalan Kerinci,3783,2237,Indonesia,Indonesia,Pangkalan Kerinci,Perbaungan,2023-12-29,2023,low_ceiling_1000m,0.3534111207446132,-0.2126020225388958,0.217971166754217,,False,False,,,0.398914,101.856111,3.568359115451711,98.9602255745965,same_country_year_koppen_uncertainty_lowgap_p25,1.17684,True,True,True,4.277222,1.007778,3.269444,10.066509,,7015.977517647059,6644.875190000001,0.0001273239544735,,14.353261627914003,12.374204757736722,58.73356816542032,9.761131000864877,0.2098960921709373,0.0023871255983082,-1.259348855789829,1.072573563795134,26.348291,101209.825521,0.323161,-384.0
3783|2023-12-29|Pangkalan Kerinci,3783|2023-12-29|Pangkalan Kerinci,3783,1998,Indonesia,Indonesia,Pangkalan Kerinci,Lubuk Pakam,2023-12-29,2023,low_ceiling_1000m,0.3534111207446132,-0.1871626996356429,0.217971166754217,,False,False,,,0.398914,101.856111,3.5604673982114865,98.87529110126168,same_country_year_koppen_uncertainty_lowgap_p25,1.206428,True,True,True,4.277222,0.983333,3.293889,10.066509,,7015.977517647059,5176.239830625,0.0001273239544735,,14.353261627914003,9.86316161113705,58.73356816542032,15.482293908927508,0.2098960921709373,0.3201149442957638,-1.259348855789829,1.1826713117794505,26.147171,100852.834636,0.524281,-27.009115
3783|2023-11-14|Pangkalan Kerinci,3783|2023-11-14|Pangkalan Kerinci,3783,2463,Indonesia,Indonesia,Pangkalan Kerinci,Tebing Tinggi,2023-11-14,2023,low_ceiling_1000m,0.3534111207446132,-0.1978486977756041,0.217971166754217,,False,False,,,0.398914,101.856111,3.3383430064369852,99.16023732314332,same_country_year_koppen_uncertainty_lowgap_p25,0.996608,True,True,True,0.0,0.0,0.0,3.700256,,7015.977517647059,6403.953382051282,0.0001273239544735,,14.353261627914003,5.539365283459771,58.73356816542032,20.5724097370647,0.2098960921709373,-0.0313856865450686,-1.259348855789829,1.097394417038936,26.588495,100873.442708,-0.843262,54.5
3783|2023-11-14|Pangkalan Kerinci,3783|2023-11-14|Pangkalan Kerinci,3783,2237,Indonesia,Indonesia,Pangkalan Kerinci,Perbaungan,2023-11-14,2023,low_ceiling_1000m,0.3534111207446132,-0.2126020225388958,0.217971166754217,,False,False,,,0.398914,101.856111,3.568359115451711,98.9602255745965,same_country_year_koppen_uncertainty_lowgap_p25,1.17684,True,True,True,0.0,0.022778,-0.022778,3.700256,,7015.977517647059,6644.875190000001,0.0001273239544735,,14.353261627914003,12.374204757736722,58.73356816542032,9.761131000864877,0.2098960921709373,0.0023871255983082,-1.259348855789829,1.072573563795134,27.128453,101278.442708,-1.38322,-350.5
3783|2023-11-14|Pangkalan Kerinci,3783|2023-11-14|Pangkalan Kerinci,3783,1998,Indonesia,Indonesia,Pangkalan Kerinci,Lubuk Pakam,2023-11-14,2023,low_ceiling_1000m,0.3534111207446132,-0.1871626996356429,0.217971166754217,,False,False,,,0.398914,101.856111,3.5604673982114865,98.87529110126168,same_country_year_koppen_uncertainty_lowgap_p25,1.206428,True,True,True,0.0,0.032222,-0.032222,3.700256,,7015.977517647059,5176.239830625,0.0001273239544735,,14.353261627914003,9.86316161113705,58.73356816542032,15.482293908927508,0.2098960921709373,0.3201149442957638,-1.259348855789829,1.1826713117794505,26.841133,100922.771486,-1.0959,5.171222
7982|2023-08-12|Arochukwu,7982|2023-08-12|Arochukwu,7982,8269,Nigeria,Nigeria,Arochukwu,Ogoja,2023-08-12,2023,low_ceiling_1000m,0.350713392892811,-0.2156351942246027,0.2419015934162143,,False,False,,,5.392411,7.891033,6.65785911123994,8.802145287991946,same_country_year_koppen_uncertainty_lowgap_p25,1.553905,True,True,True,0.005,0.012778,-0.007778,5.790234,,8438.023566666667,10126.217934285714,0.0003819718634205,,1.0349921663302,50.08194018900219,57.86991452433054,219.8244869820091,0.3060171415376216,-0.5249621264249098,-1.1525084376275343,0.8227363664461103,27.283655,100273.476562,-1.232666,57.791667
7982|2023-08-12|Arochukwu,7982|2023-08-12|Arochukwu,7982,7333,Nigeria,Nigeria,Arochukwu,Maji,2023-08-12,2023,low_ceiling_1000m,0.350713392892811,-0.2750385631351649,0.2419015934162143,,False,False,,,5.392411,7.891033,9.254253950297258,7.158487584173963,same_country_year_koppen_uncertainty_lowgap_p25,2.021518,True,True,True,0.005,0.0,0.005,5.790234,,8438.023566666667,7669.832348333333,0.0003819718634205,,1.0349921663302,32.77541216605198,57.86991452433054,451.1628585397937,0.3060171415376216,-0.8579637860287773,-1.1525084376275343,0.8157656806269846,24.62651,95823.018229,1.424479,4508.25
7982|2023-08-12|Arochukwu,7982|2023-08-12|Arochukwu,7982,8257,Nigeria,Nigeria,Arochukwu,Okuku Lepuole,2023-08-12,2023,low_ceiling_1000m,0.350713392892811,-0.2346782944892982,0.2419015934162143,,False,False,,,5.392411,7.891033,6.713720031830337,8.777158915108874,same_country_year_koppen_uncertainty_lowgap_p25,2.041172,True,True,True,0.005,0.039444,-0.034444,5.790234,,8438.023566666667,6460.206542222222,0.0003819718634205,,1.0349921663302,53.5707639014325,57.86991452433054,226.0193912313347,0.3060171415376216,-1.3117129371822964,-1.1525084376275343,0.4745929550684861,27.283655,100273.476562,-1.232666,57.791667
7982|2023-07-11|Arochukwu,7982|2023-07-11|Arochukwu,7982,8269,Nigeria,Nigeria,Arochukwu,Ogoja,2023-07-11,2023,low_ceiling_1000m,0.350713392892811,-0.2156351942246027,0.2419015934162143,,False,False,,,5.392411,7.891033,6.65785911123994,8.802145287991946,same_country_year_koppen_uncertainty_lowgap_p25,1.553905,True,True,True,0.013333,0.107222,-0.093889,7.841587,,8438.023566666667,10126.217934285714,0.0003819718634205,,1.0349921663302,50.08194018900219,57.86991452433054,219.8244869820091,0.3060171415376216,-0.5249621264249098,-1.1525084376275343,0.8227363664461103,27.40014,100278.026042,-1.37207,58.583333
7982|2023-07-11|Arochukwu,7982|2023-07-11|Arochukwu,7982,7333,Nigeria,Nigeria,Arochukwu,Maji,2023-07-11,2023,low_ceiling_1000m,0.350713392892811,-0.2750385631351649,0.2419015934162143,,False,False,,,5.392411,7.891033,9.254253950297258,7.158487584173963,same_country_year_koppen_uncertainty_lowgap_p25,2.021518,True,True,True,0.013333,0.0,0.013333,7.841587,,8438.023566666667,7669.832348333333,0.0003819718634205,,1.0349921663302,32.77541216605198,57.86991452433054,451.1628585397937,0.3060171415376216,-0.8579637860287773,-1.1525084376275343,0.8157656806269846,26.013177,95828.359375,0.014893,4508.25
7982|2023-07-11|Arochukwu,7982|2023-07-11|Arochukwu,7982,8257,Nigeria,Nigeria,Arochukwu,Okuku Lepuole,2023-07-11,2023,low_ceiling_1000m,0.350713392892811,-0.2346782944892982,0.2419015934162143,,False,False,,,5.392411,7.891033,6.713720031830337,8.777158915108874,same_country_year_koppen_uncertainty_lowgap_p25,2.041172,True,True,True,0.013333,0.118889,-0.105556,7.841587,,8438.023566666667,6460.206542222222,0.0003819718634205,,1.0349921663302,53.5707639014325,57.86991452433054,226.0193912313347,0.3060171415376216,-1.3117129371822964,-1.1525084376275343,0.4745929550684861,27.40014,100278.026042,-1.37207,58.583333
2617|2023-07-10|Río Cuarto,2617|2023-07-10|Río Cuarto,2617,4739,Argentina,Argentina,Río Cuarto,Puerto Iguazú,2023-07-10,2023,low_vis_5km,0.3499384732581915,-0.3168187787339394,0.3745695441545555,,False,False,Cwa,,-33.12169,-64.348265,-25.613647935089674,-54.5791210294304,same_country_year_uncertainty_lowgap_p25,0.902594,True,False,True,0.0,0.820556,-0.820556,1.691818,,3358.2219511627904,4460.19593,0.0001273239544735,,4.284361053901343,8.242771024791876,562.5719925533739,560.3984346298093,0.9784160626360328,0.4856505956945238,-0.5601955827912029,1.709381544000275,20.383498,98590.007812,-9.198568,-1689.833333
2617|2023-07-10|Río Cuarto,2617|2023-07-10|Río Cuarto,2617,928,Argentina,Argentina,Río Cuarto,San Martín,2023-07-10,2023,low_vis_5km,0.3499384732581915,-0.3185064409099674,0.3745695441545555,,False,False,Cwa,,-33.12169,-64.348265,-33.0797776486365,-68.47293720923602,same_country_year_uncertainty_lowgap_p25,1.304161,True,False,True,0.0,0.0,0.0,1.691818,,3358.2219511627904,4412.302193888889,0.0001273239544735,,4.284361053901343,3.944436201653753,562.5719925533739,290.51778221787094,0.9784160626360328,-0.7509316405577108,-0.5601955827912029,1.4884042888743576,8.383742,94293.216146,2.801188,2606.958333
2617|2023-07-10|Río Cuarto,2617|2023-07-10|Río Cuarto,2617,1761,Argentina,Argentina,Río Cuarto,San Rafael,2023-07-10,2023,low_vis_5km,0.3499384732581915,-0.1838349714832506,0.3745695441545555,,False,False,Cwa,,-33.12169,-64.348265,-34.6196798988185,-68.32849432564149,same_country_year_uncertainty_lowgap_p25,1.67725,True,False,True,0.0,0.0,0.0,1.691818,,3358.2219511627904,3605.310266666667,0.0001273239544735,,4.284361053901343,7.992926922878259,562.5719925533739,336.7614889053798,0.9784160626360328,-0.5230615333898856,-0.5601955827912029,0.9889253339656304,7.186314,94263.716146,3.998616,2636.458333
2617|2023-07-11|Río Cuarto,2617|2023-07-11|Río Cuarto,2617,4739,Argentina,Argentina,Río Cuarto,Puerto Iguazú,2023-07-11,2023,low_vis_5km,0.3499384732581915,-0.3168187787339394,0.3745695441545555,,False,False,Cwa,,-33.12169,-64.348265,-25.613647935089674,-54.5791210294304,same_country_year_uncertainty_lowgap_p25,0.902594,True,False,True,0.0,0.0,0.0,4.175186,,3358.2219511627904,4460.19593,0.0001273239544735,,4.284361053901343,8.242771024791876,562.5719925533739,560.3984346298093,0.9784160626360328,0.4856505956945238,-0.5601955827912029,1.709381544000275,21.757399,98435.692708,-14.012044,-1624.833333
2617|2023-07-11|Río Cuarto,2617|2023-07-11|Río Cuarto,2617,928,Argentina,Argentina,Río Cuarto,San Martín,2023-07-11,2023,low_vis_5km,0.3499384732581915,-0.3185064409099674,0.3745695441545555,,False,False,Cwa,,-33.12169,-64.348265,-33.0797776486365,-68.47293720923602,same_country_year_uncertainty_lowgap_p25,1.304161,True,False,True,0.0,0.0,0.0,4.175186,,3358.2219511627904,4412.302193888889,0.0001273239544735,,4.284361053901343,3.944436201653753,562.5719925533739,290.51778221787094,0.9784160626360328,-0.7509316405577108,-0.5601955827912029,1.4884042888743576,6.130121,94194.817708,1.615234,2616.041667
2617|2023-07-11|Río Cuarto,2617|2023-07-11|Río Cuarto,2617,1761,Argentina,Argentina,Río Cuarto,San Rafael,2023-07-11,2023,low_vis_5km,0.3499384732581915,-0.1838349714832506,0.3745695441545555,,False,False,Cwa,,-33.12169,-64.348265,-34.6196798988185,-68.32849432564149,same_country_year_uncertainty_lowgap_p25,1.67725,True,False,True,0.0,0.0,0.0,4.175186,,3358.2219511627904,3605.310266666667,0.0001273239544735,,4.284361053901343,7.992926922878259,562.5719925533739,336.7614889053798,0.9784160626360328,-0.5230615333898856,-0.5601955827912029,0.9889253339656304,3.86531,94169.067708,3.880045,2641.791667
4166|2023-04-13|Aungpan,4166|2023-04-13|Aungpan,4166,5151,Myanmar,Myanmar,Aungpan,Hlegu,2023-04-13,2023,low_vis_5km,0.3405219525845,-0.2004239254767569,0.2215607307535166,,False,False,,,20.659912,96.638692,17.09504288301021,96.21556461809432,same_country_year_koppen_uncertainty_lowgap_p25,0.776197,True,True,True,0.0,0.03,-0.03,0.0,,9259.933069,9541.090841666666,0.0001273239544735,,18.099918923122164,14.60428842020675,291.29450846114827,34.34161363544779,-0.1657896234968109,-0.399845876443512,-1.2433227930654849,0.9145930674271068,31.842289,100676.020833,-7.657226,-13028.583333
4166|2023-04-13|Aungpan,4166|2023-04-13|Aungpan,4166,2852,Myanmar,Myanmar,Aungpan,Kyaukse,2023-04-13,2023,low_vis_5km,0.3405219525845,-0.2154423702763658,0.2215607307535166,,False,False,,,20.659912,96.638692,21.608066749978036,96.14223452048444,same_country_year_koppen_uncertainty_lowgap_p25,0.983946,True,True,True,0.0,0.0,0.0,0.0,,9259.933069,6662.267127857143,0.0001273239544735,,18.099918923122164,19.4023454698042,291.29450846114827,306.76398147681635,-0.1657896234968109,-0.8736377495600351,-1.2433227930654849,0.9085344339581476,28.818689,98129.979167,-4.633626,-10482.541667
4166|2023-04-13|Aungpan,4166|2023-04-13|Aungpan,4166,1548,Myanmar,Myanmar,Aungpan,Pakokku,2023-04-13,2023,low_vis_5km,0.3405219525845,-0.2111916283342672,0.2215607307535166,,False,False,,,20.659912,96.638692,21.33730216929332,95.07992178794996,same_country_year_koppen_uncertainty_lowgap_p25,1.129109,True,True,True,0.0,0.0,0.0,0.0,,9259.933069,8119.479992857143,0.0001273239544735,,18.099918923122164,8.527339972394135,291.29450846114827,212.39161430714427,-0.1657896234968109,-0.8998400254361895,-1.2433227930654849,0.9785018785351628,31.943038,98605.6875,-7.757975,-10958.25
4166|2023-11-20|Aungpan,4166|2023-11-20|Aungpan,4166,5151,Myanmar,Myanmar,Aungpan,Hlegu,2023-11-20,2023,low_vis_5km,0.3405219525845,-0.2004239254767569,0.2215607307535166,,False,False,,,20.659912,96.638692,17.09504288301021,96.21556461809432,same_country_year_koppen_uncertainty_lowgap_p25,0.776197,True,True,True,0.003333,0.0,0.003333,0.282288,,9259.933069,9541.090841666666,0.0001273239544735,,18.099918923122164,14.60428842020675,291.29450846114827,34.34161363544779,-0.1657896234968109,-0.399845876443512,-1.2433227930654849,0.9145930674271068,28.015232,101247.208333,-7.930989,-13158.916666
4166|2023-11-20|Aungpan,4166|2023-11-20|Aungpan,4166,2852,Myanmar,Myanmar,Aungpan,Kyaukse,2023-11-20,2023,low_vis_5km,0.3405219525845,-0.2154423702763658,0.2215607307535166,,False,False,,,20.659912,96.638692,21.608066749978036,96.14223452048444,same_country_year_koppen_uncertainty_lowgap_p25,0.983946,True,True,True,0.003333,0.0,0.003333,0.282288,,9259.933069,6662.267127857143,0.0001273239544735,,18.099918923122164,19.4023454698042,291.29450846114827,306.76398147681635,-0.1657896234968109,-0.8736377495600351,-1.2433227930654849,0.9085344339581476,24.080255,98922.333333,-3.996012,-10834.041666
4166|2023-11-20|Aungpan,4166|2023-11-20|Aungpan,4166,1548,Myanmar,Myanmar,Aungpan,Pakokku,2023-11-20,2023,low_vis_5km,0.3405219525845,-0.2111916283342672,0.2215607307535166,,False,False,,,20.659912,96.638692,21.33730216929332,95.07992178794996,same_country_year_koppen_uncertainty_lowgap_p25,1.129109,True,True,True,0.003333,0.0,0.003333,0.282288,,9259.933069,8119.479992857143,0.0001273239544735,,18.099918923122164,8.527339972394135,291.29450846114827,212.39161430714427,-0.1657896234968109,-0.8998400254361895,-1.2433227930654849,0.9785018785351628,24.350275,99468.25,-4.266032,-11379.958333
6968|2023-09-22|Chakwal,6968|2023-09-22|Chakwal,6968,5564,Pakistan,Pakistan,Chakwal,Nowshera,2023-09-22,2023,low_vis_5km,0.3304342903922552,-0.2459778564404384,0.176968423510185,,False,False,BSh,,32.93251,72.853555,34.001624294943994,72.07847276034254,same_country_year_koppen_uncertainty_lowgap_p25,1.251126,True,True,True,0.0,0.0,0.0,11.422634,,6890.5077363636365,5967.859306722688,0.0001273239544735,,8.070635981855483,11.631497438031642,1026.1562094560388,1079.8232852946255,-0.2536849700053653,-1.0897898491742637,-1.4424107917874196,0.8009122566385677,28.019332,96161.867188,-0.590007,-1066.208334
6968|2023-09-22|Chakwal,6968|2023-09-22|Chakwal,6968,4931,Pakistan,Pakistan,Chakwal,Ameer Abad Kalay,2023-09-22,2023,low_vis_5km,0.3304342903922552,-0.2080481073219345,0.176968423510185,,False,False,BSh,,32.93251,72.853555,34.32019464619991,71.78351407650331,same_country_year_koppen_uncertainty_lowgap_p25,1.815068,True,True,True,0.0,0.005556,-0.005556,11.422634,,6890.5077363636365,2058.0354715999997,0.0001273239544735,,8.070635981855483,31.220132342467025,1026.1562094560388,1095.406670873744,-0.2536849700053653,-1.1825678524648895,-1.4424107917874196,0.4243649292129188,30.269983,96043.283854,-2.840658,-947.625
6968|2023-09-22|Chakwal,6968|2023-09-22|Chakwal,6968,7399,Pakistan,Pakistan,Chakwal,Mandi Bahauddin,2023-09-22,2023,low_vis_5km,0.3304342903922552,-0.1892729691193068,0.176968423510185,,False,False,BSh,,32.93251,72.853555,32.58021591645792,73.4826634028543,same_country_year_uncertainty_lowgap_p25,0.601413,True,False,True,0.0,0.0,0.0,11.422634,,6890.5077363636365,8682.072664705882,0.0001273239544735,,8.070635981855483,3.375021073939472,1026.1562094560388,1034.9763981389176,-0.2536849700053653,-0.4442694819787615,-1.4424107917874196,1.0385670404532332,29.853235,98033.783854,-2.42391,-2938.125
6968|2023-09-16|Chakwal,6968|2023-09-16|Chakwal,6968,5564,Pakistan,Pakistan,Chakwal,Nowshera,2023-09-16,2023,low_vis_5km,0.3304342903922552,-0.2459778564404384,0.176968423510185,,False,False,BSh,,32.93251,72.853555,34.001624294943994,72.07847276034254,same_country_year_koppen_uncertainty_lowgap_p25,1.251126,True,True,True,0.0,0.0,0.0,2.474308,,6890.5077363636365,5967.859306722688,0.0001273239544735,,8.070635981855483,11.631497438031642,1026.1562094560388,1079.8232852946255,-0.2536849700053653,-1.0897898491742637,-1.4424107917874196,0.8009122566385677,29.027999,96153.721354,0.254801,-1074.333333
6968|2023-09-16|Chakwal,6968|2023-09-16|Chakwal,6968,4931,Pakistan,Pakistan,Chakwal,Ameer Abad Kalay,2023-09-16,2023,low_vis_5km,0.3304342903922552,-0.2080481073219345,0.176968423510185,,False,False,BSh,,32.93251,72.853555,34.32019464619991,71.78351407650331,same_country_year_koppen_uncertainty_lowgap_p25,1.815068,True,True,True,0.0,0.0,0.0,2.474308,,6890.5077363636365,2058.0354715999997,0.0001273239544735,,8.070635981855483,31.220132342467025,1026.1562094560388,1095.406670873744,-0.2536849700053653,-1.1825678524648895,-1.4424107917874196,0.4243649292129188,30.266687,96040.721354,-0.983887,-961.333333
6968|2023-09-16|Chakwal,6968|2023-09-16|Chakwal,6968,7399,Pakistan,Pakistan,Chakwal,Mandi Bahauddin,2023-09-16,2023,low_vis_5km,0.3304342903922552,-0.1892729691193068,0.176968423510185,,False,False,BSh,,32.93251,72.853555,32.58021591645792,73.4826634028543,same_country_year_uncertainty_lowgap_p25,0.601413,True,False,True,0.0,0.0,0.0,2.474308,,6890.5077363636365,8682.072664705882,0.0001273239544735,,8.070635981855483,3.375021073939472,1026.1562094560388,1034.9763981389176,-0.2536849700053653,-0.4442694819787615,-1.4424107917874196,1.0385670404532332,30.67782,97996.679688,-1.39502,-2917.291667
6511|2023-01-07|Kot Addu,6511|2023-01-07|Kot Addu,6511,6228,Pakistan,Pakistan,Kot Addu,Layyah,2023-01-07,2023,low_vis_5km,0.3067164377283214,-0.3432253598559396,0.2055098348216891,,False,False,BWh,,30.45738,70.967571,30.968234457690944,70.94803619058457,same_country_year_koppen_uncertainty_lowgap_p25,1.102592,True,True,True,0.0,0.003333,-0.003333,0.0,,6059.579273076923,6096.643668,0.0001273239544735,,4.153397168089313,52.13439063193045,701.5498972734302,745.247208044932,-0.7392890378263737,-1.5076504453321968,-1.314984049149951,0.9615637634606528,10.25979,100302.752604,-0.066081,273.208334
6511|2023-01-07|Kot Addu,6511|2023-01-07|Kot Addu,6511,6841,Pakistan,Pakistan,Kot Addu,Joharabad,2023-01-07,2023,low_vis_5km,0.3067164377283214,-0.3568884163581589,0.2055098348216891,,False,False,BWh,,30.45738,70.967571,32.2941027805159,72.3033929235665,same_country_year_koppen_uncertainty_lowgap_p25,2.104419,True,True,True,0.0,0.0,0.0,0.0,,6059.579273076923,7185.213682352941,0.0001273239544735,,4.153397168089313,32.44073382262003,701.5498972734302,939.2070199379774,-0.7392890378263737,-2.147942685679843,-1.314984049149951,0.6782412155412504,8.539657,99205.919271,1.654052,1370.041667
6511|2023-01-07|Kot Addu,6511|2023-01-07|Kot Addu,6511,7085,Pakistan,Pakistan,Kot Addu,Sargodha,2023-01-07,2023,low_vis_5km,0.3067164377283214,-0.2925435649352909,0.2055098348216891,,False,False,BWh,,30.45738,70.967571,32.070230643021624,72.68028096370735,same_country_year_koppen_uncertainty_lowgap_p25,2.986705,True,True,True,0.0,0.015556,-0.015556,0.0,,6059.579273076923,12935.935841463415,0.0001273239544735,,4.153397168089313,2.772147320155872,701.5498972734302,942.770474279186,-0.7392890378263737,-1.7882130607182434,-1.314984049149951,0.8060588377573616,7.965926,99895.419271,2.227783,680.541667
6511|2023-12-31|Kot Addu,6511|2023-12-31|Kot Addu,6511,6228,Pakistan,Pakistan,Kot Addu,Layyah,2023-12-31,2023,fog,0.3067164377283214,-0.3432253598559396,0.2055098348216891,,False,False,BWh,,30.45738,70.967571,30.968234457690944,70.94803619058457,same_country_year_koppen_uncertainty_lowgap_p25,1.102592,True,True,True,0.0,0.0,0.0,0.006676,,6059.579273076923,6096.643668,0.0001273239544735,,4.153397168089313,52.13439063193045,701.5498972734302,745.247208044932,-0.7392890378263737,-1.5076504453321968,-1.314984049149951,0.9615637634606528,11.307214,99963.122396,0.860515,272.416666
6511|2023-12-31|Kot Addu,6511|2023-12-31|Kot Addu,6511,6841,Pakistan,Pakistan,Kot Addu,Joharabad,2023-12-31,2023,fog,0.3067164377283214,-0.3568884163581589,0.2055098348216891,,False,False,BWh,,30.45738,70.967571,32.2941027805159,72.3033929235665,same_country_year_koppen_uncertainty_lowgap_p25,2.104419,True,True,True,0.0,0.0,0.0,0.006676,,6059.579273076923,7185.213682352941,0.0001273239544735,,4.153397168089313,32.44073382262003,701.5498972734302,939.2070199379774,-0.7392890378263737,-2.147942685679843,-1.314984049149951,0.6782412155412504,11.938399,98909.914062,0.22933,1325.625
6511|2023-12-31|Kot Addu,6511|2023-12-31|Kot Addu,6511,7085,Pakistan,Pakistan,Kot Addu,Sargodha,2023-12-31,2023,fog,0.3067164377283214,-0.2925435649352909,0.2055098348216891,,False,False,BWh,,30.45738,70.967571,32.070230643021624,72.68028096370735,same_country_year_koppen_uncertainty_lowgap_p25,2.986705,True,True,True,0.0,0.0,0.0,0.006676,,6059.579273076923,12935.935841463415,0.0001273239544735,,4.153397168089313,2.772147320155872,701.5498972734302,942.770474279186,-0.7392890378263737,-1.7882130607182434,-1.314984049149951,0.8060588377573616,10.045821,99602.664062,2.121908,632.875
7176|2023-12-30|Khewra,7176|2023-12-30|Khewra,7176,7399,Pakistan,Pakistan,Khewra,Mandi Bahauddin,2023-12-30,2023,fog,0.3041443331875726,-0.1892729691193068,0.2200431915017802,,False,False,,,32.632324,73.018358,32.58021591645792,73.4826634028543,same_country_year_koppen_uncertainty_lowgap_p25,0.48457,True,True,True,0.0,0.0,0.0,0.0,,8394.07191,8682.072664705882,0.000254647908947,,0.5368572957692995,3.375021073939472,1010.4848097651604,1034.9763981389176,-0.3860840044616166,-0.4442694819787615,-1.2500980390952887,1.0385670404532332,10.918939,99355.492188,0.850342,-3717.541667
7176|2023-12-30|Khewra,7176|2023-12-30|Khewra,7176,5467,Pakistan,Pakistan,Khewra,Amangarh,2023-12-30,2023,fog,0.3041443331875726,-0.3670056367329687,0.2200431915017802,,False,False,,,32.632324,73.018358,33.99658327683414,71.90435027663186,same_country_year_koppen_uncertainty_lowgap_p25,0.530096,True,True,True,0.0,0.0,0.0,0.0,,8394.07191,7494.936557777777,0.000254647908947,,0.5368572957692995,6.4378436073805,1010.4848097651604,1070.9867148523756,-0.3860840044616166,-1.1951379234499095,-1.2500980390952887,1.0710100454805644,12.882399,97334.117188,-1.113118,-1696.166667
7176|2023-12-30|Khewra,7176|2023-12-30|Khewra,7176,6631,Pakistan,Pakistan,Khewra,Badin,2023-12-30,2023,fog,0.3041443331875726,-0.210625182997871,0.2200431915017802,,False,False,,,32.632324,73.018358,24.656401145864276,68.84118416798327,same_country_year_koppen_uncertainty_lowgap_p25,0.717244,True,True,True,0.0,0.0,0.0,0.0,,8394.07191,7819.094623529412,0.000254647908947,,0.5368572957692995,21.496772837018582,1010.4848097651604,90.04696235204608,-0.3860840044616166,-0.8798337828003152,-1.2500980390952887,0.740977387913378,18.381016,101560.700521,-6.611735,-5922.75
4225|2023-12-14|Stalowa Wola,4225|2023-12-14|Stalowa Wola,4225,3403,Poland,Poland,Stalowa Wola,Bełchatów,2023-12-14,2023,low_ceiling_300m,0.3016444340103102,-0.2084375545462639,0.296299538901535,,False,False,Dfb,,50.564298,22.058214,51.35896353742977,19.375143003940927,same_country_year_koppen_uncertainty_lowgap_p25,0.280249,True,True,True,0.0,0.0,0.0,0.24271,,3356.946019375,3423.068758666667,0.0001273239544735,,7.639868288311741,3.4770926585272535,349.8358306884888,233.8785275089932,1.5738131160725,1.557321338959636,-0.9096419260976352,1.2837136828585476,2.539864,98767.196452,-0.687382,185.071777
4225|2023-12-14|Stalowa Wola,4225|2023-12-14|Stalowa Wola,4225,1080,Poland,Poland,Stalowa Wola,Słupsk,2023-12-14,2023,low_ceiling_300m,0.3016444340103102,-0.3359052952775624,0.296299538901535,,False,False,Dfb,,50.564298,22.058214,54.463339597672,17.024806823494853,same_country_year_koppen_uncertainty_lowgap_p25,0.619418,True,True,True,0.0,0.0,0.0,0.24271,,3356.946019375,4364.374916842105,0.0001273239544735,,7.639868288311741,7.495769561299709,349.8358306884888,13.174767989702383,1.5738131160725,1.562182104276344,-0.9096419260976352,1.904430453742904,1.917424,101068.101562,-0.064942,-2115.833333
4225|2023-12-14|Stalowa Wola,4225|2023-12-14|Stalowa Wola,4225,3349,Poland,Poland,Stalowa Wola,Płock,2023-12-14,2023,low_ceiling_300m,0.3016444340103102,-0.2516589681124784,0.296299538901535,,False,False,Dfb,,50.564298,22.058214,52.54403783538433,19.72281251128816,same_country_year_koppen_uncertainty_lowgap_p25,0.74136,True,True,True,0.0,0.0,0.0,0.24271,,3356.946019375,3217.812315,0.0001273239544735,,7.639868288311741,1.4428704037794438,349.8358306884888,144.2506016126202,1.5738131160725,0.7043100091154214,-0.9096419260976352,1.1472967099123008,1.697127,100016.559896,0.155355,-1064.291667
4225|2023-01-22|Stalowa Wola,4225|2023-01-22|Stalowa Wola,4225,3403,Poland,Poland,Stalowa Wola,Bełchatów,2023-01-22,2023,low_ceiling_1000m,0.3016444340103102,-0.2084375545462639,0.296299538901535,,False,False,Dfb,,50.564298,22.058214,51.35896353742977,19.375143003940927,same_country_year_koppen_uncertainty_lowgap_p25,0.280249,True,True,True,0.0,0.0,0.0,0.28491,,3356.946019375,3423.068758666667,0.0001273239544735,,7.639868288311741,3.4770926585272535,349.8358306884888,233.8785275089932,1.5738131160725,1.557321338959636,-0.9096419260976352,1.2837136828585476,0.968708,100338.5166,0.625616,241.806317
4225|2023-01-22|Stalowa Wola,4225|2023-01-22|Stalowa Wola,4225,1080,Poland,Poland,Stalowa Wola,Słupsk,2023-01-22,2023,low_ceiling_1000m,0.3016444340103102,-0.3359052952775624,0.296299538901535,,False,False,Dfb,,50.564298,22.058214,54.463339597672,17.024806823494853,same_country_year_koppen_uncertainty_lowgap_p25,0.619418,True,True,True,0.0,0.0,0.0,0.28491,,3356.946019375,4364.374916842105,0.0001273239544735,,7.639868288311741,7.495769561299709,349.8358306884888,13.174767989702383,1.5738131160725,1.562182104276344,-0.9096419260976352,1.904430453742904,1.340662,102806.322917,0.253662,-2226.0
4225|2023-01-22|Stalowa Wola,4225|2023-01-22|Stalowa Wola,4225,3349,Poland,Poland,Stalowa Wola,Płock,2023-01-22,2023,low_ceiling_1000m,0.3016444340103102,-0.2516589681124784,0.296299538901535,,False,False,Dfb,,50.564298,22.058214,52.54403783538433,19.72281251128816,same_country_year_koppen_uncertainty_lowgap_p25,0.74136,True,True,True,0.0,0.0,0.0,0.28491,,3356.946019375,3217.812315,0.0001273239544735,,7.639868288311741,1.4428704037794438,349.8358306884888,144.2506016126202,1.5738131160725,0.7043100091154214,-0.9096419260976352,1.1472967099123008,0.995447,101742.322917,0.598877,-1162.0
6023|2023-11-27|Ciudad Valles,6023|2023-11-27|Ciudad Valles,6023,5931,México,México,Ciudad Valles,Tlaxcala,2023-11-27,2023,low_ceiling_1000m,0.2961605393634641,-0.2407898240340542,0.3082939356796825,,False,False,,,21.997964,-99.011314,19.320166608173352,-98.20864277768524,same_country_year_koppen_uncertainty_lowgap_p25,0.837102,True,True,True,0.053333,0.0,0.053333,5.245686,,3522.665821875,3270.2578887096774,0.0001273239544735,,5.046969075707412,4.564715560913405,119.2622508650016,177.75175836089892,0.6667952709394886,0.2810991644782825,-0.8560914238236068,1.1768081180998122,14.443262,75830.315104,6.820312,24479.541667
6023|2023-11-27|Ciudad Valles,6023|2023-11-27|Ciudad Valles,6023,913,México,México,Ciudad Valles,Tecate,2023-11-27,2023,low_ceiling_1000m,0.2961605393634641,-0.2818214343710575,0.3082939356796825,,False,False,,,21.997964,-99.011314,32.5646551549511,-116.62289751088105,same_country_year_koppen_uncertainty_lowgap_p25,0.883565,True,True,True,0.053333,0.0,0.053333,5.245686,,3522.665821875,3351.1524165,0.0001273239544735,,5.046969075707412,2.9877776863311936,119.2622508650016,46.533200544990414,0.6667952709394886,0.6055185127409468,-0.8560914238236068,1.3634531169016264,11.66665,91628.690104,9.596924,8681.166667
6023|2023-11-27|Ciudad Valles,6023|2023-11-27|Ciudad Valles,6023,5665,México,México,Ciudad Valles,Los Reyes Acozac,2023-11-27,2023,low_ceiling_1000m,0.2961605393634641,-0.2277088804695873,0.3082939356796825,,False,False,,,21.997964,-99.011314,19.769817801191763,-98.98357972298383,same_country_year_koppen_uncertainty_lowgap_p25,0.895327,True,True,True,0.053333,0.0,0.053333,5.245686,,3522.665821875,2881.8143990476187,0.0001273239544735,,5.046969075707412,2.1303144332224124,119.2622508650016,205.77910967433348,0.6667952709394886,0.1728729523905792,-0.8560914238236068,0.8779806802275888,16.290674,77995.231771,4.9729,22314.625
6023|2023-11-20|Ciudad Valles,6023|2023-11-20|Ciudad Valles,6023,5931,México,México,Ciudad Valles,Tlaxcala,2023-11-20,2023,fog,0.2961605393634641,-0.2407898240340542,0.3082939356796825,,False,False,,,21.997964,-99.011314,19.320166608173352,-98.20864277768524,same_country_year_koppen_uncertainty_lowgap_p25,0.837102,True,True,True,0.0,0.0,0.0,0.0,,3522.665821875,3270.2578887096774,0.0001273239544735,,5.046969075707412,4.564715560913405,119.2622508650016,177.75175836089892,0.6667952709394886,0.2810991644782825,-0.8560914238236068,1.1768081180998122,16.67547,75619.708333,8.301025,23216.333334
6023|2023-11-20|Ciudad Valles,6023|2023-11-20|Ciudad Valles,6023,913,México,México,Ciudad Valles,Tecate,2023-11-20,2023,fog,0.2961605393634641,-0.2818214343710575,0.3082939356796825,,False,False,,,21.997964,-99.011314,32.5646551549511,-116.62289751088105,same_country_year_koppen_uncertainty_lowgap_p25,0.883565,True,True,True,0.0,0.0,0.0,0.0,,3522.665821875,3351.1524165,0.0001273239544735,,5.046969075707412,2.9877776863311936,119.2622508650016,46.533200544990414,0.6667952709394886,0.6055185127409468,-0.8560914238236068,1.3634531169016264,12.419936,91738.0,12.556559,7098.041667
6023|2023-11-20|Ciudad Valles,6023|2023-11-20|Ciudad Valles,6023,5665,México,México,Ciudad Valles,Los Reyes Acozac,2023-11-20,2023,fog,0.2961605393634641,-0.2277088804695873,0.3082939356796825,,False,False,,,21.997964,-99.011314,19.769817801191763,-98.98357972298383,same_country_year_koppen_uncertainty_lowgap_p25,0.895327,True,True,True,0.0,0.0,0.0,0.0,,3522.665821875,2881.8143990476187,0.0001273239544735,,5.046969075707412,2.1303144332224124,119.2622508650016,205.77910967433348,0.6667952709394886,0.1728729523905792,-0.8560914238236068,0.8779806802275888,19.375747,77700.208333,5.600748,21135.833334
1707|2023-08-27|Mutare,1707|2023-08-27|Mutare,1707,1098,Zimbabwe,Zimbabwe,Mutare,Chinhoyi,2023-08-27,2023,low_vis_5km,0.2869017542399675,-0.3002614014705785,0.3144808264752232,,False,False,,,-18.978664,32.650351,-17.376612140516027,30.1882093677029,same_country_year_uncertainty_lowgap_p25,0.978857,True,False,True,0.0,0.0,0.0,4.431248,,3272.9704666666667,3713.623530833333,0.0001273239544735,,3.1885026956436096,12.789585322621358,197.02526392576624,498.7847441455162,-0.4144171049307677,-1.725424076763998,-0.8284692669328675,0.7851467802999851,21.074162,88255.497396,-4.736491,2661.541666
1707|2023-08-27|Mutare,1707|2023-08-27|Mutare,1707,117,Zimbabwe,Zimbabwe,Mutare,Bulawayo,2023-08-27,2023,low_vis_5km,0.2869017542399675,-0.2134925160801267,0.3144808264752232,,False,False,,,-18.978664,32.650351,-20.162713171390248,28.55089171133472,same_country_year_uncertainty_lowgap_p25,1.296958,True,False,True,0.0,0.0,0.0,4.431248,,3272.9704666666667,2768.831316763006,0.0001273239544735,,3.1885026956436096,6.827182144344214,197.02526392576624,580.5680949613974,-0.4144171049307677,-0.7484792838175588,-0.8284692669328675,1.105472594997548,13.358097,87364.039062,2.979574,3553.0
1707|2023-08-27|Mutare,1707|2023-08-27|Mutare,1707,862,Zimbabwe,Zimbabwe,Mutare,Kadoma,2023-08-27,2023,low_vis_5km,0.2869017542399675,-0.2571763324593217,0.3144808264752232,,False,True,,,-18.978664,32.650351,-18.33969097597462,29.90028436283703,same_country_year_lowgap_p25,0.845011,True,True,False,0.0,0.0,0.0,4.431248,,3272.9704666666667,3677.6985909090913,0.0001273239544735,,3.1885026956436096,5.094071924042521,197.02526392576624,472.6184875629503,-0.4144171049307677,-1.598512364189826,-0.8284692669328675,0.6659936554104504,19.098169,89426.705729,-2.760498,1490.333333
1707|2023-09-13|Mutare,1707|2023-09-13|Mutare,1707,1098,Zimbabwe,Zimbabwe,Mutare,Chinhoyi,2023-09-13,2023,fog,0.2869017542399675,-0.3002614014705785,0.3144808264752232,,False,False,,,-18.978664,32.650351,-17.376612140516027,30.1882093677029,same_country_year_uncertainty_lowgap_p25,0.978857,True,False,True,0.0,0.0,0.0,4.880428,,3272.9704666666667,3713.623530833333,0.0001273239544735,,3.1885026956436096,12.789585322621358,197.02526392576624,498.7847441455162,-0.4144171049307677,-1.725424076763998,-0.8284692669328675,0.7851467802999851,20.260522,88229.710938,-5.36971,2625.458333
1707|2023-09-13|Mutare,1707|2023-09-13|Mutare,1707,117,Zimbabwe,Zimbabwe,Mutare,Bulawayo,2023-09-13,2023,fog,0.2869017542399675,-0.2134925160801267,0.3144808264752232,,False,False,,,-18.978664,32.650351,-20.162713171390248,28.55089171133472,same_country_year_uncertainty_lowgap_p25,1.296958,True,False,True,0.0,0.0,0.0,4.880428,,3272.9704666666667,2768.831316763006,0.0001273239544735,,3.1885026956436096,6.827182144344214,197.02526392576624,580.5680949613974,-0.4144171049307677,-0.7484792838175588,-0.8284692669328675,1.105472594997548,12.494084,87242.835938,2.396728,3612.333333
1707|2023-09-13|Mutare,1707|2023-09-13|Mutare,1707,862,Zimbabwe,Zimbabwe,Mutare,Kadoma,2023-09-13,2023,fog,0.2869017542399675,-0.2571763324593217,0.3144808264752232,,False,True,,,-18.978664,32.650351,-18.33969097597462,29.90028436283703,same_country_year_lowgap_p25,0.845011,True,True,False,0.0,0.0,0.0,4.880428,,3272.9704666666667,3677.6985909090913,0.0001273239544735,,3.1885026956436096,5.094071924042521,197.02526392576624,472.6184875629503,-0.4144171049307677,-1.598512364189826,-0.8284692669328675,0.6659936554104504,19.356226,89360.502604,-4.465414,1494.666667
6297|2023-01-07|Kishoreganj,6297|2023-01-07|Kishoreganj,6297,6361,Bangladesh,Bangladesh,Kishoreganj,Kapashia,2023-01-07,2023,fog,0.2819921614099885,-0.2165916032266712,0.2065604389190451,,False,False,Aw,,24.342567,90.732515,24.099697572531003,90.5646500463687,same_country_year_koppen_uncertainty_lowgap_p25,2.237832,True,True,True,0.0,0.0,0.0,0.0,,2395.451132996633,2297.2936166666664,0.0001273239544735,,22.633372150208977,29.448542997637205,86.81902036669517,57.897297005778405,0.0083586332518171,0.393762439524084,-1.3102934942062403,0.8717917535657485,15.412459,101490.377604,0.686687,-20.458333
6297|2023-01-07|Kishoreganj,6297|2023-01-07|Kishoreganj,6297,5589,Bangladesh,Bangladesh,Kishoreganj,Kalihati,2023-01-07,2023,fog,0.2819921614099885,-0.1894369707729851,0.2065604389190451,,False,False,Aw,,24.342567,90.732515,24.343135708512413,90.00443312527783,same_country_year_koppen_uncertainty_lowgap_p25,2.428598,True,True,True,0.0,0.0,0.0,0.0,,2395.451132996633,2295.867111851852,0.0001273239544735,,22.633372150208977,64.4163942466896,86.81902036669517,99.8063846603278,0.0083586332518171,-0.417144014513868,-1.3102934942062403,0.4150489659219386,15.060734,101580.377604,1.038412,-110.458333
6297|2023-01-07|Kishoreganj,6297|2023-01-07|Kishoreganj,6297,5635,Bangladesh,Bangladesh,Kishoreganj,Noapara,2023-01-07,2023,fog,0.2819921614099885,-0.1946379679706946,0.2065604389190451,,False,False,Aw,,24.342567,90.732515,23.024095241954967,89.40591302488919,same_country_year_koppen_uncertainty_lowgap_p25,2.487203,True,True,True,0.0,0.0,0.0,0.0,,2395.451132996633,4699.5242875,0.0001273239544735,,22.633372150208977,29.356432077122776,86.81902036669517,83.89886090371226,0.0083586332518171,0.026906447722771,-1.3102934942062403,0.6552444669977807,14.472762,101582.460938,1.626384,-112.541667
6297|2023-01-08|Kishoreganj,6297|2023-01-08|Kishoreganj,6297,6361,Bangladesh,Bangladesh,Kishoreganj,Kapashia,2023-01-08,2023,low_vis_5km,0.2819921614099885,-0.2165916032266712,0.2065604389190451,,False,False,Aw,,24.342567,90.732515,24.099697572531003,90.5646500463687,same_country_year_koppen_uncertainty_lowgap_p25,2.237832,True,True,True,0.0,0.0,0.0,0.000477,,2395.451132996633,2297.2936166666664,0.0001273239544735,,22.633372150208977,29.448542997637205,86.81902036669517,57.897297005778405,0.0083586332518171,0.393762439524084,-1.3102934942062403,0.8717917535657485,16.715295,101513.916667,0.403158,-15.958334
6297|2023-01-08|Kishoreganj,6297|2023-01-08|Kishoreganj,6297,5589,Bangladesh,Bangladesh,Kishoreganj,Kalihati,2023-01-08,2023,low_vis_5km,0.2819921614099885,-0.1894369707729851,0.2065604389190451,,False,False,Aw,,24.342567,90.732515,24.343135708512413,90.00443312527783,same_country_year_koppen_uncertainty_lowgap_p25,2.428598,True,True,True,0.0,0.0,0.0,0.000477,,2395.451132996633,2295.867111851852,0.0001273239544735,,22.633372150208977,64.4163942466896,86.81902036669517,99.8063846603278,0.0083586332518171,-0.417144014513868,-1.3102934942062403,0.4150489659219386,16.299931,101603.125,0.818522,-105.166667
6297|2023-01-08|Kishoreganj,6297|2023-01-08|Kishoreganj,6297,5635,Bangladesh,Bangladesh,Kishoreganj,Noapara,2023-01-08,2023,low_vis_5km,0.2819921614099885,-0.1946379679706946,0.2065604389190451,,False,False,Aw,,24.342567,90.732515,23.024095241954967,89.40591302488919,same_country_year_koppen_uncertainty_lowgap_p25,2.487203,True,True,True,0.0,0.0,0.0,0.000477,,2395.451132996633,4699.5242875,0.0001273239544735,,22.633372150208977,29.356432077122776,86.81902036669517,83.89886090371226,0.0083586332518171,0.026906447722771,-1.3102934942062403,0.6552444669977807,16.100793,101569.125,1.01766,-71.166667
2154|2023-12-27|Sammanturai,2154|2023-12-27|Sammanturai,2154,768,Sri Lanka,Sri Lanka,Sammanturai,Bandaragama,2023-12-27,2023,low_ceiling_1000m,0.2807179574460882,-0.1858235025089152,0.2341096130274908,,False,False,Aw,,7.359089,81.796456,6.717395407302171,80.0200311669557,same_country_year_uncertainty_lowgap_p25,0.866643,True,False,True,3.880556,0.197778,3.682778,12.947559,,4953.426067272727,2313.5453592105264,0.0001273239544735,,16.890620656493017,18.49466340462268,6.499692556239444,11.260295597609815,0.2215784522971876,-0.233082259956378,-1.1872967201267206,0.859479046838509,28.149154,100761.848958,-1.999268,63.416667
2154|2023-12-27|Sammanturai,2154|2023-12-27|Sammanturai,2154,335,Sri Lanka,Sri Lanka,Sammanturai,Puttalam,2023-12-27,2023,low_ceiling_1000m,0.2807179574460882,-0.3815129438229519,0.2341096130274908,,False,False,Aw,,7.359089,81.796456,8.025399173310616,79.83157813682244,same_country_year_uncertainty_lowgap_p25,1.322548,True,False,True,3.880556,0.141667,3.738889,12.947559,,4953.426067272727,3035.1289633333336,0.0001273239544735,,16.890620656493017,6.258910922298625,6.499692556239444,0.4155271311269382,0.2215784522971876,-1.016319700421205,-1.1872967201267206,1.1252120137189967,27.604313,101051.015625,-1.454427,-225.75
2154|2023-12-27|Sammanturai,2154|2023-12-27|Sammanturai,2154,1132,Sri Lanka,Sri Lanka,Sammanturai,Anuradhapura,2023-12-27,2023,low_ceiling_1000m,0.2807179574460882,-0.2943092121854553,0.2341096130274908,,False,False,Aw,,7.359089,81.796456,8.318598574304318,80.41107650907784,same_country_year_uncertainty_lowgap_p25,1.336394,True,False,True,3.880556,0.0,3.880556,12.947559,,4953.426067272727,2430.927762380953,0.0001273239544735,,16.890620656493017,2.7309725517022683,6.499692556239444,55.28586524868698,0.2215784522971876,-0.4810076934748535,-1.1872967201267206,1.2127690393349262,26.257145,99790.890625,-0.107259,1034.375
2154|2023-02-20|Sammanturai,2154|2023-02-20|Sammanturai,2154,768,Sri Lanka,Sri Lanka,Sammanturai,Bandaragama,2023-02-20,2023,low_ceiling_1000m,0.2807179574460882,-0.1858235025089152,0.2341096130274908,,False,False,Aw,,7.359089,81.796456,6.717395407302171,80.0200311669557,same_country_year_uncertainty_lowgap_p25,0.866643,True,False,True,0.701667,2.392778,-1.691111,7.462502,,4953.426067272727,2313.5453592105264,0.0001273239544735,,16.890620656493017,18.49466340462268,6.499692556239444,11.260295597609815,0.2215784522971876,-0.233082259956378,-1.1872967201267206,0.859479046838509,26.184391,100863.794271,-1.219401,-11.0
2154|2023-02-20|Sammanturai,2154|2023-02-20|Sammanturai,2154,335,Sri Lanka,Sri Lanka,Sammanturai,Puttalam,2023-02-20,2023,low_ceiling_1000m,0.2807179574460882,-0.3815129438229519,0.2341096130274908,,False,False,Aw,,7.359089,81.796456,8.025399173310616,79.83157813682244,same_country_year_uncertainty_lowgap_p25,1.322548,True,False,True,0.701667,0.0,0.701667,7.462502,,4953.426067272727,3035.1289633333336,0.0001273239544735,,16.890620656493017,6.258910922298625,6.499692556239444,0.4155271311269382,0.2215784522971876,-1.016319700421205,-1.1872967201267206,1.1252120137189967,26.551497,101067.252604,-1.586507,-214.458333
2154|2023-02-20|Sammanturai,2154|2023-02-20|Sammanturai,2154,1132,Sri Lanka,Sri Lanka,Sammanturai,Anuradhapura,2023-02-20,2023,low_ceiling_1000m,0.2807179574460882,-0.2943092121854553,0.2341096130274908,,False,False,Aw,,7.359089,81.796456,8.318598574304318,80.41107650907784,same_country_year_uncertainty_lowgap_p25,1.336394,True,False,True,0.701667,0.0,0.701667,7.462502,,4953.426067272727,2430.927762380953,0.0001273239544735,,16.890620656493017,2.7309725517022683,6.499692556239444,55.28586524868698,0.2215784522971876,-0.4810076934748535,-1.1872967201267206,1.2127690393349262,25.223617,99791.377604,-0.258627,1061.416667
2233|2023-12-27|Kalmunai,2233|2023-12-27|Kalmunai,2233,768,Sri Lanka,Sri Lanka,Kalmunai,Bandaragama,2023-12-27,2023,low_ceiling_1000m,0.2671781165369628,-0.1858235025089152,0.2467752290900601,,False,False,,,7.409923,81.829179,6.717395407302171,80.0200311669557,same_country_year_koppen_uncertainty_lowgap_p25,0.737837,True,True,True,2.794444,0.197778,2.596666,16.144753,,4518.861112,2313.5453592105264,0.0001273239544735,,21.86720946196311,18.49466340462268,2.064359348247313,11.260295597609815,-0.1299565887531283,-0.233082259956378,-1.1307494744164328,0.859479046838509,28.149154,100761.848958,-1.886882,123.625
2233|2023-12-27|Kalmunai,2233|2023-12-27|Kalmunai,2233,335,Sri Lanka,Sri Lanka,Kalmunai,Puttalam,2023-12-27,2023,low_ceiling_1000m,0.2671781165369628,-0.3815129438229519,0.2467752290900601,,False,False,,,7.409923,81.829179,8.025399173310616,79.83157813682244,same_country_year_koppen_uncertainty_lowgap_p25,1.149708,True,True,True,2.794444,0.141667,2.652777,16.144753,,4518.861112,3035.1289633333336,0.0001273239544735,,21.86720946196311,6.258910922298625,2.064359348247313,0.4155271311269382,-0.1299565887531283,-1.016319700421205,-1.1307494744164328,1.1252120137189967,27.604313,101051.015625,-1.342041,-165.541667
2233|2023-12-27|Kalmunai,2233|2023-12-27|Kalmunai,2233,1132,Sri Lanka,Sri Lanka,Kalmunai,Anuradhapura,2023-12-27,2023,low_ceiling_1000m,0.2671781165369628,-0.2943092121854553,0.2467752290900601,,False,False,,,7.409923,81.829179,8.318598574304318,80.41107650907784,same_country_year_koppen_uncertainty_lowgap_p25,1.226376,True,True,True,2.794444,0.0,2.794444,16.144753,,4518.861112,2430.927762380953,0.0001273239544735,,21.86720946196311,2.7309725517022683,2.064359348247313,55.28586524868698,-0.1299565887531283,-0.4810076934748535,-1.1307494744164328,1.2127690393349262,26.257145,99790.890625,0.005127,1094.583333
2233|2023-02-20|Kalmunai,2233|2023-02-20|Kalmunai,2233,768,Sri Lanka,Sri Lanka,Kalmunai,Bandaragama,2023-02-20,2023,low_ceiling_1000m,0.2671781165369628,-0.1858235025089152,0.2467752290900601,,False,False,,,7.409923,81.829179,6.717395407302171,80.0200311669557,same_country_year_koppen_uncertainty_lowgap_p25,0.737837,True,True,True,1.765556,2.392778,-0.627222,8.422852,,4518.861112,2313.5453592105264,0.0001273239544735,,21.86720946196311,18.49466340462268,2.064359348247313,11.260295597609815,-0.1299565887531283,-0.233082259956378,-1.1307494744164328,0.859479046838509,26.184391,100863.794271,-0.828206,39.25
2233|2023-02-20|Kalmunai,2233|2023-02-20|Kalmunai,2233,335,Sri Lanka,Sri Lanka,Kalmunai,Puttalam,2023-02-20,2023,low_ceiling_1000m,0.2671781165369628,-0.3815129438229519,0.2467752290900601,,False,False,,,7.409923,81.829179,8.025399173310616,79.83157813682244,same_country_year_koppen_uncertainty_lowgap_p25,1.149708,True,True,True,1.765556,0.0,1.765556,8.422852,,4518.861112,3035.1289633333336,0.0001273239544735,,21.86720946196311,6.258910922298625,2.064359348247313,0.4155271311269382,-0.1299565887531283,-1.016319700421205,-1.1307494744164328,1.1252120137189967,26.551497,101067.252604,-1.195312,-164.208333
2233|2023-02-20|Kalmunai,2233|2023-02-20|Kalmunai,2233,1132,Sri Lanka,Sri Lanka,Kalmunai,Anuradhapura,2023-02-20,2023,low_ceiling_1000m,0.2671781165369628,-0.2943092121854553,0.2467752290900601,,False,False,,,7.409923,81.829179,8.318598574304318,80.41107650907784,same_country_year_koppen_uncertainty_lowgap_p25,1.226376,True,True,True,1.765556,0.0,1.765556,8.422852,,4518.861112,2430.927762380953,0.0001273239544735,,21.86720946196311,2.7309725517022683,2.064359348247313,55.28586524868698,-0.1299565887531283,-0.4810076934748535,-1.1307494744164328,1.2127690393349262,25.223617,99791.377604,0.132568,1111.666667
6240|2023-10-09|Ar Riyaḑ,6240|2023-10-09|Ar Riyaḑ,6240,4343,Egypt,Egypt,Ar Riyaḑ,Kafr Sarawa,2023-10-09,2023,low_vis_5km,0.2514860916179771,-0.2885265994913466,0.2643728477207728,,False,False,,,29.208553,31.168948,30.234951291994168,31.04710725723975,same_country_year_koppen_uncertainty_lowgap_p25,0.517891,True,True,True,0.0,0.0,0.0,0.006676,,5829.016627857142,4795.648309375,0.0001273239544735,,15.017933012951527,18.25307813402828,120.61654875796135,130.3340704863229,-0.1847876774792394,-0.5632446195878471,-1.052182679109282,1.2929644995530871,26.779535,101001.979167,0.335368,-762.875
6240|2023-10-09|Ar Riyaḑ,6240|2023-10-09|Ar Riyaḑ,6240,4457,Egypt,Egypt,Ar Riyaḑ,Kafr Awn,2023-10-09,2023,low_vis_5km,0.2514860916179771,-0.3035303697466909,0.2643728477207728,,False,False,,,29.208553,31.168948,30.266501331696983,31.05128035222359,same_country_year_koppen_uncertainty_lowgap_p25,0.537717,True,True,True,0.0,0.0,0.0,0.006676,,5829.016627857142,4829.8933,0.0001273239544735,,15.017933012951527,21.14811628480601,120.61654875796135,127.03901839693332,-0.1847876774792394,-0.7549742514219191,-1.052182679109282,1.1080133122587246,26.779535,101001.979167,0.335368,-762.875
6240|2023-10-09|Ar Riyaḑ,6240|2023-10-09|Ar Riyaḑ,6240,6011,Egypt,Egypt,Ar Riyaḑ,Al Tallin,2023-10-09,2023,low_vis_5km,0.2514860916179771,-0.3381644539750151,0.2643728477207728,,False,False,,,29.208553,31.168948,30.561986687876452,31.38126226587701,same_country_year_koppen_uncertainty_lowgap_p25,0.610173,True,True,True,0.0,0.0,0.0,0.006676,,5829.016627857142,5028.490038666667,0.0001273239544735,,15.017933012951527,24.392739416633248,120.61654875796135,86.10170308341412,-0.1847876774792394,-0.935519534324912,-1.052182679109282,1.0925084223059036,27.189528,101408.854167,-0.074625,-1169.75
1553|2023-07-07|Sihanoukville,1553|2023-07-07|Sihanoukville,1553,1741,Cambodia,Cambodia,Sihanoukville,Phnom Penh,2023-07-07,2023,strong_wind,0.2420273467117142,-0.2951300814577834,0.4198914375766066,,False,False,Am,,10.625497,103.521947,11.549736533275404,104.89217523547347,same_country_year_uncertainty_lowgap_p25,5.510868,True,False,True,0.0,0.226111,-0.226111,4.98724,,2867.3835114285716,6050.508531073447,0.0001273239544735,,12.66488348295663,2.984937614622492,1.6779185832697148,132.29969846601855,0.8705771727686318,-0.4767017441408498,-0.3578502542472468,1.4518570482712807,29.730178,100821.322917,-1.228265,252.944987
1553|2023-07-07|Sihanoukville,1553|2023-07-07|Sihanoukville,1553,7695,Cambodia,India,Sihanoukville,Uran,2023-07-07,2023,strong_wind,0.2420273467117142,-0.2346868418729749,0.4198914375766066,,False,False,Am,,10.625497,103.521947,18.884203961431137,72.95855661773533,same_year_koppen_uncertainty_lowgap_p25,1.518392,False,True,True,0.0,13.187222,-13.187222,4.98724,,2867.3835114285716,2990.961791111111,0.0001273239544735,,12.66488348295663,10.8498951441346,1.6779185832697148,1.6692615979128906,0.8705771727686318,0.8767855099520634,-0.3578502542472468,1.126254359262043,27.166294,100102.489583,1.335619,971.778321
1553|2023-07-07|Sihanoukville,1553|2023-07-07|Sihanoukville,1553,489,Cambodia,Sri Lanka,Sihanoukville,Wennappuwa,2023-07-07,2023,strong_wind,0.2420273467117142,-0.2171693714998087,0.4198914375766066,,False,False,Am,,10.625497,103.521947,7.350495137227395,79.84376531593675,same_year_koppen_uncertainty_lowgap_p25,1.544062,False,True,True,0.0,0.0,0.0,4.98724,,2867.3835114285716,1625.7458274418605,0.0001273239544735,,12.66488348295663,21.834073704733974,1.6779185832697148,2.5084948606691957,0.8705771727686318,-0.6687702673945212,-0.3578502542472468,0.7163519744588979,27.537469,100976.40625,0.964444,97.861654
1553|2023-07-21|Sihanoukville,1553|2023-07-21|Sihanoukville,1553,1741,Cambodia,Cambodia,Sihanoukville,Phnom Penh,2023-07-21,2023,strong_wind,0.2420273467117142,-0.2951300814577834,0.4198914375766066,,False,False,Am,,10.625497,103.521947,11.549736533275404,104.89217523547347,same_country_year_uncertainty_lowgap_p25,5.510868,True,False,True,0.281111,0.017222,0.263889,148.721695,,2867.3835114285716,6050.508531073447,0.0001273239544735,,12.66488348295663,2.984937614622492,1.6779185832697148,132.29969846601855,0.8705771727686318,-0.4767017441408498,-0.3578502542472468,1.4518570482712807,26.740025,100701.661458,0.075797,306.703615
1553|2023-07-21|Sihanoukville,1553|2023-07-21|Sihanoukville,1553,7695,Cambodia,India,Sihanoukville,Uran,2023-07-21,2023,strong_wind,0.2420273467117142,-0.2346868418729749,0.4198914375766066,,False,False,Am,,10.625497,103.521947,18.884203961431137,72.95855661773533,same_year_koppen_uncertainty_lowgap_p25,1.518392,False,True,True,0.281111,8.803333,-8.522222,148.721695,,2867.3835114285716,2990.961791111111,0.0001273239544735,,12.66488348295663,10.8498951441346,1.6779185832697148,1.6692615979128906,0.8705771727686318,0.8767855099520634,-0.3578502542472468,1.126254359262043,26.75093,100208.411458,0.064892,799.953615
1553|2023-07-21|Sihanoukville,1553|2023-07-21|Sihanoukville,1553,489,Cambodia,Sri Lanka,Sihanoukville,Wennappuwa,2023-07-21,2023,strong_wind,0.2420273467117142,-0.2171693714998087,0.4198914375766066,,False,False,Am,,10.625497,103.521947,7.350495137227395,79.84376531593675,same_year_koppen_uncertainty_lowgap_p25,1.544062,False,True,True,0.281111,0.0,0.281111,148.721695,,2867.3835114285716,1625.7458274418605,0.0001273239544735,,12.66488348295663,21.834073704733974,1.6779185832697148,2.5084948606691957,0.8705771727686318,-0.6687702673945212,-0.3578502542472468,0.7163519744588979,28.340855,100806.703125,-1.525033,201.661948
2875|2023-01-12|Talavera de la Reina,2875|2023-01-12|Talavera de la Reina,2875,3842,Spain,Spain,Talavera de la Reina,Guadalajara,2023-01-12,2023,low_vis_5km,0.2363776209110644,-0.4508337519723775,0.1811416564524601,,False,False,,,39.960647,-4.832961,40.634229913464566,-3.1663363139812692,same_country_year_koppen_uncertainty_lowgap_p25,0.256706,True,True,True,0.0,0.0,0.0,0.065804,,5822.885577,5756.2522033333335,0.000254647908947,,4.721540926752777,2.3855090154630307,328.12873515964253,256.76447145100366,0.3081517777894931,0.0889560341861341,-1.4237788652054584,1.6358961832154773,3.682906,93226.84375,1.948324,3998.0
2875|2023-01-12|Talavera de la Reina,2875|2023-01-12|Talavera de la Reina,2875,3752,Spain,Spain,Talavera de la Reina,Arganda del Rey,2023-01-12,2023,low_vis_5km,0.2363776209110644,-0.3203752370989425,0.1811416564524601,,False,False,,,39.960647,-4.832961,40.306153676883895,-3.4549112097345023,same_country_year_koppen_uncertainty_lowgap_p25,0.574729,True,True,True,0.0,0.0,0.0,0.065804,,5822.885577,4665.319153636364,0.000254647908947,,4.721540926752777,13.364195388601493,328.12873515964253,291.5350327559967,0.3081517777894931,0.7385595939661138,-1.4237788652054584,1.142019835600626,4.802616,95303.385417,0.828614,1921.458333
2875|2023-01-12|Talavera de la Reina,2875|2023-01-12|Talavera de la Reina,2875,4815,Spain,Spain,Talavera de la Reina,Igualada,2023-01-12,2023,low_vis_5km,0.2363776209110644,-0.2685134761798845,0.1811416564524601,,False,False,,,39.960647,-4.832961,41.579675275803986,1.6276923055096146,same_country_year_koppen_uncertainty_lowgap_p25,0.652598,True,True,True,0.0,0.0,0.0,0.065804,,5822.885577,4412.456817692308,0.000254647908947,,4.721540926752777,1.063848877712751,328.12873515964253,36.286076800332374,0.3081517777894931,0.1900319082028781,-1.4237788652054584,0.8432575443248436,6.083866,98633.552083,-0.452636,-1408.708333
2875|2023-01-13|Talavera de la Reina,2875|2023-01-13|Talavera de la Reina,2875,3842,Spain,Spain,Talavera de la Reina,Guadalajara,2023-01-13,2023,low_vis_5km,0.2363776209110644,-0.4508337519723775,0.1811416564524601,,False,False,,,39.960647,-4.832961,40.634229913464566,-3.1663363139812692,same_country_year_koppen_uncertainty_lowgap_p25,0.256706,True,True,True,0.0,0.0,0.0,0.017166,,5822.885577,5756.2522033333335,0.000254647908947,,4.721540926752777,2.3855090154630307,328.12873515964253,256.76447145100366,0.3081517777894931,0.0889560341861341,-1.4237788652054584,1.6358961832154773,4.794733,93119.276042,1.218424,3985.0
2875|2023-01-13|Talavera de la Reina,2875|2023-01-13|Talavera de la Reina,2875,3752,Spain,Spain,Talavera de la Reina,Arganda del Rey,2023-01-13,2023,low_vis_5km,0.2363776209110644,-0.3203752370989425,0.1811416564524601,,False,False,,,39.960647,-4.832961,40.306153676883895,-3.4549112097345023,same_country_year_koppen_uncertainty_lowgap_p25,0.574729,True,True,True,0.0,0.0,0.0,0.017166,,5822.885577,4665.319153636364,0.000254647908947,,4.721540926752777,13.364195388601493,328.12873515964253,291.5350327559967,0.3081517777894931,0.7385595939661138,-1.4237788652054584,1.142019835600626,5.5711,95192.151042,0.442057,1912.125
2875|2023-01-13|Talavera de la Reina,2875|2023-01-13|Talavera de la Reina,2875,4815,Spain,Spain,Talavera de la Reina,Igualada,2023-01-13,2023,low_vis_5km,0.2363776209110644,-0.2685134761798845,0.1811416564524601,,False,False,,,39.960647,-4.832961,41.579675275803986,1.6276923055096146,same_country_year_koppen_uncertainty_lowgap_p25,0.652598,True,True,True,0.0,0.0,0.0,0.017166,,5822.885577,4412.456817692308,0.000254647908947,,4.721540926752777,1.063848877712751,328.12873515964253,36.286076800332374,0.3081517777894931,0.1900319082028781,-1.4237788652054584,0.8432575443248436,6.946018,98474.192708,-0.932861,-1369.916666
2073|2023-01-15|Baidehi,2073|2023-01-15|Baidehi,2073,1545,Nepal,Nepal,Baidehi,Pokhariya,2023-01-15,2023,low_vis_5km,0.2360166216186529,-0.2346488670882619,0.1960252144983365,,False,False,,,26.666794,86.010102,27.05424743710088,84.75168198371792,same_country_year_koppen_uncertainty_lowgap_p25,2.067996,True,True,True,0.0,0.0,0.0,0.213146,,19602.007554,7101.652189583333,0.0001273239544735,,9.728956980354084,12.71115491932764,526.1384234042198,617.7209402346427,-1.099892374990971,-0.9587005522755512,-1.3573293368362265,0.7667102935073449,14.723291,100101.255208,-0.026204,-227.666666
2073|2023-01-15|Baidehi,2073|2023-01-15|Baidehi,2073,1993,Nepal,Nepal,Baidehi,Kalaiya,2023-01-15,2023,low_vis_5km,0.2360166216186529,-0.2472639087841457,0.1960252144983365,,False,False,,,26.666794,86.010102,27.0240251589627,84.99082366474414,same_country_year_koppen_uncertainty_lowgap_p25,2.215277,True,True,True,0.0,0.0,0.0,0.213146,,19602.007554,4740.093695454546,0.0001273239544735,,9.728956980354084,15.49904247948846,526.1384234042198,603.6338439048866,-1.099892374990971,-0.8669286594281117,-1.3573293368362265,0.7160262414766958,14.446191,100272.380208,0.250896,-398.791666
2073|2023-01-15|Baidehi,2073|2023-01-15|Baidehi,2073,1909,Nepal,Nepal,Baidehi,Simara,2023-01-15,2023,low_vis_5km,0.2360166216186529,-0.2697126293458344,0.1960252144983365,,False,False,,,26.666794,86.010102,27.15248065257343,84.96777842434162,same_country_year_koppen_uncertainty_lowgap_p25,2.60408,True,True,True,0.0,0.0,0.0,0.213146,,19602.007554,3281.701896428571,0.0001273239544735,,9.728956980354084,1.4456926825173315,526.1384234042198,617.6335454909162,-1.099892374990971,-0.4613042448323841,-1.3573293368362265,1.1704237516486502,13.379378,97615.213542,1.317709,2258.375
2073|2023-01-10|Baidehi,2073|2023-01-10|Baidehi,2073,1545,Nepal,Nepal,Baidehi,Pokhariya,2023-01-10,2023,low_vis_5km,0.2360166216186529,-0.2346488670882619,0.1960252144983365,,False,False,,,26.666794,86.010102,27.05424743710088,84.75168198371792,same_country_year_koppen_uncertainty_lowgap_p25,2.067996,True,True,True,0.0,0.0,0.0,0.0,,19602.007554,7101.652189583333,0.0001273239544735,,9.728956980354084,12.71115491932764,526.1384234042198,617.7209402346427,-1.099892374990971,-0.9587005522755512,-1.3573293368362265,0.7667102935073449,12.176294,100405.757812,0.374105,-241.125
2073|2023-01-10|Baidehi,2073|2023-01-10|Baidehi,2073,1993,Nepal,Nepal,Baidehi,Kalaiya,2023-01-10,2023,low_vis_5km,0.2360166216186529,-0.2472639087841457,0.1960252144983365,,False,False,,,26.666794,86.010102,27.0240251589627,84.99082366474414,same_country_year_koppen_uncertainty_lowgap_p25,2.215277,True,True,True,0.0,0.0,0.0,0.0,,19602.007554,4740.093695454546,0.0001273239544735,,9.728956980354084,15.49904247948846,526.1384234042198,603.6338439048866,-1.099892374990971,-0.8669286594281117,-1.3573293368362265,0.7160262414766958,12.519637,100573.549479,0.030762,-408.916667
2073|2023-01-10|Baidehi,2073|2023-01-10|Baidehi,2073,1909,Nepal,Nepal,Baidehi,Simara,2023-01-10,2023,low_vis_5km,0.2360166216186529,-0.2697126293458344,0.1960252144983365,,False,False,,,26.666794,86.010102,27.15248065257343,84.96777842434162,same_country_year_koppen_uncertainty_lowgap_p25,2.60408,True,True,True,0.0,0.0,0.0,0.0,,19602.007554,3281.701896428571,0.0001273239544735,,9.728956980354084,1.4456926825173315,526.1384234042198,617.6335454909162,-1.099892374990971,-0.4613042448323841,-1.3573293368362265,1.1704237516486502,12.177026,97924.591146,0.373373,2240.041666
4942|2024-08-04|Celaya,4942|2024-08-04|Celaya,4942,6696,México,México,Celaya,Matamoros,2024-08-04,2024,low_ceiling_1000m,0.4406242367708505,-0.2653861246890704,0.1809957392167162,,False,False,BSh,,20.531576,-100.820914,25.847048265415868,-97.50931699803468,same_country_year_koppen_uncertainty_lowgap_p25,1.359312,True,True,True,0.0,0.0,0.0,0.000477,,5500.956343939394,5099.120625252525,0.0001273239544735,,6.562864635255111,8.129910296062748,328.116473165505,29.96880844717999,0.8877052833276559,1.2893169269784446,-1.424430331169863,1.7438440935172594,28.920282,101169.828125,-8.705485,-20292.541667
4942|2024-08-04|Celaya,4942|2024-08-04|Celaya,4942,4288,México,México,Celaya,San Francisco del Rincón,2024-08-04,2024,low_ceiling_1000m,0.4406242367708505,-0.1954659225046431,0.1809957392167162,,False,False,BSh,,20.531576,-100.820914,21.025504865614927,-101.8607450821336,same_country_year_koppen_uncertainty_lowgap_p25,1.434046,True,True,True,0.0,0.0,0.0,0.000477,,5500.956343939394,4393.776685714286,0.0001273239544735,,6.562864635255111,16.709251224239814,328.116473165505,324.4454119629594,0.8877052833276559,-0.2550699430867042,-1.424430331169863,0.5353095829509606,21.333938,81946.786458,-1.119141,-1069.5
4942|2024-08-04|Celaya,4942|2024-08-04|Celaya,4942,4212,México,México,Celaya,Aguascalientes,2024-08-04,2024,low_ceiling_1000m,0.4406242367708505,-0.2246054512847671,0.1809957392167162,,False,False,BSh,,20.531576,-100.820914,21.88787978958307,-102.28936613173036,same_country_year_koppen_uncertainty_lowgap_p25,1.627137,True,True,True,0.0,0.0,0.0,0.000477,,5500.956343939394,5888.667485915494,0.0001273239544735,,6.562864635255111,1.1414261947941498,328.116473165505,284.26998841687225,0.8877052833276559,0.2693594444462144,-1.424430331169863,1.198436788118033,20.22676,80313.286458,-0.011963,564.0
4942|2024-07-29|Celaya,4942|2024-07-29|Celaya,4942,6696,México,México,Celaya,Matamoros,2024-07-29,2024,low_ceiling_1000m,0.4406242367708505,-0.2653861246890704,0.1809957392167162,,False,False,BSh,,20.531576,-100.820914,25.847048265415868,-97.50931699803468,same_country_year_koppen_uncertainty_lowgap_p25,1.359312,True,True,True,0.0,0.0,0.0,0.814915,,5500.956343939394,5099.120625252525,0.0001273239544735,,6.562864635255111,8.129910296062748,328.116473165505,29.96880844717999,0.8877052833276559,1.2893169269784446,-1.424430331169863,1.7438440935172594,29.762516,101385.111979,-9.378825,-20409.458333
4942|2024-07-29|Celaya,4942|2024-07-29|Celaya,4942,4288,México,México,Celaya,San Francisco del Rincón,2024-07-29,2024,low_ceiling_1000m,0.4406242367708505,-0.1954659225046431,0.1809957392167162,,False,False,BSh,,20.531576,-100.820914,21.025504865614927,-101.8607450821336,same_country_year_koppen_uncertainty_lowgap_p25,1.434046,True,True,True,0.0,0.257778,-0.257778,0.814915,,5500.956343939394,4393.776685714286,0.0001273239544735,,6.562864635255111,16.709251224239814,328.116473165505,324.4454119629594,0.8877052833276559,-0.2550699430867042,-1.424430331169863,0.5353095829509606,21.604557,82047.903646,-1.220866,-1072.25
4942|2024-07-29|Celaya,4942|2024-07-29|Celaya,4942,4212,México,México,Celaya,Aguascalientes,2024-07-29,2024,low_ceiling_1000m,0.4406242367708505,-0.2246054512847671,0.1809957392167162,,False,False,BSh,,20.531576,-100.820914,21.88787978958307,-102.28936613173036,same_country_year_koppen_uncertainty_lowgap_p25,1.627137,True,True,True,0.0,0.0,0.0,0.814915,,5500.956343939394,5888.667485915494,0.0001273239544735,,6.562864635255111,1.1414261947941498,328.116473165505,284.26998841687225,0.8877052833276559,0.2693594444462144,-1.424430331169863,1.198436788118033,20.461003,80403.778646,-0.077312,571.875
4379|2024-10-01|Karadeniz Ereğli,4379|2024-10-01|Karadeniz Ereğli,4379,858,Turkey,Turkey,Karadeniz Ereğli,Tekirdağ,2024-10-01,2024,thunder_or_convective,0.4232680801838852,-0.261211102989864,0.2029416914725967,,False,False,,,41.265007,31.422627,40.97362181837198,27.521795993298632,same_country_year_koppen_uncertainty_lowgap_p25,0.817678,True,True,True,11.673889,0.0,11.673889,63.107014,,4424.80204,4822.32412,0.000254647908947,,1.7391893438228485,3.435653266875913,0.5836552227457015,1.2815414559229568,1.326610357886486,0.5248430917731162,-1.3264498501234656,1.300912384318819,16.83469,100082.052083,-1.96818,-2095.791666
4379|2024-10-01|Karadeniz Ereğli,4379|2024-10-01|Karadeniz Ereğli,4379,3459,Turkey,Turkey,Karadeniz Ereğli,Yalova,2024-10-01,2024,thunder_or_convective,0.4232680801838852,-0.2288333205412422,0.2029416914725967,,False,False,,,41.265007,31.422627,40.65253863849585,29.282727859013196,same_country_year_koppen_uncertainty_lowgap_p25,0.857579,True,True,True,11.673889,0.116667,11.557222,63.107014,,4424.80204,4905.462747058824,0.000254647908947,,1.7391893438228485,9.67680099117227,0.5836552227457015,1.3070794959245655,1.326610357886486,1.109458280371001,-1.3264498501234656,1.654658402990319,16.646865,99191.135417,-1.780355,-1204.875
4379|2024-10-01|Karadeniz Ereğli,4379|2024-10-01|Karadeniz Ereğli,4379,4341,Turkey,Turkey,Karadeniz Ereğli,Düzce,2024-10-01,2024,thunder_or_convective,0.4232680801838852,-0.2167878958928382,0.2029416914725967,,False,False,,,41.265007,31.422627,40.84383926392352,31.157814680057847,same_country_year_koppen_uncertainty_lowgap_p25,1.036714,True,True,True,11.673889,7.460556,4.213333,63.107014,,4424.80204,6187.665303448276,0.000254647908947,,1.7391893438228485,2.063061364596871,0.5836552227457015,24.0677466235646,1.326610357886486,0.4344795297519234,-1.3264498501234656,1.1218243907040948,9.62831,91358.802083,5.2382,6627.458334
4379|2024-11-15|Karadeniz Ereğli,4379|2024-11-15|Karadeniz Ereğli,4379,858,Turkey,Turkey,Karadeniz Ereğli,Tekirdağ,2024-11-15,2024,low_vis_5km,0.4232680801838852,-0.261211102989864,0.2029416914725967,,False,False,,,41.265007,31.422627,40.97362181837198,27.521795993298632,same_country_year_koppen_uncertainty_lowgap_p25,0.817678,True,True,True,0.145556,0.062778,0.082778,9.246826,,4424.80204,4822.32412,0.000254647908947,,1.7391893438228485,3.435653266875913,0.5836552227457015,1.2815414559229568,1.326610357886486,0.5248430917731162,-1.3264498501234656,1.300912384318819,11.315769,100594.645833,0.763265,-1964.125
4379|2024-11-15|Karadeniz Ereğli,4379|2024-11-15|Karadeniz Ereğli,4379,3459,Turkey,Turkey,Karadeniz Ereğli,Yalova,2024-11-15,2024,low_vis_5km,0.4232680801838852,-0.2288333205412422,0.2029416914725967,,False,False,,,41.265007,31.422627,40.65253863849585,29.282727859013196,same_country_year_koppen_uncertainty_lowgap_p25,0.857579,True,True,True,0.145556,0.095556,0.05,9.246826,,4424.80204,4905.462747058824,0.000254647908947,,1.7391893438228485,9.67680099117227,0.5836552227457015,1.3070794959245655,1.326610357886486,1.109458280371001,-1.3264498501234656,1.654658402990319,12.734064,99660.979167,-0.65503,-1030.458334
4379|2024-11-15|Karadeniz Ereğli,4379|2024-11-15|Karadeniz Ereğli,4379,4341,Turkey,Turkey,Karadeniz Ereğli,Düzce,2024-11-15,2024,low_vis_5km,0.4232680801838852,-0.2167878958928382,0.2029416914725967,,False,False,,,41.265007,31.422627,40.84383926392352,31.157814680057847,same_country_year_koppen_uncertainty_lowgap_p25,1.036714,True,True,True,0.145556,0.014444,0.131112,9.246826,,4424.80204,6187.665303448276,0.000254647908947,,1.7391893438228485,2.063061364596871,0.5836552227457015,24.0677466235646,1.326610357886486,0.4344795297519234,-1.3264498501234656,1.1218243907040948,8.778579,91816.270833,3.300455,6814.25
175|2024-08-12|Điện Biên Phủ,175|2024-08-12|Điện Biên Phủ,175,1739,Vietnam,Vietnam,Điện Biên Phủ,Phúc Yên,2024-08-12,2024,low_ceiling_1000m,0.4200166091750519,-0.2026419280393709,0.1662872818537325,,False,False,,,21.388702,103.018583,21.239375103723827,105.72237654564918,same_country_year_koppen_uncertainty_lowgap_p25,1.097347,True,True,True,0.255556,0.232778,0.022778,36.012173,,3593.0871382352943,3784.632731,0.0001273239544735,,1.4621449867646352,8.447059325582973,333.03551537488755,92.50786143688232,0.695678410223623,0.8797998287640459,-1.4900981003818097,1.2805214996329666,29.367466,99811.861979,-5.934,-9267.25
175|2024-08-12|Điện Biên Phủ,175|2024-08-12|Điện Biên Phủ,175,5153,Vietnam,Vietnam,Điện Biên Phủ,Đức Hòa,2024-08-12,2024,low_ceiling_1000m,0.4200166091750519,-0.2055794754966947,0.1662872818537325,,False,False,,,21.388702,103.018583,10.804232396756316,106.48257587481343,same_country_year_koppen_uncertainty_lowgap_p25,1.290402,True,True,True,0.255556,1.194444,-0.938888,36.012173,,3593.0871382352943,2575.7760983783783,0.0001273239544735,,1.4621449867646352,14.46553938024939,333.03551537488755,30.17357802197721,0.695678410223623,0.6482876043696253,-1.4900981003818097,0.909251046518992,28.329543,100764.361979,-4.896077,-10219.75
175|2024-08-12|Điện Biên Phủ,175|2024-08-12|Điện Biên Phủ,175,1915,Vietnam,Vietnam,Điện Biên Phủ,Quốc Oai,2024-08-12,2024,low_ceiling_1000m,0.4200166091750519,-0.2245310685766385,0.1662872818537325,,False,False,,,21.388702,103.018583,21.007861014080067,105.630204110918,same_country_year_koppen_uncertainty_lowgap_p25,1.412692,True,True,True,0.255556,1.956667,-1.701111,36.012173,,3593.0871382352943,4624.6180125,0.0001273239544735,,1.4621449867646352,13.994866023961986,333.03551537488755,97.64515293678105,0.695678410223623,0.3191954923246033,-1.4900981003818097,0.888143549272295,29.336705,100030.611979,-5.903239,-9486.0
175|2024-08-13|Điện Biên Phủ,175|2024-08-13|Điện Biên Phủ,175,1739,Vietnam,Vietnam,Điện Biên Phủ,Phúc Yên,2024-08-13,2024,thunder_or_convective,0.4200166091750519,-0.2026419280393709,0.1662872818537325,,False,False,,,21.388702,103.018583,21.239375103723827,105.72237654564918,same_country_year_koppen_uncertainty_lowgap_p25,1.097347,True,True,True,0.677222,4.174444,-3.497222,21.988869,,3593.0871382352943,3784.632731,0.0001273239544735,,1.4621449867646352,8.447059325582973,333.03551537488755,92.50786143688232,0.695678410223623,0.8797998287640459,-1.4900981003818097,1.2805214996329666,28.219008,100087.119792,-4.873453,-9311.5
175|2024-08-13|Điện Biên Phủ,175|2024-08-13|Điện Biên Phủ,175,5153,Vietnam,Vietnam,Điện Biên Phủ,Đức Hòa,2024-08-13,2024,thunder_or_convective,0.4200166091750519,-0.2055794754966947,0.1662872818537325,,False,False,,,21.388702,103.018583,10.804232396756316,106.48257587481343,same_country_year_koppen_uncertainty_lowgap_p25,1.290402,True,True,True,0.677222,0.121667,0.555555,21.988869,,3593.0871382352943,2575.7760983783783,0.0001273239544735,,1.4621449867646352,14.46553938024939,333.03551537488755,30.17357802197721,0.695678410223623,0.6482876043696253,-1.4900981003818097,0.909251046518992,29.712579,100818.119792,-6.367024,-10042.5
175|2024-08-13|Điện Biên Phủ,175|2024-08-13|Điện Biên Phủ,175,1915,Vietnam,Vietnam,Điện Biên Phủ,Quốc Oai,2024-08-13,2024,thunder_or_convective,0.4200166091750519,-0.2245310685766385,0.1662872818537325,,False,False,,,21.388702,103.018583,21.007861014080067,105.630204110918,same_country_year_koppen_uncertainty_lowgap_p25,1.412692,True,True,True,0.677222,4.550556,-3.873334,21.988869,,3593.0871382352943,4624.6180125,0.0001273239544735,,1.4621449867646352,13.994866023961986,333.03551537488755,97.64515293678105,0.695678410223623,0.3191954923246033,-1.4900981003818097,0.888143549272295,28.521743,100311.078125,-5.176188,-9535.458333
10954|2024-07-05|Giridih,10954|2024-07-05|Giridih,10954,10132,India,India,Giridih,Thanjavur,2024-07-05,2024,low_vis_5km,0.4169657521495562,-0.1882122477521233,0.2203933928675655,,False,False,Aw,,24.171116,86.306248,10.770179217220884,79.13268065039192,same_country_year_koppen_uncertainty_lowgap_p25,0.858279,True,True,True,3.101111,0.411111,2.69,22.56155,,5670.705629166667,7401.048096610169,0.0001273239544735,,3.925533527089168,6.228330151614349,256.6828591519296,61.48962511548593,0.934122820271034,0.8967303425675327,-1.2485345207807186,1.575049262140122,30.862156,100052.158854,-3.056234,-3768.916666
10954|2024-07-05|Giridih,10954|2024-07-05|Giridih,10954,10080,India,India,Giridih,Siltara,2024-07-05,2024,low_vis_5km,0.4169657521495562,-0.2250752055345092,0.2203933928675655,,False,False,Aw,,24.171116,86.306248,21.367822645426184,81.65945734260364,same_country_year_koppen_uncertainty_lowgap_p25,1.052036,True,True,True,3.101111,0.009444,3.091667,22.56155,,5670.705629166667,4028.20720625,0.0001273239544735,,3.925533527089168,15.350854292513652,256.6828591519296,395.2266457776779,0.934122820271034,0.6050572147186454,-1.2485345207807186,1.0207820196249977,28.139825,96823.658854,-0.333903,-540.416666
10954|2024-07-05|Giridih,10954|2024-07-05|Giridih,10954,11398,India,India,Giridih,Haringhata,2024-07-05,2024,low_vis_5km,0.4169657521495562,-0.2028168818066873,0.2203933928675655,,False,False,Aw,,24.171116,86.306248,22.962794762878264,88.54336568455774,same_country_year_koppen_uncertainty_lowgap_p25,1.345876,True,True,True,3.101111,0.049444,3.051667,22.56155,,5670.705629166667,2963.504170625,0.0001273239544735,,3.925533527089168,9.318275738603049,256.6828591519296,86.94568044875058,0.934122820271034,0.7084974009176515,-1.2485345207807186,1.0109448835624937,29.394952,99939.742188,-1.58903,-3656.5
10954|2024-01-18|Giridih,10954|2024-01-18|Giridih,10954,10132,India,India,Giridih,Thanjavur,2024-01-18,2024,low_vis_5km,0.4169657521495562,-0.1882122477521233,0.2203933928675655,,False,False,Aw,,24.171116,86.306248,10.770179217220884,79.13268065039192,same_country_year_koppen_uncertainty_lowgap_p25,0.858279,True,True,True,0.0,0.0,0.0,2.094269,,5670.705629166667,7401.048096610169,0.0001273239544735,,3.925533527089168,6.228330151614349,256.6828591519296,61.48962511548593,0.934122820271034,0.8967303425675327,-1.2485345207807186,1.575049262140122,26.943465,100711.088542,-11.970703,-2927.208334
10954|2024-01-18|Giridih,10954|2024-01-18|Giridih,10954,10080,India,India,Giridih,Siltara,2024-01-18,2024,low_vis_5km,0.4169657521495562,-0.2250752055345092,0.2203933928675655,,False,False,Aw,,24.171116,86.306248,21.367822645426184,81.65945734260364,same_country_year_koppen_uncertainty_lowgap_p25,1.052036,True,True,True,0.0,0.0,0.0,2.094269,,5670.705629166667,4028.20720625,0.0001273239544735,,3.925533527089168,15.350854292513652,256.6828591519296,395.2266457776779,0.934122820271034,0.6050572147186454,-1.2485345207807186,1.0207820196249977,21.677271,98038.796875,-6.704509,-254.916667
10954|2024-01-18|Giridih,10954|2024-01-18|Giridih,10954,11398,India,India,Giridih,Haringhata,2024-01-18,2024,low_vis_5km,0.4169657521495562,-0.2028168818066873,0.2203933928675655,,False,False,Aw,,24.171116,86.306248,22.962794762878264,88.54336568455774,same_country_year_koppen_uncertainty_lowgap_p25,1.345876,True,True,True,0.0,0.839444,-0.839444,2.094269,,5670.705629166667,2963.504170625,0.0001273239544735,,3.925533527089168,9.318275738603049,256.6828591519296,86.94568044875058,0.934122820271034,0.7084974009176515,-1.2485345207807186,1.0109448835624937,16.059757,101464.088542,-1.086995,-3680.208334
7672|2024-12-22|Zigong,7672|2024-12-22|Zigong,7672,10851,China,China,Zigong,Yangjiang,2024-12-22,2024,low_vis_5km,0.4100816151982435,-0.2868893906558044,0.2437401505865872,,False,False,Cwa,,29.352113,104.76754,21.86109235665186,111.97037709693542,same_country_year_koppen_uncertainty_lowgap_p25,1.600301,True,True,True,0.0,0.0,0.0,2.274036,,5587.709175903615,5796.998992857143,0.0001273239544735,,13.944562860724895,17.468869984535875,925.4341966168917,1.5520610440621192,1.163454922858877,-0.5065484616102796,-1.1442999664760412,1.0687299146051494,15.268996,101827.34375,-8.0507,-3507.625
7672|2024-12-22|Zigong,7672|2024-12-22|Zigong,7672,9653,China,China,Zigong,Ningming,2024-12-22,2024,low_vis_5km,0.4100816151982435,-0.2481562678054161,0.2437401505865872,,False,False,Cwa,,29.352113,104.76754,22.12935904736112,107.0607294319672,same_country_year_koppen_uncertainty_lowgap_p25,1.614892,True,True,True,0.0,0.0,0.0,2.274036,,5587.709175903615,5478.231793,0.0001273239544735,,13.944562860724895,6.294069640784925,925.4341966168917,98.9386033000899,1.163454922858877,0.0168954570670547,-1.1442999664760412,0.9599350985496414,13.032017,99475.552083,-5.813721,-1155.833333
7672|2024-12-22|Zigong,7672|2024-12-22|Zigong,7672,7775,China,China,Zigong,Xingping,2024-12-22,2024,low_vis_5km,0.4100816151982435,-0.2112530991307175,0.2437401505865872,,False,False,Cwa,,29.352113,104.76754,34.29434697258374,108.45167856092996,same_country_year_koppen_uncertainty_lowgap_p25,1.737796,True,True,True,0.0,0.0,0.0,2.274036,,5587.709175903615,5754.3302092307695,0.0001273239544735,,13.944562860724895,18.040643144473748,925.4341966168917,984.096143388074,1.163454922858877,-0.9988321035646796,-1.1442999664760412,0.633680943576,-0.359666,97010.010417,7.577962,1309.708333
7672|2024-05-02|Zigong,7672|2024-05-02|Zigong,7672,10851,China,China,Zigong,Yangjiang,2024-05-02,2024,low_vis_5km,0.4100816151982435,-0.2868893906558044,0.2437401505865872,,False,False,Cwa,,29.352113,104.76754,21.86109235665186,111.97037709693542,same_country_year_koppen_uncertainty_lowgap_p25,1.600301,True,True,True,0.692778,0.0,0.692778,2.295494,,5587.709175903615,5796.998992857143,0.0001273239544735,,13.944562860724895,17.468869984535875,925.4341966168917,1.5520610440621192,1.163454922858877,-0.5065484616102796,-1.1442999664760412,1.0687299146051494,24.107874,100861.184896,-7.691,-3732.791667
7672|2024-05-02|Zigong,7672|2024-05-02|Zigong,7672,9653,China,China,Zigong,Ningming,2024-05-02,2024,low_vis_5km,0.4100816151982435,-0.2481562678054161,0.2437401505865872,,False,False,Cwa,,29.352113,104.76754,22.12935904736112,107.0607294319672,same_country_year_koppen_uncertainty_lowgap_p25,1.614892,True,True,True,0.692778,0.097222,0.595556,2.295494,,5587.709175903615,5478.231793,0.0001273239544735,,13.944562860724895,6.294069640784925,925.4341966168917,98.9386033000899,1.163454922858877,0.0168954570670547,-1.1442999664760412,0.9599350985496414,21.147994,98425.518229,-4.73112,-1297.125
7672|2024-05-02|Zigong,7672|2024-05-02|Zigong,7672,7775,China,China,Zigong,Xingping,2024-05-02,2024,low_vis_5km,0.4100816151982435,-0.2112530991307175,0.2437401505865872,,False,False,Cwa,,29.352113,104.76754,34.29434697258374,108.45167856092996,same_country_year_koppen_uncertainty_lowgap_p25,1.737796,True,True,True,0.692778,0.69,0.002778,2.295494,,5587.709175903615,5754.3302092307695,0.0001273239544735,,13.944562860724895,18.040643144473748,925.4341966168917,984.096143388074,1.163454922858877,-0.9988321035646796,-1.1442999664760412,0.633680943576,17.201054,95610.684896,-0.78418,1517.708333
46|2024-05-29|Kamsar,46|2024-05-29|Kamsar,46,4956,Guinea,Russia,Kamsar,Azov,2024-05-29,2024,low_ceiling_1000m,0.4025593119828979,-0.1964264355270197,0.2315998365726959,,False,False,,,10.662686,-14.57679,47.09866679912877,39.419726116134264,same_year_koppen_uncertainty_lowgap_p25,0.629926,False,True,True,0.119444,0.396667,-0.277223,11.162281,,3801.789187096774,3787.763928421052,0.0001273239544735,,4.33846513408834,1.7959514413842756,4.252468467077536,3.3252678821630424,0.3091342951381853,0.5308976436935641,-1.1985019347144736,1.101042626439599,19.676192,100975.341146,7.631266,124.833333
46|2024-05-29|Kamsar,46|2024-05-29|Kamsar,46,3459,Guinea,Turkey,Kamsar,Yalova,2024-05-29,2024,low_ceiling_1000m,0.4025593119828979,-0.2288333205412422,0.2315998365726959,,False,False,,,10.662686,-14.57679,40.65253863849585,29.282727859013196,same_year_koppen_uncertainty_lowgap_p25,0.710396,False,True,True,0.119444,0.0,0.119444,11.162281,,3801.789187096774,4905.462747058824,0.0001273239544735,,4.33846513408834,9.67680099117227,4.252468467077536,1.3070794959245655,0.3091342951381853,1.109458280371001,-1.1985019347144736,1.654658402990319,18.549076,99173.882812,8.758382,1926.291667
46|2024-05-29|Kamsar,46|2024-05-29|Kamsar,46,2420,Guinea,France,Kamsar,Boulogne-sur-Mer,2024-05-29,2024,low_ceiling_1000m,0.4025593119828979,-0.3390833432583637,0.2315998365726959,,False,False,,,10.662686,-14.57679,50.71998384289729,1.593078342339849,same_year_koppen_uncertainty_lowgap_p25,0.715717,False,True,True,0.119444,0.0,0.119444,11.162281,,3801.789187096774,2693.7698560000003,0.0001273239544735,,4.33846513408834,3.102996090108449,4.252468467077536,1.9342728357320396,0.3091342951381853,0.9212575135402318,-1.1985019347144736,1.844104705439071,14.192061,100604.549479,13.115397,495.625
46|2024-08-29|Kamsar,46|2024-08-29|Kamsar,46,4956,Guinea,Russia,Kamsar,Azov,2024-08-29,2024,low_ceiling_1000m,0.4025593119828979,-0.1964264355270197,0.2315998365726959,,False,False,,,10.662686,-14.57679,47.09866679912877,39.419726116134264,same_year_koppen_uncertainty_lowgap_p25,0.629926,False,True,True,0.236111,0.0,0.236111,38.388252,,3801.789187096774,3787.763928421052,0.0001273239544735,,4.33846513408834,1.7959514413842756,4.252468467077536,3.3252678821630424,0.3091342951381853,0.5308976436935641,-1.1985019347144736,1.101042626439599,26.256545,101141.653646,-0.475749,-211.333334
46|2024-08-29|Kamsar,46|2024-08-29|Kamsar,46,3459,Guinea,Turkey,Kamsar,Yalova,2024-08-29,2024,low_ceiling_1000m,0.4025593119828979,-0.2288333205412422,0.2315998365726959,,False,False,,,10.662686,-14.57679,40.65253863849585,29.282727859013196,same_year_koppen_uncertainty_lowgap_p25,0.710396,False,True,True,0.236111,0.0,0.236111,38.388252,,3801.789187096774,4905.462747058824,0.0001273239544735,,4.33846513408834,9.67680099117227,4.252468467077536,1.3070794959245655,0.3091342951381853,1.109458280371001,-1.1985019347144736,1.654658402990319,23.795689,99194.945312,1.985107,1735.375
46|2024-08-29|Kamsar,46|2024-08-29|Kamsar,46,2420,Guinea,France,Kamsar,Boulogne-sur-Mer,2024-08-29,2024,low_ceiling_1000m,0.4025593119828979,-0.3390833432583637,0.2315998365726959,,False,False,,,10.662686,-14.57679,50.71998384289729,1.593078342339849,same_year_koppen_uncertainty_lowgap_p25,0.715717,False,True,True,0.236111,0.0,0.236111,38.388252,,3801.789187096774,2693.7698560000003,0.0001273239544735,,4.33846513408834,3.102996090108449,4.252468467077536,1.9342728357320396,0.3091342951381853,0.9212575135402318,-1.1985019347144736,1.844104705439071,17.923212,101460.820312,7.857584,-530.5
10433|2024-01-02|Baishan,10433|2024-01-02|Baishan,10433,10025,China,China,Baishan,Benxi,2024-01-02,2024,low_vis_5km,0.3941251220935142,-0.2233574095041802,0.2302282145567034,,False,False,Dwa,,41.938761,126.424563,41.29145514719016,123.7503761908393,same_country_year_koppen_uncertainty_lowgap_p25,1.794743,True,True,True,0.0,0.0,0.0,0.227928,,13585.061845945946,11034.743119117646,0.000254647908947,,67.4496712980915,42.24078107865443,234.925866865715,130.55749844653494,0.9671657600331962,0.1002610440778971,-1.2046257147798731,1.1932902069992397,-5.966508,97818.067708,-1.518473,-5123.083333
10433|2024-01-02|Baishan,10433|2024-01-02|Baishan,10433,9949,China,China,Baishan,Qianjin,2024-01-02,2024,low_vis_5km,0.3941251220935142,-0.3615274187648696,0.2302282145567034,,False,False,Dwa,,41.938761,126.424563,41.7992268165388,123.950078335615,same_country_year_koppen_uncertainty_lowgap_p25,2.502681,True,True,True,0.0,0.0,0.0,0.227928,,13585.061845945946,6225.60304875,0.000254647908947,,67.4496712980915,43.805732992508105,234.925866865715,169.74060090791454,0.9671657600331962,-0.6878577741099019,-1.2046257147798731,0.9436484494395356,-5.395544,99563.026042,-2.089437,-6868.041667
10433|2024-01-02|Baishan,10433|2024-01-02|Baishan,10433,9397,China,China,Baishan,Hulan,2024-01-02,2024,low_vis_5km,0.3941251220935142,-0.289339909874458,0.2302282145567034,,False,False,Dwa,,41.938761,126.424563,45.921887129065006,126.573869191809,same_country_year_koppen_uncertainty_lowgap_p25,2.52333,True,True,True,0.0,0.0,0.0,0.227928,,13585.061845945946,4531.991670370371,0.000254647908947,,67.4496712980915,23.030761941163444,234.925866865715,489.85856599342833,0.9671657600331962,-0.0048219921794346,-1.2046257147798731,1.3962870015075997,-17.47887,100546.317708,9.993889,-7851.333333
10433|2024-03-22|Baishan,10433|2024-03-22|Baishan,10433,10025,China,China,Baishan,Benxi,2024-03-22,2024,low_vis_5km,0.3941251220935142,-0.2233574095041802,0.2302282145567034,,False,False,Dwa,,41.938761,126.424563,41.29145514719016,123.7503761908393,same_country_year_koppen_uncertainty_lowgap_p25,1.794743,True,True,True,0.779444,0.0,0.779444,11.84988,,13585.061845945946,11034.743119117646,0.000254647908947,,67.4496712980915,42.24078107865443,234.925866865715,130.55749844653494,0.9671657600331962,0.1002610440778971,-1.2046257147798731,1.1932902069992397,1.650812,96760.091146,-1.28418,-4816.791667
10433|2024-03-22|Baishan,10433|2024-03-22|Baishan,10433,9949,China,China,Baishan,Qianjin,2024-03-22,2024,low_vis_5km,0.3941251220935142,-0.3615274187648696,0.2302282145567034,,False,False,Dwa,,41.938761,126.424563,41.7992268165388,123.950078335615,same_country_year_koppen_uncertainty_lowgap_p25,2.502681,True,True,True,0.779444,0.0,0.779444,11.84988,,13585.061845945946,6225.60304875,0.000254647908947,,67.4496712980915,43.805732992508105,234.925866865715,169.74060090791454,0.9671657600331962,-0.6878577741099019,-1.2046257147798731,0.9436484494395356,2.725926,98399.424479,-2.359294,-6456.125
10433|2024-03-22|Baishan,10433|2024-03-22|Baishan,10433,9397,China,China,Baishan,Hulan,2024-03-22,2024,low_vis_5km,0.3941251220935142,-0.289339909874458,0.2302282145567034,,False,False,Dwa,,41.938761,126.424563,45.921887129065006,126.573869191809,same_country_year_koppen_uncertainty_lowgap_p25,2.52333,True,True,True,0.779444,0.0,0.779444,11.84988,,13585.061845945946,4531.991670370371,0.000254647908947,,67.4496712980915,23.030761941163444,234.925866865715,489.85856599342833,0.9671657600331962,-0.0048219921794346,-1.2046257147798731,1.3962870015075997,3.274266,99364.841146,-2.907634,-7421.541667
3795|2024-06-14|Francisco Beltrão,3795|2024-06-14|Francisco Beltrão,3795,2872,Brazil,Brazil,Francisco Beltrão,Foz do Iguaçu,2024-06-14,2024,gust_15ms,0.3817525672016538,-0.2279271527866327,0.2327963579057958,,False,False,Cfa,,-26.064775,-53.053956,-25.522872867444423,-54.56013205839889,same_country_year_koppen_uncertainty_lowgap_p25,0.765348,True,True,True,0.0,0.0,0.0,0.0,,2723.78540625,3053.8004267605634,0.000254647908947,,1.1363891633711107,1.4435183100764912,410.6497062384072,559.6529668817774,0.6767331320172272,0.6837808617441355,-1.1931599138063589,1.6957007587477868,24.583378,98355.111979,-4.078613,-4170.0
3795|2024-06-14|Francisco Beltrão,3795|2024-06-14|Francisco Beltrão,3795,6334,Brazil,Brazil,Francisco Beltrão,Lençóis Paulista,2024-06-14,2024,gust_15ms,0.3817525672016538,-0.2476955987180459,0.2327963579057958,,False,False,Cfa,,-26.064775,-53.053956,-22.601948663988097,-48.794308565303375,same_country_year_koppen_uncertainty_lowgap_p25,1.04354,True,True,True,0.0,0.0,0.0,0.0,,2723.78540625,3898.380126428572,0.000254647908947,,1.1363891633711107,3.3674261108411487,410.6497062384072,265.63185041952073,0.6767331320172272,-0.5507417136724032,-1.1931599138063589,0.8566777431915701,21.603805,95184.320312,-1.09904,-999.208333
3795|2024-06-14|Francisco Beltrão,3795|2024-06-14|Francisco Beltrão,3795,7266,Brazil,Brazil,Francisco Beltrão,Amparo,2024-06-14,2024,gust_15ms,0.3817525672016538,-0.2725780127556205,0.2327963579057958,,False,False,Cfa,,-26.064775,-53.053956,-22.709096549637092,-46.77852551661239,same_country_year_koppen_uncertainty_lowgap_p25,1.195725,True,True,True,0.0,0.0,0.0,0.0,,2723.78540625,3177.48536,0.000254647908947,,1.1363891633711107,1.8626838043907183,410.6497062384072,141.88516252752584,0.6767331320172272,-0.5689085987548572,-1.1931599138063589,0.7721826076083415,19.37773,92747.320312,1.127035,1437.791667
3795|2024-01-09|Francisco Beltrão,3795|2024-01-09|Francisco Beltrão,3795,2872,Brazil,Brazil,Francisco Beltrão,Foz do Iguaçu,2024-01-09,2024,gust_15ms,0.3817525672016538,-0.2279271527866327,0.2327963579057958,,False,False,Cfa,,-26.064775,-53.053956,-25.522872867444423,-54.56013205839889,same_country_year_koppen_uncertainty_lowgap_p25,0.765348,True,True,True,0.0,0.0,0.0,0.207424,,2723.78540625,3053.8004267605634,0.000254647908947,,1.1363891633711107,1.4435183100764912,410.6497062384072,559.6529668817774,0.6767331320172272,0.6837808617441355,-1.1931599138063589,1.6957007587477868,28.521702,98298.851562,-3.233643,-4228.458333
3795|2024-01-09|Francisco Beltrão,3795|2024-01-09|Francisco Beltrão,3795,6334,Brazil,Brazil,Francisco Beltrão,Lençóis Paulista,2024-01-09,2024,gust_15ms,0.3817525672016538,-0.2476955987180459,0.2327963579057958,,False,False,Cfa,,-26.064775,-53.053956,-22.601948663988097,-48.794308565303375,same_country_year_koppen_uncertainty_lowgap_p25,1.04354,True,True,True,0.0,0.0,0.0,0.207424,,2723.78540625,3898.380126428572,0.000254647908947,,1.1363891633711107,3.3674261108411487,410.6497062384072,265.63185041952073,0.6767331320172272,-0.5507417136724032,-1.1931599138063589,0.8566777431915701,27.65899,94719.518229,-2.370931,-649.125
3795|2024-01-09|Francisco Beltrão,3795|2024-01-09|Francisco Beltrão,3795,7266,Brazil,Brazil,Francisco Beltrão,Amparo,2024-01-09,2024,gust_15ms,0.3817525672016538,-0.2725780127556205,0.2327963579057958,,False,False,Cfa,,-26.064775,-53.053956,-22.709096549637092,-46.77852551661239,same_country_year_koppen_uncertainty_lowgap_p25,1.195725,True,True,True,0.0,0.0,0.0,0.207424,,2723.78540625,3177.48536,0.000254647908947,,1.1363891633711107,1.8626838043907183,410.6497062384072,141.88516252752584,0.6767331320172272,-0.5689085987548572,-1.1931599138063589,0.7721826076083415,25.492649,92266.893229,-0.20459,1803.5
10936|2024-07-05|Phusro,10936|2024-07-05|Phusro,10936,11100,India,India,Phusro,Ghatsila,2024-07-05,2024,low_vis_5km,0.380145762630775,-0.2032735504973578,0.2209478783633922,,False,False,,,23.772954,85.992166,22.593748328892307,86.47386412125354,same_country_year_koppen_uncertainty_lowgap_p25,0.852079,True,True,True,0.263889,11.031667,-10.767778,19.529819,,5655.4166263157895,4671.3313499999995,0.0001273239544735,,21.40905865759822,27.098682037009205,243.41550296525784,139.6710591681029,1.130778431850576,0.2241723821731244,-1.246058950115983,0.5869056873317763,29.086033,97950.575521,-0.818196,-1201.75
10936|2024-07-05|Phusro,10936|2024-07-05|Phusro,10936,10422,India,India,Phusro,Jagdalpur,2024-07-05,2024,low_vis_5km,0.380145762630775,-0.1893964009216442,0.2209478783633922,,False,False,,,23.772954,85.992166,19.084643956362275,82.01933462666783,same_country_year_koppen_uncertainty_lowgap_p25,0.925956,True,True,True,0.263889,0.111667,0.152222,19.529819,,5655.4166263157895,7897.268533333334,0.0001273239544735,,21.40905865759822,2.09720911769055,243.41550296525784,197.25890664663825,1.130778431850576,0.5299238820604704,-1.246058950115983,1.1358309089387857,26.206964,93857.075521,2.060873,2891.75
10936|2024-07-05|Phusro,10936|2024-07-05|Phusro,10936,11248,India,India,Phusro,Bolpur,2024-07-05,2024,low_vis_5km,0.380145762630775,-0.1837578115788591,0.2209478783633922,,False,False,,,23.772954,85.992166,23.669723644433745,87.69021897325028,same_country_year_koppen_uncertainty_lowgap_p25,1.039533,True,True,True,0.263889,15.363333,-15.099444,19.529819,,5655.4166263157895,5945.840408,0.0001273239544735,,21.40905865759822,25.28276070903349,243.41550296525784,147.92635457118803,1.130778431850576,0.3665753936881888,-1.246058950115983,0.7934203980479191,29.750177,99467.242188,-1.48234,-2718.416667
10936|2024-01-18|Phusro,10936|2024-01-18|Phusro,10936,11100,India,India,Phusro,Ghatsila,2024-01-18,2024,low_vis_5km,0.380145762630775,-0.2032735504973578,0.2209478783633922,,False,False,,,23.772954,85.992166,22.593748328892307,86.47386412125354,same_country_year_koppen_uncertainty_lowgap_p25,0.852079,True,True,True,0.0,0.045556,-0.045556,2.492428,,5655.4166263157895,4671.3313499999995,0.0001273239544735,,21.40905865759822,27.098682037009205,243.41550296525784,139.6710591681029,1.130778431850576,0.2241723821731244,-1.246058950115983,0.5869056873317763,17.549504,99410.838542,-1.911133,-1168.583334
10936|2024-01-18|Phusro,10936|2024-01-18|Phusro,10936,10422,India,India,Phusro,Jagdalpur,2024-01-18,2024,low_vis_5km,0.380145762630775,-0.1893964009216442,0.2209478783633922,,False,False,,,23.772954,85.992166,19.084643956362275,82.01933462666783,same_country_year_koppen_uncertainty_lowgap_p25,0.925956,True,True,True,0.0,0.0,0.0,2.492428,,5655.4166263157895,7897.268533333334,0.0001273239544735,,21.40905865759822,2.09720911769055,243.41550296525784,197.25890664663825,1.130778431850576,0.5299238820604704,-1.246058950115983,1.1358309089387857,22.454045,94792.005208,-6.815674,3450.25
10936|2024-01-18|Phusro,10936|2024-01-18|Phusro,10936,11248,India,India,Phusro,Bolpur,2024-01-18,2024,low_vis_5km,0.380145762630775,-0.1837578115788591,0.2209478783633922,,False,False,,,23.772954,85.992166,23.669723644433745,87.69021897325028,same_country_year_koppen_uncertainty_lowgap_p25,1.039533,True,True,True,0.0,0.0,0.0,2.492428,,5655.4166263157895,5945.840408,0.0001273239544735,,21.40905865759822,25.28276070903349,243.41550296525784,147.92635457118803,1.130778431850576,0.3665753936881888,-1.246058950115983,0.7934203980479191,16.099959,101064.380208,-0.461588,-2822.125
11179|2024-02-09|Ruijin,11179|2024-02-09|Ruijin,11179,10147,China,China,Ruijin,Huangpi,2024-02-09,2024,fog,0.3785155701999296,-0.1857897892129355,0.2599661472013074,,False,False,Cfa,,25.879708,116.03473,30.87973756061052,114.36420738955418,same_country_year_koppen_uncertainty_lowgap_p25,0.893781,True,True,True,0.0,0.0,0.0,0.0,,7939.638925925926,8076.089663157895,0.0001273239544735,,10.122166973120173,14.286580025790276,235.45269555838192,525.7948992858819,1.2165218398051023,-0.1037335365473169,-1.07185695123429,0.8302282250367589,3.570052,101923.315104,1.48112,-3174.125
11179|2024-02-09|Ruijin,11179|2024-02-09|Ruijin,11179,11511,China,China,Ruijin,Lishui,2024-02-09,2024,fog,0.3785155701999296,-0.2028412151601771,0.2599661472013074,,False,False,Cfa,,25.879708,116.03473,28.4586626483912,119.92408876600491,same_country_year_koppen_uncertainty_lowgap_p25,1.263071,True,True,True,0.0,0.0,0.0,0.0,,7939.638925925926,10546.052746153846,0.0001273239544735,,10.122166973120173,12.688574943705843,235.45269555838192,72.6542411516816,1.2165218398051023,0.0795796198895273,-1.07185695123429,1.0519872393199607,6.072738,97577.815104,-1.021566,1171.375
11179|2024-02-09|Ruijin,11179|2024-02-09|Ruijin,11179,10233,China,China,Ruijin,Lingling,2024-02-09,2024,fog,0.3785155701999296,-0.1865613792268483,0.2599661472013074,,False,False,Cfa,,25.879708,116.03473,26.23012546292775,111.62028914818733,same_country_year_koppen_uncertainty_lowgap_p25,1.345064,True,True,True,0.0,0.0,0.0,0.0,,7939.638925925926,5429.330140740741,0.0001273239544735,,10.122166973120173,12.486487594558072,235.45269555838192,403.2337972431547,1.2165218398051023,0.2572687892073648,-1.07185695123429,1.0983716159855423,4.401514,100570.106771,0.649658,-1820.916667
11179|2024-03-16|Ruijin,11179|2024-03-16|Ruijin,11179,10147,China,China,Ruijin,Huangpi,2024-03-16,2024,low_vis_5km,0.3785155701999296,-0.1857897892129355,0.2599661472013074,,False,False,Cfa,,25.879708,116.03473,30.87973756061052,114.36420738955418,same_country_year_koppen_uncertainty_lowgap_p25,0.893781,True,True,True,0.0,0.096667,-0.096667,3.148556,,7939.638925925926,8076.089663157895,0.0001273239544735,,10.122166973120173,14.286580025790276,235.45269555838192,525.7948992858819,1.2165218398051023,-0.1037335365473169,-1.07185695123429,0.8302282250367589,17.609623,100871.804688,1.189616,-3024.75
11179|2024-03-16|Ruijin,11179|2024-03-16|Ruijin,11179,11511,China,China,Ruijin,Lishui,2024-03-16,2024,low_vis_5km,0.3785155701999296,-0.2028412151601771,0.2599661472013074,,False,False,Cfa,,25.879708,116.03473,28.4586626483912,119.92408876600491,same_country_year_koppen_uncertainty_lowgap_p25,1.263071,True,True,True,0.0,0.0,0.0,3.148556,,7939.638925925926,10546.052746153846,0.0001273239544735,,10.122166973120173,12.688574943705843,235.45269555838192,72.6542411516816,1.2165218398051023,0.0795796198895273,-1.07185695123429,1.0519872393199607,16.090662,96820.763021,2.708577,1026.291667
11179|2024-03-16|Ruijin,11179|2024-03-16|Ruijin,11179,10233,China,China,Ruijin,Lingling,2024-03-16,2024,low_vis_5km,0.3785155701999296,-0.1865613792268483,0.2599661472013074,,False,False,Cfa,,25.879708,116.03473,26.23012546292775,111.62028914818733,same_country_year_koppen_uncertainty_lowgap_p25,1.345064,True,True,True,0.0,0.0,0.0,3.148556,,7939.638925925926,5429.330140740741,0.0001273239544735,,10.122166973120173,12.486487594558072,235.45269555838192,403.2337972431547,1.2165218398051023,0.2572687892073648,-1.07185695123429,1.0983716159855423,16.434574,99343.804688,2.364665,-1496.75
8128|2024-10-26|Palu,8128|2024-10-26|Palu,8128,2463,Indonesia,Indonesia,Palu,Tebing Tinggi,2024-10-26,2024,thunder_or_convective,0.3768080795750699,-0.1828784935251874,0.2774470320434249,,False,False,Af,,-0.901066,119.8774,3.3383430064369852,99.16023732314332,same_country_year_uncertainty_lowgap_p25,1.313955,True,False,True,3.662778,0.0,3.662778,6.667137,,4284.016298717949,6403.953382051282,0.0001273239544735,,3.598108244675575,5.539365283459771,4.501564875383695,20.5724097370647,0.2535772842370702,0.0244933990886782,-0.9938113286986626,1.0743976684954664,27.738845,100659.065104,-3.667074,-8470.458333
8128|2024-10-26|Palu,8128|2024-10-26|Palu,8128,7797,Indonesia,Indonesia,Palu,Ubud,2024-10-26,2024,thunder_or_convective,0.3768080795750699,-0.1888164261811131,0.2774470320434249,,False,False,Af,,-0.901066,119.8774,-8.522905528333592,115.26770884640275,same_country_year_uncertainty_lowgap_p25,1.333855,True,False,True,3.662778,0.0,3.662778,6.667137,,4284.016298717949,3728.423932941176,0.0001273239544735,,3.598108244675575,3.763109345275131,4.501564875383695,13.135464181353282,0.2535772842370702,-0.2757950473057571,-0.9938113286986626,0.6844952887995308,25.546299,97275.773438,-1.474528,-5087.166667
8128|2024-10-26|Palu,8128|2024-10-26|Palu,8128,7895,Indonesia,Indonesia,Palu,Kecamatan Kopang,2024-10-26,2024,thunder_or_convective,0.3768080795750699,-0.1943737221704674,0.2774470320434249,,False,False,Af,,-0.901066,119.8774,-8.63225356471884,116.3694489887622,same_country_year_uncertainty_lowgap_p25,1.341274,True,False,True,3.662778,0.0,3.662778,6.667137,,4284.016298717949,2596.4364095238093,0.0001273239544735,,3.598108244675575,18.36012621134884,4.501564875383695,22.07499431888145,0.2535772842370702,-0.2418840306520227,-0.9938113286986626,0.7719871678190197,27.913568,99369.981771,-3.841797,-7181.375
8128|2024-05-25|Palu,8128|2024-05-25|Palu,8128,2463,Indonesia,Indonesia,Palu,Tebing Tinggi,2024-05-25,2024,thunder_or_convective,0.3768080795750699,-0.1828784935251874,0.2774470320434249,,False,False,Af,,-0.901066,119.8774,3.3383430064369852,99.16023732314332,same_country_year_uncertainty_lowgap_p25,1.313955,True,False,True,6.603889,0.0,6.603889,37.419796,,4284.016298717949,6403.953382051282,0.0001273239544735,,3.598108244675575,5.539365283459771,4.501564875383695,20.5724097370647,0.2535772842370702,0.0244933990886782,-0.9938113286986626,1.0743976684954664,29.266484,100568.986979,-5.564209,-8298.083333
8128|2024-05-25|Palu,8128|2024-05-25|Palu,8128,7797,Indonesia,Indonesia,Palu,Ubud,2024-05-25,2024,thunder_or_convective,0.3768080795750699,-0.1888164261811131,0.2774470320434249,,False,False,Af,,-0.901066,119.8774,-8.522905528333592,115.26770884640275,same_country_year_uncertainty_lowgap_p25,1.333855,True,False,True,6.603889,0.0,6.603889,37.419796,,4284.016298717949,3728.423932941176,0.0001273239544735,,3.598108244675575,3.763109345275131,4.501564875383695,13.135464181353282,0.2535772842370702,-0.2757950473057571,-0.9938113286986626,0.6844952887995308,25.429407,97387.570312,-1.727132,-5116.666666
8128|2024-05-25|Palu,8128|2024-05-25|Palu,8128,7895,Indonesia,Indonesia,Palu,Kecamatan Kopang,2024-05-25,2024,thunder_or_convective,0.3768080795750699,-0.1943737221704674,0.2774470320434249,,False,False,Af,,-0.901066,119.8774,-8.63225356471884,116.3694489887622,same_country_year_uncertainty_lowgap_p25,1.341274,True,False,True,6.603889,0.0,6.603889,37.419796,,4284.016298717949,2596.4364095238093,0.0001273239544735,,3.598108244675575,18.36012621134884,4.501564875383695,22.07499431888145,0.2535772842370702,-0.2418840306520227,-0.9938113286986626,0.7719871678190197,27.866093,99468.070312,-4.163818,-7197.166666
4263|2024-11-11|Rzeszów,4263|2024-11-11|Rzeszów,4263,3895,Poland,Poland,Rzeszów,Radom,2024-11-11,2024,low_vis_5km,0.372961990363072,-0.1828615760588428,0.3751823965446799,,False,False,Dfb,,50.030827,22.002133,51.39715030586778,21.14998992056338,same_country_year_koppen_uncertainty_lowgap_p25,1.017248,True,True,True,0.031667,0.0,0.031667,0.060081,,4154.646042222223,3719.5327936170215,0.0003819718634205,,6.854641766987755,6.278813671204973,391.4413423077526,270.3479974750545,2.088819564008978,0.8613294924770359,-0.5574594257407048,1.2679482065199643,1.041488,101268.375,-2.013998,-1597.5
4263|2024-11-11|Rzeszów,4263|2024-11-11|Rzeszów,4263,3403,Poland,Poland,Rzeszów,Bełchatów,2024-11-11,2024,low_vis_5km,0.372961990363072,-0.1897538331500462,0.3751823965446799,,False,False,Dfb,,50.030827,22.002133,51.35896353742977,19.375143003940927,same_country_year_koppen_uncertainty_lowgap_p25,1.217343,True,True,True,0.031667,0.0,0.031667,0.060081,,4154.646042222223,3423.068758666667,0.0003819718634205,,6.854641766987755,3.4770926585272535,391.4413423077526,233.8785275089932,2.088819564008978,1.3332322290938354,-0.5574594257407048,1.1628015998651209,-0.005977,100512.238933,-0.966533,-841.363933
4263|2024-11-11|Rzeszów,4263|2024-11-11|Rzeszów,4263,3068,Poland,Poland,Rzeszów,Częstochowa,2024-11-11,2024,low_vis_5km,0.372961990363072,-0.1970056016943235,0.3751823965446799,,False,False,Dfb,,50.030827,22.002133,50.806943282062505,19.11058915941061,same_country_year_koppen_uncertainty_lowgap_p25,1.392447,True,True,True,0.031667,0.0,0.031667,0.060081,,4154.646042222223,3509.551136170213,0.0003819718634205,,6.854641766987755,10.835414166121913,391.4413423077526,276.77328123796974,2.088819564008978,1.2127321290861086,-0.5574594257407048,1.4441697498913104,0.11001,99671.708333,-1.08252,-0.833333
4263|2024-12-02|Rzeszów,4263|2024-12-02|Rzeszów,4263,3895,Poland,Poland,Rzeszów,Radom,2024-12-02,2024,fog,0.372961990363072,-0.1828615760588428,0.3751823965446799,,False,False,Dfb,,50.030827,22.002133,51.39715030586778,21.14998992056338,same_country_year_koppen_uncertainty_lowgap_p25,1.017248,True,True,True,0.001667,0.0,0.001667,0.009537,,4154.646042222223,3719.5327936170215,0.0003819718634205,,6.854641766987755,6.278813671204973,391.4413423077526,270.3479974750545,2.088819564008978,0.8613294924770359,-0.5574594257407048,1.2679482065199643,2.224807,100425.815104,0.467285,-1390.541666
4263|2024-12-02|Rzeszów,4263|2024-12-02|Rzeszów,4263,3403,Poland,Poland,Rzeszów,Bełchatów,2024-12-02,2024,fog,0.372961990363072,-0.1897538331500462,0.3751823965446799,,False,False,Dfb,,50.030827,22.002133,51.35896353742977,19.375143003940927,same_country_year_koppen_uncertainty_lowgap_p25,1.217343,True,True,True,0.001667,0.0,0.001667,0.009537,,4154.646042222223,3423.068758666667,0.0003819718634205,,6.854641766987755,3.4770926585272535,391.4413423077526,233.8785275089932,2.088819564008978,1.3332322290938354,-0.5574594257407048,1.1628015998651209,3.387399,99618.678385,-0.695307,-583.404947
4263|2024-12-02|Rzeszów,4263|2024-12-02|Rzeszów,4263,3068,Poland,Poland,Rzeszów,Częstochowa,2024-12-02,2024,fog,0.372961990363072,-0.1970056016943235,0.3751823965446799,,False,False,Dfb,,50.030827,22.002133,50.806943282062505,19.11058915941061,same_country_year_koppen_uncertainty_lowgap_p25,1.392447,True,True,True,0.001667,0.0,0.001667,0.009537,,4154.646042222223,3509.551136170213,0.0003819718634205,,6.854641766987755,10.835414166121913,391.4413423077526,276.77328123796974,2.088819564008978,1.2127321290861086,-0.5574594257407048,1.4441697498913104,3.33646,98853.565104,-0.644368,181.708334
3944|2024-12-24|Belgorod,3944|2024-12-24|Belgorod,3944,6031,Russia,Russia,Belgorod,Ulyanovsk,2024-12-24,2024,low_vis_5km,0.3711284419003394,-0.2626354846883355,0.4135878129924706,,False,False,Dfb,,50.591021,36.590908,54.30457195226994,48.34297095737613,same_country_year_koppen_uncertainty_lowgap_p25,0.871027,True,True,True,0.0,0.0,0.0,0.628471,,4805.58424868421,3883.0337009900986,0.0001273239544735,,4.307196090145686,8.398455944882189,310.8719019755848,636.9057543024679,1.732563944176238,0.9182003383774758,-0.3859935839095103,1.7349190098049212,-11.313625,100914.445312,14.444661,-995.916666
3944|2024-12-24|Belgorod,3944|2024-12-24|Belgorod,3944,7378,Russia,Russia,Belgorod,Young Leninist,2024-12-24,2024,low_vis_5km,0.3711284419003394,-0.2022927573492249,0.4135878129924706,,False,False,Dfb,,50.591021,36.590908,54.87960970913622,83.0067198381084,same_country_year_koppen_uncertainty_lowgap_p25,1.494658,True,True,True,0.0,0.0,0.0,0.628471,,4805.58424868421,1981.16886,0.0001273239544735,,4.307196090145686,2.3258718543025725,310.8719019755848,873.4625454980894,1.732563944176238,0.9153923656057292,-0.3859935839095103,1.4207169751727584,-18.739808,102615.153646,21.870844,-2696.625
3944|2024-12-24|Belgorod,3944|2024-12-24|Belgorod,3944,6673,Russia,Russia,Belgorod,Лобаново,2024-12-24,2024,low_vis_5km,0.3711284419003394,-0.2326251159843124,0.4135878129924706,,False,False,Dfb,,50.591021,36.590908,57.88721369880574,56.30397792361633,same_country_year_koppen_uncertainty_lowgap_p25,1.630695,True,True,True,0.0,0.0,0.0,0.628471,,4805.58424868421,4149.35510125,0.0001273239544735,,4.307196090145686,5.9008614737121965,310.8719019755848,617.0284976892343,1.732563944176238,-0.130596914705915,-0.3859935839095103,0.9742673497665356,-10.039537,100918.111979,13.170573,-999.583333
3944|2024-12-23|Belgorod,3944|2024-12-23|Belgorod,3944,6031,Russia,Russia,Belgorod,Ulyanovsk,2024-12-23,2024,low_vis_5km,0.3711284419003394,-0.2626354846883355,0.4135878129924706,,False,False,Dfb,,50.591021,36.590908,54.30457195226994,48.34297095737613,same_country_year_koppen_uncertainty_lowgap_p25,0.871027,True,True,True,0.0,0.0,0.0,2.350807,,4805.58424868421,3883.0337009900986,0.0001273239544735,,4.307196090145686,8.398455944882189,310.8719019755848,636.9057543024679,1.732563944176238,0.9182003383774758,-0.3859935839095103,1.7349190098049212,-5.564642,100676.575521,8.511067,-1686.958333
3944|2024-12-23|Belgorod,3944|2024-12-23|Belgorod,3944,7378,Russia,Russia,Belgorod,Young Leninist,2024-12-23,2024,low_vis_5km,0.3711284419003394,-0.2022927573492249,0.4135878129924706,,False,False,Dfb,,50.591021,36.590908,54.87960970913622,83.0067198381084,same_country_year_koppen_uncertainty_lowgap_p25,1.494658,True,True,True,0.0,0.0,0.0,2.350807,,4805.58424868421,1981.16886,0.0001273239544735,,4.307196090145686,2.3258718543025725,310.8719019755848,873.4625454980894,1.732563944176238,0.9153923656057292,-0.3859935839095103,1.4207169751727584,-17.342176,102045.908854,20.288601,-3056.291666
3944|2024-12-23|Belgorod,3944|2024-12-23|Belgorod,3944,6673,Russia,Russia,Belgorod,Лобаново,2024-12-23,2024,low_vis_5km,0.3711284419003394,-0.2326251159843124,0.4135878129924706,,False,False,Dfb,,50.591021,36.590908,57.88721369880574,56.30397792361633,same_country_year_koppen_uncertainty_lowgap_p25,1.630695,True,True,True,0.0,0.0,0.0,2.350807,,4805.58424868421,4149.35510125,0.0001273239544735,,4.307196090145686,5.9008614737121965,310.8719019755848,617.0284976892343,1.732563944176238,-0.130596914705915,-0.3859935839095103,0.9742673497665356,-2.219753,100562.825521,5.166178,-1573.208333
8252|2024-01-28|Muzaffarnagar,8252|2024-01-28|Muzaffarnagar,8252,9140,India,India,Muzaffarnagar,Hardoi,2024-01-28,2024,low_vis_5km,0.3703616649549802,-0.2251398647746108,0.2194595225588046,,False,False,Cwa,,29.469054,77.714971,27.385225505810517,80.14036625342574,same_country_year_koppen_uncertainty_lowgap_p25,1.45803,True,True,True,2.647222,1.911111,0.736111,0.0,,11398.910436619715,11968.0945375,0.0001273239544735,,63.13309029740565,54.89966407310364,947.9314944549238,915.2446405104456,1.0180632641395502,-0.0789955407827535,-1.252703902952906,0.7169382938268619,12.647791,100186.002604,-1.075196,-1200.416666
8252|2024-01-28|Muzaffarnagar,8252|2024-01-28|Muzaffarnagar,8252,9218,India,India,Muzaffarnagar,Lakhimpur,2024-01-28,2024,low_vis_5km,0.3703616649549802,-0.2145790394835285,0.2194595225588046,,False,False,Cwa,,29.469054,77.714971,27.94407867749003,80.78067006897615,same_country_year_koppen_uncertainty_lowgap_p25,1.526404,True,True,True,2.647222,0.061111,2.586111,0.0,,11398.910436619715,9734.434169387754,0.0001273239544735,,63.13309029740565,73.0353047762048,947.9314944549238,938.2956204057656,1.0180632641395502,-0.3869784565728379,-1.252703902952906,0.5181760280871297,11.770919,100210.210938,-0.198324,-1224.625
8252|2024-01-28|Muzaffarnagar,8252|2024-01-28|Muzaffarnagar,8252,10462,India,India,Muzaffarnagar,Chhapra,2024-01-28,2024,low_vis_5km,0.3703616649549802,-0.3505010583924771,0.2194595225588046,,False,False,Cwa,,29.469054,77.714971,25.786285864135134,84.74545948793796,same_country_year_koppen_uncertainty_lowgap_p25,1.541735,True,True,True,2.647222,0.125,2.522222,0.0,,11398.910436619715,11481.556326086957,0.0001273239544735,,63.13309029740565,26.110579387690088,947.9314944549238,496.8903164574446,1.0180632641395502,-0.0889185603095131,-1.252703902952906,1.398762572172336,14.837325,101259.585938,-3.26473,-2274.0
8252|2024-01-03|Muzaffarnagar,8252|2024-01-03|Muzaffarnagar,8252,9140,India,India,Muzaffarnagar,Hardoi,2024-01-03,2024,low_vis_5km,0.3703616649549802,-0.2251398647746108,0.2194595225588046,,False,False,Cwa,,29.469054,77.714971,27.385225505810517,80.14036625342574,same_country_year_koppen_uncertainty_lowgap_p25,1.45803,True,True,True,0.0,0.0,0.0,0.000477,,11398.910436619715,11968.0945375,0.0001273239544735,,63.13309029740565,54.89966407310364,947.9314944549238,915.2446405104456,1.0180632641395502,-0.0789955407827535,-1.252703902952906,0.7169382938268619,12.573663,100018.072917,-1.190511,-1126.958334
8252|2024-01-03|Muzaffarnagar,8252|2024-01-03|Muzaffarnagar,8252,9218,India,India,Muzaffarnagar,Lakhimpur,2024-01-03,2024,low_vis_5km,0.3703616649549802,-0.2145790394835285,0.2194595225588046,,False,False,Cwa,,29.469054,77.714971,27.94407867749003,80.78067006897615,same_country_year_koppen_uncertainty_lowgap_p25,1.526404,True,True,True,0.0,0.0,0.0,0.000477,,11398.910436619715,9734.434169387754,0.0001273239544735,,63.13309029740565,73.0353047762048,947.9314944549238,938.2956204057656,1.0180632641395502,-0.3869784565728379,-1.252703902952906,0.5181760280871297,12.502374,100016.15625,-1.119222,-1125.041667
8252|2024-01-03|Muzaffarnagar,8252|2024-01-03|Muzaffarnagar,8252,10462,India,India,Muzaffarnagar,Chhapra,2024-01-03,2024,low_vis_5km,0.3703616649549802,-0.3505010583924771,0.2194595225588046,,False,False,Cwa,,29.469054,77.714971,25.786285864135134,84.74545948793796,same_country_year_koppen_uncertainty_lowgap_p25,1.541735,True,True,True,0.0,0.0,0.0,0.000477,,11398.910436619715,11481.556326086957,0.0001273239544735,,63.13309029740565,26.110579387690088,947.9314944549238,496.8903164574446,1.0180632641395502,-0.0889185603095131,-1.252703902952906,1.398762572172336,16.420669,100979.989583,-5.037517,-2088.875
56|2024-12-25|Brest,56|2024-12-25|Brest,56,544,France,France,Brest,Saint-Nazaire,2024-12-25,2024,low_vis_5km,0.3699883558515737,-0.1803818548392978,0.383412128640635,,False,False,Cfb,,48.395742,-4.48925,47.27677813565688,-2.2106401204496233,same_country_year_koppen_uncertainty_lowgap_p25,0.598993,True,True,True,0.032778,0.105,-0.072222,0.201225,,3076.876057142857,1682.734944411765,0.0008912676813146,,1.317212077783021,4.5093827474641195,1.139574491431255,0.3623114076915579,2.553671841832088,1.860878845050017,-0.5207167453483061,1.3585671221685942,9.858667,103223.427083,0.606527,-433.208333
56|2024-12-25|Brest,56|2024-12-25|Brest,56,4336,France,France,Brest,Metz,2024-12-25,2024,low_vis_5km,0.3699883558515737,-0.1866219654882719,0.383412128640635,,False,False,Cfb,,48.395742,-4.48925,49.11779807832805,6.1741801844572946,same_country_year_koppen_uncertainty_lowgap_p25,0.819209,True,True,True,0.032778,0.351111,-0.318333,0.201225,,3076.876057142857,3035.12495106383,0.0008912676813146,,1.317212077783021,1.3851706334807503,1.139574491431255,252.41027802486147,2.553671841832088,1.8092889271933157,-0.5207167453483061,1.5998701153839234,4.491968,100615.260417,5.973226,2174.958333
56|2024-12-25|Brest,56|2024-12-25|Brest,56,4412,France,France,Brest,Nancy,2024-12-25,2024,low_vis_5km,0.3699883558515737,-0.1866367940149761,0.383412128640635,,False,False,Cfb,,48.395742,-4.48925,48.68329560552609,6.187999931184372,same_country_year_koppen_uncertainty_lowgap_p25,0.887317,True,True,True,0.032778,0.119444,-0.086666,0.201225,,3076.876057142857,3732.356429310345,0.0008912676813146,,1.317212077783021,0.4638140815190174,1.139574491431255,280.33706773638505,2.553671841832088,2.021084302961959,-0.5207167453483061,1.761694260941935,4.236353,100366.46875,6.228841,2423.75
56|2024-12-26|Brest,56|2024-12-26|Brest,56,544,France,France,Brest,Saint-Nazaire,2024-12-26,2024,low_vis_5km,0.3699883558515737,-0.1803818548392978,0.383412128640635,,False,False,Cfb,,48.395742,-4.48925,47.27677813565688,-2.2106401204496233,same_country_year_koppen_uncertainty_lowgap_p25,0.598993,True,True,True,0.0,0.0,0.0,0.229359,,3076.876057142857,1682.734944411765,0.0008912676813146,,1.317212077783021,4.5093827474641195,1.139574491431255,0.3623114076915579,2.553671841832088,1.860878845050017,-0.5207167453483061,1.3585671221685942,7.430017,103062.440104,0.829671,-379.625
56|2024-12-26|Brest,56|2024-12-26|Brest,56,4336,France,France,Brest,Metz,2024-12-26,2024,low_vis_5km,0.3699883558515737,-0.1866219654882719,0.383412128640635,,False,False,Cfb,,48.395742,-4.48925,49.11779807832805,6.1741801844572946,same_country_year_koppen_uncertainty_lowgap_p25,0.819209,True,True,True,0.0,0.0,0.0,0.229359,,3076.876057142857,3035.12495106383,0.0008912676813146,,1.317212077783021,1.3851706334807503,1.139574491431255,252.41027802486147,2.553671841832088,1.8092889271933157,-0.5207167453483061,1.5998701153839234,3.137292,100598.690104,5.122396,2084.125
56|2024-12-26|Brest,56|2024-12-26|Brest,56,4412,France,France,Brest,Nancy,2024-12-26,2024,low_vis_5km,0.3699883558515737,-0.1866367940149761,0.383412128640635,,False,False,Cfb,,48.395742,-4.48925,48.68329560552609,6.187999931184372,same_country_year_koppen_uncertainty_lowgap_p25,0.887317,True,True,True,0.0,0.0,0.0,0.229359,,3076.876057142857,3732.356429310345,0.0008912676813146,,1.317212077783021,0.4638140815190174,1.139574491431255,280.33706773638505,2.553671841832088,2.021084302961959,-0.5207167453483061,1.761694260941935,2.578048,100325.940104,5.68164,2356.875
6403|2024-12-29|Nizhnekamsk,6403|2024-12-29|Nizhnekamsk,6403,6031,Russia,Russia,Nizhnekamsk,Ulyanovsk,2024-12-29,2024,low_ceiling_300m,0.3698403422754413,-0.2626354846883355,0.3228272923597735,,False,False,Dfb,,55.626131,51.811607,54.30457195226994,48.34297095737613,same_country_year_koppen_uncertainty_lowgap_p25,1.166857,True,True,True,0.0,0.0,0.0,0.30756,,5182.24729375,3883.0337009900986,0.0001273239544735,,27.4681670757702,8.398455944882189,684.6867668945697,636.9057543024679,1.2530283577789525,0.9182003383774758,-0.7912054137689452,1.7349190098049212,-6.515672,100838.265625,0.587077,160.708333
6403|2024-12-29|Nizhnekamsk,6403|2024-12-29|Nizhnekamsk,6403,7378,Russia,Russia,Nizhnekamsk,Young Leninist,2024-12-29,2024,low_ceiling_300m,0.3698403422754413,-0.2022927573492249,0.3228272923597735,,False,False,Dfb,,55.626131,51.811607,54.87960970913622,83.0067198381084,same_country_year_koppen_uncertainty_lowgap_p25,1.38298,True,True,True,0.0,0.0,0.0,0.30756,,5182.24729375,1981.16886,0.0001273239544735,,27.4681670757702,2.3258718543025725,684.6867668945697,873.4625454980894,1.2530283577789525,0.9153923656057292,-0.7912054137689452,1.4207169751727584,-5.540086,99826.848958,-0.388509,1172.125
6403|2024-12-29|Nizhnekamsk,6403|2024-12-29|Nizhnekamsk,6403,6242,Russia,Russia,Nizhnekamsk,Dimitrovgrad,2024-12-29,2024,low_ceiling_300m,0.3698403422754413,-0.2402571311973928,0.3228272923597735,,False,False,Dfb,,55.626131,51.811607,54.22085624156395,49.601213221695694,same_country_year_koppen_uncertainty_lowgap_p25,1.419134,True,True,True,0.0,0.0,0.0,0.30756,,5182.24729375,3687.2105466666662,0.0001273239544735,,27.4681670757702,26.832945880058592,684.6867668945697,597.7864892031167,1.2530283577789525,-0.1750090521436343,-0.7912054137689452,0.8853422456253571,-6.778937,101249.140625,0.850342,-250.166667
6403|2024-12-27|Nizhnekamsk,6403|2024-12-27|Nizhnekamsk,6403,6031,Russia,Russia,Nizhnekamsk,Ulyanovsk,2024-12-27,2024,low_ceiling_1000m,0.3698403422754413,-0.2626354846883355,0.3228272923597735,,False,False,Dfb,,55.626131,51.811607,54.30457195226994,48.34297095737613,same_country_year_koppen_uncertainty_lowgap_p25,1.166857,True,True,True,0.028333,0.353889,-0.325556,1.692772,,5182.24729375,3883.0337009900986,0.0001273239544735,,27.4681670757702,8.398455944882189,684.6867668945697,636.9057543024679,1.2530283577789525,0.9182003383774758,-0.7912054137689452,1.7349190098049212,-2.442592,101066.291667,0.731526,-169.333334
6403|2024-12-27|Nizhnekamsk,6403|2024-12-27|Nizhnekamsk,6403,7378,Russia,Russia,Nizhnekamsk,Young Leninist,2024-12-27,2024,low_ceiling_1000m,0.3698403422754413,-0.2022927573492249,0.3228272923597735,,False,False,Dfb,,55.626131,51.811607,54.87960970913622,83.0067198381084,same_country_year_koppen_uncertainty_lowgap_p25,1.38298,True,True,True,0.028333,0.0,0.028333,1.692772,,5182.24729375,1981.16886,0.0001273239544735,,27.4681670757702,2.3258718543025725,684.6867668945697,873.4625454980894,1.2530283577789525,0.9153923656057292,-0.7912054137689452,1.4207169751727584,-9.821173,100078.041667,8.110107,818.916666
6403|2024-12-27|Nizhnekamsk,6403|2024-12-27|Nizhnekamsk,6403,6242,Russia,Russia,Nizhnekamsk,Dimitrovgrad,2024-12-27,2024,low_ceiling_1000m,0.3698403422754413,-0.2402571311973928,0.3228272923597735,,False,False,Dfb,,55.626131,51.811607,54.22085624156395,49.601213221695694,same_country_year_koppen_uncertainty_lowgap_p25,1.419134,True,True,True,0.028333,0.226111,-0.197778,1.692772,,5182.24729375,3687.2105466666662,0.0001273239544735,,27.4681670757702,26.832945880058592,684.6867668945697,597.7864892031167,1.2530283577789525,-0.1750090521436343,-0.7912054137689452,0.8853422456253571,-2.541795,101431.375,0.830729,-534.416667
2617|2024-08-21|Río Cuarto,2617|2024-08-21|Río Cuarto,2617,3443,Argentina,Argentina,Río Cuarto,Funes,2024-08-21,2024,low_ceiling_300m,0.3685748006671401,-0.1825771907297301,0.3736940407400922,,False,False,Cwa,,-33.12169,-64.348265,-32.91871118991632,-60.8221861818703,same_country_year_uncertainty_lowgap_p25,0.537437,True,False,True,0.0,0.080556,-0.080556,1.004219,,3358.2219511627904,2924.080648,0.0001273239544735,,4.284361053901343,3.913801869633391,562.5719925533739,229.13555109673757,1.338980034604993,0.6630166707121725,-0.5641043785776282,1.31485375595707,10.789453,100947.671875,-4.297689,-4167.75
2617|2024-08-21|Río Cuarto,2617|2024-08-21|Río Cuarto,2617,4739,Argentina,Argentina,Río Cuarto,Puerto Iguazú,2024-08-21,2024,low_ceiling_300m,0.3685748006671401,-0.3247462687251825,0.3736940407400922,,False,False,Cwa,,-33.12169,-64.348265,-25.613647935089674,-54.5791210294304,same_country_year_uncertainty_lowgap_p25,1.103417,True,False,True,0.0,0.052778,-0.052778,1.004219,,3358.2219511627904,4460.19593,0.0001273239544735,,4.284361053901343,8.242771024791876,562.5719925533739,560.3984346298093,1.338980034604993,0.5225452545997996,-0.5641043785776282,1.6762870730085395,24.453923,98457.671875,-17.962159,-1677.75
2617|2024-08-21|Río Cuarto,2617|2024-08-21|Río Cuarto,2617,4775,Argentina,Argentina,Río Cuarto,Oberá,2024-08-21,2024,low_ceiling_300m,0.3685748006671401,-0.2089291626288753,0.3736940407400922,,False,False,Cwa,,-33.12169,-64.348265,-27.484677112419533,-55.11966082247188,same_country_year_uncertainty_lowgap_p25,1.396997,True,False,True,0.0,0.0,0.0,1.004219,,3358.2219511627904,3919.478466,0.0001273239544735,,4.284361053901343,3.8293330385356095,562.5719925533739,465.94311404691894,1.338980034604993,-0.5089563797090272,-0.5641043785776282,0.8721826331443912,23.04987,98148.088542,-16.558106,-1368.166667
2617|2024-02-29|Río Cuarto,2617|2024-02-29|Río Cuarto,2617,3443,Argentina,Argentina,Río Cuarto,Funes,2024-02-29,2024,low_ceiling_1000m,0.3685748006671401,-0.1825771907297301,0.3736940407400922,,False,False,Cwa,,-33.12169,-64.348265,-32.91871118991632,-60.8221861818703,same_country_year_uncertainty_lowgap_p25,0.537437,True,False,True,10.332778,0.0,10.332778,26.925087,,3358.2219511627904,2924.080648,0.0001273239544735,,4.284361053901343,3.913801869633391,562.5719925533739,229.13555109673757,1.338980034604993,0.6630166707121725,-0.5641043785776282,1.31485375595707,25.697656,100891.315104,-2.358154,-4326.291666
2617|2024-02-29|Río Cuarto,2617|2024-02-29|Río Cuarto,2617,4739,Argentina,Argentina,Río Cuarto,Puerto Iguazú,2024-02-29,2024,low_ceiling_1000m,0.3685748006671401,-0.3247462687251825,0.3736940407400922,,False,False,Cwa,,-33.12169,-64.348265,-25.613647935089674,-54.5791210294304,same_country_year_uncertainty_lowgap_p25,1.103417,True,False,True,10.332778,0.633889,9.698889,26.925087,,3358.2219511627904,4460.19593,0.0001273239544735,,4.284361053901343,8.242771024791876,562.5719925533739,560.3984346298093,1.338980034604993,0.5225452545997996,-0.5641043785776282,1.6762870730085395,25.748031,98629.690104,-2.408529,-2064.666666
2617|2024-02-29|Río Cuarto,2617|2024-02-29|Río Cuarto,2617,4775,Argentina,Argentina,Río Cuarto,Oberá,2024-02-29,2024,low_ceiling_1000m,0.3685748006671401,-0.2089291626288753,0.3736940407400922,,False,False,Cwa,,-33.12169,-64.348265,-27.484677112419533,-55.11966082247188,same_country_year_uncertainty_lowgap_p25,1.396997,True,False,True,10.332778,0.0,10.332778,26.925087,,3358.2219511627904,3919.478466,0.0001273239544735,,4.284361053901343,3.8293330385356095,562.5719925533739,465.94311404691894,1.338980034604993,-0.5089563797090272,-0.5641043785776282,0.8721826331443912,23.289535,98434.356771,0.049967,-1869.333333
8387|2024-12-21|Timika,8387|2024-12-21|Timika,8387,2463,Indonesia,Indonesia,Timika,Tebing Tinggi,2024-12-21,2024,low_ceiling_1000m,0.3649579686360023,-0.1828784935251874,0.2038755617813576,,False,False,Af,,-4.562932,136.877284,3.3383430064369852,99.16023732314332,same_country_year_uncertainty_lowgap_p25,1.26702,True,False,True,29.781667,1.260556,28.521111,112.168312,,9510.816648484848,6403.953382051282,0.0001273239544735,,4.327595199516538,5.539365283459771,39.985758066631846,20.5724097370647,-0.405764196164537,0.0244933990886782,-1.3222804679512783,1.0743976684954664,27.124821,100708.239583,-1.297282,-3070.208333
8387|2024-12-21|Timika,8387|2024-12-21|Timika,8387,2237,Indonesia,Indonesia,Timika,Perbaungan,2024-12-21,2024,low_ceiling_1000m,0.3649579686360023,-0.2034426946624499,0.2038755617813576,,False,False,Af,,-4.562932,136.877284,3.568359115451711,98.9602255745965,same_country_year_uncertainty_lowgap_p25,1.615492,True,False,True,29.781667,0.275,29.506667,112.168312,,9510.816648484848,6644.875190000001,0.0001273239544735,,4.327595199516538,12.374204757736722,39.985758066631846,9.761131000864877,-0.405764196164537,0.0258482007178937,-1.3222804679512783,1.068469328219388,27.195866,101116.239583,-1.368327,-3478.208333
8387|2024-12-21|Timika,8387|2024-12-21|Timika,8387,7888,Indonesia,Indonesia,Timika,Praya,2024-12-21,2024,low_ceiling_1000m,0.3649579686360023,-0.211406252719818,0.2038755617813576,,False,False,Af,,-4.562932,136.877284,-8.69442653810524,116.26378241993883,same_country_year_uncertainty_lowgap_p25,1.716152,True,False,True,29.781667,0.057222,29.724445,112.168312,,9510.816648484848,5080.889812121211,0.0001273239544735,,4.327595199516538,8.382060387576859,39.985758066631846,17.12435571048932,-0.405764196164537,-0.3831788973355721,-1.3222804679512783,1.066189197343973,26.697249,99225.322917,-0.86971,-1587.291667
8387|2024-10-06|Timika,8387|2024-10-06|Timika,8387,2463,Indonesia,Indonesia,Timika,Tebing Tinggi,2024-10-06,2024,low_ceiling_1000m,0.3649579686360023,-0.1828784935251874,0.2038755617813576,,False,False,Af,,-4.562932,136.877284,3.3383430064369852,99.16023732314332,same_country_year_uncertainty_lowgap_p25,1.26702,True,False,True,5.850556,0.519444,5.331112,29.60968,,9510.816648484848,6403.953382051282,0.0001273239544735,,4.327595199516538,5.539365283459771,39.985758066631846,20.5724097370647,-0.405764196164537,0.0244933990886782,-1.3222804679512783,1.0743976684954664,27.410333,100824.203125,-2.032633,-2824.708333
8387|2024-10-06|Timika,8387|2024-10-06|Timika,8387,2237,Indonesia,Indonesia,Timika,Perbaungan,2024-10-06,2024,low_ceiling_1000m,0.3649579686360023,-0.2034426946624499,0.2038755617813576,,False,False,Af,,-4.562932,136.877284,3.568359115451711,98.9602255745965,same_country_year_uncertainty_lowgap_p25,1.615492,True,False,True,5.850556,0.261667,5.588889,29.60968,,9510.816648484848,6644.875190000001,0.0001273239544735,,4.327595199516538,12.374204757736722,39.985758066631846,9.761131000864877,-0.405764196164537,0.0258482007178937,-1.3222804679512783,1.068469328219388,27.661798,101225.328125,-2.284098,-3225.833333
8387|2024-10-06|Timika,8387|2024-10-06|Timika,8387,7888,Indonesia,Indonesia,Timika,Praya,2024-10-06,2024,low_ceiling_1000m,0.3649579686360023,-0.211406252719818,0.2038755617813576,,False,False,Af,,-4.562932,136.877284,-8.69442653810524,116.26378241993883,same_country_year_uncertainty_lowgap_p25,1.716152,True,False,True,5.850556,0.0,5.850556,29.60968,,9510.816648484848,5080.889812121211,0.0001273239544735,,4.327595199516538,8.382060387576859,39.985758066631846,17.12435571048932,-0.405764196164537,-0.3831788973355721,-1.3222804679512783,1.066189197343973,28.510105,99520.744792,-3.132405,-1521.25
3783|2024-08-16|Pangkalan Kerinci,3783|2024-08-16|Pangkalan Kerinci,3783,2463,Indonesia,Indonesia,Pangkalan Kerinci,Tebing Tinggi,2024-08-16,2024,fog,0.353304615740819,-0.1828784935251874,0.2170956633397537,,False,False,,,0.398914,101.856111,3.3383430064369852,99.16023732314332,same_country_year_koppen_uncertainty_lowgap_p25,1.06214,True,True,True,1.002222,0.0,1.002222,4.332066,,7015.977517647059,6403.953382051282,0.0001273239544735,,14.353261627914003,5.539365283459771,58.73356816542032,20.5724097370647,0.1757006834804197,0.0244933990886782,-1.2632576515762544,1.0743976684954664,27.916223,100549.192708,-0.633463,105.583334
3783|2024-08-16|Pangkalan Kerinci,3783|2024-08-16|Pangkalan Kerinci,3783,7818,Indonesia,Indonesia,Pangkalan Kerinci,Semarapura,2024-08-16,2024,fog,0.353304615740819,-0.1803635160155168,0.2170956633397537,,False,False,,,0.398914,101.856111,-8.538194588953232,115.40825249956386,same_country_year_koppen_uncertainty_lowgap_p25,1.227743,True,True,True,1.002222,0.0,1.002222,4.332066,,7015.977517647059,5176.478092352941,0.0001273239544735,,14.353261627914003,13.83374988527505,58.73356816542032,4.889484151475288,0.1757006834804197,-0.5151529605341145,-1.2632576515762544,0.5368731012655309,23.784794,98042.276042,3.497966,2612.5
3783|2024-08-16|Pangkalan Kerinci,3783|2024-08-16|Pangkalan Kerinci,3783,2237,Indonesia,Indonesia,Pangkalan Kerinci,Perbaungan,2024-08-16,2024,fog,0.353304615740819,-0.2034426946624499,0.2170956633397537,,False,False,,,0.398914,101.856111,3.568359115451711,98.9602255745965,same_country_year_koppen_uncertainty_lowgap_p25,1.23279,True,True,True,1.002222,0.0,1.002222,4.332066,,7015.977517647059,6644.875190000001,0.0001273239544735,,14.353261627914003,12.374204757736722,58.73356816542032,9.761131000864877,0.1757006834804197,0.0258482007178937,-1.2632576515762544,1.068469328219388,27.947636,100951.234375,-0.664876,-296.458333
3783|2024-02-07|Pangkalan Kerinci,3783|2024-02-07|Pangkalan Kerinci,3783,2463,Indonesia,Indonesia,Pangkalan Kerinci,Tebing Tinggi,2024-02-07,2024,low_vis_5km,0.353304615740819,-0.1828784935251874,0.2170956633397537,,False,False,,,0.398914,101.856111,3.3383430064369852,99.16023732314332,same_country_year_koppen_uncertainty_lowgap_p25,1.06214,True,True,True,0.651667,0.0,0.651667,11.336803,,7015.977517647059,6403.953382051282,0.0001273239544735,,14.353261627914003,5.539365283459771,58.73356816542032,20.5724097370647,0.1757006834804197,0.0244933990886782,-1.2632576515762544,1.0743976684954664,28.655471,100869.820312,-1.683675,81.25
3783|2024-02-07|Pangkalan Kerinci,3783|2024-02-07|Pangkalan Kerinci,3783,7818,Indonesia,Indonesia,Pangkalan Kerinci,Semarapura,2024-02-07,2024,low_vis_5km,0.353304615740819,-0.1803635160155168,0.2170956633397537,,False,False,,,0.398914,101.856111,-8.538194588953232,115.40825249956386,same_country_year_koppen_uncertainty_lowgap_p25,1.227743,True,True,True,0.651667,0.096667,0.555,11.336803,,7015.977517647059,5176.478092352941,0.0001273239544735,,14.353261627914003,13.83374988527505,58.73356816542032,4.889484151475288,0.1757006834804197,-0.5151529605341145,-1.2632576515762544,0.5368731012655309,25.955113,98039.445312,1.016683,2911.625
3783|2024-02-07|Pangkalan Kerinci,3783|2024-02-07|Pangkalan Kerinci,3783,2237,Indonesia,Indonesia,Pangkalan Kerinci,Perbaungan,2024-02-07,2024,low_vis_5km,0.353304615740819,-0.2034426946624499,0.2170956633397537,,False,False,,,0.398914,101.856111,3.568359115451711,98.9602255745965,same_country_year_koppen_uncertainty_lowgap_p25,1.23279,True,True,True,0.651667,0.0,0.651667,11.336803,,7015.977517647059,6644.875190000001,0.0001273239544735,,14.353261627914003,12.374204757736722,58.73356816542032,9.761131000864877,0.1757006834804197,0.0258482007178937,-1.2632576515762544,1.068469328219388,28.651727,101273.611979,-1.679931,-322.541667
4339|2024-12-28|Lublin,4339|2024-12-28|Lublin,4339,3068,Poland,Poland,Lublin,Częstochowa,2024-12-28,2024,low_ceiling_300m,0.3522376707934139,-0.1970056016943235,0.374627911048853,,False,False,Dfb,,51.239794,22.554886,50.806943282062505,19.11058915941061,same_country_year_koppen_uncertainty_lowgap_p25,0.929834,True,True,True,0.0,0.0,0.0,0.470638,,4178.979672222222,3509.551136170213,0.000254647908947,,13.081017647413086,10.835414166121913,313.08324423939416,276.77328123796974,2.027847687537088,1.2127321290861086,-0.5599349964054414,1.4441697498913104,1.135451,99791.195312,-1.818359,801.708334
4339|2024-12-28|Lublin,4339|2024-12-28|Lublin,4339,3403,Poland,Poland,Lublin,Bełchatów,2024-12-28,2024,low_ceiling_300m,0.3522376707934139,-0.1897538331500462,0.374627911048853,,False,False,Dfb,,51.239794,22.554886,51.35896353742977,19.375143003940927,same_country_year_koppen_uncertainty_lowgap_p25,1.028303,True,True,True,0.0,0.0,0.0,0.470638,,4178.979672222222,3423.068758666667,0.000254647908947,,13.081017647413086,3.4770926585272535,313.08324423939416,233.8785275089932,2.027847687537088,1.3332322290938354,-0.5599349964054414,1.1628015998651209,0.890333,100605.291505,-1.573241,-12.387859
4339|2024-12-28|Lublin,4339|2024-12-28|Lublin,4339,1080,Poland,Poland,Lublin,Słupsk,2024-12-28,2024,low_ceiling_300m,0.3522376707934139,-0.3263237101215857,0.374627911048853,,False,False,Dfb,,51.239794,22.554886,54.463339597672,17.024806823494853,same_country_year_koppen_uncertainty_lowgap_p25,1.191404,True,True,True,0.0,0.0,0.0,0.470638,,4178.979672222222,4364.374916842105,0.000254647908947,,13.081017647413086,7.495769561299709,313.08324423939416,13.174767989702383,2.027847687537088,1.453923092256968,-0.5599349964054414,1.8684043859113495,4.036412,102338.528646,-4.71932,-1745.625
4339|2024-12-29|Lublin,4339|2024-12-29|Lublin,4339,3068,Poland,Poland,Lublin,Częstochowa,2024-12-29,2024,low_ceiling_300m,0.3522376707934139,-0.1970056016943235,0.374627911048853,,False,False,Dfb,,51.239794,22.554886,50.806943282062505,19.11058915941061,same_country_year_koppen_uncertainty_lowgap_p25,0.929834,True,True,True,0.0,0.0,0.0,0.300884,,4178.979672222222,3509.551136170213,0.000254647908947,,13.081017647413086,10.835414166121913,313.08324423939416,276.77328123796974,2.027847687537088,1.2127321290861086,-0.5599349964054414,1.4441697498913104,0.868361,99427.807292,-0.296386,707.208333
4339|2024-12-29|Lublin,4339|2024-12-29|Lublin,4339,3403,Poland,Poland,Lublin,Bełchatów,2024-12-29,2024,low_ceiling_300m,0.3522376707934139,-0.1897538331500462,0.374627911048853,,False,False,Dfb,,51.239794,22.554886,51.35896353742977,19.375143003940927,same_country_year_koppen_uncertainty_lowgap_p25,1.028303,True,True,True,0.0,0.0,0.0,0.300884,,4178.979672222222,3423.068758666667,0.000254647908947,,13.081017647413086,3.4770926585272535,313.08324423939416,233.8785275089932,2.027847687537088,1.3332322290938354,-0.5599349964054414,1.1628015998651209,0.731668,100199.354981,-0.159693,-64.339356
4339|2024-12-29|Lublin,4339|2024-12-29|Lublin,4339,1080,Poland,Poland,Lublin,Słupsk,2024-12-29,2024,low_ceiling_300m,0.3522376707934139,-0.3263237101215857,0.374627911048853,,False,False,Dfb,,51.239794,22.554886,54.463339597672,17.024806823494853,same_country_year_koppen_uncertainty_lowgap_p25,1.191404,True,True,True,0.0,0.349444,-0.349444,0.300884,,4178.979672222222,4364.374916842105,0.000254647908947,,13.081017647413086,7.495769561299709,313.08324423939416,13.174767989702383,2.027847687537088,1.453923092256968,-0.5599349964054414,1.8684043859113495,2.884393,101693.848958,-2.312418,-1558.833333
4166|2024-09-11|Aungpan,4166|2024-09-11|Aungpan,4166,5151,Myanmar,Myanmar,Aungpan,Hlegu,2024-09-11,2024,low_vis_1km,0.3404154475807057,-0.2324401740218606,0.2206852273390533,,False,False,,,20.659912,96.638692,17.09504288301021,96.21556461809432,same_country_year_koppen_uncertainty_lowgap_p25,0.985462,True,True,True,2.551111,0.703333,1.847778,111.875057,,9259.933069,9541.090841666666,0.0001273239544735,,18.099918923122164,14.60428842020675,291.29450846114827,34.34161363544779,0.0070073928667808,-0.5587098379704666,-1.2472315888519103,0.8991533240707262,26.535333,100621.315104,-6.027832,-13335.625
4166|2024-09-11|Aungpan,4166|2024-09-11|Aungpan,4166,2852,Myanmar,Myanmar,Aungpan,Kyaukse,2024-09-11,2024,low_vis_1km,0.3404154475807057,-0.2238469587476815,0.2206852273390533,,False,False,,,20.659912,96.638692,21.608066749978036,96.14223452048444,same_country_year_koppen_uncertainty_lowgap_p25,1.048189,True,True,True,2.551111,1.374444,1.176667,111.875057,,9259.933069,6662.267127857143,0.0001273239544735,,18.099918923122164,19.4023454698042,291.29450846114827,306.76398147681635,0.0070073928667808,-0.805144155788182,-1.2472315888519103,0.894397622530576,25.595799,97737.315104,-5.088298,-10451.625
4166|2024-09-11|Aungpan,4166|2024-09-11|Aungpan,4166,1548,Myanmar,Myanmar,Aungpan,Pakokku,2024-09-11,2024,low_vis_1km,0.3404154475807057,-0.1996555721397126,0.2206852273390533,,False,False,,,20.659912,96.638692,21.33730216929332,95.07992178794996,same_country_year_koppen_uncertainty_lowgap_p25,1.05989,True,True,True,2.551111,3.180556,-0.629445,111.875057,,9259.933069,8119.479992857143,0.0001273239544735,,18.099918923122164,8.527339972394135,291.29450846114827,212.39161430714427,0.0070073928667808,-0.6025864924397636,-1.2472315888519103,0.9735507372056902,25.734226,98196.148438,-5.226725,-10910.458334
4166|2024-09-10|Aungpan,4166|2024-09-10|Aungpan,4166,5151,Myanmar,Myanmar,Aungpan,Hlegu,2024-09-10,2024,low_vis_1km,0.3404154475807057,-0.2324401740218606,0.2206852273390533,,False,False,,,20.659912,96.638692,17.09504288301021,96.21556461809432,same_country_year_koppen_uncertainty_lowgap_p25,0.985462,True,True,True,2.676111,7.333333,-4.657222,179.512978,,9259.933069,9541.090841666666,0.0001273239544735,,18.099918923122164,14.60428842020675,291.29450846114827,34.34161363544779,0.0070073928667808,-0.5587098379704666,-1.2472315888519103,0.8991533240707262,26.437819,100498.53125,-5.425944,-13387.375
4166|2024-09-10|Aungpan,4166|2024-09-10|Aungpan,4166,2852,Myanmar,Myanmar,Aungpan,Kyaukse,2024-09-10,2024,low_vis_1km,0.3404154475807057,-0.2238469587476815,0.2206852273390533,,False,False,,,20.659912,96.638692,21.608066749978036,96.14223452048444,same_country_year_koppen_uncertainty_lowgap_p25,1.048189,True,True,True,2.676111,8.945,-6.268889,179.512978,,9259.933069,6662.267127857143,0.0001273239544735,,18.099918923122164,19.4023454698042,291.29450846114827,306.76398147681635,0.0070073928667808,-0.805144155788182,-1.2472315888519103,0.894397622530576,25.760736,97709.864583,-4.748861,-10598.708333
4166|2024-09-10|Aungpan,4166|2024-09-10|Aungpan,4166,1548,Myanmar,Myanmar,Aungpan,Pakokku,2024-09-10,2024,low_vis_1km,0.3404154475807057,-0.1996555721397126,0.2206852273390533,,False,False,,,20.659912,96.638692,21.33730216929332,95.07992178794996,same_country_year_koppen_uncertainty_lowgap_p25,1.05989,True,True,True,2.676111,1.687778,0.988333,179.512978,,9259.933069,8119.479992857143,0.0001273239544735,,18.099918923122164,8.527339972394135,291.29450846114827,212.39161430714427,0.0070073928667808,-0.6025864924397636,-1.2472315888519103,0.9735507372056902,27.315261,98207.489583,-6.303386,-11096.333333
6968|2024-03-02|Chakwal,6968|2024-03-02|Chakwal,6968,5564,Pakistan,Pakistan,Chakwal,Nowshera,2024-03-02,2024,low_vis_5km,0.3300317118987774,-0.2319297510430629,0.1760929200957217,,False,False,BSh,,32.93251,72.853555,34.001624294943994,72.07847276034254,same_country_year_koppen_uncertainty_lowgap_p25,1.173015,True,True,True,0.121111,0.733889,-0.612778,15.924931,,6890.5077363636365,5967.859306722688,0.0001273239544735,,8.070635981855483,11.631497438031642,1026.1562094560388,1079.8232852946255,-0.1553337435093184,-0.8785752474185734,-1.4463195875738448,0.7899676284365765,11.153569,95979.539062,1.798177,-1166.666666
6968|2024-03-02|Chakwal,6968|2024-03-02|Chakwal,6968,4866,Pakistan,Pakistan,Chakwal,Kohat,2024-03-02,2024,low_vis_5km,0.3300317118987774,-0.2841605602818368,0.1760929200957217,,False,False,BSh,,32.93251,72.853555,33.57637418433994,71.45405191673616,same_country_year_koppen_uncertainty_lowgap_p25,1.630972,True,True,True,0.121111,0.743889,-0.622778,15.924931,,6890.5077363636365,6575.121447761194,0.0001273239544735,,8.070635981855483,1.516726710359382,1026.1562094560388,1010.7739764378108,-0.1553337435093184,-1.2662162000420332,-1.4463195875738448,0.9985018836423728,10.21908,93351.664062,2.732666,1461.208334
6968|2024-03-02|Chakwal,6968|2024-03-02|Chakwal,6968,5467,Pakistan,Pakistan,Chakwal,Amangarh,2024-03-02,2024,low_vis_5km,0.3300317118987774,-0.3498800791964337,0.1760929200957217,,False,False,BSh,,32.93251,72.853555,33.99658327683414,71.90435027663186,same_country_year_uncertainty_lowgap_p25,0.67476,True,False,True,0.121111,1.801667,-1.680556,15.924931,,6890.5077363636365,7494.936557777777,0.0001273239544735,,8.070635981855483,6.4378436073805,1026.1562094560388,1070.9867148523756,-0.1553337435093184,-0.9844561652483156,-1.4463195875738448,1.062280401557547,11.153569,95979.539062,1.798177,-1166.666666
6968|2024-04-26|Chakwal,6968|2024-04-26|Chakwal,6968,5564,Pakistan,Pakistan,Chakwal,Nowshera,2024-04-26,2024,low_vis_5km,0.3300317118987774,-0.2319297510430629,0.1760929200957217,,False,False,BSh,,32.93251,72.853555,34.001624294943994,72.07847276034254,same_country_year_koppen_uncertainty_lowgap_p25,1.173015,True,True,True,0.732222,0.67,0.062222,2.822876,,6890.5077363636365,5967.859306722688,0.0001273239544735,,8.070635981855483,11.631497438031642,1026.1562094560388,1079.8232852946255,-0.1553337435093184,-0.8785752474185734,-1.4463195875738448,0.7899676284365765,22.647882,96342.434896,0.376953,-1150.625
6968|2024-04-26|Chakwal,6968|2024-04-26|Chakwal,6968,4866,Pakistan,Pakistan,Chakwal,Kohat,2024-04-26,2024,low_vis_5km,0.3300317118987774,-0.2841605602818368,0.1760929200957217,,False,False,BSh,,32.93251,72.853555,33.57637418433994,71.45405191673616,same_country_year_koppen_uncertainty_lowgap_p25,1.630972,True,True,True,0.732222,0.941111,-0.208889,2.822876,,6890.5077363636365,6575.121447761194,0.0001273239544735,,8.070635981855483,1.516726710359382,1026.1562094560388,1010.7739764378108,-0.1553337435093184,-1.2662162000420332,-1.4463195875738448,0.9985018836423728,22.315607,93827.559896,0.709228,1364.25
6968|2024-04-26|Chakwal,6968|2024-04-26|Chakwal,6968,5467,Pakistan,Pakistan,Chakwal,Amangarh,2024-04-26,2024,low_vis_5km,0.3300317118987774,-0.3498800791964337,0.1760929200957217,,False,False,BSh,,32.93251,72.853555,33.99658327683414,71.90435027663186,same_country_year_uncertainty_lowgap_p25,0.67476,True,False,True,0.732222,0.915556,-0.183334,2.822876,,6890.5077363636365,7494.936557777777,0.0001273239544735,,8.070635981855483,6.4378436073805,1026.1562094560388,1070.9867148523756,-0.1553337435093184,-0.9844561652483156,-1.4463195875738448,1.062280401557547,22.647882,96342.434896,0.376953,-1150.625
2661|2024-08-28|Mogok,2661|2024-08-28|Mogok,2661,2852,Myanmar,Myanmar,Mogok,Kyaukse,2024-08-28,2024,low_vis_5km,0.3060777803126888,-0.2238469587476815,0.2046926983015233,,False,False,,,22.921326,96.505589,21.608066749978036,96.14223452048444,same_country_year_koppen_uncertainty_lowgap_p25,0.891628,True,True,True,0.0,0.0,0.0,4.035473,,8644.3088,6662.267127857143,0.0001273239544735,,24.23636650713343,19.4023454698042,434.2923049621341,306.76398147681635,-0.439050465659054,-0.805144155788182,-1.3186322585506147,0.894397622530576,28.270166,98015.8125,-2.446859,-5326.666667
2661|2024-08-28|Mogok,2661|2024-08-28|Mogok,2661,4205,Myanmar,Myanmar,Mogok,Za Lun,2024-08-28,2024,low_vis_5km,0.3060777803126888,-0.2033368999656558,0.2046926983015233,,False,False,,,22.921326,96.505589,17.473511902300302,95.55339116463888,same_country_year_koppen_uncertainty_lowgap_p25,1.237464,True,True,True,0.0,0.02,-0.02,4.035473,,8644.3088,10018.002651428573,0.0001273239544735,,24.23636650713343,21.184146057108254,434.2923049621341,90.96612055931544,-0.439050465659054,-1.7183902515597245,-1.3186322585506147,0.0994137061680861,27.412988,100492.6875,-1.589681,-7803.541667
2661|2024-08-28|Mogok,2661|2024-08-28|Mogok,2661,4903,Myanmar,Myanmar,Mogok,Myaungtagar,2024-08-28,2024,low_vis_5km,0.3060777803126888,-0.2508473318150503,0.2046926983015233,,False,False,,,22.921326,96.505589,17.170477707252438,95.97288596677456,same_country_year_koppen_uncertainty_lowgap_p25,1.264343,True,True,True,0.0,0.188889,-0.188889,4.035473,,8644.3088,5494.02951,0.0001273239544735,,24.23636650713343,11.181265889615185,434.2923049621341,51.28529681815086,-0.439050465659054,-1.1954275475666882,-1.3186322585506147,0.585602755402968,27.36001,100479.4375,-1.536703,-7790.291667
357|2024-11-28|Ensenada,357|2024-11-28|Ensenada,357,5,México,México,Ensenada,Rosarito,2024-11-28,2024,fog,0.3052569681443155,-0.3424087683503803,0.3068347633222436,,False,False,BSk,,31.868981,-116.596919,32.37649376352435,-117.05451024532564,same_country_year_koppen_uncertainty_lowgap_p25,0.75316,True,True,True,0.0,0.0,0.0,0.001907,,3811.671316666667,2569.436087586207,0.0001273239544735,,2.8949827654241225,9.847961667340336,2.5241468271537766,1.980261212917391,1.1383560688693088,0.4353111193782644,-0.8626060834676494,1.426384729063075,14.665776,99531.125,0.488525,-2346.166667
357|2024-11-28|Ensenada,357|2024-11-28|Ensenada,357,5772,México,México,Ensenada,Santa Matilde,2024-11-28,2024,fog,0.3052569681443155,-0.2214376103414764,0.3068347633222436,,False,False,BSk,,31.868981,-116.596919,20.044546470729,-98.78409081019672,same_country_year_koppen_uncertainty_lowgap_p25,1.653628,True,True,True,0.0,0.0,0.0,0.001907,,3811.671316666667,3458.5348882142857,0.0001273239544735,,2.8949827654241225,3.9461346843594014,2.5241468271537766,173.35771699608745,1.1383560688693088,-0.0460871900292603,-0.8626060834676494,0.9429969834751318,13.245447,76191.916667,1.908854,20993.041666
357|2024-11-28|Ensenada,357|2024-11-28|Ensenada,357,913,México,México,Ensenada,Tecate,2024-11-28,2024,fog,0.3052569681443155,-0.3140009465557419,0.3068347633222436,,False,False,BSk,,31.868981,-116.596919,32.5646551549511,-116.62289751088105,same_country_year_uncertainty_lowgap_p25,0.782282,True,False,True,0.0,0.001667,-0.001667,0.001907,,3811.671316666667,3351.1524165,0.0001273239544735,,2.8949827654241225,2.9877776863311936,2.5241468271537766,46.533200544990414,1.1383560688693088,0.5587274222711186,-0.8626060834676494,1.4284042735527285,13.277673,91619.541667,1.876628,5565.416666
357|2024-04-11|Ensenada,357|2024-04-11|Ensenada,357,5,México,México,Ensenada,Rosarito,2024-04-11,2024,fog,0.3052569681443155,-0.3424087683503803,0.3068347633222436,,False,False,BSk,,31.868981,-116.596919,32.37649376352435,-117.05451024532564,same_country_year_koppen_uncertainty_lowgap_p25,0.75316,True,True,True,0.0,0.0,0.0,0.0,,3811.671316666667,2569.436087586207,0.0001273239544735,,2.8949827654241225,9.847961667340336,2.5241468271537766,1.980261212917391,1.1383560688693088,0.4353111193782644,-0.8626060834676494,1.426384729063075,15.119592,99314.697917,0.406169,-2328.416667
357|2024-04-11|Ensenada,357|2024-04-11|Ensenada,357,5772,México,México,Ensenada,Santa Matilde,2024-04-11,2024,fog,0.3052569681443155,-0.2214376103414764,0.3068347633222436,,False,False,BSk,,31.868981,-116.596919,20.044546470729,-98.78409081019672,same_country_year_koppen_uncertainty_lowgap_p25,1.653628,True,True,True,0.0,0.0,0.0,0.0,,3811.671316666667,3458.5348882142857,0.0001273239544735,,2.8949827654241225,3.9461346843594014,2.5241468271537766,173.35771699608745,1.1383560688693088,-0.0460871900292603,-0.8626060834676494,0.9429969834751318,16.829309,76167.239583,-1.303548,20819.041667
357|2024-04-11|Ensenada,357|2024-04-11|Ensenada,357,913,México,México,Ensenada,Tecate,2024-04-11,2024,fog,0.3052569681443155,-0.3140009465557419,0.3068347633222436,,False,False,BSk,,31.868981,-116.596919,32.5646551549511,-116.62289751088105,same_country_year_uncertainty_lowgap_p25,0.782282,True,False,True,0.0,0.0,0.0,0.0,,3811.671316666667,3351.1524165,0.0001273239544735,,2.8949827654241225,2.9877776863311936,2.5241468271537766,46.533200544990414,1.1383560688693088,0.5587274222711186,-0.8626060834676494,1.4284042735527285,16.136357,91463.989583,-0.610596,5522.291667
7176|2024-01-25|Khewra,7176|2024-01-25|Khewra,7176,5467,Pakistan,Pakistan,Khewra,Amangarh,2024-01-25,2024,fog,0.3040378281837783,-0.3498800791964337,0.2191676880873168,,False,False,,,32.632324,73.018358,33.99658327683414,71.90435027663186,same_country_year_koppen_uncertainty_lowgap_p25,0.4321,True,True,True,0.0,0.0,0.0,0.00906,,8394.07191,7494.936557777777,0.000254647908947,,0.5368572957692995,6.4378436073805,1010.4848097651604,1070.9867148523756,-0.260242104132838,-0.9844561652483156,-1.2540068348817146,1.062280401557547,10.114272,97509.088542,-1.517171,-1714.458334
7176|2024-01-25|Khewra,7176|2024-01-25|Khewra,7176,5633,Pakistan,Pakistan,Khewra,Jamshoro,2024-01-25,2024,fog,0.3040378281837783,-0.2361160843646885,0.2191676880873168,,False,False,,,32.632324,73.018358,25.428012735823156,68.28080345107207,same_country_year_koppen_uncertainty_lowgap_p25,0.803837,True,True,True,0.0,0.0,0.0,0.00906,,8394.07191,4973.006095238095,0.000254647908947,,0.5368572957692995,14.185111084318674,1010.4848097651604,126.25696051105962,-0.260242104132838,-0.7283949669946611,-1.2540068348817146,0.7044301473103001,15.83937,101114.588542,-7.242269,-5319.958334
7176|2024-01-25|Khewra,7176|2024-01-25|Khewra,7176,7997,Pakistan,Pakistan,Khewra,Chawinda,2024-01-25,2024,fog,0.3040378281837783,-0.3166586946728576,0.2191676880873168,,False,False,,,32.632324,73.018358,32.34423098962403,74.70121447649565,same_country_year_koppen_uncertainty_lowgap_p25,0.879292,True,True,True,0.0,0.0,0.0,0.00906,,8394.07191,8965.326181666667,0.000254647908947,,0.5368572957692995,24.821166859258685,1010.4848097651604,1097.848992151943,-0.260242104132838,-0.8002980197598384,-1.2540068348817146,0.7789578536381453,9.259047,99014.255208,-0.661946,-3219.625
7176|2024-03-02|Khewra,7176|2024-03-02|Khewra,7176,5467,Pakistan,Pakistan,Khewra,Amangarh,2024-03-02,2024,low_vis_1km,0.3040378281837783,-0.3498800791964337,0.2191676880873168,,False,False,,,32.632324,73.018358,33.99658327683414,71.90435027663186,same_country_year_koppen_uncertainty_lowgap_p25,0.4321,True,True,True,0.008889,1.801667,-1.792778,34.611702,,8394.07191,7494.936557777777,0.000254647908947,,0.5368572957692995,6.4378436073805,1010.4848097651604,1070.9867148523756,-0.260242104132838,-0.9844561652483156,-1.2540068348817146,1.062280401557547,11.153569,95979.539062,1.39331,-1656.958333
7176|2024-03-02|Khewra,7176|2024-03-02|Khewra,7176,5633,Pakistan,Pakistan,Khewra,Jamshoro,2024-03-02,2024,low_vis_1km,0.3040378281837783,-0.2361160843646885,0.2191676880873168,,False,False,,,32.632324,73.018358,25.428012735823156,68.28080345107207,same_country_year_koppen_uncertainty_lowgap_p25,0.803837,True,True,True,0.008889,0.0,0.008889,34.611702,,8394.07191,4973.006095238095,0.000254647908947,,0.5368572957692995,14.185111084318674,1010.4848097651604,126.25696051105962,-0.260242104132838,-0.7283949669946611,-1.2540068348817146,0.7044301473103001,18.972986,100381.705729,-6.426107,-6059.125
7176|2024-03-02|Khewra,7176|2024-03-02|Khewra,7176,7997,Pakistan,Pakistan,Khewra,Chawinda,2024-03-02,2024,low_vis_1km,0.3040378281837783,-0.3166586946728576,0.2191676880873168,,False,False,,,32.632324,73.018358,32.34423098962403,74.70121447649565,same_country_year_koppen_uncertainty_lowgap_p25,0.879292,True,True,True,0.008889,2.368889,-2.36,34.611702,,8394.07191,8965.326181666667,0.000254647908947,,0.5368572957692995,24.821166859258685,1010.4848097651604,1097.848992151943,-0.260242104132838,-0.8002980197598384,-1.2540068348817146,0.7789578536381453,17.264327,97685.830729,-4.717448,-3363.25
6511|2024-11-10|Kot Addu,6511|2024-11-10|Kot Addu,6511,6228,Pakistan,Pakistan,Kot Addu,Layyah,2024-11-10,2024,fog,0.3026256842492992,-0.315184116430614,0.2046343314072258,,False,False,BWh,,30.45738,70.967571,30.968234457690944,70.94803619058457,same_country_year_koppen_uncertainty_lowgap_p25,0.853026,True,True,True,0.0,0.0,0.0,0.0,,6059.579273076923,6096.643668,0.0001273239544735,,4.153397168089313,52.13439063193045,701.5498972734302,745.247208044932,-0.6747920807758433,-1.0773531245570669,-1.3188928449363762,0.9978504176779688,23.95675,99470.221354,-0.740885,254.708334
6511|2024-11-10|Kot Addu,6511|2024-11-10|Kot Addu,6511,6841,Pakistan,Pakistan,Kot Addu,Joharabad,2024-11-10,2024,fog,0.3026256842492992,-0.3542818232962436,0.2046343314072258,,False,False,BWh,,30.45738,70.967571,32.2941027805159,72.3033929235665,same_country_year_koppen_uncertainty_lowgap_p25,2.066796,True,True,True,0.0,0.0,0.0,0.0,,6059.579273076923,7185.213682352941,0.0001273239544735,,4.153397168089313,32.44073382262003,701.5498972734302,939.2070199379774,-0.6747920807758433,-2.0544025645932034,-1.3188928449363762,0.6721174354758507,22.481571,98501.846354,0.734294,1223.083334
6511|2024-11-10|Kot Addu,6511|2024-11-10|Kot Addu,6511,7085,Pakistan,Pakistan,Kot Addu,Sargodha,2024-11-10,2024,fog,0.3026256842492992,-0.290050268686678,0.2046343314072258,,False,False,BWh,,30.45738,70.967571,32.070230643021624,72.68028096370735,same_country_year_koppen_uncertainty_lowgap_p25,2.949327,True,True,True,0.0,0.0,0.0,0.0,,6059.579273076923,12935.935841463415,0.0001273239544735,,4.153397168089313,2.772147320155872,701.5498972734302,942.770474279186,-0.6747920807758433,-1.6560096033658336,-1.3188928449363762,0.8002607906741634,22.085006,99151.346354,1.130859,573.583334
6511|2024-11-11|Kot Addu,6511|2024-11-11|Kot Addu,6511,6228,Pakistan,Pakistan,Kot Addu,Layyah,2024-11-11,2024,low_vis_5km,0.3026256842492992,-0.315184116430614,0.2046343314072258,,False,False,BWh,,30.45738,70.967571,30.968234457690944,70.94803619058457,same_country_year_koppen_uncertainty_lowgap_p25,0.853026,True,True,True,0.0,0.0,0.0,0.0,,6059.579273076923,6096.643668,0.0001273239544735,,4.153397168089313,52.13439063193045,701.5498972734302,745.247208044932,-0.6747920807758433,-1.0773531245570669,-1.3188928449363762,0.9978504176779688,23.269108,99435.916667,-0.610189,250.0
6511|2024-11-11|Kot Addu,6511|2024-11-11|Kot Addu,6511,6841,Pakistan,Pakistan,Kot Addu,Joharabad,2024-11-11,2024,low_vis_5km,0.3026256842492992,-0.3542818232962436,0.2046343314072258,,False,False,BWh,,30.45738,70.967571,32.2941027805159,72.3033929235665,same_country_year_koppen_uncertainty_lowgap_p25,2.066796,True,True,True,0.0,0.0,0.0,0.0,,6059.579273076923,7185.213682352941,0.0001273239544735,,4.153397168089313,32.44073382262003,701.5498972734302,939.2070199379774,-0.6747920807758433,-2.0544025645932034,-1.3188928449363762,0.6721174354758507,20.956527,98454.625,1.702392,1231.291667
6511|2024-11-11|Kot Addu,6511|2024-11-11|Kot Addu,6511,7085,Pakistan,Pakistan,Kot Addu,Sargodha,2024-11-11,2024,low_vis_5km,0.3026256842492992,-0.290050268686678,0.2046343314072258,,False,False,BWh,,30.45738,70.967571,32.070230643021624,72.68028096370735,same_country_year_koppen_uncertainty_lowgap_p25,2.949327,True,True,True,0.0,0.0,0.0,0.0,,6059.579273076923,12935.935841463415,0.0001273239544735,,4.153397168089313,2.772147320155872,701.5498972734302,942.770474279186,-0.6747920807758433,-1.6560096033658336,-1.3188928449363762,0.8002607906741634,20.648096,99101.333333,2.010823,584.583334
4225|2024-11-11|Stalowa Wola,4225|2024-11-11|Stalowa Wola,4225,3403,Poland,Poland,Stalowa Wola,Bełchatów,2024-11-11,2024,fog,0.3001696670441069,-0.1897538331500462,0.2954240354870717,,False,False,Dfb,,50.564298,22.058214,51.35896353742977,19.375143003940927,same_country_year_koppen_uncertainty_lowgap_p25,0.243554,True,True,True,0.0,0.0,0.0,0.039577,,3356.946019375,3423.068758666667,0.0001273239544735,,7.639868288311741,3.4770926585272535,349.8358306884888,233.8785275089932,1.4513857304788464,1.3332322290938354,-0.9135507218840606,1.1628015998651209,-0.005977,100512.238933,-0.123515,397.261067
4225|2024-11-11|Stalowa Wola,4225|2024-11-11|Stalowa Wola,4225,3349,Poland,Poland,Stalowa Wola,Płock,2024-11-11,2024,fog,0.3001696670441069,-0.2309708510797178,0.2954240354870717,,False,False,Dfb,,50.564298,22.058214,52.54403783538433,19.72281251128816,same_country_year_koppen_uncertainty_lowgap_p25,0.542095,True,True,True,0.0,0.0,0.0,0.039577,,3356.946019375,3217.812315,0.0001273239544735,,7.639868288311741,1.4428704037794438,349.8358306884888,144.2506016126202,1.4513857304788464,0.9176470050443782,-0.9135507218840606,1.1910752227202652,0.411198,101723.708333,-0.54069,-814.208333
4225|2024-11-11|Stalowa Wola,4225|2024-11-11|Stalowa Wola,4225,1080,Poland,Poland,Stalowa Wola,Słupsk,2024-11-11,2024,fog,0.3001696670441069,-0.3263237101215857,0.2954240354870717,,False,False,Dfb,,50.564298,22.058214,54.463339597672,17.024806823494853,same_country_year_koppen_uncertainty_lowgap_p25,0.642853,True,True,True,0.0,0.0,0.0,0.039577,,3356.946019375,4364.374916842105,0.0001273239544735,,7.639868288311741,7.495769561299709,349.8358306884888,13.174767989702383,1.4513857304788464,1.453923092256968,-0.9135507218840606,1.8684043859113495,2.763818,102388.333333,-2.89331,-1478.833333
4225|2024-12-02|Stalowa Wola,4225|2024-12-02|Stalowa Wola,4225,3403,Poland,Poland,Stalowa Wola,Bełchatów,2024-12-02,2024,fog,0.3001696670441069,-0.1897538331500462,0.2954240354870717,,False,False,Dfb,,50.564298,22.058214,51.35896353742977,19.375143003940927,same_country_year_koppen_uncertainty_lowgap_p25,0.243554,True,True,True,0.0,0.0,0.0,0.014305,,3356.946019375,3423.068758666667,0.0001273239544735,,7.639868288311741,3.4770926585272535,349.8358306884888,233.8785275089932,1.4513857304788464,1.3332322290938354,-0.9135507218840606,1.1628015998651209,3.387399,99618.678385,-0.852534,584.636719
4225|2024-12-02|Stalowa Wola,4225|2024-12-02|Stalowa Wola,4225,3349,Poland,Poland,Stalowa Wola,Płock,2024-12-02,2024,fog,0.3001696670441069,-0.2309708510797178,0.2954240354870717,,False,False,Dfb,,50.564298,22.058214,52.54403783538433,19.72281251128816,same_country_year_koppen_uncertainty_lowgap_p25,0.542095,True,True,True,0.0,0.0,0.0,0.014305,,3356.946019375,3217.812315,0.0001273239544735,,7.639868288311741,1.4428704037794438,349.8358306884888,144.2506016126202,1.4513857304788464,0.9176470050443782,-0.9135507218840606,1.1910752227202652,2.675002,100665.690104,-0.140137,-462.375
4225|2024-12-02|Stalowa Wola,4225|2024-12-02|Stalowa Wola,4225,1080,Poland,Poland,Stalowa Wola,Słupsk,2024-12-02,2024,fog,0.3001696670441069,-0.3263237101215857,0.2954240354870717,,False,False,Dfb,,50.564298,22.058214,54.463339597672,17.024806823494853,same_country_year_koppen_uncertainty_lowgap_p25,0.642853,True,True,True,0.0,0.0,0.0,0.014305,,3356.946019375,4364.374916842105,0.0001273239544735,,7.639868288311741,7.495769561299709,349.8358306884888,13.174767989702383,1.4513857304788464,1.453923092256968,-0.9135507218840606,1.8684043859113495,3.039341,100923.440104,-0.504476,-720.125
1707|2024-09-22|Mutare,1707|2024-09-22|Mutare,1707,1615,Zimbabwe,Zimbabwe,Mutare,Marondera,2024-09-22,2024,low_vis_5km,0.2867952492361732,-0.2178314756647745,0.3136053230607599,,False,False,,,-18.978664,32.650351,-18.193994135989275,31.551748655406325,same_country_year_uncertainty_lowgap_p25,0.915731,True,False,True,0.0,0.0,0.0,8.615971,,3272.9704666666667,3466.014416956522,0.0001273239544735,,3.1885026956436096,8.28529254439252,197.02526392576624,334.70506334340763,-0.2542911452281901,-1.517681030147216,-0.8323780627192928,0.6272965771248389,13.222904,85679.966146,1.509115,5089.875
1707|2024-09-22|Mutare,1707|2024-09-22|Mutare,1707,1098,Zimbabwe,Zimbabwe,Mutare,Chinhoyi,2024-09-22,2024,low_vis_5km,0.2867952492361732,-0.3297875892623275,0.3136053230607599,,False,False,,,-18.978664,32.650351,-17.376612140516027,30.1882093677029,same_country_year_uncertainty_lowgap_p25,1.184169,True,False,True,0.0,0.0,0.0,8.615971,,3272.9704666666667,3713.623530833333,0.0001273239544735,,3.1885026956436096,12.789585322621358,197.02526392576624,498.7847441455162,-0.2542911452281901,-1.932936672230176,-0.8323780627192928,0.7614985657921117,21.116134,88118.882812,-6.384115,2650.958334
1707|2024-09-22|Mutare,1707|2024-09-22|Mutare,1707,117,Zimbabwe,Zimbabwe,Mutare,Bulawayo,2024-09-22,2024,low_vis_5km,0.2867952492361732,-0.2091988731784171,0.3136053230607599,,False,False,,,-18.978664,32.650351,-20.162713171390248,28.55089171133472,same_country_year_uncertainty_lowgap_p25,1.337809,True,False,True,0.0,0.0,0.0,8.615971,,3272.9704666666667,2768.831316763006,0.0001273239544735,,3.1885026956436096,6.827182144344214,197.02526392576624,580.5680949613974,-0.2542911452281901,-0.6701956414116435,-0.8323780627192928,1.05185694612708,11.61768,87174.507812,3.114339,3595.333334
1707|2024-11-29|Mutare,1707|2024-11-29|Mutare,1707,1615,Zimbabwe,Zimbabwe,Mutare,Marondera,2024-11-29,2024,low_ceiling_300m,0.2867952492361732,-0.2178314756647745,0.3136053230607599,,False,False,,,-18.978664,32.650351,-18.193994135989275,31.551748655406325,same_country_year_uncertainty_lowgap_p25,0.915731,True,False,True,0.0,0.0,0.0,7.989407,,3272.9704666666667,3466.014416956522,0.0001273239544735,,3.1885026956436096,8.28529254439252,197.02526392576624,334.70506334340763,-0.2542911452281901,-1.517681030147216,-0.8323780627192928,0.6272965771248389,17.434544,85366.114583,1.519938,4976.583334
1707|2024-11-29|Mutare,1707|2024-11-29|Mutare,1707,1098,Zimbabwe,Zimbabwe,Mutare,Chinhoyi,2024-11-29,2024,low_ceiling_300m,0.2867952492361732,-0.3297875892623275,0.3136053230607599,,False,False,,,-18.978664,32.650351,-17.376612140516027,30.1882093677029,same_country_year_uncertainty_lowgap_p25,1.184169,True,False,True,0.0,0.115556,-0.115556,7.989407,,3272.9704666666667,3713.623530833333,0.0001273239544735,,3.1885026956436096,12.789585322621358,197.02526392576624,498.7847441455162,-0.2542911452281901,-1.932936672230176,-0.8323780627192928,0.7614985657921117,23.138645,87880.197917,-4.184163,2462.5
1707|2024-11-29|Mutare,1707|2024-11-29|Mutare,1707,117,Zimbabwe,Zimbabwe,Mutare,Bulawayo,2024-11-29,2024,low_ceiling_300m,0.2867952492361732,-0.2091988731784171,0.3136053230607599,,False,False,,,-18.978664,32.650351,-20.162713171390248,28.55089171133472,same_country_year_uncertainty_lowgap_p25,1.337809,True,False,True,0.0,0.0,0.0,7.989407,,3272.9704666666667,2768.831316763006,0.0001273239544735,,3.1885026956436096,6.827182144344214,197.02526392576624,580.5680949613974,-0.2542911452281901,-0.6701956414116435,-0.8323780627192928,1.05185694612708,18.232233,86841.489583,0.722249,3501.208334
2835|2024-01-17|Manbij,2835|2024-01-17|Manbij,2835,2644,Syria,Syria,Manbij,Salamiyah,2024-01-17,2024,low_vis_5km,0.2790846633854835,-0.2813094668044847,0.2625634739975486,,False,False,,,36.52404,37.953772,35.00955815118204,37.05201478100287,same_country_year_koppen_uncertainty_lowgap_p25,0.49932,True,True,True,0.838889,0.0,0.838889,6.425858,,5870.178812499999,5128.3322963636365,0.000254647908947,,44.16953788026351,34.80208529913652,168.2201578392967,106.97046578031834,0.1538023339546114,-0.3524479141904404,-1.0602608570678944,1.083843924979328,10.980208,96456.695312,-0.767171,362.541667
2835|2024-01-17|Manbij,2835|2024-01-17|Manbij,2835,2368,Syria,Syria,Manbij,Al-Rastan,2024-01-17,2024,low_vis_5km,0.2790846633854835,-0.3276318196619711,0.2625634739975486,,False,False,,,36.52404,37.953772,34.925005770129594,36.730011679740784,same_country_year_koppen_uncertainty_lowgap_p25,0.832763,True,True,True,0.838889,0.0,0.838889,6.425858,,5870.178812499999,6085.287985,0.000254647908947,,44.16953788026351,20.354039241564145,168.2201578392967,78.33887115289703,0.1538023339546114,-0.604363914924471,-1.0602608570678944,1.185863495005031,11.172266,97121.570312,-0.959229,-302.333333
2835|2024-01-17|Manbij,2835|2024-01-17|Manbij,2835,1524,Syria,Syria,Manbij,Jdaydet Artooz,2024-01-17,2024,low_vis_5km,0.2790846633854835,-0.1803680716930698,0.2625634739975486,,False,False,,,36.52404,37.953772,33.43128856413437,36.15612112051,same_country_year_koppen_uncertainty_lowgap_p25,0.837572,True,True,True,0.838889,2.065,-1.226111,6.425858,,5870.178812499999,5486.344852727273,0.000254647908947,,44.16953788026351,8.156608166172779,168.2201578392967,75.41908912218796,0.1538023339546114,-0.0554049415486719,-1.0602608570678944,0.8379806700131689,7.031722,91168.403646,3.181315,5650.833333
2835|2024-01-04|Manbij,2835|2024-01-04|Manbij,2835,2644,Syria,Syria,Manbij,Salamiyah,2024-01-04,2024,low_ceiling_1000m,0.2790846633854835,-0.2813094668044847,0.2625634739975486,,False,False,,,36.52404,37.953772,35.00955815118204,37.05201478100287,same_country_year_koppen_uncertainty_lowgap_p25,0.49932,True,True,True,0.0,0.165556,-0.165556,2.00367,,5870.178812499999,5128.3322963636365,0.000254647908947,,44.16953788026351,34.80208529913652,168.2201578392967,106.97046578031834,0.1538023339546114,-0.3524479141904404,-1.0602608570678944,1.083843924979328,13.458917,96220.252604,-1.966552,275.166667
2835|2024-01-04|Manbij,2835|2024-01-04|Manbij,2835,2368,Syria,Syria,Manbij,Al-Rastan,2024-01-04,2024,low_ceiling_1000m,0.2790846633854835,-0.3276318196619711,0.2625634739975486,,False,False,,,36.52404,37.953772,34.925005770129594,36.730011679740784,same_country_year_koppen_uncertainty_lowgap_p25,0.832763,True,True,True,0.0,0.478889,-0.478889,2.00367,,5870.178812499999,6085.287985,0.000254647908947,,44.16953788026351,20.354039241564145,168.2201578392967,78.33887115289703,0.1538023339546114,-0.604363914924471,-1.0602608570678944,1.185863495005031,13.518081,96875.544271,-2.025716,-380.125
2835|2024-01-04|Manbij,2835|2024-01-04|Manbij,2835,1524,Syria,Syria,Manbij,Jdaydet Artooz,2024-01-04,2024,low_ceiling_1000m,0.2790846633854835,-0.1803680716930698,0.2625634739975486,,False,False,,,36.52404,37.953772,33.43128856413437,36.15612112051,same_country_year_koppen_uncertainty_lowgap_p25,0.837572,True,True,True,0.0,0.0,0.0,2.00367,,5870.178812499999,5486.344852727273,0.000254647908947,,44.16953788026351,8.156608166172779,168.2201578392967,75.41908912218796,0.1538023339546114,-0.0554049415486719,-1.0602608570678944,0.8379806700131689,10.146254,91023.877604,1.346111,5471.541667
6297|2024-01-17|Kishoreganj,6297|2024-01-17|Kishoreganj,6297,6361,Bangladesh,Bangladesh,Kishoreganj,Kapashia,2024-01-17,2024,low_vis_5km,0.2786437817051102,-0.2027203765186381,0.2056849355045817,,False,False,Aw,,24.342567,90.732515,24.099697572531003,90.5646500463687,same_country_year_koppen_uncertainty_lowgap_p25,2.333539,True,True,True,0.0,0.0,0.0,0.009537,,2395.451132996633,2297.2936166666664,0.0001273239544735,,22.633372150208977,29.448542997637205,86.81902036669517,57.897297005778405,-0.1354841091466486,0.3855760390586014,-1.3142022899926662,0.8614334447317213,14.419906,101442.361979,0.431803,-10.666667
6297|2024-01-17|Kishoreganj,6297|2024-01-17|Kishoreganj,6297,5635,Bangladesh,Bangladesh,Kishoreganj,Noapara,2024-01-17,2024,low_vis_5km,0.2786437817051102,-0.1880360175531944,0.2056849355045817,,False,False,Aw,,24.342567,90.732515,23.024095241954967,89.40591302488919,same_country_year_koppen_uncertainty_lowgap_p25,2.395939,True,True,True,0.0,0.047222,-0.047222,0.009537,,2395.451132996633,4699.5242875,0.0001273239544735,,22.633372150208977,29.356432077122776,86.81902036669517,83.89886090371226,-0.1354841091466486,0.0186648849195084,-1.3142022899926662,0.6740718333690631,15.241276,101463.111979,-0.389567,-31.416667
6297|2024-01-17|Kishoreganj,6297|2024-01-17|Kishoreganj,6297,5589,Bangladesh,Bangladesh,Kishoreganj,Kalihati,2024-01-17,2024,low_vis_5km,0.2786437817051102,-0.2067750708577044,0.2056849355045817,,False,False,Aw,,24.342567,90.732515,24.343135708512413,90.00443312527783,same_country_year_koppen_uncertainty_lowgap_p25,2.447521,True,True,True,0.0,0.0,0.0,0.009537,,2395.451132996633,2295.867111851852,0.0001273239544735,,22.633372150208977,64.4163942466896,86.81902036669517,99.8063846603278,-0.1354841091466486,-0.6130559743615145,-1.3142022899926662,0.4596743844836285,13.888737,101509.611979,0.962972,-77.916667
6297|2024-01-05|Kishoreganj,6297|2024-01-05|Kishoreganj,6297,6361,Bangladesh,Bangladesh,Kishoreganj,Kapashia,2024-01-05,2024,low_vis_5km,0.2786437817051102,-0.2027203765186381,0.2056849355045817,,False,False,Aw,,24.342567,90.732515,24.099697572531003,90.5646500463687,same_country_year_koppen_uncertainty_lowgap_p25,2.333539,True,True,True,0.0,0.0,0.0,0.000954,,2395.451132996633,2297.2936166666664,0.0001273239544735,,22.633372150208977,29.448542997637205,86.81902036669517,57.897297005778405,-0.1354841091466486,0.3855760390586014,-1.3142022899926662,0.8614334447317213,17.579492,101496.963542,0.361491,-13.166667
6297|2024-01-05|Kishoreganj,6297|2024-01-05|Kishoreganj,6297,5635,Bangladesh,Bangladesh,Kishoreganj,Noapara,2024-01-05,2024,low_vis_5km,0.2786437817051102,-0.1880360175531944,0.2056849355045817,,False,False,Aw,,24.342567,90.732515,23.024095241954967,89.40591302488919,same_country_year_koppen_uncertainty_lowgap_p25,2.395939,True,True,True,0.0,0.0,0.0,0.000954,,2395.451132996633,4699.5242875,0.0001273239544735,,22.633372150208977,29.356432077122776,86.81902036669517,83.89886090371226,-0.1354841091466486,0.0186648849195084,-1.3142022899926662,0.6740718333690631,17.591943,101545.963542,0.34904,-62.166667
6297|2024-01-05|Kishoreganj,6297|2024-01-05|Kishoreganj,6297,5589,Bangladesh,Bangladesh,Kishoreganj,Kalihati,2024-01-05,2024,low_vis_5km,0.2786437817051102,-0.2067750708577044,0.2056849355045817,,False,False,Aw,,24.342567,90.732515,24.343135708512413,90.00443312527783,same_country_year_koppen_uncertainty_lowgap_p25,2.447521,True,True,True,0.0,0.0,0.0,0.000954,,2395.451132996633,2295.867111851852,0.0001273239544735,,22.633372150208977,64.4163942466896,86.81902036669517,99.8063846603278,-0.1354841091466486,-0.6130559743615145,-1.3142022899926662,0.4596743844836285,17.463281,101570.463542,0.477702,-86.666667
2154|2024-01-10|Sammanturai,2154|2024-01-10|Sammanturai,2154,768,Sri Lanka,Sri Lanka,Sammanturai,Bandaragama,2024-01-10,2024,low_ceiling_1000m,0.27736957774121,-0.196639784800589,0.2332341096130274,,False,False,Aw,,7.359089,81.796456,6.717395407302171,80.0200311669557,same_country_year_uncertainty_lowgap_p25,1.160094,True,False,True,13.7,5.211111,8.488889,24.937153,,4953.426067272727,2313.5453592105264,0.0001273239544735,,16.890620656493017,18.49466340462268,6.499692556239444,11.260295597609815,0.037172023914979,-0.8906301786271308,-1.1912055159131465,0.6729643412295762,25.634617,100743.244792,-0.79777,48.333333
2154|2024-01-10|Sammanturai,2154|2024-01-10|Sammanturai,2154,335,Sri Lanka,Sri Lanka,Sammanturai,Puttalam,2024-01-10,2024,low_ceiling_1000m,0.27736957774121,-0.3410848249445116,0.2332341096130274,,False,False,Aw,,7.359089,81.796456,8.025399173310616,79.83157813682244,same_country_year_uncertainty_lowgap_p25,1.345026,True,False,True,13.7,5.201667,8.498333,24.937153,,4953.426067272727,3035.1289633333336,0.0001273239544735,,16.890620656493017,6.258910922298625,6.499692556239444,0.4155271311269382,0.037172023914979,-1.267772183326921,-1.1912055159131465,0.909316193115433,26.061131,100989.786458,-1.224284,-198.208333
2154|2024-01-10|Sammanturai,2154|2024-01-10|Sammanturai,2154,1546,Sri Lanka,Sri Lanka,Sammanturai,Gampola,2024-01-10,2024,low_ceiling_1000m,0.27736957774121,-0.2380169690397941,0.2332341096130274,,False,False,Aw,,7.359089,81.796456,7.15297208353183,80.57147926171824,same_country_year_uncertainty_lowgap_p25,1.460013,True,False,True,13.7,13.554444,0.145556,24.937153,,4953.426067272727,3082.168884761905,0.0001273239544735,,16.890620656493017,22.832009521675133,6.499692556239444,68.48300715830821,0.037172023914979,-0.8237103952877245,-1.1912055159131465,0.5993486872518975,23.033624,95222.078125,1.803223,5569.5
2154|2024-01-01|Sammanturai,2154|2024-01-01|Sammanturai,2154,768,Sri Lanka,Sri Lanka,Sammanturai,Bandaragama,2024-01-01,2024,low_ceiling_1000m,0.27736957774121,-0.196639784800589,0.2332341096130274,,False,False,Aw,,7.359089,81.796456,6.717395407302171,80.0200311669557,same_country_year_uncertainty_lowgap_p25,1.160094,True,False,True,6.053333,7.219444,-1.166111,39.008141,,4953.426067272727,2313.5453592105264,0.0001273239544735,,16.890620656493017,18.49466340462268,6.499692556239444,11.260295597609815,0.037172023914979,-0.8906301786271308,-1.1912055159131465,0.6729643412295762,25.561538,100883.726562,-0.620199,-25.666666
2154|2024-01-01|Sammanturai,2154|2024-01-01|Sammanturai,2154,335,Sri Lanka,Sri Lanka,Sammanturai,Puttalam,2024-01-01,2024,low_ceiling_1000m,0.27736957774121,-0.3410848249445116,0.2332341096130274,,False,False,Aw,,7.359089,81.796456,8.025399173310616,79.83157813682244,same_country_year_uncertainty_lowgap_p25,1.345026,True,False,True,6.053333,5.936667,0.116666,39.008141,,4953.426067272727,3035.1289633333336,0.0001273239544735,,16.890620656493017,6.258910922298625,6.499692556239444,0.4155271311269382,0.037172023914979,-1.267772183326921,-1.1912055159131465,0.909316193115433,26.244806,101108.726562,-1.303467,-250.666666
2154|2024-01-01|Sammanturai,2154|2024-01-01|Sammanturai,2154,1546,Sri Lanka,Sri Lanka,Sammanturai,Gampola,2024-01-01,2024,low_ceiling_1000m,0.27736957774121,-0.2380169690397941,0.2332341096130274,,False,False,Aw,,7.359089,81.796456,7.15297208353183,80.57147926171824,same_country_year_uncertainty_lowgap_p25,1.460013,True,False,True,6.053333,6.035556,0.017777,39.008141,,4953.426067272727,3082.168884761905,0.0001273239544735,,16.890620656493017,22.832009521675133,6.499692556239444,68.48300715830821,0.037172023914979,-0.8237103952877245,-1.1912055159131465,0.5993486872518975,22.996352,95356.351562,1.944987,5501.708334
7989|2024-10-13|Eket,7989|2024-10-13|Eket,7989,6187,Nigeria,Nigeria,Eket,Okwagbe,2024-10-13,2024,low_ceiling_1000m,0.267555577018394,-0.1929536106313658,0.4295365668592774,,False,False,,,4.659064,7.945066,5.369186720489758,5.797826987619715,same_country_year_koppen_uncertainty_lowgap_p25,1.909045,True,True,True,0.225556,0.134444,0.091112,49.065113,,5234.961317391304,6676.623182857143,0.0001273239544735,,2.100103009421044,29.156714422938723,15.263761257652249,21.282940233849175,0.7309720375611322,-0.9602109260873612,-0.3147883540001271,0.4193486412870065,25.65009,101214.59375,-0.650554,-138.875
7989|2024-10-13|Eket,7989|2024-10-13|Eket,7989,7613,Nigeria,Nigeria,Eket,Ekenobizi,2024-10-13,2024,low_ceiling_1000m,0.267555577018394,-0.1969702633493935,0.4295365668592774,,False,False,,,4.659064,7.945066,5.567993014112441,7.388962454982625,same_country_year_koppen_uncertainty_lowgap_p25,1.967891,True,True,True,0.225556,0.043889,0.181667,49.065113,,5234.961317391304,2623.436228076923,0.0001273239544735,,2.100103009421044,25.137733573065056,15.263761257652249,105.471149472121,0.7309720375611322,-0.3321228464251743,-0.3147883540001271,0.8446907694465327,24.905298,100164.635417,0.094238,911.083333
7989|2024-10-13|Eket,7989|2024-10-13|Eket,7989,7233,Nigeria,Nigeria,Eket,Yangoji,2024-10-13,2024,low_ceiling_1000m,0.267555577018394,-0.2122961731408827,0.4295365668592774,,False,False,,,4.659064,7.945066,8.822873474450683,7.035931933164844,same_country_year_koppen_uncertainty_lowgap_p25,2.301886,True,True,True,0.225556,0.063889,0.161667,49.065113,,5234.961317391304,5146.040620833333,0.0001273239544735,,2.100103009421044,31.911612211082065,15.263761257652249,400.21964060258625,0.7309720375611322,-0.9541084837870276,-0.3147883540001271,0.5562867870047773,26.973901,98962.802083,-1.974365,2112.916667
7989|2024-10-12|Eket,7989|2024-10-12|Eket,7989,6187,Nigeria,Nigeria,Eket,Okwagbe,2024-10-12,2024,low_ceiling_300m,0.267555577018394,-0.1929536106313658,0.4295365668592774,,False,False,,,4.659064,7.945066,5.369186720489758,5.797826987619715,same_country_year_koppen_uncertainty_lowgap_p25,1.909045,True,True,True,4.725,1.055,3.67,23.246288,,5234.961317391304,6676.623182857143,0.0001273239544735,,2.100103009421044,29.156714422938723,15.263761257652249,21.282940233849175,0.7309720375611322,-0.9602109260873612,-0.3147883540001271,0.4193486412870065,25.69494,101102.505208,-0.201253,-150.083333
7989|2024-10-12|Eket,7989|2024-10-12|Eket,7989,7613,Nigeria,Nigeria,Eket,Ekenobizi,2024-10-12,2024,low_ceiling_300m,0.267555577018394,-0.1969702633493935,0.4295365668592774,,False,False,,,4.659064,7.945066,5.567993014112441,7.388962454982625,same_country_year_koppen_uncertainty_lowgap_p25,1.967891,True,True,True,4.725,1.81,2.915,23.246288,,5234.961317391304,2623.436228076923,0.0001273239544735,,2.100103009421044,25.137733573065056,15.263761257652249,105.471149472121,0.7309720375611322,-0.3321228464251743,-0.3147883540001271,0.8446907694465327,25.095494,100044.671875,0.398193,907.75
7989|2024-10-12|Eket,7989|2024-10-12|Eket,7989,7233,Nigeria,Nigeria,Eket,Yangoji,2024-10-12,2024,low_ceiling_300m,0.267555577018394,-0.2122961731408827,0.4295365668592774,,False,False,,,4.659064,7.945066,8.822873474450683,7.035931933164844,same_country_year_koppen_uncertainty_lowgap_p25,2.301886,True,True,True,4.725,0.000556,4.724444,23.246288,,5234.961317391304,5146.040620833333,0.0001273239544735,,2.100103009421044,31.911612211082065,15.263761257652249,400.21964060258625,0.7309720375611322,-0.9541084837870276,-0.3147883540001271,0.5562867870047773,25.957554,98868.463542,-0.463867,2083.958333
2233|2024-01-10|Kalmunai,2233|2024-01-10|Kalmunai,2233,768,Sri Lanka,Sri Lanka,Kalmunai,Bandaragama,2024-01-10,2024,low_ceiling_1000m,0.2670716115331685,-0.196639784800589,0.2458997256755968,,False,False,,,7.409923,81.829179,6.717395407302171,80.0200311669557,same_country_year_koppen_uncertainty_lowgap_p25,0.868713,True,True,True,6.960556,5.211111,1.749445,27.703762,,4518.861112,2313.5453592105264,0.0001273239544735,,21.86720946196311,18.49466340462268,2.064359348247313,11.260295597609815,-0.2600490698316275,-0.8906301786271308,-1.1346582702028585,0.6729643412295762,25.634617,100743.244792,-0.005941,96.666666
2233|2024-01-10|Kalmunai,2233|2024-01-10|Kalmunai,2233,335,Sri Lanka,Sri Lanka,Kalmunai,Puttalam,2024-01-10,2024,low_ceiling_1000m,0.2670716115331685,-0.3410848249445116,0.2458997256755968,,False,False,,,7.409923,81.829179,8.025399173310616,79.83157813682244,same_country_year_koppen_uncertainty_lowgap_p25,1.191854,True,True,True,6.960556,5.201667,1.758889,27.703762,,4518.861112,3035.1289633333336,0.0001273239544735,,21.86720946196311,6.258910922298625,2.064359348247313,0.4155271311269382,-0.2600490698316275,-1.267772183326921,-1.1346582702028585,0.909316193115433,26.061131,100989.786458,-0.432455,-149.875
2233|2024-01-10|Kalmunai,2233|2024-01-10|Kalmunai,2233,1546,Sri Lanka,Sri Lanka,Kalmunai,Gampola,2024-01-10,2024,low_ceiling_1000m,0.2670716115331685,-0.2380169690397941,0.2458997256755968,,False,False,,,7.409923,81.829179,7.15297208353183,80.57147926171824,same_country_year_koppen_uncertainty_lowgap_p25,1.524509,True,True,True,6.960556,13.554444,-6.593888,27.703762,,4518.861112,3082.168884761905,0.0001273239544735,,21.86720946196311,22.832009521675133,2.064359348247313,68.48300715830821,-0.2600490698316275,-0.8237103952877245,-1.1346582702028585,0.5993486872518975,23.033624,95222.078125,2.595052,5617.833333
2233|2024-01-01|Kalmunai,2233|2024-01-01|Kalmunai,2233,768,Sri Lanka,Sri Lanka,Kalmunai,Bandaragama,2024-01-01,2024,low_ceiling_1000m,0.2670716115331685,-0.196639784800589,0.2458997256755968,,False,False,,,7.409923,81.829179,6.717395407302171,80.0200311669557,same_country_year_koppen_uncertainty_lowgap_p25,0.868713,True,True,True,4.426667,7.219444,-2.792777,33.518314,,4518.861112,2313.5453592105264,0.0001273239544735,,21.86720946196311,18.49466340462268,2.064359348247313,11.260295597609815,-0.2600490698316275,-0.8906301786271308,-1.1346582702028585,0.6729643412295762,25.561538,100883.726562,-0.087972,30.25
2233|2024-01-01|Kalmunai,2233|2024-01-01|Kalmunai,2233,335,Sri Lanka,Sri Lanka,Kalmunai,Puttalam,2024-01-01,2024,low_ceiling_1000m,0.2670716115331685,-0.3410848249445116,0.2458997256755968,,False,False,,,7.409923,81.829179,8.025399173310616,79.83157813682244,same_country_year_koppen_uncertainty_lowgap_p25,1.191854,True,True,True,4.426667,5.936667,-1.51,33.518314,,4518.861112,3035.1289633333336,0.0001273239544735,,21.86720946196311,6.258910922298625,2.064359348247313,0.4155271311269382,-0.2600490698316275,-1.267772183326921,-1.1346582702028585,0.909316193115433,26.244806,101108.726562,-0.77124,-194.75
2233|2024-01-01|Kalmunai,2233|2024-01-01|Kalmunai,2233,1546,Sri Lanka,Sri Lanka,Kalmunai,Gampola,2024-01-01,2024,low_ceiling_1000m,0.2670716115331685,-0.2380169690397941,0.2458997256755968,,False,False,,,7.409923,81.829179,7.15297208353183,80.57147926171824,same_country_year_koppen_uncertainty_lowgap_p25,1.524509,True,True,True,4.426667,6.035556,-1.608889,33.518314,,4518.861112,3082.168884761905,0.0001273239544735,,21.86720946196311,22.832009521675133,2.064359348247313,68.48300715830821,-0.2600490698316275,-0.8237103952877245,-1.1346582702028585,0.5993486872518975,22.996352,95356.351562,2.477214,5557.625
2875|2024-05-23|Talavera de la Reina,2875|2024-05-23|Talavera de la Reina,2875,3842,Spain,Spain,Talavera de la Reina,Guadalajara,2024-05-23,2024,thunder_or_convective,0.2362711159072702,-0.4568146354380653,0.1802661530379968,,False,False,,,39.960647,-4.832961,40.634229913464566,-3.1663363139812692,same_country_year_koppen_uncertainty_lowgap_p25,0.291018,True,True,True,0.0,0.0,0.0,0.0,,5822.885577,5756.2522033333335,0.000254647908947,,4.721540926752777,2.3855090154630307,328.12873515964253,256.76447145100366,0.1631871098028016,-0.088762323677641,-1.4276876609918838,1.632964586375658,16.011021,92182.166667,1.874512,3785.541666
2875|2024-05-23|Talavera de la Reina,2875|2024-05-23|Talavera de la Reina,2875,3752,Spain,Spain,Talavera de la Reina,Arganda del Rey,2024-05-23,2024,thunder_or_convective,0.2362711159072702,-0.3521909523647356,0.1802661530379968,,False,False,,,39.960647,-4.832961,40.306153676883895,-3.4549112097345023,same_country_year_koppen_uncertainty_lowgap_p25,0.463707,True,True,True,0.0,0.0,0.0,0.0,,5822.885577,4665.319153636364,0.000254647908947,,4.721540926752777,13.364195388601493,328.12873515964253,291.5350327559967,0.1631871098028016,0.3998634701344097,-1.4276876609918838,1.19798076194295,17.967727,94118.0,-0.082194,1849.708333
2875|2024-05-23|Talavera de la Reina,2875|2024-05-23|Talavera de la Reina,2875,4815,Spain,Spain,Talavera de la Reina,Igualada,2024-05-23,2024,thunder_or_convective,0.2362711159072702,-0.2671110927920493,0.1802661530379968,,False,False,,,39.960647,-4.832961,41.579675275803986,1.6276923055096146,same_country_year_koppen_uncertainty_lowgap_p25,0.566336,True,True,True,0.0,0.0,0.0,0.0,,5822.885577,4412.456817692308,0.000254647908947,,4.721540926752777,1.063848877712751,328.12873515964253,36.286076800332374,0.1631871098028016,0.2039199646534847,-1.4276876609918838,0.8960914340380269,15.126988,97834.541667,2.758545,-1866.833334
2875|2024-12-11|Talavera de la Reina,2875|2024-12-11|Talavera de la Reina,2875,3842,Spain,Spain,Talavera de la Reina,Guadalajara,2024-12-11,2024,fog,0.2362711159072702,-0.4568146354380653,0.1802661530379968,,False,False,,,39.960647,-4.832961,40.634229913464566,-3.1663363139812692,same_country_year_koppen_uncertainty_lowgap_p25,0.291018,True,True,True,0.0,0.0,0.0,0.0,,5822.885577,5756.2522033333335,0.000254647908947,,4.721540926752777,2.3855090154630307,328.12873515964253,256.76447145100366,0.1631871098028016,-0.088762323677641,-1.4276876609918838,1.632964586375658,3.52571,92120.640625,1.014323,3927.0
2875|2024-12-11|Talavera de la Reina,2875|2024-12-11|Talavera de la Reina,2875,3752,Spain,Spain,Talavera de la Reina,Arganda del Rey,2024-12-11,2024,fog,0.2362711159072702,-0.3521909523647356,0.1802661530379968,,False,False,,,39.960647,-4.832961,40.306153676883895,-3.4549112097345023,same_country_year_koppen_uncertainty_lowgap_p25,0.463707,True,True,True,0.0,0.0,0.0,0.0,,5822.885577,4665.319153636364,0.000254647908947,,4.721540926752777,13.364195388601493,328.12873515964253,291.5350327559967,0.1631871098028016,0.3998634701344097,-1.4276876609918838,1.19798076194295,5.253412,94142.098958,-0.713379,1905.541667
2875|2024-12-11|Talavera de la Reina,2875|2024-12-11|Talavera de la Reina,2875,4815,Spain,Spain,Talavera de la Reina,Igualada,2024-12-11,2024,fog,0.2362711159072702,-0.2671110927920493,0.1802661530379968,,False,False,,,39.960647,-4.832961,41.579675275803986,1.6276923055096146,same_country_year_koppen_uncertainty_lowgap_p25,0.566336,True,True,True,0.0,0.0,0.0,0.0,,5822.885577,4412.456817692308,0.000254647908947,,4.721540926752777,1.063848877712751,328.12873515964253,36.286076800332374,0.1631871098028016,0.2039199646534847,-1.4276876609918838,0.8960914340380269,6.57934,97980.473958,-2.039307,-1932.833333
