match_id,event_component_id,event_date_utc,event_city_name,event_year,dominant_hazard,control_component_id,control_city_name,placebo_source_event_component_id,placebo_date_utc,placebo_source_event_year,placebo_source_rule,placebo_year_distance,placebo_month_distance,event_gpm_event_subset_precip_mm_est,control_gpm_event_subset_precip_mm_est,placebo_event_gpm_event_subset_precip_mm_est,observed_diff,placebo_diff,observed_minus_placebo_diff,placebo_status
4942|2020-01-21|Celaya,4942,2020-01-21,Celaya,2020,low_ceiling_1000m,6696,Matamoros,4942.0,2022-12-26,2022.0,same_control_component_hazard_cross_year_month_window,2.0,1.0,0.0,0.0,0.0,0.0,0.0,0.0,ok_control_day
4942|2020-01-21|Celaya,4942,2020-01-21,Celaya,2020,low_ceiling_1000m,4288,San Francisco del Rincón,4942.0,2022-12-26,2022.0,same_control_component_hazard_cross_year_month_window,2.0,1.0,0.0,0.0,0.0,0.0,0.0,0.0,ok_control_day
4942|2020-01-21|Celaya,4942,2020-01-21,Celaya,2020,low_ceiling_1000m,4134,Chihuahua,4942.0,2022-12-26,2022.0,same_control_component_hazard_cross_year_month_window,2.0,1.0,0.0,0.051111,0.0,-0.051111,-0.051111,0.0,ok_control_day
4942|2020-08-29|Celaya,4942,2020-08-29,Celaya,2020,low_ceiling_1000m,6696,Matamoros,4942.0,2021-09-02,2021.0,same_control_component_hazard_cross_year_month_window,1.0,1.0,0.0,0.0,0.0,0.0,0.0,0.0,ok_control_day
4942|2020-08-29|Celaya,4942,2020-08-29,Celaya,2020,low_ceiling_1000m,4288,San Francisco del Rincón,4942.0,2021-09-02,2021.0,same_control_component_hazard_cross_year_month_window,1.0,1.0,0.0,0.0,0.26,0.0,0.26,-0.26,ok_control_day
4942|2020-08-29|Celaya,4942,2020-08-29,Celaya,2020,low_ceiling_1000m,4134,Chihuahua,4942.0,2021-09-02,2021.0,same_control_component_hazard_cross_year_month_window,1.0,1.0,0.0,0.0,0.086111,0.0,0.086111,-0.086111,ok_control_day
4379|2020-07-08|Karadeniz Ereğli,4379,2020-07-08,Karadeniz Ereğli,2020,low_ceiling_1000m,3459,Yalova,4379.0,2020-06-15,2020.0,same_control_component_hazard_same_year_month_window,0.0,1.0,0.405556,0.0,0.0,0.405556,0.0,0.405556,ok_control_day
4379|2020-07-08|Karadeniz Ereğli,4379,2020-07-08,Karadeniz Ereğli,2020,low_ceiling_1000m,4341,Düzce,4379.0,2020-06-15,2020.0,same_control_component_hazard_same_year_month_window,0.0,1.0,0.405556,0.0,1.791111,0.405556,1.791111,-1.385555,ok_control_day
4379|2020-07-08|Karadeniz Ereğli,4379,2020-07-08,Karadeniz Ereğli,2020,low_ceiling_1000m,858,Tekirdağ,4379.0,2020-06-15,2020.0,same_control_component_hazard_same_year_month_window,0.0,1.0,0.405556,0.0,1.52,0.405556,1.52,-1.114444,ok_control_day
4379|2020-06-15|Karadeniz Ereğli,4379,2020-06-15,Karadeniz Ereğli,2020,low_ceiling_1000m,3459,Yalova,4379.0,2020-07-08,2020.0,same_control_component_hazard_same_year_month_window,0.0,1.0,0.254444,0.0,0.0,0.254444,0.0,0.254444,ok_control_day
4379|2020-06-15|Karadeniz Ereğli,4379,2020-06-15,Karadeniz Ereğli,2020,low_ceiling_1000m,4341,Düzce,4379.0,2020-07-08,2020.0,same_control_component_hazard_same_year_month_window,0.0,1.0,0.254444,1.791111,0.0,-1.536667,-1.791111,0.254444,ok_control_day
4379|2020-06-15|Karadeniz Ereğli,4379,2020-06-15,Karadeniz Ereğli,2020,low_ceiling_1000m,858,Tekirdağ,4379.0,2020-07-08,2020.0,same_control_component_hazard_same_year_month_window,0.0,1.0,0.254444,1.52,0.0,-1.265556,-1.52,0.254444,ok_control_day
175|2020-04-23|Điện Biên Phủ,175,2020-04-23,Điện Biên Phủ,2020,thunder_or_convective,1739,Phúc Yên,175.0,2021-05-01,2021.0,same_control_component_hazard_cross_year_month_window,1.0,1.0,0.0,0.065556,0.124444,-0.065556,0.058888,-0.124444,ok_control_day
175|2020-04-23|Điện Biên Phủ,175,2020-04-23,Điện Biên Phủ,2020,thunder_or_convective,5031,Trang Bang,175.0,2021-05-01,2021.0,same_control_component_hazard_cross_year_month_window,1.0,1.0,0.0,0.0,0.0,0.0,0.0,0.0,ok_control_day
175|2020-04-23|Điện Biên Phủ,175,2020-04-23,Điện Biên Phủ,2020,thunder_or_convective,3961,Uông Bí,,,,missing_control_day_donor,,,0.0,0.151667,,-0.151667,,,missing_placebo_or_control_metric
175|2020-08-15|Điện Biên Phủ,175,2020-08-15,Điện Biên Phủ,2020,thunder_or_convective,1739,Phúc Yên,175.0,2021-07-28,2021.0,same_control_component_hazard_cross_year_month_window,1.0,1.0,0.826111,0.832778,0.088333,-0.006667,-0.744445,0.737778,ok_control_day
175|2020-08-15|Điện Biên Phủ,175,2020-08-15,Điện Biên Phủ,2020,thunder_or_convective,5031,Trang Bang,175.0,2021-07-28,2021.0,same_control_component_hazard_cross_year_month_window,1.0,1.0,0.826111,0.0,0.0,0.826111,0.0,0.826111,ok_control_day
175|2020-08-15|Điện Biên Phủ,175,2020-08-15,Điện Biên Phủ,2020,thunder_or_convective,3961,Uông Bí,175.0,2023-09-12,2023.0,same_control_component_hazard_cross_year_month_window,3.0,1.0,0.826111,0.010556,0.460556,0.815555,0.45,0.365555,ok_control_day
10954|2020-09-01|Giridih,10954,2020-09-01,Giridih,2020,thunder_or_convective,10132,Thanjavur,,,,missing_control_day_donor,,,2.820556,4.448333,,-1.627777,,,missing_placebo_or_control_metric
10954|2020-09-01|Giridih,10954,2020-09-01,Giridih,2020,thunder_or_convective,10080,Siltara,,,,missing_control_day_donor,,,2.820556,0.0,,2.820556,,,missing_placebo_or_control_metric
10954|2020-09-01|Giridih,10954,2020-09-01,Giridih,2020,thunder_or_convective,11432,Chandpara,,,,missing_control_day_donor,,,2.820556,0.748889,,2.071667,,,missing_placebo_or_control_metric
10954|2020-12-10|Giridih,10954,2020-12-10,Giridih,2020,low_vis_1km,10132,Thanjavur,,,,missing_control_day_donor,,,0.0,0.0,,0.0,,,missing_placebo_or_control_metric
10954|2020-12-10|Giridih,10954,2020-12-10,Giridih,2020,low_vis_1km,10080,Siltara,,,,missing_control_day_donor,,,0.0,0.0,,0.0,,,missing_placebo_or_control_metric
10954|2020-12-10|Giridih,10954,2020-12-10,Giridih,2020,low_vis_1km,11432,Chandpara,,,,missing_control_day_donor,,,0.0,0.0,,0.0,,,missing_placebo_or_control_metric
10433|2020-05-08|Baishan,10433,2020-05-08,Baishan,2020,low_vis_5km,10025,Benxi,,,,missing_control_day_donor,,,0.0,0.083889,,-0.083889,,,missing_placebo_or_control_metric
10433|2020-05-08|Baishan,10433,2020-05-08,Baishan,2020,low_vis_5km,9949,Qianjin,,,,missing_control_day_donor,,,0.0,0.0,,0.0,,,missing_placebo_or_control_metric
10433|2020-05-08|Baishan,10433,2020-05-08,Baishan,2020,low_vis_5km,9991,Yiyuan,,,,missing_control_day_donor,,,0.0,0.0,,0.0,,,missing_placebo_or_control_metric
10433|2020-03-09|Baishan,10433,2020-03-09,Baishan,2020,low_vis_5km,10025,Benxi,10433.0,2023-02-17,2023.0,same_control_component_hazard_cross_year_month_window,3.0,1.0,0.001667,0.0,0.0,0.001667,0.0,0.001667,ok_control_day
10433|2020-03-09|Baishan,10433,2020-03-09,Baishan,2020,low_vis_5km,9949,Qianjin,10433.0,2023-02-17,2023.0,same_control_component_hazard_cross_year_month_window,3.0,1.0,0.001667,0.0,0.0,0.001667,0.0,0.001667,ok_control_day
10433|2020-03-09|Baishan,10433,2020-03-09,Baishan,2020,low_vis_5km,9991,Yiyuan,,,,missing_control_day_donor,,,0.001667,0.018333,,-0.016666,,,missing_placebo_or_control_metric
7672|2020-12-27|Zigong,7672,2020-12-27,Zigong,2020,fog,10851,Yangjiang,7672.0,2020-12-26,2020.0,same_control_component_hazard_same_year_month_window,0.0,0.0,0.0,0.0,0.0,0.0,0.0,0.0,ok_control_day
7672|2020-12-27|Zigong,7672,2020-12-27,Zigong,2020,fog,9653,Ningming,7672.0,2020-12-26,2020.0,same_control_component_hazard_same_year_month_window,0.0,0.0,0.0,0.0,0.0,0.0,0.0,0.0,ok_control_day
7672|2020-12-27|Zigong,7672,2020-12-27,Zigong,2020,fog,7775,Xingping,7672.0,2020-12-26,2020.0,same_control_component_hazard_same_year_month_window,0.0,0.0,0.0,0.057778,0.0,-0.057778,-0.057778,0.0,ok_control_day
7672|2020-12-26|Zigong,7672,2020-12-26,Zigong,2020,fog,10851,Yangjiang,7672.0,2020-12-27,2020.0,same_control_component_hazard_same_year_month_window,0.0,0.0,0.0,0.0,0.0,0.0,0.0,0.0,ok_control_day
7672|2020-12-26|Zigong,7672,2020-12-26,Zigong,2020,fog,9653,Ningming,7672.0,2020-12-27,2020.0,same_control_component_hazard_same_year_month_window,0.0,0.0,0.0,0.0,0.0,0.0,0.0,0.0,ok_control_day
7672|2020-12-26|Zigong,7672,2020-12-26,Zigong,2020,fog,7775,Xingping,7672.0,2020-12-27,2020.0,same_control_component_hazard_same_year_month_window,0.0,0.0,0.0,0.0,0.057778,0.0,0.057778,-0.057778,ok_control_day
3795|2020-12-03|Francisco Beltrão,3795,2020-12-03,Francisco Beltrão,2020,gust_15ms,2872,Foz do Iguaçu,3795.0,2024-01-09,2024.0,same_control_component_hazard_cross_year_month_window,4.0,1.0,1.972222,10.052222,0.0,-8.08,-10.052222,1.972222,ok_control_day
3795|2020-12-03|Francisco Beltrão,3795,2020-12-03,Francisco Beltrão,2020,gust_15ms,6334,Lençóis Paulista,3795.0,2024-01-09,2024.0,same_control_component_hazard_cross_year_month_window,4.0,1.0,1.972222,0.028333,0.0,1.943889,-0.028333,1.972222,ok_control_day
3795|2020-12-03|Francisco Beltrão,3795,2020-12-03,Francisco Beltrão,2020,gust_15ms,7266,Amparo,3795.0,2024-01-09,2024.0,same_control_component_hazard_cross_year_month_window,4.0,1.0,1.972222,0.0,0.0,1.972222,0.0,1.972222,ok_control_day
3795|2020-06-30|Francisco Beltrão,3795,2020-06-30,Francisco Beltrão,2020,gust_15ms,2872,Foz do Iguaçu,3795.0,2021-06-24,2021.0,same_control_component_hazard_cross_year_month_window,1.0,0.0,2.486111,0.37,2.533889,2.116111,2.163889,-0.047778,ok_control_day
3795|2020-06-30|Francisco Beltrão,3795,2020-06-30,Francisco Beltrão,2020,gust_15ms,6334,Lençóis Paulista,3795.0,2021-06-24,2021.0,same_control_component_hazard_cross_year_month_window,1.0,0.0,2.486111,0.0,0.0,2.486111,0.0,2.486111,ok_control_day
3795|2020-06-30|Francisco Beltrão,3795,2020-06-30,Francisco Beltrão,2020,gust_15ms,7266,Amparo,3795.0,2024-06-14,2024.0,same_control_component_hazard_cross_year_month_window,4.0,0.0,2.486111,0.0,0.0,2.486111,0.0,2.486111,ok_control_day
10936|2020-09-01|Phusro,10936,2020-09-01,Phusro,2020,thunder_or_convective,9446,Kapri Kheda,,,,missing_control_day_donor,,,2.41,0.0,,2.41,,,missing_placebo_or_control_metric
10936|2020-09-01|Phusro,10936,2020-09-01,Phusro,2020,thunder_or_convective,11394,Chakdaha,,,,missing_control_day_donor,,,2.41,1.220556,,1.189444,,,missing_placebo_or_control_metric
10936|2020-09-01|Phusro,10936,2020-09-01,Phusro,2020,thunder_or_convective,10228,Mangalagiri,,,,missing_control_day_donor,,,2.41,0.402222,,2.007778,,,missing_placebo_or_control_metric
10936|2020-12-10|Phusro,10936,2020-12-10,Phusro,2020,low_vis_1km,9446,Kapri Kheda,,,,missing_control_day_donor,,,0.0,0.0,,0.0,,,missing_placebo_or_control_metric
10936|2020-12-10|Phusro,10936,2020-12-10,Phusro,2020,low_vis_1km,11394,Chakdaha,,,,missing_control_day_donor,,,0.0,0.0,,0.0,,,missing_placebo_or_control_metric
10936|2020-12-10|Phusro,10936,2020-12-10,Phusro,2020,low_vis_1km,10228,Mangalagiri,,,,missing_control_day_donor,,,0.0,0.0,,0.0,,,missing_placebo_or_control_metric
8128|2020-09-22|Palu,8128,2020-09-22,Palu,2020,thunder_or_convective,7895,Kecamatan Kopang,8128.0,2024-10-26,2024.0,same_control_component_hazard_cross_year_month_window,4.0,1.0,0.353889,0.0,0.0,0.353889,0.0,0.353889,ok_control_day
8128|2020-09-22|Palu,8128,2020-09-22,Palu,2020,thunder_or_convective,7797,Ubud,8128.0,2024-10-26,2024.0,same_control_component_hazard_cross_year_month_window,4.0,1.0,0.353889,0.0,0.0,0.353889,0.0,0.353889,ok_control_day
8128|2020-09-22|Palu,8128,2020-09-22,Palu,2020,thunder_or_convective,6057,Kadipaten,,,,missing_control_day_donor,,,0.353889,0.122222,,0.231667,,,missing_placebo_or_control_metric
8128|2020-09-06|Palu,8128,2020-09-06,Palu,2020,low_vis_5km,7895,Kecamatan Kopang,,,,missing_control_day_donor,,,8.297222,0.0,,8.297222,,,missing_placebo_or_control_metric
8128|2020-09-06|Palu,8128,2020-09-06,Palu,2020,low_vis_5km,7797,Ubud,,,,missing_control_day_donor,,,8.297222,0.0,,8.297222,,,missing_placebo_or_control_metric
8128|2020-09-06|Palu,8128,2020-09-06,Palu,2020,low_vis_5km,6057,Kadipaten,,,,missing_control_day_donor,,,8.297222,0.0,,8.297222,,,missing_placebo_or_control_metric
4263|2020-01-19|Rzeszów,4263,2020-01-19,Rzeszów,2020,fog,3850,Wołomin,,,,missing_control_day_donor,,,0.0,0.0,,0.0,,,missing_placebo_or_control_metric
4263|2020-01-19|Rzeszów,4263,2020-01-19,Rzeszów,2020,fog,3403,Bełchatów,4263.0,2024-12-02,2024.0,same_control_component_hazard_cross_year_month_window,4.0,1.0,0.0,0.0,0.0,0.0,0.0,0.0,ok_control_day
4263|2020-01-19|Rzeszów,4263,2020-01-19,Rzeszów,2020,fog,3068,Częstochowa,4263.0,2024-12-02,2024.0,same_control_component_hazard_cross_year_month_window,4.0,1.0,0.0,0.0,0.0,0.0,0.0,0.0,ok_control_day
4263|2020-11-09|Rzeszów,4263,2020-11-09,Rzeszów,2020,fog,3850,Wołomin,,,,missing_control_day_donor,,,0.0,0.0,,0.0,,,missing_placebo_or_control_metric
4263|2020-11-09|Rzeszów,4263,2020-11-09,Rzeszów,2020,fog,3403,Bełchatów,4263.0,2021-11-17,2021.0,same_control_component_hazard_cross_year_month_window,1.0,0.0,0.0,0.0,0.0,0.0,0.0,0.0,ok_control_day
4263|2020-11-09|Rzeszów,4263,2020-11-09,Rzeszów,2020,fog,3068,Częstochowa,4263.0,2024-12-02,2024.0,same_control_component_hazard_cross_year_month_window,4.0,1.0,0.0,0.0,0.0,0.0,0.0,0.0,ok_control_day
3944|2020-01-29|Belgorod,3944,2020-01-29,Belgorod,2020,low_vis_5km,6031,Ulyanovsk,3944.0,2021-01-23,2021.0,same_control_component_hazard_cross_year_month_window,1.0,0.0,0.0,0.276667,0.227778,-0.276667,-0.048889,-0.227778,ok_control_day
3944|2020-01-29|Belgorod,3944,2020-01-29,Belgorod,2020,low_vis_5km,7378,Young Leninist,3944.0,2021-01-23,2021.0,same_control_component_hazard_cross_year_month_window,1.0,0.0,0.0,0.0,0.0,0.0,0.0,0.0,ok_control_day
3944|2020-01-29|Belgorod,3944,2020-01-29,Belgorod,2020,low_vis_5km,6673,Лобаново,3944.0,2021-01-23,2021.0,same_control_component_hazard_cross_year_month_window,1.0,0.0,0.0,0.0,0.0,0.0,0.0,0.0,ok_control_day
3944|2020-11-04|Belgorod,3944,2020-11-04,Belgorod,2020,fog,6031,Ulyanovsk,,,,missing_control_day_donor,,,0.0,0.001667,,-0.001667,,,missing_placebo_or_control_metric
3944|2020-11-04|Belgorod,3944,2020-11-04,Belgorod,2020,fog,7378,Young Leninist,,,,missing_control_day_donor,,,0.0,0.341667,,-0.341667,,,missing_placebo_or_control_metric
3944|2020-11-04|Belgorod,3944,2020-11-04,Belgorod,2020,fog,6673,Лобаново,,,,missing_control_day_donor,,,0.0,0.0,,0.0,,,missing_placebo_or_control_metric
6403|2020-02-01|Nizhnekamsk,6403,2020-02-01,Nizhnekamsk,2020,low_ceiling_300m,6031,Ulyanovsk,,,,missing_control_day_donor,,,0.0,0.016667,,-0.016667,,,missing_placebo_or_control_metric
6403|2020-02-01|Nizhnekamsk,6403,2020-02-01,Nizhnekamsk,2020,low_ceiling_300m,6242,Dimitrovgrad,,,,missing_control_day_donor,,,0.0,0.136667,,-0.136667,,,missing_placebo_or_control_metric
6403|2020-02-01|Nizhnekamsk,6403,2020-02-01,Nizhnekamsk,2020,low_ceiling_300m,6673,Лобаново,,,,missing_control_day_donor,,,0.0,0.0,,0.0,,,missing_placebo_or_control_metric
6403|2020-01-21|Nizhnekamsk,6403,2020-01-21,Nizhnekamsk,2020,low_ceiling_1000m,6031,Ulyanovsk,6403.0,2021-01-24,2021.0,same_control_component_hazard_cross_year_month_window,1.0,0.0,0.0,0.27,0.037778,-0.27,-0.232222,-0.037778,ok_control_day
6403|2020-01-21|Nizhnekamsk,6403,2020-01-21,Nizhnekamsk,2020,low_ceiling_1000m,6242,Dimitrovgrad,6403.0,2021-01-24,2021.0,same_control_component_hazard_cross_year_month_window,1.0,0.0,0.0,0.028333,0.0,-0.028333,-0.028333,0.0,ok_control_day
6403|2020-01-21|Nizhnekamsk,6403,2020-01-21,Nizhnekamsk,2020,low_ceiling_1000m,6673,Лобаново,,,,missing_control_day_donor,,,0.0,0.0,,0.0,,,missing_placebo_or_control_metric
10210|2020-01-03|Neyveli Township,10210,2020-01-03,Neyveli Township,2020,low_vis_5km,10842,Pontinamallayyapalem,,,,missing_control_day_donor,,,0.0,0.0,,0.0,,,missing_placebo_or_control_metric
10210|2020-01-03|Neyveli Township,10210,2020-01-03,Neyveli Township,2020,low_vis_5km,11388,Durgachak,,,,missing_control_day_donor,,,0.0,0.201111,,-0.201111,,,missing_placebo_or_control_metric
10210|2020-01-03|Neyveli Township,10210,2020-01-03,Neyveli Township,2020,low_vis_5km,9614,Anchal,,,,missing_control_day_donor,,,0.0,0.0,,0.0,,,missing_placebo_or_control_metric
10210|2020-11-25|Neyveli Township,10210,2020-11-25,Neyveli Township,2020,low_vis_5km,10842,Pontinamallayyapalem,,,,missing_control_day_donor,,,11.467222,0.048333,,11.418889,,,missing_placebo_or_control_metric
10210|2020-11-25|Neyveli Township,10210,2020-11-25,Neyveli Township,2020,low_vis_5km,11388,Durgachak,10210.0,2022-11-11,2022.0,same_control_component_hazard_cross_year_month_window,2.0,0.0,11.467222,0.0,0.0,11.467222,0.0,11.467222,ok_control_day
10210|2020-11-25|Neyveli Township,10210,2020-11-25,Neyveli Township,2020,low_vis_5km,9614,Anchal,,,,missing_control_day_donor,,,11.467222,0.0,,11.467222,,,missing_placebo_or_control_metric
8387|2020-07-01|Timika,8387,2020-07-01,Timika,2020,low_ceiling_1000m,2237,Perbaungan,3783.0,2020-07-24,2020.0,same_control_component_hazard_same_year_month_window,0.0,0.0,4.594444,0.0,0.0,4.594444,0.0,4.594444,ok_control_day
8387|2020-07-01|Timika,8387,2020-07-01,Timika,2020,low_ceiling_1000m,6057,Kadipaten,,,,missing_control_day_donor,,,4.594444,0.0,,4.594444,,,missing_placebo_or_control_metric
8387|2020-07-01|Timika,8387,2020-07-01,Timika,2020,low_ceiling_1000m,7888,Praya,8387.0,2021-08-31,2021.0,same_control_component_hazard_cross_year_month_window,1.0,1.0,4.594444,0.0,0.0,4.594444,0.0,4.594444,ok_control_day
8387|2020-04-08|Timika,8387,2020-04-08,Timika,2020,low_ceiling_1000m,2237,Perbaungan,3783.0,2022-04-11,2022.0,same_control_component_hazard_cross_year_month_window,2.0,0.0,8.366667,0.0,0.007778,8.366667,0.007778,8.358889,ok_control_day
8387|2020-04-08|Timika,8387,2020-04-08,Timika,2020,low_ceiling_1000m,6057,Kadipaten,,,,missing_control_day_donor,,,8.366667,5.503333,,2.863334,,,missing_placebo_or_control_metric
8387|2020-04-08|Timika,8387,2020-04-08,Timika,2020,low_ceiling_1000m,7888,Praya,,,,missing_control_day_donor,,,8.366667,0.0,,8.366667,,,missing_placebo_or_control_metric
56|2020-02-09|Brest,56,2020-02-09,Brest,2020,strong_wind,1585,Caen,,,,missing_control_day_donor,,,0.490556,0.085556,,0.405,,,missing_placebo_or_control_metric
56|2020-02-09|Brest,56,2020-02-09,Brest,2020,strong_wind,544,Saint-Nazaire,,,,missing_control_day_donor,,,0.490556,0.0,,0.490556,,,missing_placebo_or_control_metric
56|2020-02-09|Brest,56,2020-02-09,Brest,2020,strong_wind,944,Cherbourg-en-Cotentin,,,,missing_control_day_donor,,,0.490556,0.600556,,-0.11,,,missing_placebo_or_control_metric
56|2020-11-01|Brest,56,2020-11-01,Brest,2020,low_vis_5km,1585,Caen,,,,missing_control_day_donor,,,0.063333,0.0,,0.063333,,,missing_placebo_or_control_metric
56|2020-11-01|Brest,56,2020-11-01,Brest,2020,low_vis_5km,544,Saint-Nazaire,56.0,2024-12-25,2024.0,same_control_component_hazard_cross_year_month_window,4.0,1.0,0.063333,0.031111,0.105,0.032222,0.073889,-0.041667,ok_control_day
56|2020-11-01|Brest,56,2020-11-01,Brest,2020,low_vis_5km,944,Cherbourg-en-Cotentin,,,,missing_control_day_donor,,,0.063333,0.001667,,0.061666,,,missing_placebo_or_control_metric
2617|2020-04-26|Río Cuarto,2617,2020-04-26,Río Cuarto,2020,low_vis_5km,3443,Funes,,,,missing_control_day_donor,,,0.0,0.0,,0.0,,,missing_placebo_or_control_metric
2617|2020-04-26|Río Cuarto,2617,2020-04-26,Río Cuarto,2020,low_vis_5km,4739,Puerto Iguazú,,,,missing_control_day_donor,,,0.0,0.0,,0.0,,,missing_placebo_or_control_metric
2617|2020-04-26|Río Cuarto,2617,2020-04-26,Río Cuarto,2020,low_vis_5km,928,San Martín,,,,missing_control_day_donor,,,0.0,0.0,,0.0,,,missing_placebo_or_control_metric
2617|2020-04-27|Río Cuarto,2617,2020-04-27,Río Cuarto,2020,low_ceiling_1000m,3443,Funes,2617.0,2021-04-09,2021.0,same_control_component_hazard_cross_year_month_window,1.0,0.0,0.0,0.0,24.840556,0.0,24.840556,-24.840556,ok_control_day
2617|2020-04-27|Río Cuarto,2617,2020-04-27,Río Cuarto,2020,low_ceiling_1000m,4739,Puerto Iguazú,2617.0,2021-04-09,2021.0,same_control_component_hazard_cross_year_month_window,1.0,0.0,0.0,0.0,0.0,0.0,0.0,0.0,ok_control_day
2617|2020-04-27|Río Cuarto,2617,2020-04-27,Río Cuarto,2020,low_ceiling_1000m,928,San Martín,2617.0,2021-04-09,2021.0,same_control_component_hazard_cross_year_month_window,1.0,0.0,0.0,0.0,0.0,0.0,0.0,0.0,ok_control_day
3783|2020-11-15|Pangkalan Kerinci,3783,2020-11-15,Pangkalan Kerinci,2020,low_ceiling_1000m,2237,Perbaungan,3783.0,2021-10-20,2021.0,same_control_component_hazard_cross_year_month_window,1.0,1.0,2.611667,0.018333,8.568889,2.593334,8.550556,-5.957222,ok_control_day
3783|2020-11-15|Pangkalan Kerinci,3783,2020-11-15,Pangkalan Kerinci,2020,low_ceiling_1000m,7522,Bangkalan,3783.0,2021-10-20,2021.0,same_control_component_hazard_cross_year_month_window,1.0,1.0,2.611667,0.150556,0.0,2.461111,-0.150556,2.611667,ok_control_day
3783|2020-11-15|Pangkalan Kerinci,3783,2020-11-15,Pangkalan Kerinci,2020,low_ceiling_1000m,7818,Semarapura,,,,missing_control_day_donor,,,2.611667,0.0,,2.611667,,,missing_placebo_or_control_metric
3783|2020-07-24|Pangkalan Kerinci,3783,2020-07-24,Pangkalan Kerinci,2020,low_ceiling_1000m,2237,Perbaungan,8387.0,2020-07-01,2020.0,same_control_component_hazard_same_year_month_window,0.0,0.0,0.0,0.0,0.0,0.0,0.0,0.0,ok_control_day
3783|2020-07-24|Pangkalan Kerinci,3783,2020-07-24,Pangkalan Kerinci,2020,low_ceiling_1000m,7522,Bangkalan,,,,missing_control_day_donor,,,0.0,0.0,,0.0,,,missing_placebo_or_control_metric
3783|2020-07-24|Pangkalan Kerinci,3783,2020-07-24,Pangkalan Kerinci,2020,low_ceiling_1000m,7818,Semarapura,,,,missing_control_day_donor,,,0.0,0.0,,0.0,,,missing_placebo_or_control_metric
1031|2020-09-28|Hamilton,1031,2020-09-28,Hamilton,2020,strong_wind,505,Wellington,1031.0,2020-09-18,2020.0,same_control_component_hazard_same_year_month_window,0.0,0.0,1.28,0.0,0.0,1.28,0.0,1.28,ok_control_day
1031|2020-09-28|Hamilton,1031,2020-09-28,Hamilton,2020,strong_wind,647,Lower Hutt,1031.0,2020-09-18,2020.0,same_control_component_hazard_same_year_month_window,0.0,0.0,1.28,0.0,0.0,1.28,0.0,1.28,ok_control_day
1031|2020-09-28|Hamilton,1031,2020-09-28,Hamilton,2020,strong_wind,1681,Le Havre,1031.0,2020-09-18,2020.0,same_control_component_hazard_same_year_month_window,0.0,0.0,1.28,0.0,0.0,1.28,0.0,1.28,ok_control_day
1031|2020-09-18|Hamilton,1031,2020-09-18,Hamilton,2020,strong_wind,505,Wellington,1031.0,2020-09-28,2020.0,same_control_component_hazard_same_year_month_window,0.0,0.0,0.196111,0.0,0.0,0.196111,0.0,0.196111,ok_control_day
1031|2020-09-18|Hamilton,1031,2020-09-18,Hamilton,2020,strong_wind,647,Lower Hutt,1031.0,2020-09-28,2020.0,same_control_component_hazard_same_year_month_window,0.0,0.0,0.196111,0.0,0.0,0.196111,0.0,0.196111,ok_control_day
1031|2020-09-18|Hamilton,1031,2020-09-18,Hamilton,2020,strong_wind,1681,Le Havre,1031.0,2020-09-28,2020.0,same_control_component_hazard_same_year_month_window,0.0,0.0,0.196111,0.0,0.0,0.196111,0.0,0.196111,ok_control_day
4339|2020-01-19|Lublin,4339,2020-01-19,Lublin,2020,low_ceiling_1000m,3850,Wołomin,4339.0,2020-12-17,2020.0,same_control_component_hazard_same_year_month_window,0.0,1.0,0.0,0.0,0.0,0.0,0.0,0.0,ok_control_day
4339|2020-01-19|Lublin,4339,2020-01-19,Lublin,2020,low_ceiling_1000m,3068,Częstochowa,4339.0,2020-12-17,2020.0,same_control_component_hazard_same_year_month_window,0.0,1.0,0.0,0.0,0.0,0.0,0.0,0.0,ok_control_day
4339|2020-01-19|Lublin,4339,2020-01-19,Lublin,2020,low_ceiling_1000m,3403,Bełchatów,4339.0,2020-12-17,2020.0,same_control_component_hazard_same_year_month_window,0.0,1.0,0.0,0.0,0.0,0.0,0.0,0.0,ok_control_day
4339|2020-12-17|Lublin,4339,2020-12-17,Lublin,2020,low_ceiling_1000m,3850,Wołomin,4339.0,2020-01-19,2020.0,same_control_component_hazard_same_year_month_window,0.0,1.0,0.0,0.0,0.0,0.0,0.0,0.0,ok_control_day
4339|2020-12-17|Lublin,4339,2020-12-17,Lublin,2020,low_ceiling_1000m,3068,Częstochowa,4339.0,2020-01-19,2020.0,same_control_component_hazard_same_year_month_window,0.0,1.0,0.0,0.0,0.0,0.0,0.0,0.0,ok_control_day
4339|2020-12-17|Lublin,4339,2020-12-17,Lublin,2020,low_ceiling_1000m,3403,Bełchatów,4339.0,2020-01-19,2020.0,same_control_component_hazard_same_year_month_window,0.0,1.0,0.0,0.0,0.0,0.0,0.0,0.0,ok_control_day
2044|2020-12-05|Vinnytsia,2044,2020-12-05,Vinnytsia,2020,fog,2506,Pervomaisk,,,,missing_control_day_donor,,,0.0,0.0,,0.0,,,missing_placebo_or_control_metric
2044|2020-12-05|Vinnytsia,2044,2020-12-05,Vinnytsia,2020,fog,4030,Lozova,,,,missing_control_day_donor,,,0.0,0.0,,0.0,,,missing_placebo_or_control_metric
2044|2020-12-05|Vinnytsia,2044,2020-12-05,Vinnytsia,2020,fog,1089,Kovel,,,,missing_control_day_donor,,,0.0,0.0,,0.0,,,missing_placebo_or_control_metric
2044|2020-11-18|Vinnytsia,2044,2020-11-18,Vinnytsia,2020,low_ceiling_300m,2506,Pervomaisk,2044.0,2021-12-09,2021.0,same_control_component_hazard_cross_year_month_window,1.0,1.0,0.0,0.0,0.0,0.0,0.0,0.0,ok_control_day
2044|2020-11-18|Vinnytsia,2044,2020-11-18,Vinnytsia,2020,low_ceiling_300m,4030,Lozova,2044.0,2021-12-09,2021.0,same_control_component_hazard_cross_year_month_window,1.0,1.0,0.0,0.0,0.0,0.0,0.0,0.0,ok_control_day
2044|2020-11-18|Vinnytsia,2044,2020-11-18,Vinnytsia,2020,low_ceiling_300m,1089,Kovel,2044.0,2021-12-09,2021.0,same_control_component_hazard_cross_year_month_window,1.0,1.0,0.0,0.144444,0.0,-0.144444,-0.144444,0.0,ok_control_day
4166|2020-02-23|Aungpan,4166,2020-02-23,Aungpan,2020,low_vis_5km,5151,Hlegu,,,,missing_control_day_donor,,,0.0,0.0,,0.0,,,missing_placebo_or_control_metric
4166|2020-02-23|Aungpan,4166,2020-02-23,Aungpan,2020,low_vis_5km,1548,Pakokku,,,,missing_control_day_donor,,,0.0,0.0,,0.0,,,missing_placebo_or_control_metric
4166|2020-02-23|Aungpan,4166,2020-02-23,Aungpan,2020,low_vis_5km,1448,Chauk,,,,missing_control_day_donor,,,0.0,0.0,,0.0,,,missing_placebo_or_control_metric
4166|2020-05-11|Aungpan,4166,2020-05-11,Aungpan,2020,thunder_or_convective,5151,Hlegu,4166.0,2021-05-06,2021.0,same_control_component_hazard_cross_year_month_window,1.0,0.0,5.196667,0.015,0.013333,5.181667,-0.001667,5.183334,ok_control_day
4166|2020-05-11|Aungpan,4166,2020-05-11,Aungpan,2020,thunder_or_convective,1548,Pakokku,4166.0,2022-04-18,2022.0,same_control_component_hazard_cross_year_month_window,2.0,1.0,5.196667,1.3,1.221111,3.896667,-0.078889,3.975556,ok_control_day
4166|2020-05-11|Aungpan,4166,2020-05-11,Aungpan,2020,thunder_or_convective,1448,Chauk,4166.0,2021-05-06,2021.0,same_control_component_hazard_cross_year_month_window,1.0,0.0,5.196667,0.0,0.0,5.196667,0.0,5.196667,ok_control_day
6968|2020-05-14|Chakwal,6968,2020-05-14,Chakwal,2020,low_vis_5km,5564,Nowshera,6968.0,2024-04-26,2024.0,same_control_component_hazard_cross_year_month_window,4.0,1.0,2.698889,14.205556,0.67,-11.506667,-13.535556,2.028889,ok_control_day
6968|2020-05-14|Chakwal,6968,2020-05-14,Chakwal,2020,low_vis_5km,4866,Kohat,6968.0,2024-04-26,2024.0,same_control_component_hazard_cross_year_month_window,4.0,1.0,2.698889,0.492222,0.941111,2.206667,0.448889,1.757778,ok_control_day
6968|2020-05-14|Chakwal,6968,2020-05-14,Chakwal,2020,low_vis_5km,4931,Ameer Abad Kalay,,,,missing_control_day_donor,,,2.698889,5.542778,,-2.843889,,,missing_placebo_or_control_metric
6968|2020-07-25|Chakwal,6968,2020-07-25,Chakwal,2020,low_vis_5km,5564,Nowshera,6968.0,2021-07-27,2021.0,same_control_component_hazard_cross_year_month_window,1.0,0.0,0.0,0.0,0.061667,0.0,0.061667,-0.061667,ok_control_day
6968|2020-07-25|Chakwal,6968,2020-07-25,Chakwal,2020,low_vis_5km,4866,Kohat,6968.0,2021-07-27,2021.0,same_control_component_hazard_cross_year_month_window,1.0,0.0,0.0,0.0,0.005556,0.0,0.005556,-0.005556,ok_control_day
6968|2020-07-25|Chakwal,6968,2020-07-25,Chakwal,2020,low_vis_5km,4931,Ameer Abad Kalay,6968.0,2021-07-27,2021.0,same_control_component_hazard_cross_year_month_window,1.0,0.0,0.0,0.0,0.0,0.0,0.0,0.0,ok_control_day
2661|2020-05-31|Mogok,2661,2020-05-31,Mogok,2020,low_vis_5km,2852,Kyaukse,2661.0,2021-06-02,2021.0,same_control_component_hazard_cross_year_month_window,1.0,1.0,0.0,0.0,0.070556,0.0,0.070556,-0.070556,ok_control_day
2661|2020-05-31|Mogok,2661,2020-05-31,Mogok,2020,low_vis_5km,4903,Myaungtagar,2661.0,2021-06-02,2021.0,same_control_component_hazard_cross_year_month_window,1.0,1.0,0.0,0.637778,0.0,-0.637778,-0.637778,0.0,ok_control_day
2661|2020-05-31|Mogok,2661,2020-05-31,Mogok,2020,low_vis_5km,5151,Hlegu,4166.0,2023-04-13,2023.0,same_control_component_hazard_cross_year_month_window,3.0,1.0,0.0,0.006667,0.03,-0.006667,0.023333,-0.03,ok_control_day
2661|2020-06-14|Mogok,2661,2020-06-14,Mogok,2020,low_ceiling_1000m,2852,Kyaukse,,,,missing_control_day_donor,,,0.012222,0.342222,,-0.33,,,missing_placebo_or_control_metric
2661|2020-06-14|Mogok,2661,2020-06-14,Mogok,2020,low_ceiling_1000m,4903,Myaungtagar,,,,missing_control_day_donor,,,0.012222,13.827222,,-13.815,,,missing_placebo_or_control_metric
2661|2020-06-14|Mogok,2661,2020-06-14,Mogok,2020,low_ceiling_1000m,5151,Hlegu,,,,missing_control_day_donor,,,0.012222,17.831667,,-17.819445,,,missing_placebo_or_control_metric
7176|2020-10-04|Khewra,7176,2020-10-04,Khewra,2020,low_vis_5km,5467,Amangarh,7176.0,2020-10-06,2020.0,same_control_component_hazard_same_year_month_window,0.0,0.0,0.0,0.0,0.0,0.0,0.0,0.0,ok_control_day
7176|2020-10-04|Khewra,7176,2020-10-04,Khewra,2020,low_vis_5km,7399,Mandi Bahauddin,7176.0,2020-10-06,2020.0,same_control_component_hazard_same_year_month_window,0.0,0.0,0.0,0.0,0.0,0.0,0.0,0.0,ok_control_day
7176|2020-10-04|Khewra,7176,2020-10-04,Khewra,2020,low_vis_5km,6279,Attock,7176.0,2020-10-06,2020.0,same_control_component_hazard_same_year_month_window,0.0,0.0,0.0,0.0,0.0,0.0,0.0,0.0,ok_control_day
7176|2020-10-06|Khewra,7176,2020-10-06,Khewra,2020,low_vis_5km,5467,Amangarh,7176.0,2020-10-04,2020.0,same_control_component_hazard_same_year_month_window,0.0,0.0,0.0,0.0,0.0,0.0,0.0,0.0,ok_control_day
7176|2020-10-06|Khewra,7176,2020-10-06,Khewra,2020,low_vis_5km,7399,Mandi Bahauddin,7176.0,2020-10-04,2020.0,same_control_component_hazard_same_year_month_window,0.0,0.0,0.0,0.0,0.0,0.0,0.0,0.0,ok_control_day
7176|2020-10-06|Khewra,7176,2020-10-06,Khewra,2020,low_vis_5km,6279,Attock,7176.0,2020-10-04,2020.0,same_control_component_hazard_same_year_month_window,0.0,0.0,0.0,0.0,0.0,0.0,0.0,0.0,ok_control_day
6023|2020-01-03|Ciudad Valles,6023,2020-01-03,Ciudad Valles,2020,fog,5931,Tlaxcala,,,,missing_control_day_donor,,,0.0,0.0,,0.0,,,missing_placebo_or_control_metric
6023|2020-01-03|Ciudad Valles,6023,2020-01-03,Ciudad Valles,2020,fog,5730,Tizayuca,,,,missing_control_day_donor,,,0.0,0.0,,0.0,,,missing_placebo_or_control_metric
6023|2020-01-03|Ciudad Valles,6023,2020-01-03,Ciudad Valles,2020,fog,913,Tecate,357.0,2021-12-02,2021.0,same_control_component_hazard_cross_year_month_window,1.0,1.0,0.0,0.0,0.0,0.0,0.0,0.0,ok_control_day
6023|2020-01-02|Ciudad Valles,6023,2020-01-02,Ciudad Valles,2020,low_vis_5km,5931,Tlaxcala,,,,missing_control_day_donor,,,0.0,0.0,,0.0,,,missing_placebo_or_control_metric
6023|2020-01-02|Ciudad Valles,6023,2020-01-02,Ciudad Valles,2020,low_vis_5km,5730,Tizayuca,,,,missing_control_day_donor,,,0.0,0.0,,0.0,,,missing_placebo_or_control_metric
6023|2020-01-02|Ciudad Valles,6023,2020-01-02,Ciudad Valles,2020,low_vis_5km,913,Tecate,357.0,2022-02-20,2022.0,same_control_component_hazard_cross_year_month_window,2.0,1.0,0.0,0.0,0.0,0.0,0.0,0.0,ok_control_day
4225|2020-01-19|Stalowa Wola,4225,2020-01-19,Stalowa Wola,2020,fog,3850,Wołomin,,,,missing_control_day_donor,,,0.0,0.0,,0.0,,,missing_placebo_or_control_metric
4225|2020-01-19|Stalowa Wola,4225,2020-01-19,Stalowa Wola,2020,fog,3403,Bełchatów,4263.0,2024-12-02,2024.0,same_control_component_hazard_cross_year_month_window,4.0,1.0,0.0,0.0,0.0,0.0,0.0,0.0,ok_control_day
4225|2020-01-19|Stalowa Wola,4225,2020-01-19,Stalowa Wola,2020,fog,1080,Słupsk,4225.0,2024-12-02,2024.0,same_control_component_hazard_cross_year_month_window,4.0,1.0,0.0,0.0,0.0,0.0,0.0,0.0,ok_control_day
4225|2020-11-09|Stalowa Wola,4225,2020-11-09,Stalowa Wola,2020,fog,3850,Wołomin,,,,missing_control_day_donor,,,0.0,0.0,,0.0,,,missing_placebo_or_control_metric
4225|2020-11-09|Stalowa Wola,4225,2020-11-09,Stalowa Wola,2020,fog,3403,Bełchatów,4263.0,2021-11-17,2021.0,same_control_component_hazard_cross_year_month_window,1.0,0.0,0.0,0.0,0.0,0.0,0.0,0.0,ok_control_day
4225|2020-11-09|Stalowa Wola,4225,2020-11-09,Stalowa Wola,2020,fog,1080,Słupsk,4263.0,2021-11-17,2021.0,same_control_component_hazard_cross_year_month_window,1.0,0.0,0.0,0.0,0.051667,0.0,0.051667,-0.051667,ok_control_day
6511|2020-01-10|Kot Addu,6511,2020-01-10,Kot Addu,2020,low_vis_5km,6841,Joharabad,6511.0,2020-12-13,2020.0,same_control_component_hazard_same_year_month_window,0.0,1.0,0.0,0.018889,0.0,-0.018889,-0.018889,0.0,ok_control_day
6511|2020-01-10|Kot Addu,6511,2020-01-10,Kot Addu,2020,low_vis_5km,7085,Sargodha,6511.0,2020-12-13,2020.0,same_control_component_hazard_same_year_month_window,0.0,1.0,0.0,0.0,0.0,0.0,0.0,0.0,ok_control_day
6511|2020-01-10|Kot Addu,6511,2020-01-10,Kot Addu,2020,low_vis_5km,5467,Amangarh,6511.0,2020-12-13,2020.0,same_control_component_hazard_same_year_month_window,0.0,1.0,0.0,0.0,0.0,0.0,0.0,0.0,ok_control_day
6511|2020-12-13|Kot Addu,6511,2020-12-13,Kot Addu,2020,low_vis_5km,6841,Joharabad,6511.0,2020-01-10,2020.0,same_control_component_hazard_same_year_month_window,0.0,1.0,0.0,0.0,0.018889,0.0,0.018889,-0.018889,ok_control_day
6511|2020-12-13|Kot Addu,6511,2020-12-13,Kot Addu,2020,low_vis_5km,7085,Sargodha,6511.0,2020-01-10,2020.0,same_control_component_hazard_same_year_month_window,0.0,1.0,0.0,0.0,0.0,0.0,0.0,0.0,ok_control_day
6511|2020-12-13|Kot Addu,6511,2020-12-13,Kot Addu,2020,low_vis_5km,5467,Amangarh,6511.0,2020-01-10,2020.0,same_control_component_hazard_same_year_month_window,0.0,1.0,0.0,0.0,0.0,0.0,0.0,0.0,ok_control_day
1707|2020-03-28|Mutare,1707,2020-03-28,Mutare,2020,low_ceiling_1000m,1098,Chinhoyi,,,,missing_control_day_donor,,,0.0,0.0,,0.0,,,missing_placebo_or_control_metric
1707|2020-03-28|Mutare,1707,2020-03-28,Mutare,2020,low_ceiling_1000m,862,Kadoma,,,,missing_control_day_donor,,,0.0,0.0,,0.0,,,missing_placebo_or_control_metric
1707|2020-03-28|Mutare,1707,2020-03-28,Mutare,2020,low_ceiling_1000m,1316,Norton,,,,missing_control_day_donor,,,0.0,0.0,,0.0,,,missing_placebo_or_control_metric
1707|2020-01-21|Mutare,1707,2020-01-21,Mutare,2020,low_ceiling_300m,1098,Chinhoyi,,,,missing_control_day_donor,,,0.0,0.007222,,-0.007222,,,missing_placebo_or_control_metric
1707|2020-01-21|Mutare,1707,2020-01-21,Mutare,2020,low_ceiling_300m,862,Kadoma,,,,missing_control_day_donor,,,0.0,0.0,,0.0,,,missing_placebo_or_control_metric
1707|2020-01-21|Mutare,1707,2020-01-21,Mutare,2020,low_ceiling_300m,1316,Norton,,,,missing_control_day_donor,,,0.0,0.235556,,-0.235556,,,missing_placebo_or_control_metric
2835|2020-01-30|Manbij,2835,2020-01-30,Manbij,2020,low_ceiling_1000m,2644,Salamiyah,2835.0,2020-02-05,2020.0,same_control_component_hazard_same_year_month_window,0.0,1.0,0.006111,0.0,0.0,0.006111,0.0,0.006111,ok_control_day
2835|2020-01-30|Manbij,2835,2020-01-30,Manbij,2020,low_ceiling_1000m,1524,Jdaydet Artooz,2835.0,2020-02-05,2020.0,same_control_component_hazard_same_year_month_window,0.0,1.0,0.006111,0.0,0.0,0.006111,0.0,0.006111,ok_control_day
2835|2020-01-30|Manbij,2835,2020-01-30,Manbij,2020,low_ceiling_1000m,2368,Al-Rastan,2835.0,2020-02-05,2020.0,same_control_component_hazard_same_year_month_window,0.0,1.0,0.006111,0.0,0.0,0.006111,0.0,0.006111,ok_control_day
2835|2020-02-05|Manbij,2835,2020-02-05,Manbij,2020,low_ceiling_1000m,2644,Salamiyah,2835.0,2020-01-30,2020.0,same_control_component_hazard_same_year_month_window,0.0,1.0,0.0,0.0,0.0,0.0,0.0,0.0,ok_control_day
2835|2020-02-05|Manbij,2835,2020-02-05,Manbij,2020,low_ceiling_1000m,1524,Jdaydet Artooz,2835.0,2020-01-30,2020.0,same_control_component_hazard_same_year_month_window,0.0,1.0,0.0,0.0,0.0,0.0,0.0,0.0,ok_control_day
2835|2020-02-05|Manbij,2835,2020-02-05,Manbij,2020,low_ceiling_1000m,2368,Al-Rastan,2835.0,2020-01-30,2020.0,same_control_component_hazard_same_year_month_window,0.0,1.0,0.0,0.0,0.0,0.0,0.0,0.0,ok_control_day
6297|2020-12-09|Kishoreganj,6297,2020-12-09,Kishoreganj,2020,fog,6361,Kapashia,6297.0,2021-01-24,2021.0,same_control_component_hazard_cross_year_month_window,1.0,1.0,0.0,0.0,0.0,0.0,0.0,0.0,ok_control_day
6297|2020-12-09|Kishoreganj,6297,2020-12-09,Kishoreganj,2020,fog,4164,Gabtali,6297.0,2021-01-24,2021.0,same_control_component_hazard_cross_year_month_window,1.0,1.0,0.0,0.0,0.0,0.0,0.0,0.0,ok_control_day
6297|2020-12-09|Kishoreganj,6297,2020-12-09,Kishoreganj,2020,fog,5589,Kalihati,6297.0,2023-01-07,2023.0,same_control_component_hazard_cross_year_month_window,3.0,1.0,0.0,0.0,0.0,0.0,0.0,0.0,ok_control_day
6297|2020-12-08|Kishoreganj,6297,2020-12-08,Kishoreganj,2020,low_vis_5km,6361,Kapashia,6297.0,2021-01-18,2021.0,same_control_component_hazard_cross_year_month_window,1.0,1.0,0.0,0.0,0.0,0.0,0.0,0.0,ok_control_day
6297|2020-12-08|Kishoreganj,6297,2020-12-08,Kishoreganj,2020,low_vis_5km,4164,Gabtali,6297.0,2021-01-18,2021.0,same_control_component_hazard_cross_year_month_window,1.0,1.0,0.0,0.0,0.0,0.0,0.0,0.0,ok_control_day
6297|2020-12-08|Kishoreganj,6297,2020-12-08,Kishoreganj,2020,low_vis_5km,5589,Kalihati,6297.0,2023-01-08,2023.0,same_control_component_hazard_cross_year_month_window,3.0,1.0,0.0,0.0,0.0,0.0,0.0,0.0,ok_control_day
2154|2020-12-28|Sammanturai,2154,2020-12-28,Sammanturai,2020,fog,768,Bandaragama,,,,missing_control_day_donor,,,0.0,1.737778,,-1.737778,,,missing_placebo_or_control_metric
2154|2020-12-28|Sammanturai,2154,2020-12-28,Sammanturai,2020,fog,335,Puttalam,,,,missing_control_day_donor,,,0.0,0.003333,,-0.003333,,,missing_placebo_or_control_metric
2154|2020-12-28|Sammanturai,2154,2020-12-28,Sammanturai,2020,fog,1132,Anuradhapura,,,,missing_control_day_donor,,,0.0,0.0,,0.0,,,missing_placebo_or_control_metric
2154|2020-12-21|Sammanturai,2154,2020-12-21,Sammanturai,2020,low_ceiling_1000m,768,Bandaragama,2154.0,2022-01-04,2022.0,same_control_component_hazard_cross_year_month_window,2.0,1.0,0.438333,0.961667,0.0,-0.523334,-0.961667,0.438333,ok_control_day
2154|2020-12-21|Sammanturai,2154,2020-12-21,Sammanturai,2020,low_ceiling_1000m,335,Puttalam,2154.0,2022-01-04,2022.0,same_control_component_hazard_cross_year_month_window,2.0,1.0,0.438333,3.356667,0.0,-2.918334,-3.356667,0.438333,ok_control_day
2154|2020-12-21|Sammanturai,2154,2020-12-21,Sammanturai,2020,low_ceiling_1000m,1132,Anuradhapura,2154.0,2022-01-04,2022.0,same_control_component_hazard_cross_year_month_window,2.0,1.0,0.438333,7.429444,0.0,-6.991111,-7.429444,0.438333,ok_control_day
6864|2020-03-12|Ogwashi-Uku,6864,2020-03-12,Ogwashi-Uku,2020,low_ceiling_1000m,7233,Yangoji,,,,missing_control_day_donor,,,0.0,0.0,,0.0,,,missing_placebo_or_control_metric
6864|2020-03-12|Ogwashi-Uku,6864,2020-03-12,Ogwashi-Uku,2020,low_ceiling_1000m,7333,Maji,,,,missing_control_day_donor,,,0.0,0.0,,0.0,,,missing_placebo_or_control_metric
6864|2020-03-12|Ogwashi-Uku,6864,2020-03-12,Ogwashi-Uku,2020,low_ceiling_1000m,7597,Egwuachi,,,,missing_control_day_donor,,,0.0,0.000556,,-0.000556,,,missing_placebo_or_control_metric
6864|2020-07-23|Ogwashi-Uku,6864,2020-07-23,Ogwashi-Uku,2020,low_ceiling_1000m,7233,Yangoji,7989.0,2023-07-11,2023.0,same_control_component_hazard_cross_year_month_window,3.0,0.0,4.542778,6.268889,0.0,-1.726111,-6.268889,4.542778,ok_control_day
6864|2020-07-23|Ogwashi-Uku,6864,2020-07-23,Ogwashi-Uku,2020,low_ceiling_1000m,7333,Maji,7884.0,2023-07-11,2023.0,same_control_component_hazard_cross_year_month_window,3.0,0.0,4.542778,0.058333,0.0,4.484445,-0.058333,4.542778,ok_control_day
6864|2020-07-23|Ogwashi-Uku,6864,2020-07-23,Ogwashi-Uku,2020,low_ceiling_1000m,7597,Egwuachi,,,,missing_control_day_donor,,,4.542778,0.304444,,4.238334,,,missing_placebo_or_control_metric
2233|2020-12-28|Kalmunai,2233,2020-12-28,Kalmunai,2020,fog,768,Bandaragama,,,,missing_control_day_donor,,,0.0,1.737778,,-1.737778,,,missing_placebo_or_control_metric
2233|2020-12-28|Kalmunai,2233,2020-12-28,Kalmunai,2020,fog,335,Puttalam,,,,missing_control_day_donor,,,0.0,0.003333,,-0.003333,,,missing_placebo_or_control_metric
2233|2020-12-28|Kalmunai,2233,2020-12-28,Kalmunai,2020,fog,1132,Anuradhapura,,,,missing_control_day_donor,,,0.0,0.0,,0.0,,,missing_placebo_or_control_metric
2233|2020-12-21|Kalmunai,2233,2020-12-21,Kalmunai,2020,low_ceiling_1000m,768,Bandaragama,2154.0,2022-01-04,2022.0,same_control_component_hazard_cross_year_month_window,2.0,1.0,0.299444,0.961667,0.0,-0.662223,-0.961667,0.299444,ok_control_day
2233|2020-12-21|Kalmunai,2233,2020-12-21,Kalmunai,2020,low_ceiling_1000m,335,Puttalam,2154.0,2022-01-04,2022.0,same_control_component_hazard_cross_year_month_window,2.0,1.0,0.299444,3.356667,0.0,-3.057223,-3.356667,0.299444,ok_control_day
2233|2020-12-21|Kalmunai,2233,2020-12-21,Kalmunai,2020,low_ceiling_1000m,1132,Anuradhapura,2154.0,2022-01-04,2022.0,same_control_component_hazard_cross_year_month_window,2.0,1.0,0.299444,7.429444,0.0,-7.13,-7.429444,0.299444,ok_control_day
6240|2020-04-09|Ar Riyaḑ,6240,2020-04-09,Ar Riyaḑ,2020,low_vis_5km,4343,Kafr Sarawa,,,,missing_control_day_donor,,,0.0,0.0,,0.0,,,missing_placebo_or_control_metric
6240|2020-04-09|Ar Riyaḑ,6240,2020-04-09,Ar Riyaḑ,2020,low_vis_5km,4457,Kafr Awn,,,,missing_control_day_donor,,,0.0,0.0,,0.0,,,missing_placebo_or_control_metric
6240|2020-04-09|Ar Riyaḑ,6240,2020-04-09,Ar Riyaḑ,2020,low_vis_5km,6011,Al Tallin,,,,missing_control_day_donor,,,0.0,0.0,,0.0,,,missing_placebo_or_control_metric
2875|2020-11-18|Talavera de la Reina,2875,2020-11-18,Talavera de la Reina,2020,low_vis_5km,3842,Guadalajara,,,,missing_control_day_donor,,,0.0,0.0,,0.0,,,missing_placebo_or_control_metric
2875|2020-11-18|Talavera de la Reina,2875,2020-11-18,Talavera de la Reina,2020,low_vis_5km,3752,Arganda del Rey,,,,missing_control_day_donor,,,0.0,0.0,,0.0,,,missing_placebo_or_control_metric
2875|2020-11-18|Talavera de la Reina,2875,2020-11-18,Talavera de la Reina,2020,low_vis_5km,4815,Igualada,,,,missing_control_day_donor,,,0.0,0.0,,0.0,,,missing_placebo_or_control_metric
2875|2020-01-05|Talavera de la Reina,2875,2020-01-05,Talavera de la Reina,2020,low_vis_5km,3842,Guadalajara,2875.0,2023-01-12,2023.0,same_control_component_hazard_cross_year_month_window,3.0,0.0,0.0,0.0,0.0,0.0,0.0,0.0,ok_control_day
2875|2020-01-05|Talavera de la Reina,2875,2020-01-05,Talavera de la Reina,2020,low_vis_5km,3752,Arganda del Rey,2875.0,2023-01-12,2023.0,same_control_component_hazard_cross_year_month_window,3.0,0.0,0.0,0.0,0.0,0.0,0.0,0.0,ok_control_day
2875|2020-01-05|Talavera de la Reina,2875,2020-01-05,Talavera de la Reina,2020,low_vis_5km,4815,Igualada,2875.0,2023-01-12,2023.0,same_control_component_hazard_cross_year_month_window,3.0,0.0,0.0,0.0,0.0,0.0,0.0,0.0,ok_control_day
4942|2021-09-02|Celaya,4942,2021-09-02,Celaya,2021,low_ceiling_1000m,6696,Matamoros,4942.0,2021-10-03,2021.0,same_control_component_hazard_same_year_month_window,0.0,1.0,1.25,0.0,0.0,1.25,0.0,1.25,ok_control_day
4942|2021-09-02|Celaya,4942,2021-09-02,Celaya,2021,low_ceiling_1000m,4288,San Francisco del Rincón,4942.0,2021-10-03,2021.0,same_control_component_hazard_same_year_month_window,0.0,1.0,1.25,0.26,0.058333,0.99,-0.201667,1.191667,ok_control_day
4942|2021-09-02|Celaya,4942,2021-09-02,Celaya,2021,low_ceiling_1000m,4134,Chihuahua,4942.0,2021-10-03,2021.0,same_control_component_hazard_same_year_month_window,0.0,1.0,1.25,0.086111,0.484444,1.163889,0.398333,0.765556,ok_control_day
4942|2021-10-03|Celaya,4942,2021-10-03,Celaya,2021,low_ceiling_1000m,6696,Matamoros,4942.0,2021-09-02,2021.0,same_control_component_hazard_same_year_month_window,0.0,1.0,0.101111,0.0,0.0,0.101111,0.0,0.101111,ok_control_day
4942|2021-10-03|Celaya,4942,2021-10-03,Celaya,2021,low_ceiling_1000m,4288,San Francisco del Rincón,4942.0,2021-09-02,2021.0,same_control_component_hazard_same_year_month_window,0.0,1.0,0.101111,0.058333,0.26,0.042778,0.201667,-0.158889,ok_control_day
4942|2021-10-03|Celaya,4942,2021-10-03,Celaya,2021,low_ceiling_1000m,4134,Chihuahua,4942.0,2021-09-02,2021.0,same_control_component_hazard_same_year_month_window,0.0,1.0,0.101111,0.484444,0.086111,-0.383333,-0.398333,0.015,ok_control_day
4379|2021-04-05|Karadeniz Ereğli,4379,2021-04-05,Karadeniz Ereğli,2021,thunder_or_convective,858,Tekirdağ,4379.0,2023-04-27,2023.0,same_control_component_hazard_cross_year_month_window,2.0,0.0,0.449444,0.001111,1.423333,0.448333,1.422222,-0.973889,ok_control_day
4379|2021-04-05|Karadeniz Ereğli,4379,2021-04-05,Karadeniz Ereğli,2021,thunder_or_convective,3459,Yalova,4379.0,2023-04-27,2023.0,same_control_component_hazard_cross_year_month_window,2.0,0.0,0.449444,0.238889,3.523333,0.210555,3.284444,-3.073889,ok_control_day
4379|2021-04-05|Karadeniz Ereğli,4379,2021-04-05,Karadeniz Ereğli,2021,thunder_or_convective,4341,Düzce,,,,missing_control_day_donor,,,0.449444,1.481667,,-1.032223,,,missing_placebo_or_control_metric
4379|2021-04-08|Karadeniz Ereğli,4379,2021-04-08,Karadeniz Ereğli,2021,low_ceiling_1000m,858,Tekirdağ,4379.0,2022-03-19,2022.0,same_control_component_hazard_cross_year_month_window,1.0,1.0,1.235556,0.050556,0.0,1.185,-0.050556,1.235556,ok_control_day
4379|2021-04-08|Karadeniz Ereğli,4379,2021-04-08,Karadeniz Ereğli,2021,low_ceiling_1000m,3459,Yalova,4379.0,2022-03-19,2022.0,same_control_component_hazard_cross_year_month_window,1.0,1.0,1.235556,0.070556,0.0,1.165,-0.070556,1.235556,ok_control_day
4379|2021-04-08|Karadeniz Ereğli,4379,2021-04-08,Karadeniz Ereğli,2021,low_ceiling_1000m,4341,Düzce,4379.0,2022-03-19,2022.0,same_control_component_hazard_cross_year_month_window,1.0,1.0,1.235556,0.4,0.929444,0.835556,0.529444,0.306112,ok_control_day
10954|2021-05-07|Giridih,10954,2021-05-07,Giridih,2021,low_vis_5km,10132,Thanjavur,10840.0,2021-06-12,2021.0,same_control_component_hazard_same_year_month_window,0.0,1.0,0.0,0.0,0.558889,0.0,0.558889,-0.558889,ok_control_day
10954|2021-05-07|Giridih,10954,2021-05-07,Giridih,2021,low_vis_5km,11432,Chandpara,,,,missing_control_day_donor,,,0.0,0.0,,0.0,,,missing_placebo_or_control_metric
10954|2021-05-07|Giridih,10954,2021-05-07,Giridih,2021,low_vis_5km,10080,Siltara,,,,missing_control_day_donor,,,0.0,1.312222,,-1.312222,,,missing_placebo_or_control_metric
10954|2021-01-04|Giridih,10954,2021-01-04,Giridih,2021,low_vis_5km,10132,Thanjavur,10840.0,2021-01-29,2021.0,same_control_component_hazard_same_year_month_window,0.0,0.0,0.0,0.0,0.005556,0.0,0.005556,-0.005556,ok_control_day
10954|2021-01-04|Giridih,10954,2021-01-04,Giridih,2021,low_vis_5km,11432,Chandpara,10954.0,2022-01-10,2022.0,same_control_component_hazard_cross_year_month_window,1.0,0.0,0.0,0.0,0.0,0.0,0.0,0.0,ok_control_day
10954|2021-01-04|Giridih,10954,2021-01-04,Giridih,2021,low_vis_5km,10080,Siltara,10954.0,2022-01-10,2022.0,same_control_component_hazard_cross_year_month_window,1.0,0.0,0.0,0.0,0.033333,0.0,0.033333,-0.033333,ok_control_day
175|2021-07-28|Điện Biên Phủ,175,2021-07-28,Điện Biên Phủ,2021,thunder_or_convective,1739,Phúc Yên,175.0,2020-08-15,2020.0,same_control_component_hazard_cross_year_month_window,1.0,1.0,0.003889,0.088333,0.832778,-0.084444,0.744445,-0.828889,ok_control_day
175|2021-07-28|Điện Biên Phủ,175,2021-07-28,Điện Biên Phủ,2021,thunder_or_convective,5031,Trang Bang,175.0,2020-08-15,2020.0,same_control_component_hazard_cross_year_month_window,1.0,1.0,0.003889,0.0,0.0,0.003889,0.0,0.003889,ok_control_day
175|2021-07-28|Điện Biên Phủ,175,2021-07-28,Điện Biên Phủ,2021,thunder_or_convective,1915,Quốc Oai,175.0,2024-08-13,2024.0,same_control_component_hazard_cross_year_month_window,3.0,1.0,0.003889,1.123889,4.550556,-1.12,3.426667,-4.546667,ok_control_day
175|2021-05-01|Điện Biên Phủ,175,2021-05-01,Điện Biên Phủ,2021,thunder_or_convective,1739,Phúc Yên,175.0,2022-05-20,2022.0,same_control_component_hazard_cross_year_month_window,1.0,0.0,3.065556,0.124444,0.0,2.941112,-0.124444,3.065556,ok_control_day
175|2021-05-01|Điện Biên Phủ,175,2021-05-01,Điện Biên Phủ,2021,thunder_or_convective,5031,Trang Bang,175.0,2022-05-20,2022.0,same_control_component_hazard_cross_year_month_window,1.0,0.0,3.065556,0.0,0.196111,3.065556,0.196111,2.869445,ok_control_day
175|2021-05-01|Điện Biên Phủ,175,2021-05-01,Điện Biên Phủ,2021,thunder_or_convective,1915,Quốc Oai,,,,missing_control_day_donor,,,3.065556,0.003333,,3.062223,,,missing_placebo_or_control_metric
10433|2021-03-14|Baishan,10433,2021-03-14,Baishan,2021,fog,10025,Benxi,,,,missing_control_day_donor,,,0.0,0.0,,0.0,,,missing_placebo_or_control_metric
10433|2021-03-14|Baishan,10433,2021-03-14,Baishan,2021,fog,9949,Qianjin,,,,missing_control_day_donor,,,0.0,0.0,,0.0,,,missing_placebo_or_control_metric
10433|2021-03-14|Baishan,10433,2021-03-14,Baishan,2021,fog,9397,Hulan,,,,missing_control_day_donor,,,0.0,0.0,,0.0,,,missing_placebo_or_control_metric
10433|2021-08-22|Baishan,10433,2021-08-22,Baishan,2021,low_vis_5km,10025,Benxi,,,,missing_control_day_donor,,,0.0,0.0,,0.0,,,missing_placebo_or_control_metric
10433|2021-08-22|Baishan,10433,2021-08-22,Baishan,2021,low_vis_5km,9949,Qianjin,,,,missing_control_day_donor,,,0.0,0.0,,0.0,,,missing_placebo_or_control_metric
10433|2021-08-22|Baishan,10433,2021-08-22,Baishan,2021,low_vis_5km,9397,Hulan,,,,missing_control_day_donor,,,0.0,0.0,,0.0,,,missing_placebo_or_control_metric
6848|2021-05-16|Rio Claro,6848,2021-05-16,Rio Claro,2021,fog,7143,Passos,,,,missing_control_day_donor,,,0.0,0.0,,0.0,,,missing_placebo_or_control_metric
6848|2021-05-16|Rio Claro,6848,2021-05-16,Rio Claro,2021,fog,7771,Barbacena,,,,missing_control_day_donor,,,0.0,0.0,,0.0,,,missing_placebo_or_control_metric
6848|2021-05-16|Rio Claro,6848,2021-05-16,Rio Claro,2021,fog,6743,Franca,,,,missing_control_day_donor,,,0.0,0.0,,0.0,,,missing_placebo_or_control_metric
6848|2021-07-28|Rio Claro,6848,2021-07-28,Rio Claro,2021,low_vis_5km,7143,Passos,,,,missing_control_day_donor,,,0.0,0.0,,0.0,,,missing_placebo_or_control_metric
6848|2021-07-28|Rio Claro,6848,2021-07-28,Rio Claro,2021,low_vis_5km,7771,Barbacena,,,,missing_control_day_donor,,,0.0,0.0,,0.0,,,missing_placebo_or_control_metric
6848|2021-07-28|Rio Claro,6848,2021-07-28,Rio Claro,2021,low_vis_5km,6743,Franca,,,,missing_control_day_donor,,,0.0,0.0,,0.0,,,missing_placebo_or_control_metric
7672|2021-12-10|Zigong,7672,2021-12-10,Zigong,2021,low_vis_5km,10851,Yangjiang,7672.0,2021-11-03,2021.0,same_control_component_hazard_same_year_month_window,0.0,1.0,0.0,0.0,0.0,0.0,0.0,0.0,ok_control_day
7672|2021-12-10|Zigong,7672,2021-12-10,Zigong,2021,low_vis_5km,9653,Ningming,7672.0,2021-11-03,2021.0,same_control_component_hazard_same_year_month_window,0.0,1.0,0.0,0.0,0.0,0.0,0.0,0.0,ok_control_day
7672|2021-12-10|Zigong,7672,2021-12-10,Zigong,2021,low_vis_5km,11127,Zhongxin,7672.0,2021-11-03,2021.0,same_control_component_hazard_same_year_month_window,0.0,1.0,0.0,0.0,0.0,0.0,0.0,0.0,ok_control_day
7672|2021-11-03|Zigong,7672,2021-11-03,Zigong,2021,low_vis_5km,10851,Yangjiang,7672.0,2021-12-10,2021.0,same_control_component_hazard_same_year_month_window,0.0,1.0,0.0,0.0,0.0,0.0,0.0,0.0,ok_control_day
7672|2021-11-03|Zigong,7672,2021-11-03,Zigong,2021,low_vis_5km,9653,Ningming,7672.0,2021-12-10,2021.0,same_control_component_hazard_same_year_month_window,0.0,1.0,0.0,0.0,0.0,0.0,0.0,0.0,ok_control_day
7672|2021-11-03|Zigong,7672,2021-11-03,Zigong,2021,low_vis_5km,11127,Zhongxin,7672.0,2021-12-10,2021.0,same_control_component_hazard_same_year_month_window,0.0,1.0,0.0,0.0,0.0,0.0,0.0,0.0,ok_control_day
10936|2021-05-07|Phusro,10936,2021-05-07,Phusro,2021,low_vis_5km,10422,Jagdalpur,,,,missing_control_day_donor,,,0.0,0.261111,,-0.261111,,,missing_placebo_or_control_metric
10936|2021-05-07|Phusro,10936,2021-05-07,Phusro,2021,low_vis_5km,11394,Chakdaha,,,,missing_control_day_donor,,,0.0,0.0,,0.0,,,missing_placebo_or_control_metric
10936|2021-05-07|Phusro,10936,2021-05-07,Phusro,2021,low_vis_5km,11264,Medinipur,,,,missing_control_day_donor,,,0.0,0.283333,,-0.283333,,,missing_placebo_or_control_metric
10936|2021-01-04|Phusro,10936,2021-01-04,Phusro,2021,low_vis_5km,10422,Jagdalpur,10936.0,2022-01-10,2022.0,same_control_component_hazard_cross_year_month_window,1.0,0.0,0.0,0.0,0.0,0.0,0.0,0.0,ok_control_day
10936|2021-01-04|Phusro,10936,2021-01-04,Phusro,2021,low_vis_5km,11394,Chakdaha,,,,missing_control_day_donor,,,0.0,0.0,,0.0,,,missing_placebo_or_control_metric
10936|2021-01-04|Phusro,10936,2021-01-04,Phusro,2021,low_vis_5km,11264,Medinipur,,,,missing_control_day_donor,,,0.0,0.0,,0.0,,,missing_placebo_or_control_metric
3795|2021-05-28|Francisco Beltrão,3795,2021-05-28,Francisco Beltrão,2021,gust_15ms,2872,Foz do Iguaçu,3795.0,2021-06-24,2021.0,same_control_component_hazard_same_year_month_window,0.0,1.0,0.028333,0.399444,2.533889,-0.371111,2.134445,-2.505556,ok_control_day
3795|2021-05-28|Francisco Beltrão,3795,2021-05-28,Francisco Beltrão,2021,gust_15ms,6334,Lençóis Paulista,3795.0,2021-06-24,2021.0,same_control_component_hazard_same_year_month_window,0.0,1.0,0.028333,0.0,0.0,0.028333,0.0,0.028333,ok_control_day
3795|2021-05-28|Francisco Beltrão,3795,2021-05-28,Francisco Beltrão,2021,gust_15ms,6638,São Carlos,3795.0,2021-06-24,2021.0,same_control_component_hazard_same_year_month_window,0.0,1.0,0.028333,0.0,0.0,0.028333,0.0,0.028333,ok_control_day
3795|2021-06-24|Francisco Beltrão,3795,2021-06-24,Francisco Beltrão,2021,gust_15ms,2872,Foz do Iguaçu,3795.0,2021-05-28,2021.0,same_control_component_hazard_same_year_month_window,0.0,1.0,0.0,2.533889,0.399444,-2.533889,-2.134445,-0.399444,ok_control_day
3795|2021-06-24|Francisco Beltrão,3795,2021-06-24,Francisco Beltrão,2021,gust_15ms,6334,Lençóis Paulista,3795.0,2021-05-28,2021.0,same_control_component_hazard_same_year_month_window,0.0,1.0,0.0,0.0,0.0,0.0,0.0,0.0,ok_control_day
3795|2021-06-24|Francisco Beltrão,3795,2021-06-24,Francisco Beltrão,2021,gust_15ms,6638,São Carlos,3795.0,2021-05-28,2021.0,same_control_component_hazard_same_year_month_window,0.0,1.0,0.0,0.0,0.0,0.0,0.0,0.0,ok_control_day
8128|2021-04-11|Palu,8128,2021-04-11,Palu,2021,thunder_or_convective,2463,Tebing Tinggi,8128.0,2021-04-30,2021.0,same_control_component_hazard_same_year_month_window,0.0,0.0,0.0,0.0,2.086667,0.0,2.086667,-2.086667,ok_control_day
8128|2021-04-11|Palu,8128,2021-04-11,Palu,2021,thunder_or_convective,7895,Kecamatan Kopang,8128.0,2021-04-30,2021.0,same_control_component_hazard_same_year_month_window,0.0,0.0,0.0,0.0,0.0,0.0,0.0,0.0,ok_control_day
8128|2021-04-11|Palu,8128,2021-04-11,Palu,2021,thunder_or_convective,7797,Ubud,8128.0,2021-04-30,2021.0,same_control_component_hazard_same_year_month_window,0.0,0.0,0.0,0.0,0.0,0.0,0.0,0.0,ok_control_day
8128|2021-04-30|Palu,8128,2021-04-30,Palu,2021,thunder_or_convective,2463,Tebing Tinggi,8128.0,2021-04-11,2021.0,same_control_component_hazard_same_year_month_window,0.0,0.0,0.0,2.086667,0.0,-2.086667,-2.086667,0.0,ok_control_day
8128|2021-04-30|Palu,8128,2021-04-30,Palu,2021,thunder_or_convective,7895,Kecamatan Kopang,8128.0,2021-04-11,2021.0,same_control_component_hazard_same_year_month_window,0.0,0.0,0.0,0.0,0.0,0.0,0.0,0.0,ok_control_day
8128|2021-04-30|Palu,8128,2021-04-30,Palu,2021,thunder_or_convective,7797,Ubud,8128.0,2021-04-11,2021.0,same_control_component_hazard_same_year_month_window,0.0,0.0,0.0,0.0,0.0,0.0,0.0,0.0,ok_control_day
4263|2021-12-15|Rzeszów,4263,2021-12-15,Rzeszów,2021,low_ceiling_300m,3403,Bełchatów,4263.0,2023-12-14,2023.0,same_control_component_hazard_cross_year_month_window,2.0,0.0,0.0,0.0,0.0,0.0,0.0,0.0,ok_control_day
4263|2021-12-15|Rzeszów,4263,2021-12-15,Rzeszów,2021,low_ceiling_300m,1080,Słupsk,4263.0,2023-12-14,2023.0,same_control_component_hazard_cross_year_month_window,2.0,0.0,0.0,0.0,0.0,0.0,0.0,0.0,ok_control_day
4263|2021-12-15|Rzeszów,4263,2021-12-15,Rzeszów,2021,low_ceiling_300m,4107,Mielec,,,,missing_control_day_donor,,,0.0,0.0,,0.0,,,missing_placebo_or_control_metric
4263|2021-11-17|Rzeszów,4263,2021-11-17,Rzeszów,2021,fog,3403,Bełchatów,4225.0,2020-11-09,2020.0,same_control_component_hazard_cross_year_month_window,1.0,0.0,0.005556,0.0,0.0,0.005556,0.0,0.005556,ok_control_day
4263|2021-11-17|Rzeszów,4263,2021-11-17,Rzeszów,2021,fog,1080,Słupsk,4225.0,2020-11-09,2020.0,same_control_component_hazard_cross_year_month_window,1.0,0.0,0.005556,0.051667,0.0,-0.046111,-0.051667,0.005556,ok_control_day
4263|2021-11-17|Rzeszów,4263,2021-11-17,Rzeszów,2021,fog,4107,Mielec,,,,missing_control_day_donor,,,0.005556,0.0,,0.005556,,,missing_placebo_or_control_metric
3944|2021-01-23|Belgorod,3944,2021-01-23,Belgorod,2021,low_vis_5km,6031,Ulyanovsk,3944.0,2021-02-25,2021.0,same_control_component_hazard_same_year_month_window,0.0,1.0,0.0,0.227778,0.0,-0.227778,-0.227778,0.0,ok_control_day
3944|2021-01-23|Belgorod,3944,2021-01-23,Belgorod,2021,low_vis_5km,7378,Young Leninist,3944.0,2021-02-25,2021.0,same_control_component_hazard_same_year_month_window,0.0,1.0,0.0,0.0,0.0,0.0,0.0,0.0,ok_control_day
3944|2021-01-23|Belgorod,3944,2021-01-23,Belgorod,2021,low_vis_5km,6673,Лобаново,3944.0,2021-02-25,2021.0,same_control_component_hazard_same_year_month_window,0.0,1.0,0.0,0.0,0.0,0.0,0.0,0.0,ok_control_day
3944|2021-02-25|Belgorod,3944,2021-02-25,Belgorod,2021,low_vis_5km,6031,Ulyanovsk,3944.0,2021-01-23,2021.0,same_control_component_hazard_same_year_month_window,0.0,1.0,0.0,0.0,0.227778,0.0,0.227778,-0.227778,ok_control_day
3944|2021-02-25|Belgorod,3944,2021-02-25,Belgorod,2021,low_vis_5km,7378,Young Leninist,3944.0,2021-01-23,2021.0,same_control_component_hazard_same_year_month_window,0.0,1.0,0.0,0.0,0.0,0.0,0.0,0.0,ok_control_day
3944|2021-02-25|Belgorod,3944,2021-02-25,Belgorod,2021,low_vis_5km,6673,Лобаново,3944.0,2021-01-23,2021.0,same_control_component_hazard_same_year_month_window,0.0,1.0,0.0,0.0,0.0,0.0,0.0,0.0,ok_control_day
56|2021-12-29|Brest,56,2021-12-29,Brest,2021,fog,544,Saint-Nazaire,56.0,2022-01-24,2022.0,same_control_component_hazard_cross_year_month_window,1.0,1.0,0.0,0.067778,0.0,-0.067778,-0.067778,0.0,ok_control_day
56|2021-12-29|Brest,56,2021-12-29,Brest,2021,fog,1681,Le Havre,56.0,2022-01-24,2022.0,same_control_component_hazard_cross_year_month_window,1.0,1.0,0.0,0.405,0.0,-0.405,-0.405,0.0,ok_control_day
56|2021-12-29|Brest,56,2021-12-29,Brest,2021,fog,2940,Dunkirk,,,,missing_control_day_donor,,,0.0,0.606111,,-0.606111,,,missing_placebo_or_control_metric
56|2021-12-03|Brest,56,2021-12-03,Brest,2021,low_ceiling_1000m,544,Saint-Nazaire,,,,missing_control_day_donor,,,1.181111,0.491111,,0.69,,,missing_placebo_or_control_metric
56|2021-12-03|Brest,56,2021-12-03,Brest,2021,low_ceiling_1000m,1681,Le Havre,,,,missing_control_day_donor,,,1.181111,0.096667,,1.084444,,,missing_placebo_or_control_metric
56|2021-12-03|Brest,56,2021-12-03,Brest,2021,low_ceiling_1000m,2940,Dunkirk,,,,missing_control_day_donor,,,1.181111,0.0,,1.181111,,,missing_placebo_or_control_metric
6403|2021-01-24|Nizhnekamsk,6403,2021-01-24,Nizhnekamsk,2021,low_ceiling_1000m,6031,Ulyanovsk,6403.0,2020-01-21,2020.0,same_control_component_hazard_cross_year_month_window,1.0,0.0,0.0,0.037778,0.27,-0.037778,0.232222,-0.27,ok_control_day
6403|2021-01-24|Nizhnekamsk,6403,2021-01-24,Nizhnekamsk,2021,low_ceiling_1000m,6242,Dimitrovgrad,6403.0,2020-01-21,2020.0,same_control_component_hazard_cross_year_month_window,1.0,0.0,0.0,0.0,0.028333,0.0,0.028333,-0.028333,ok_control_day
6403|2021-01-24|Nizhnekamsk,6403,2021-01-24,Nizhnekamsk,2021,low_ceiling_1000m,6191,Glazov,,,,missing_control_day_donor,,,0.0,0.0,,0.0,,,missing_placebo_or_control_metric
6403|2021-04-09|Nizhnekamsk,6403,2021-04-09,Nizhnekamsk,2021,low_ceiling_1000m,6031,Ulyanovsk,,,,missing_control_day_donor,,,1.043889,1.311111,,-0.267222,,,missing_placebo_or_control_metric
6403|2021-04-09|Nizhnekamsk,6403,2021-04-09,Nizhnekamsk,2021,low_ceiling_1000m,6242,Dimitrovgrad,,,,missing_control_day_donor,,,1.043889,2.445556,,-1.401667,,,missing_placebo_or_control_metric
6403|2021-04-09|Nizhnekamsk,6403,2021-04-09,Nizhnekamsk,2021,low_ceiling_1000m,6191,Glazov,,,,missing_control_day_donor,,,1.043889,0.0,,1.043889,,,missing_placebo_or_control_metric
8387|2021-08-31|Timika,8387,2021-08-31,Timika,2021,low_ceiling_1000m,2463,Tebing Tinggi,8387.0,2022-08-16,2022.0,same_control_component_hazard_cross_year_month_window,1.0,0.0,13.17,0.212778,0.191667,12.957222,-0.021111,12.978333,ok_control_day
8387|2021-08-31|Timika,8387,2021-08-31,Timika,2021,low_ceiling_1000m,2237,Perbaungan,3783.0,2020-07-24,2020.0,same_control_component_hazard_cross_year_month_window,1.0,1.0,13.17,0.067778,0.0,13.102222,-0.067778,13.17,ok_control_day
8387|2021-08-31|Timika,8387,2021-08-31,Timika,2021,low_ceiling_1000m,7888,Praya,8387.0,2020-07-01,2020.0,same_control_component_hazard_cross_year_month_window,1.0,1.0,13.17,0.0,0.0,13.17,0.0,13.17,ok_control_day
8387|2021-01-09|Timika,8387,2021-01-09,Timika,2021,low_ceiling_1000m,2463,Tebing Tinggi,3783.0,2021-01-12,2021.0,same_control_component_hazard_same_year_month_window,0.0,0.0,1.666111,0.0,0.032778,1.666111,0.032778,1.633333,ok_control_day
8387|2021-01-09|Timika,8387,2021-01-09,Timika,2021,low_ceiling_1000m,2237,Perbaungan,3783.0,2021-01-12,2021.0,same_control_component_hazard_same_year_month_window,0.0,0.0,1.666111,0.001111,0.143333,1.665,0.142222,1.522778,ok_control_day
8387|2021-01-09|Timika,8387,2021-01-09,Timika,2021,low_ceiling_1000m,7888,Praya,8387.0,2024-12-21,2024.0,same_control_component_hazard_cross_year_month_window,3.0,1.0,1.666111,1.871111,0.057222,-0.205,-1.813889,1.608889,ok_control_day
10840|2021-01-29|Rourkela,10840,2021-01-29,Rourkela,2021,low_vis_5km,10132,Thanjavur,10954.0,2021-01-04,2021.0,same_control_component_hazard_same_year_month_window,0.0,0.0,0.0,0.005556,0.0,-0.005556,-0.005556,0.0,ok_control_day
10840|2021-01-29|Rourkela,10840,2021-01-29,Rourkela,2021,low_vis_5km,10006,Vellore,,,,missing_control_day_donor,,,0.0,0.0,,0.0,,,missing_placebo_or_control_metric
10840|2021-01-29|Rourkela,10840,2021-01-29,Rourkela,2021,low_vis_5km,6662,Anand,,,,missing_control_day_donor,,,0.0,0.0,,0.0,,,missing_placebo_or_control_metric
10840|2021-06-12|Rourkela,10840,2021-06-12,Rourkela,2021,low_vis_5km,10132,Thanjavur,10954.0,2021-05-07,2021.0,same_control_component_hazard_same_year_month_window,0.0,1.0,3.944444,0.558889,0.0,3.385555,-0.558889,3.944444,ok_control_day
10840|2021-06-12|Rourkela,10840,2021-06-12,Rourkela,2021,low_vis_5km,10006,Vellore,,,,missing_control_day_donor,,,3.944444,0.008333,,3.936111,,,missing_placebo_or_control_metric
10840|2021-06-12|Rourkela,10840,2021-06-12,Rourkela,2021,low_vis_5km,6662,Anand,,,,missing_control_day_donor,,,3.944444,0.0,,3.944444,,,missing_placebo_or_control_metric
8051|2021-11-28|Jequié,8051,2021-11-28,Jequié,2021,gust_15ms,7488,Caçapava,,,,missing_control_day_donor,,,0.448889,0.0,,0.448889,,,missing_placebo_or_control_metric
8051|2021-11-28|Jequié,8051,2021-11-28,Jequié,2021,gust_15ms,6413,Formosa,,,,missing_control_day_donor,,,0.448889,0.041111,,0.407778,,,missing_placebo_or_control_metric
8051|2021-11-28|Jequié,8051,2021-11-28,Jequié,2021,gust_15ms,6891,Pirassununga,,,,missing_control_day_donor,,,0.448889,0.0,,0.448889,,,missing_placebo_or_control_metric
2617|2021-05-21|Río Cuarto,2617,2021-05-21,Río Cuarto,2021,low_ceiling_1000m,3443,Funes,2617.0,2021-04-09,2021.0,same_control_component_hazard_same_year_month_window,0.0,1.0,0.0,7.133889,24.840556,-7.133889,17.706667,-24.840556,ok_control_day
2617|2021-05-21|Río Cuarto,2617,2021-05-21,Río Cuarto,2021,low_ceiling_1000m,4739,Puerto Iguazú,2617.0,2021-04-09,2021.0,same_control_component_hazard_same_year_month_window,0.0,1.0,0.0,0.0,0.0,0.0,0.0,0.0,ok_control_day
2617|2021-05-21|Río Cuarto,2617,2021-05-21,Río Cuarto,2021,low_ceiling_1000m,928,San Martín,2617.0,2021-04-09,2021.0,same_control_component_hazard_same_year_month_window,0.0,1.0,0.0,0.775,0.0,-0.775,-0.775,0.0,ok_control_day
2617|2021-04-09|Río Cuarto,2617,2021-04-09,Río Cuarto,2021,low_ceiling_1000m,3443,Funes,2617.0,2021-05-21,2021.0,same_control_component_hazard_same_year_month_window,0.0,1.0,2.745,24.840556,7.133889,-22.095556,-17.706667,-4.388889,ok_control_day
2617|2021-04-09|Río Cuarto,2617,2021-04-09,Río Cuarto,2021,low_ceiling_1000m,4739,Puerto Iguazú,2617.0,2021-05-21,2021.0,same_control_component_hazard_same_year_month_window,0.0,1.0,2.745,0.0,0.0,2.745,0.0,2.745,ok_control_day
2617|2021-04-09|Río Cuarto,2617,2021-04-09,Río Cuarto,2021,low_ceiling_1000m,928,San Martín,2617.0,2021-05-21,2021.0,same_control_component_hazard_same_year_month_window,0.0,1.0,2.745,0.0,0.775,2.745,0.775,1.97,ok_control_day
3783|2021-10-20|Pangkalan Kerinci,3783,2021-10-20,Pangkalan Kerinci,2021,low_ceiling_1000m,2463,Tebing Tinggi,8387.0,2023-09-06,2023.0,same_control_component_hazard_cross_year_month_window,2.0,1.0,3.344444,5.576667,0.0,-2.232223,-5.576667,3.344444,ok_control_day
3783|2021-10-20|Pangkalan Kerinci,3783,2021-10-20,Pangkalan Kerinci,2021,low_ceiling_1000m,2237,Perbaungan,3783.0,2020-11-15,2020.0,same_control_component_hazard_cross_year_month_window,1.0,1.0,3.344444,8.568889,0.018333,-5.224445,-8.550556,3.326111,ok_control_day
3783|2021-10-20|Pangkalan Kerinci,3783,2021-10-20,Pangkalan Kerinci,2021,low_ceiling_1000m,7522,Bangkalan,3783.0,2020-11-15,2020.0,same_control_component_hazard_cross_year_month_window,1.0,1.0,3.344444,0.0,0.150556,3.344444,0.150556,3.193888,ok_control_day
3783|2021-01-12|Pangkalan Kerinci,3783,2021-01-12,Pangkalan Kerinci,2021,low_ceiling_1000m,2463,Tebing Tinggi,8387.0,2021-01-09,2021.0,same_control_component_hazard_same_year_month_window,0.0,0.0,2.363333,0.032778,0.0,2.330555,-0.032778,2.363333,ok_control_day
3783|2021-01-12|Pangkalan Kerinci,3783,2021-01-12,Pangkalan Kerinci,2021,low_ceiling_1000m,2237,Perbaungan,8387.0,2021-01-09,2021.0,same_control_component_hazard_same_year_month_window,0.0,0.0,2.363333,0.143333,0.001111,2.22,-0.142222,2.362222,ok_control_day
3783|2021-01-12|Pangkalan Kerinci,3783,2021-01-12,Pangkalan Kerinci,2021,low_ceiling_1000m,7522,Bangkalan,,,,missing_control_day_donor,,,2.363333,0.075556,,2.287777,,,missing_placebo_or_control_metric
4339|2021-12-15|Lublin,4339,2021-12-15,Lublin,2021,low_vis_5km,3403,Bełchatów,4339.0,2022-11-26,2022.0,same_control_component_hazard_cross_year_month_window,1.0,1.0,0.0,0.0,0.0,0.0,0.0,0.0,ok_control_day
4339|2021-12-15|Lublin,4339,2021-12-15,Lublin,2021,low_vis_5km,1080,Słupsk,4339.0,2022-11-26,2022.0,same_control_component_hazard_cross_year_month_window,1.0,1.0,0.0,0.0,0.0,0.0,0.0,0.0,ok_control_day
4339|2021-12-15|Lublin,4339,2021-12-15,Lublin,2021,low_vis_5km,4107,Mielec,4339.0,2023-01-23,2023.0,same_control_component_hazard_cross_year_month_window,2.0,1.0,0.0,0.0,0.0,0.0,0.0,0.0,ok_control_day
4339|2021-11-17|Lublin,4339,2021-11-17,Lublin,2021,fog,3403,Bełchatów,4263.0,2022-11-21,2022.0,same_control_component_hazard_cross_year_month_window,1.0,0.0,0.0,0.0,0.0,0.0,0.0,0.0,ok_control_day
4339|2021-11-17|Lublin,4339,2021-11-17,Lublin,2021,fog,1080,Słupsk,4263.0,2022-11-21,2022.0,same_control_component_hazard_cross_year_month_window,1.0,0.0,0.0,0.051667,0.0,-0.051667,-0.051667,0.0,ok_control_day
4339|2021-11-17|Lublin,4339,2021-11-17,Lublin,2021,fog,4107,Mielec,,,,missing_control_day_donor,,,0.0,0.0,,0.0,,,missing_placebo_or_control_metric
2044|2021-12-06|Vinnytsia,2044,2021-12-06,Vinnytsia,2021,low_vis_1km,2506,Pervomaisk,,,,missing_control_day_donor,,,0.0,0.075,,-0.075,,,missing_placebo_or_control_metric
2044|2021-12-06|Vinnytsia,2044,2021-12-06,Vinnytsia,2021,low_vis_1km,4030,Lozova,,,,missing_control_day_donor,,,0.0,0.0,,0.0,,,missing_placebo_or_control_metric
2044|2021-12-06|Vinnytsia,2044,2021-12-06,Vinnytsia,2021,low_vis_1km,1089,Kovel,,,,missing_control_day_donor,,,0.0,0.334444,,-0.334444,,,missing_placebo_or_control_metric
2044|2021-12-09|Vinnytsia,2044,2021-12-09,Vinnytsia,2021,low_ceiling_300m,2506,Pervomaisk,2044.0,2020-11-18,2020.0,same_control_component_hazard_cross_year_month_window,1.0,1.0,0.0,0.0,0.0,0.0,0.0,0.0,ok_control_day
2044|2021-12-09|Vinnytsia,2044,2021-12-09,Vinnytsia,2021,low_ceiling_300m,4030,Lozova,2044.0,2020-11-18,2020.0,same_control_component_hazard_cross_year_month_window,1.0,1.0,0.0,0.0,0.0,0.0,0.0,0.0,ok_control_day
2044|2021-12-09|Vinnytsia,2044,2021-12-09,Vinnytsia,2021,low_ceiling_300m,1089,Kovel,2044.0,2020-11-18,2020.0,same_control_component_hazard_cross_year_month_window,1.0,1.0,0.0,0.0,0.144444,0.0,0.144444,-0.144444,ok_control_day
4166|2021-05-06|Aungpan,4166,2021-05-06,Aungpan,2021,thunder_or_convective,5151,Hlegu,4166.0,2020-05-11,2020.0,same_control_component_hazard_cross_year_month_window,1.0,0.0,17.134444,0.013333,0.015,17.121111,0.001667,17.119444,ok_control_day
4166|2021-05-06|Aungpan,4166,2021-05-06,Aungpan,2021,thunder_or_convective,1448,Chauk,4166.0,2020-05-11,2020.0,same_control_component_hazard_cross_year_month_window,1.0,0.0,17.134444,0.0,0.0,17.134444,0.0,17.134444,ok_control_day
4166|2021-05-06|Aungpan,4166,2021-05-06,Aungpan,2021,thunder_or_convective,2852,Kyaukse,4166.0,2022-04-18,2022.0,same_control_component_hazard_cross_year_month_window,1.0,1.0,17.134444,0.132222,0.0,17.002222,-0.132222,17.134444,ok_control_day
4166|2021-12-22|Aungpan,4166,2021-12-22,Aungpan,2021,thunder_or_convective,5151,Hlegu,,,,missing_control_day_donor,,,0.0,0.0,,0.0,,,missing_placebo_or_control_metric
4166|2021-12-22|Aungpan,4166,2021-12-22,Aungpan,2021,thunder_or_convective,1448,Chauk,,,,missing_control_day_donor,,,0.0,0.0,,0.0,,,missing_placebo_or_control_metric
4166|2021-12-22|Aungpan,4166,2021-12-22,Aungpan,2021,thunder_or_convective,2852,Kyaukse,,,,missing_control_day_donor,,,0.0,0.107778,,-0.107778,,,missing_placebo_or_control_metric
6968|2021-07-27|Chakwal,6968,2021-07-27,Chakwal,2021,low_vis_5km,4866,Kohat,6968.0,2021-08-14,2021.0,same_control_component_hazard_same_year_month_window,0.0,1.0,0.0,0.005556,0.0,-0.005556,-0.005556,0.0,ok_control_day
6968|2021-07-27|Chakwal,6968,2021-07-27,Chakwal,2021,low_vis_5km,5564,Nowshera,6968.0,2021-08-14,2021.0,same_control_component_hazard_same_year_month_window,0.0,1.0,0.0,0.061667,0.0,-0.061667,-0.061667,0.0,ok_control_day
6968|2021-07-27|Chakwal,6968,2021-07-27,Chakwal,2021,low_vis_5km,4931,Ameer Abad Kalay,6968.0,2021-08-14,2021.0,same_control_component_hazard_same_year_month_window,0.0,1.0,0.0,0.0,0.0,0.0,0.0,0.0,ok_control_day
6968|2021-08-14|Chakwal,6968,2021-08-14,Chakwal,2021,low_vis_5km,4866,Kohat,6968.0,2021-07-27,2021.0,same_control_component_hazard_same_year_month_window,0.0,1.0,0.0,0.0,0.005556,0.0,0.005556,-0.005556,ok_control_day
6968|2021-08-14|Chakwal,6968,2021-08-14,Chakwal,2021,low_vis_5km,5564,Nowshera,6968.0,2021-07-27,2021.0,same_control_component_hazard_same_year_month_window,0.0,1.0,0.0,0.0,0.061667,0.0,0.061667,-0.061667,ok_control_day
6968|2021-08-14|Chakwal,6968,2021-08-14,Chakwal,2021,low_vis_5km,4931,Ameer Abad Kalay,6968.0,2021-07-27,2021.0,same_control_component_hazard_same_year_month_window,0.0,1.0,0.0,0.0,0.0,0.0,0.0,0.0,ok_control_day
357|2021-12-02|Ensenada,357,2021-12-02,Ensenada,2021,fog,5,Rosarito,357.0,2021-11-04,2021.0,same_control_component_hazard_same_year_month_window,0.0,1.0,0.0,0.0,0.0,0.0,0.0,0.0,ok_control_day
357|2021-12-02|Ensenada,357,2021-12-02,Ensenada,2021,fog,913,Tecate,357.0,2021-11-04,2021.0,same_control_component_hazard_same_year_month_window,0.0,1.0,0.0,0.0,0.0,0.0,0.0,0.0,ok_control_day
357|2021-12-02|Ensenada,357,2021-12-02,Ensenada,2021,fog,6251,Cadereyta Jiménez,357.0,2021-11-04,2021.0,same_control_component_hazard_same_year_month_window,0.0,1.0,0.0,0.0,0.0,0.0,0.0,0.0,ok_control_day
357|2021-11-04|Ensenada,357,2021-11-04,Ensenada,2021,fog,5,Rosarito,357.0,2021-12-02,2021.0,same_control_component_hazard_same_year_month_window,0.0,1.0,0.0,0.0,0.0,0.0,0.0,0.0,ok_control_day
357|2021-11-04|Ensenada,357,2021-11-04,Ensenada,2021,fog,913,Tecate,357.0,2021-12-02,2021.0,same_control_component_hazard_same_year_month_window,0.0,1.0,0.0,0.0,0.0,0.0,0.0,0.0,ok_control_day
357|2021-11-04|Ensenada,357,2021-11-04,Ensenada,2021,fog,6251,Cadereyta Jiménez,357.0,2021-12-02,2021.0,same_control_component_hazard_same_year_month_window,0.0,1.0,0.0,0.0,0.0,0.0,0.0,0.0,ok_control_day
2661|2021-02-21|Mogok,2661,2021-02-21,Mogok,2021,low_ceiling_1000m,2852,Kyaukse,,,,missing_control_day_donor,,,0.0,0.0,,0.0,,,missing_placebo_or_control_metric
2661|2021-02-21|Mogok,2661,2021-02-21,Mogok,2021,low_ceiling_1000m,1448,Chauk,,,,missing_control_day_donor,,,0.0,0.0,,0.0,,,missing_placebo_or_control_metric
2661|2021-02-21|Mogok,2661,2021-02-21,Mogok,2021,low_ceiling_1000m,4903,Myaungtagar,,,,missing_control_day_donor,,,0.0,0.0,,0.0,,,missing_placebo_or_control_metric
2661|2021-06-02|Mogok,2661,2021-06-02,Mogok,2021,low_vis_5km,2852,Kyaukse,2661.0,2020-05-31,2020.0,same_control_component_hazard_cross_year_month_window,1.0,1.0,0.104444,0.070556,0.0,0.033888,-0.070556,0.104444,ok_control_day
2661|2021-06-02|Mogok,2661,2021-06-02,Mogok,2021,low_vis_5km,1448,Chauk,,,,missing_control_day_donor,,,0.104444,0.0,,0.104444,,,missing_placebo_or_control_metric
2661|2021-06-02|Mogok,2661,2021-06-02,Mogok,2021,low_vis_5km,4903,Myaungtagar,2661.0,2020-05-31,2020.0,same_control_component_hazard_cross_year_month_window,1.0,1.0,0.104444,0.0,0.637778,0.104444,0.637778,-0.533334,ok_control_day
7176|2021-10-09|Khewra,7176,2021-10-09,Khewra,2021,low_vis_5km,5467,Amangarh,7176.0,2021-10-03,2021.0,same_control_component_hazard_same_year_month_window,0.0,0.0,0.0,0.0,0.0,0.0,0.0,0.0,ok_control_day
7176|2021-10-09|Khewra,7176,2021-10-09,Khewra,2021,low_vis_5km,6279,Attock,7176.0,2021-10-03,2021.0,same_control_component_hazard_same_year_month_window,0.0,0.0,0.0,0.0,0.0,0.0,0.0,0.0,ok_control_day
7176|2021-10-09|Khewra,7176,2021-10-09,Khewra,2021,low_vis_5km,7997,Chawinda,7176.0,2021-10-03,2021.0,same_control_component_hazard_same_year_month_window,0.0,0.0,0.0,0.0,0.0,0.0,0.0,0.0,ok_control_day
7176|2021-10-03|Khewra,7176,2021-10-03,Khewra,2021,low_vis_5km,5467,Amangarh,7176.0,2021-10-09,2021.0,same_control_component_hazard_same_year_month_window,0.0,0.0,1.413333,0.0,0.0,1.413333,0.0,1.413333,ok_control_day
7176|2021-10-03|Khewra,7176,2021-10-03,Khewra,2021,low_vis_5km,6279,Attock,7176.0,2021-10-09,2021.0,same_control_component_hazard_same_year_month_window,0.0,0.0,1.413333,0.0,0.0,1.413333,0.0,1.413333,ok_control_day
7176|2021-10-03|Khewra,7176,2021-10-03,Khewra,2021,low_vis_5km,7997,Chawinda,7176.0,2021-10-09,2021.0,same_control_component_hazard_same_year_month_window,0.0,0.0,1.413333,0.0,0.0,1.413333,0.0,1.413333,ok_control_day
6511|2021-12-27|Kot Addu,6511,2021-12-27,Kot Addu,2021,low_vis_5km,6228,Layyah,6511.0,2021-12-19,2021.0,same_control_component_hazard_same_year_month_window,0.0,0.0,0.0,0.0,0.0,0.0,0.0,0.0,ok_control_day
6511|2021-12-27|Kot Addu,6511,2021-12-27,Kot Addu,2021,low_vis_5km,6841,Joharabad,6511.0,2021-12-19,2021.0,same_control_component_hazard_same_year_month_window,0.0,0.0,0.0,0.0,0.0,0.0,0.0,0.0,ok_control_day
6511|2021-12-27|Kot Addu,6511,2021-12-27,Kot Addu,2021,low_vis_5km,7085,Sargodha,6511.0,2021-12-19,2021.0,same_control_component_hazard_same_year_month_window,0.0,0.0,0.0,0.0,0.0,0.0,0.0,0.0,ok_control_day
6511|2021-12-19|Kot Addu,6511,2021-12-19,Kot Addu,2021,low_vis_5km,6228,Layyah,6511.0,2021-12-27,2021.0,same_control_component_hazard_same_year_month_window,0.0,0.0,0.0,0.0,0.0,0.0,0.0,0.0,ok_control_day
6511|2021-12-19|Kot Addu,6511,2021-12-19,Kot Addu,2021,low_vis_5km,6841,Joharabad,6511.0,2021-12-27,2021.0,same_control_component_hazard_same_year_month_window,0.0,0.0,0.0,0.0,0.0,0.0,0.0,0.0,ok_control_day
6511|2021-12-19|Kot Addu,6511,2021-12-19,Kot Addu,2021,low_vis_5km,7085,Sargodha,6511.0,2021-12-27,2021.0,same_control_component_hazard_same_year_month_window,0.0,0.0,0.0,0.0,0.0,0.0,0.0,0.0,ok_control_day
4225|2021-12-15|Stalowa Wola,4225,2021-12-15,Stalowa Wola,2021,low_ceiling_300m,3403,Bełchatów,4263.0,2023-12-14,2023.0,same_control_component_hazard_cross_year_month_window,2.0,0.0,0.0,0.0,0.0,0.0,0.0,0.0,ok_control_day
4225|2021-12-15|Stalowa Wola,4225,2021-12-15,Stalowa Wola,2021,low_ceiling_300m,3349,Płock,4225.0,2023-12-14,2023.0,same_control_component_hazard_cross_year_month_window,2.0,0.0,0.0,0.0,0.0,0.0,0.0,0.0,ok_control_day
4225|2021-12-15|Stalowa Wola,4225,2021-12-15,Stalowa Wola,2021,low_ceiling_300m,1080,Słupsk,4263.0,2023-12-14,2023.0,same_control_component_hazard_cross_year_month_window,2.0,0.0,0.0,0.0,0.0,0.0,0.0,0.0,ok_control_day
4225|2021-11-17|Stalowa Wola,4225,2021-11-17,Stalowa Wola,2021,fog,3403,Bełchatów,4263.0,2022-11-21,2022.0,same_control_component_hazard_cross_year_month_window,1.0,0.0,0.0,0.0,0.0,0.0,0.0,0.0,ok_control_day
4225|2021-11-17|Stalowa Wola,4225,2021-11-17,Stalowa Wola,2021,fog,3349,Płock,4225.0,2022-11-21,2022.0,same_control_component_hazard_cross_year_month_window,1.0,0.0,0.0,0.0,0.0,0.0,0.0,0.0,ok_control_day
4225|2021-11-17|Stalowa Wola,4225,2021-11-17,Stalowa Wola,2021,fog,1080,Słupsk,4263.0,2022-11-21,2022.0,same_control_component_hazard_cross_year_month_window,1.0,0.0,0.0,0.051667,0.0,-0.051667,-0.051667,0.0,ok_control_day
1707|2021-08-29|Mutare,1707,2021-08-29,Mutare,2021,low_vis_5km,1098,Chinhoyi,1707.0,2023-08-27,2023.0,same_control_component_hazard_cross_year_month_window,2.0,0.0,0.0,0.0,0.0,0.0,0.0,0.0,ok_control_day
1707|2021-08-29|Mutare,1707,2021-08-29,Mutare,2021,low_vis_5km,862,Kadoma,1707.0,2023-08-27,2023.0,same_control_component_hazard_cross_year_month_window,2.0,0.0,0.0,0.0,0.0,0.0,0.0,0.0,ok_control_day
1707|2021-08-29|Mutare,1707,2021-08-29,Mutare,2021,low_vis_5km,1316,Norton,,,,missing_control_day_donor,,,0.0,0.0,,0.0,,,missing_placebo_or_control_metric
1707|2021-02-06|Mutare,1707,2021-02-06,Mutare,2021,fog,1098,Chinhoyi,,,,missing_control_day_donor,,,0.0,0.079444,,-0.079444,,,missing_placebo_or_control_metric
1707|2021-02-06|Mutare,1707,2021-02-06,Mutare,2021,fog,862,Kadoma,,,,missing_control_day_donor,,,0.0,0.0,,0.0,,,missing_placebo_or_control_metric
1707|2021-02-06|Mutare,1707,2021-02-06,Mutare,2021,fog,1316,Norton,,,,missing_control_day_donor,,,0.0,0.0,,0.0,,,missing_placebo_or_control_metric
6297|2021-01-18|Kishoreganj,6297,2021-01-18,Kishoreganj,2021,low_vis_5km,6361,Kapashia,6297.0,2020-12-08,2020.0,same_control_component_hazard_cross_year_month_window,1.0,1.0,0.0,0.0,0.0,0.0,0.0,0.0,ok_control_day
6297|2021-01-18|Kishoreganj,6297,2021-01-18,Kishoreganj,2021,low_vis_5km,6345,Sreenagar,,,,missing_control_day_donor,,,0.0,0.0,,0.0,,,missing_placebo_or_control_metric
6297|2021-01-18|Kishoreganj,6297,2021-01-18,Kishoreganj,2021,low_vis_5km,4164,Gabtali,6297.0,2020-12-08,2020.0,same_control_component_hazard_cross_year_month_window,1.0,1.0,0.0,0.0,0.0,0.0,0.0,0.0,ok_control_day
6297|2021-01-24|Kishoreganj,6297,2021-01-24,Kishoreganj,2021,fog,6361,Kapashia,6297.0,2020-12-09,2020.0,same_control_component_hazard_cross_year_month_window,1.0,1.0,0.0,0.0,0.0,0.0,0.0,0.0,ok_control_day
6297|2021-01-24|Kishoreganj,6297,2021-01-24,Kishoreganj,2021,fog,6345,Sreenagar,,,,missing_control_day_donor,,,0.0,0.0,,0.0,,,missing_placebo_or_control_metric
6297|2021-01-24|Kishoreganj,6297,2021-01-24,Kishoreganj,2021,fog,4164,Gabtali,6297.0,2020-12-09,2020.0,same_control_component_hazard_cross_year_month_window,1.0,1.0,0.0,0.0,0.0,0.0,0.0,0.0,ok_control_day
2154|2021-10-05|Sammanturai,2154,2021-10-05,Sammanturai,2021,fog,768,Bandaragama,2154.0,2021-10-29,2021.0,same_control_component_hazard_same_year_month_window,0.0,0.0,0.101667,3.827778,2.892222,-3.726111,-0.935556,-2.790555,ok_control_day
2154|2021-10-05|Sammanturai,2154,2021-10-05,Sammanturai,2021,fog,335,Puttalam,2154.0,2021-10-29,2021.0,same_control_component_hazard_same_year_month_window,0.0,0.0,0.101667,4.87,14.097778,-4.768333,9.227778,-13.996111,ok_control_day
2154|2021-10-05|Sammanturai,2154,2021-10-05,Sammanturai,2021,fog,1132,Anuradhapura,2154.0,2021-10-29,2021.0,same_control_component_hazard_same_year_month_window,0.0,0.0,0.101667,9.297778,2.448333,-9.196111,-6.849445,-2.346666,ok_control_day
2154|2021-10-29|Sammanturai,2154,2021-10-29,Sammanturai,2021,fog,768,Bandaragama,2154.0,2021-10-05,2021.0,same_control_component_hazard_same_year_month_window,0.0,0.0,0.420556,2.892222,3.827778,-2.471666,0.935556,-3.407222,ok_control_day
2154|2021-10-29|Sammanturai,2154,2021-10-29,Sammanturai,2021,fog,335,Puttalam,2154.0,2021-10-05,2021.0,same_control_component_hazard_same_year_month_window,0.0,0.0,0.420556,14.097778,4.87,-13.677222,-9.227778,-4.449444,ok_control_day
2154|2021-10-29|Sammanturai,2154,2021-10-29,Sammanturai,2021,fog,1132,Anuradhapura,2154.0,2021-10-05,2021.0,same_control_component_hazard_same_year_month_window,0.0,0.0,0.420556,2.448333,9.297778,-2.027777,6.849445,-8.877222,ok_control_day
2835|2021-01-16|Manbij,2835,2021-01-16,Manbij,2021,low_ceiling_1000m,2644,Salamiyah,2835.0,2021-12-19,2021.0,same_control_component_hazard_same_year_month_window,0.0,1.0,0.0,0.0,0.0,0.0,0.0,0.0,ok_control_day
2835|2021-01-16|Manbij,2835,2021-01-16,Manbij,2021,low_ceiling_1000m,1524,Jdaydet Artooz,2835.0,2021-12-19,2021.0,same_control_component_hazard_same_year_month_window,0.0,1.0,0.0,0.0,0.0,0.0,0.0,0.0,ok_control_day
2835|2021-01-16|Manbij,2835,2021-01-16,Manbij,2021,low_ceiling_1000m,2368,Al-Rastan,2835.0,2021-12-19,2021.0,same_control_component_hazard_same_year_month_window,0.0,1.0,0.0,0.0,0.0,0.0,0.0,0.0,ok_control_day
2835|2021-12-19|Manbij,2835,2021-12-19,Manbij,2021,low_ceiling_1000m,2644,Salamiyah,2835.0,2021-01-16,2021.0,same_control_component_hazard_same_year_month_window,0.0,1.0,0.0,0.0,0.0,0.0,0.0,0.0,ok_control_day
2835|2021-12-19|Manbij,2835,2021-12-19,Manbij,2021,low_ceiling_1000m,1524,Jdaydet Artooz,2835.0,2021-01-16,2021.0,same_control_component_hazard_same_year_month_window,0.0,1.0,0.0,0.0,0.0,0.0,0.0,0.0,ok_control_day
2835|2021-12-19|Manbij,2835,2021-12-19,Manbij,2021,low_ceiling_1000m,2368,Al-Rastan,2835.0,2021-01-16,2021.0,same_control_component_hazard_same_year_month_window,0.0,1.0,0.0,0.0,0.0,0.0,0.0,0.0,ok_control_day
2903|2021-04-24|Sanandaj,2903,2021-04-24,Sanandaj,2021,low_vis_5km,3470,Bandar-e Anzali,,,,missing_control_day_donor,,,0.0,0.0,,0.0,,,missing_placebo_or_control_metric
2903|2021-04-24|Sanandaj,2903,2021-04-24,Sanandaj,2021,low_vis_5km,5515,Shahr-e Kord,,,,missing_control_day_donor,,,0.0,0.0,,0.0,,,missing_placebo_or_control_metric
2903|2021-04-24|Sanandaj,2903,2021-04-24,Sanandaj,2021,low_vis_5km,2219,Saqqez,,,,missing_control_day_donor,,,0.0,0.0,,0.0,,,missing_placebo_or_control_metric
6864|2021-11-15|Ogwashi-Uku,6864,2021-11-15,Ogwashi-Uku,2021,low_ceiling_1000m,7233,Yangoji,7989.0,2024-10-13,2024.0,same_control_component_hazard_cross_year_month_window,3.0,1.0,0.0,0.0,0.063889,0.0,0.063889,-0.063889,ok_control_day
6864|2021-11-15|Ogwashi-Uku,6864,2021-11-15,Ogwashi-Uku,2021,low_ceiling_1000m,7333,Maji,,,,missing_control_day_donor,,,0.0,0.0,,0.0,,,missing_placebo_or_control_metric
6864|2021-11-15|Ogwashi-Uku,6864,2021-11-15,Ogwashi-Uku,2021,low_ceiling_1000m,7597,Egwuachi,,,,missing_control_day_donor,,,0.0,0.0,,0.0,,,missing_placebo_or_control_metric
6864|2021-09-25|Ogwashi-Uku,6864,2021-09-25,Ogwashi-Uku,2021,low_ceiling_300m,7233,Yangoji,5973.0,2022-08-13,2022.0,same_control_component_hazard_cross_year_month_window,1.0,1.0,2.495556,0.113333,0.008333,2.382223,-0.105,2.487223,ok_control_day
6864|2021-09-25|Ogwashi-Uku,6864,2021-09-25,Ogwashi-Uku,2021,low_ceiling_300m,7333,Maji,5973.0,2022-08-13,2022.0,same_control_component_hazard_cross_year_month_window,1.0,1.0,2.495556,0.071111,0.0,2.424445,-0.071111,2.495556,ok_control_day
6864|2021-09-25|Ogwashi-Uku,6864,2021-09-25,Ogwashi-Uku,2021,low_ceiling_300m,7597,Egwuachi,,,,missing_control_day_donor,,,2.495556,5.328889,,-2.833333,,,missing_placebo_or_control_metric
2233|2021-10-05|Kalmunai,2233,2021-10-05,Kalmunai,2021,fog,768,Bandaragama,2233.0,2021-10-29,2021.0,same_control_component_hazard_same_year_month_window,0.0,0.0,0.255556,3.827778,2.892222,-3.572222,-0.935556,-2.636666,ok_control_day
2233|2021-10-05|Kalmunai,2233,2021-10-05,Kalmunai,2021,fog,335,Puttalam,2233.0,2021-10-29,2021.0,same_control_component_hazard_same_year_month_window,0.0,0.0,0.255556,4.87,14.097778,-4.614444,9.227778,-13.842222,ok_control_day
2233|2021-10-05|Kalmunai,2233,2021-10-05,Kalmunai,2021,fog,1132,Anuradhapura,2233.0,2021-10-29,2021.0,same_control_component_hazard_same_year_month_window,0.0,0.0,0.255556,9.297778,2.448333,-9.042222,-6.849445,-2.192777,ok_control_day
2233|2021-10-29|Kalmunai,2233,2021-10-29,Kalmunai,2021,fog,768,Bandaragama,2233.0,2021-10-05,2021.0,same_control_component_hazard_same_year_month_window,0.0,0.0,0.195,2.892222,3.827778,-2.697222,0.935556,-3.632778,ok_control_day
2233|2021-10-29|Kalmunai,2233,2021-10-29,Kalmunai,2021,fog,335,Puttalam,2233.0,2021-10-05,2021.0,same_control_component_hazard_same_year_month_window,0.0,0.0,0.195,14.097778,4.87,-13.902778,-9.227778,-4.675,ok_control_day
2233|2021-10-29|Kalmunai,2233,2021-10-29,Kalmunai,2021,fog,1132,Anuradhapura,2233.0,2021-10-05,2021.0,same_control_component_hazard_same_year_month_window,0.0,0.0,0.195,2.448333,9.297778,-2.253333,6.849445,-9.102778,ok_control_day
4942|2022-12-26|Celaya,4942,2022-12-26,Celaya,2022,low_ceiling_1000m,6696,Matamoros,4942.0,2023-12-08,2023.0,same_control_component_hazard_cross_year_month_window,1.0,0.0,0.0,0.0,0.0,0.0,0.0,0.0,ok_control_day
4942|2022-12-26|Celaya,4942,2022-12-26,Celaya,2022,low_ceiling_1000m,4288,San Francisco del Rincón,4942.0,2023-12-08,2023.0,same_control_component_hazard_cross_year_month_window,1.0,0.0,0.0,0.0,0.0,0.0,0.0,0.0,ok_control_day
4942|2022-12-26|Celaya,4942,2022-12-26,Celaya,2022,low_ceiling_1000m,4134,Chihuahua,4942.0,2020-01-21,2020.0,same_control_component_hazard_cross_year_month_window,2.0,1.0,0.0,0.0,0.051111,0.0,0.051111,-0.051111,ok_control_day
4942|2022-08-22|Celaya,4942,2022-08-22,Celaya,2022,low_ceiling_1000m,6696,Matamoros,4942.0,2021-09-02,2021.0,same_control_component_hazard_cross_year_month_window,1.0,1.0,0.0,0.0,0.0,0.0,0.0,0.0,ok_control_day
4942|2022-08-22|Celaya,4942,2022-08-22,Celaya,2022,low_ceiling_1000m,4288,San Francisco del Rincón,4942.0,2021-09-02,2021.0,same_control_component_hazard_cross_year_month_window,1.0,1.0,0.0,0.0,0.26,0.0,0.26,-0.26,ok_control_day
4942|2022-08-22|Celaya,4942,2022-08-22,Celaya,2022,low_ceiling_1000m,4134,Chihuahua,4942.0,2021-09-02,2021.0,same_control_component_hazard_cross_year_month_window,1.0,1.0,0.0,0.598333,0.086111,-0.598333,-0.512222,-0.086111,ok_control_day
4379|2022-03-19|Karadeniz Ereğli,4379,2022-03-19,Karadeniz Ereğli,2022,low_ceiling_1000m,3459,Yalova,4379.0,2021-04-08,2021.0,same_control_component_hazard_cross_year_month_window,1.0,1.0,0.0,0.0,0.070556,0.0,0.070556,-0.070556,ok_control_day
4379|2022-03-19|Karadeniz Ereğli,4379,2022-03-19,Karadeniz Ereğli,2022,low_ceiling_1000m,858,Tekirdağ,4379.0,2021-04-08,2021.0,same_control_component_hazard_cross_year_month_window,1.0,1.0,0.0,0.0,0.050556,0.0,0.050556,-0.050556,ok_control_day
4379|2022-03-19|Karadeniz Ereğli,4379,2022-03-19,Karadeniz Ereğli,2022,low_ceiling_1000m,4341,Düzce,4379.0,2021-04-08,2021.0,same_control_component_hazard_cross_year_month_window,1.0,1.0,0.0,0.929444,0.4,-0.929444,-0.529444,-0.4,ok_control_day
4379|2022-06-27|Karadeniz Ereğli,4379,2022-06-27,Karadeniz Ereğli,2022,thunder_or_convective,3459,Yalova,4379.0,2023-07-09,2023.0,same_control_component_hazard_cross_year_month_window,1.0,1.0,7.12,0.0,0.982778,7.12,0.982778,6.137222,ok_control_day
4379|2022-06-27|Karadeniz Ereğli,4379,2022-06-27,Karadeniz Ereğli,2022,thunder_or_convective,858,Tekirdağ,4379.0,2023-07-09,2023.0,same_control_component_hazard_cross_year_month_window,1.0,1.0,7.12,0.051111,0.0,7.068889,-0.051111,7.12,ok_control_day
4379|2022-06-27|Karadeniz Ereğli,4379,2022-06-27,Karadeniz Ereğli,2022,thunder_or_convective,4341,Düzce,,,,missing_control_day_donor,,,7.12,3.846667,,3.273333,,,missing_placebo_or_control_metric
175|2022-09-14|Điện Biên Phủ,175,2022-09-14,Điện Biên Phủ,2022,fog,1739,Phúc Yên,,,,missing_control_day_donor,,,0.0,0.0,,0.0,,,missing_placebo_or_control_metric
175|2022-09-14|Điện Biên Phủ,175,2022-09-14,Điện Biên Phủ,2022,fog,5031,Trang Bang,,,,missing_control_day_donor,,,0.0,0.151667,,-0.151667,,,missing_placebo_or_control_metric
175|2022-09-14|Điện Biên Phủ,175,2022-09-14,Điện Biên Phủ,2022,fog,3097,Lạng Sơn,,,,missing_control_day_donor,,,0.0,0.0,,0.0,,,missing_placebo_or_control_metric
175|2022-05-20|Điện Biên Phủ,175,2022-05-20,Điện Biên Phủ,2022,thunder_or_convective,1739,Phúc Yên,175.0,2021-05-01,2021.0,same_control_component_hazard_cross_year_month_window,1.0,0.0,2.977222,0.0,0.124444,2.977222,0.124444,2.852778,ok_control_day
175|2022-05-20|Điện Biên Phủ,175,2022-05-20,Điện Biên Phủ,2022,thunder_or_convective,5031,Trang Bang,175.0,2021-05-01,2021.0,same_control_component_hazard_cross_year_month_window,1.0,0.0,2.977222,0.196111,0.0,2.781111,-0.196111,2.977222,ok_control_day
175|2022-05-20|Điện Biên Phủ,175,2022-05-20,Điện Biên Phủ,2022,thunder_or_convective,3097,Lạng Sơn,,,,missing_control_day_donor,,,2.977222,0.0,,2.977222,,,missing_placebo_or_control_metric
10954|2022-01-10|Giridih,10954,2022-01-10,Giridih,2022,low_vis_5km,10132,Thanjavur,10954.0,2022-01-11,2022.0,same_control_component_hazard_same_year_month_window,0.0,0.0,0.0,0.0,0.0,0.0,0.0,0.0,ok_control_day
10954|2022-01-10|Giridih,10954,2022-01-10,Giridih,2022,low_vis_5km,10080,Siltara,10954.0,2022-01-11,2022.0,same_control_component_hazard_same_year_month_window,0.0,0.0,0.0,0.033333,0.0,-0.033333,-0.033333,0.0,ok_control_day
10954|2022-01-10|Giridih,10954,2022-01-10,Giridih,2022,low_vis_5km,11432,Chandpara,10954.0,2022-01-11,2022.0,same_control_component_hazard_same_year_month_window,0.0,0.0,0.0,0.0,0.016111,0.0,0.016111,-0.016111,ok_control_day
10954|2022-01-11|Giridih,10954,2022-01-11,Giridih,2022,low_vis_5km,10132,Thanjavur,10954.0,2022-01-10,2022.0,same_control_component_hazard_same_year_month_window,0.0,0.0,3.687222,0.0,0.0,3.687222,0.0,3.687222,ok_control_day
10954|2022-01-11|Giridih,10954,2022-01-11,Giridih,2022,low_vis_5km,10080,Siltara,10954.0,2022-01-10,2022.0,same_control_component_hazard_same_year_month_window,0.0,0.0,3.687222,0.0,0.033333,3.687222,0.033333,3.653889,ok_control_day
10954|2022-01-11|Giridih,10954,2022-01-11,Giridih,2022,low_vis_5km,11432,Chandpara,10954.0,2022-01-10,2022.0,same_control_component_hazard_same_year_month_window,0.0,0.0,3.687222,0.016111,0.0,3.671111,-0.016111,3.687222,ok_control_day
46|2022-07-27|Kamsar,46,2022-07-27,Kamsar,2022,low_ceiling_1000m,2181,Siguiri,46.0,2022-08-17,2022.0,same_control_component_hazard_same_year_month_window,0.0,1.0,1.436111,0.922222,0.0,0.513889,-0.922222,1.436111,ok_control_day
46|2022-07-27|Kamsar,46,2022-07-27,Kamsar,2022,low_ceiling_1000m,1852,Boukaria,46.0,2022-08-17,2022.0,same_control_component_hazard_same_year_month_window,0.0,1.0,1.436111,0.426111,0.0,1.01,-0.426111,1.436111,ok_control_day
46|2022-07-27|Kamsar,46,2022-07-27,Kamsar,2022,low_ceiling_1000m,2101,Balato,46.0,2022-08-17,2022.0,same_control_component_hazard_same_year_month_window,0.0,1.0,1.436111,0.426111,0.0,1.01,-0.426111,1.436111,ok_control_day
46|2022-08-17|Kamsar,46,2022-08-17,Kamsar,2022,low_ceiling_1000m,2181,Siguiri,46.0,2022-07-27,2022.0,same_control_component_hazard_same_year_month_window,0.0,1.0,0.548889,0.0,0.922222,0.548889,0.922222,-0.373333,ok_control_day
46|2022-08-17|Kamsar,46,2022-08-17,Kamsar,2022,low_ceiling_1000m,1852,Boukaria,46.0,2022-07-27,2022.0,same_control_component_hazard_same_year_month_window,0.0,1.0,0.548889,0.0,0.426111,0.548889,0.426111,0.122778,ok_control_day
46|2022-08-17|Kamsar,46,2022-08-17,Kamsar,2022,low_ceiling_1000m,2101,Balato,46.0,2022-07-27,2022.0,same_control_component_hazard_same_year_month_window,0.0,1.0,0.548889,0.0,0.426111,0.548889,0.426111,0.122778,ok_control_day
7672|2022-01-08|Zigong,7672,2022-01-08,Zigong,2022,fog,10851,Yangjiang,7672.0,2022-01-07,2022.0,same_control_component_hazard_same_year_month_window,0.0,0.0,0.036667,0.0,0.0,0.036667,0.0,0.036667,ok_control_day
7672|2022-01-08|Zigong,7672,2022-01-08,Zigong,2022,fog,9653,Ningming,7672.0,2022-01-07,2022.0,same_control_component_hazard_same_year_month_window,0.0,0.0,0.036667,0.0,0.0,0.036667,0.0,0.036667,ok_control_day
7672|2022-01-08|Zigong,7672,2022-01-08,Zigong,2022,fog,7775,Xingping,7672.0,2022-01-07,2022.0,same_control_component_hazard_same_year_month_window,0.0,0.0,0.036667,0.083333,0.0,-0.046666,-0.083333,0.036667,ok_control_day
7672|2022-01-07|Zigong,7672,2022-01-07,Zigong,2022,fog,10851,Yangjiang,7672.0,2022-01-08,2022.0,same_control_component_hazard_same_year_month_window,0.0,0.0,0.0,0.0,0.0,0.0,0.0,0.0,ok_control_day
7672|2022-01-07|Zigong,7672,2022-01-07,Zigong,2022,fog,9653,Ningming,7672.0,2022-01-08,2022.0,same_control_component_hazard_same_year_month_window,0.0,0.0,0.0,0.0,0.0,0.0,0.0,0.0,ok_control_day
7672|2022-01-07|Zigong,7672,2022-01-07,Zigong,2022,fog,7775,Xingping,7672.0,2022-01-08,2022.0,same_control_component_hazard_same_year_month_window,0.0,0.0,0.0,0.0,0.083333,0.0,0.083333,-0.083333,ok_control_day
10433|2022-10-02|Baishan,10433,2022-10-02,Baishan,2022,low_vis_5km,10025,Benxi,,,,missing_control_day_donor,,,0.0,0.0,,0.0,,,missing_placebo_or_control_metric
10433|2022-10-02|Baishan,10433,2022-10-02,Baishan,2022,low_vis_5km,9949,Qianjin,,,,missing_control_day_donor,,,0.0,0.0,,0.0,,,missing_placebo_or_control_metric
10433|2022-10-02|Baishan,10433,2022-10-02,Baishan,2022,low_vis_5km,9397,Hulan,,,,missing_control_day_donor,,,0.0,0.622778,,-0.622778,,,missing_placebo_or_control_metric
10433|2022-01-08|Baishan,10433,2022-01-08,Baishan,2022,fog,10025,Benxi,,,,missing_control_day_donor,,,0.0,0.0,,0.0,,,missing_placebo_or_control_metric
10433|2022-01-08|Baishan,10433,2022-01-08,Baishan,2022,fog,9949,Qianjin,,,,missing_control_day_donor,,,0.0,0.0,,0.0,,,missing_placebo_or_control_metric
10433|2022-01-08|Baishan,10433,2022-01-08,Baishan,2022,fog,9397,Hulan,,,,missing_control_day_donor,,,0.0,0.0,,0.0,,,missing_placebo_or_control_metric
3150|2022-02-27|Jiayuguan,3150,2022-02-27,Jiayuguan,2022,gust_15ms,2595,51 farm of 12th division,,,,missing_control_day_donor,,,0.0,0.0,,0.0,,,missing_placebo_or_control_metric
3150|2022-02-27|Jiayuguan,3150,2022-02-27,Jiayuguan,2022,gust_15ms,1544,Karamay,,,,missing_control_day_donor,,,0.0,0.0,,0.0,,,missing_placebo_or_control_metric
3150|2022-02-27|Jiayuguan,3150,2022-02-27,Jiayuguan,2022,gust_15ms,9035,Mengjin,,,,missing_control_day_donor,,,0.0,0.008333,,-0.008333,,,missing_placebo_or_control_metric
3150|2022-04-08|Jiayuguan,3150,2022-04-08,Jiayuguan,2022,gust_15ms,2595,51 farm of 12th division,,,,missing_control_day_donor,,,0.0,0.0,,0.0,,,missing_placebo_or_control_metric
3150|2022-04-08|Jiayuguan,3150,2022-04-08,Jiayuguan,2022,gust_15ms,1544,Karamay,,,,missing_control_day_donor,,,0.0,0.237778,,-0.237778,,,missing_placebo_or_control_metric
3150|2022-04-08|Jiayuguan,3150,2022-04-08,Jiayuguan,2022,gust_15ms,9035,Mengjin,,,,missing_control_day_donor,,,0.0,0.0,,0.0,,,missing_placebo_or_control_metric
10936|2022-01-10|Phusro,10936,2022-01-10,Phusro,2022,low_vis_5km,10422,Jagdalpur,10936.0,2022-01-11,2022.0,same_control_component_hazard_same_year_month_window,0.0,0.0,0.0,0.0,0.512222,0.0,0.512222,-0.512222,ok_control_day
10936|2022-01-10|Phusro,10936,2022-01-10,Phusro,2022,low_vis_5km,7703,Alibag,10936.0,2022-01-11,2022.0,same_control_component_hazard_same_year_month_window,0.0,0.0,0.0,0.0,0.0,0.0,0.0,0.0,ok_control_day
10936|2022-01-10|Phusro,10936,2022-01-10,Phusro,2022,low_vis_5km,7510,Solan,10936.0,2022-01-11,2022.0,same_control_component_hazard_same_year_month_window,0.0,0.0,0.0,0.0,0.560556,0.0,0.560556,-0.560556,ok_control_day
10936|2022-01-11|Phusro,10936,2022-01-11,Phusro,2022,low_vis_5km,10422,Jagdalpur,10936.0,2022-01-10,2022.0,same_control_component_hazard_same_year_month_window,0.0,0.0,1.946111,0.512222,0.0,1.433889,-0.512222,1.946111,ok_control_day
10936|2022-01-11|Phusro,10936,2022-01-11,Phusro,2022,low_vis_5km,7703,Alibag,10936.0,2022-01-10,2022.0,same_control_component_hazard_same_year_month_window,0.0,0.0,1.946111,0.0,0.0,1.946111,0.0,1.946111,ok_control_day
10936|2022-01-11|Phusro,10936,2022-01-11,Phusro,2022,low_vis_5km,7510,Solan,10936.0,2022-01-10,2022.0,same_control_component_hazard_same_year_month_window,0.0,0.0,1.946111,0.560556,0.0,1.385555,-0.560556,1.946111,ok_control_day
3795|2022-10-30|Francisco Beltrão,3795,2022-10-30,Francisco Beltrão,2022,gust_15ms,2872,Foz do Iguaçu,3795.0,2022-10-29,2022.0,same_control_component_hazard_same_year_month_window,0.0,0.0,3.507778,14.386111,14.117778,-10.878333,-0.268333,-10.61,ok_control_day
3795|2022-10-30|Francisco Beltrão,3795,2022-10-30,Francisco Beltrão,2022,gust_15ms,6334,Lençóis Paulista,3795.0,2022-10-29,2022.0,same_control_component_hazard_same_year_month_window,0.0,0.0,3.507778,0.0,0.0,3.507778,0.0,3.507778,ok_control_day
3795|2022-10-30|Francisco Beltrão,3795,2022-10-30,Francisco Beltrão,2022,gust_15ms,7266,Amparo,3795.0,2022-10-29,2022.0,same_control_component_hazard_same_year_month_window,0.0,0.0,3.507778,0.0,0.0,3.507778,0.0,3.507778,ok_control_day
3795|2022-10-29|Francisco Beltrão,3795,2022-10-29,Francisco Beltrão,2022,gust_15ms,2872,Foz do Iguaçu,3795.0,2022-10-30,2022.0,same_control_component_hazard_same_year_month_window,0.0,0.0,14.133333,14.117778,14.386111,0.015555,0.268333,-0.252778,ok_control_day
3795|2022-10-29|Francisco Beltrão,3795,2022-10-29,Francisco Beltrão,2022,gust_15ms,6334,Lençóis Paulista,3795.0,2022-10-30,2022.0,same_control_component_hazard_same_year_month_window,0.0,0.0,14.133333,0.0,0.0,14.133333,0.0,14.133333,ok_control_day
3795|2022-10-29|Francisco Beltrão,3795,2022-10-29,Francisco Beltrão,2022,gust_15ms,7266,Amparo,3795.0,2022-10-30,2022.0,same_control_component_hazard_same_year_month_window,0.0,0.0,14.133333,0.0,0.0,14.133333,0.0,14.133333,ok_control_day
8128|2022-05-25|Palu,8128,2022-05-25,Palu,2022,thunder_or_convective,5423,Pandeglang,8128.0,2023-05-31,2023.0,same_control_component_hazard_cross_year_month_window,1.0,0.0,0.019444,0.415556,0.0,-0.396112,-0.415556,0.019444,ok_control_day
8128|2022-05-25|Palu,8128,2022-05-25,Palu,2022,thunder_or_convective,6605,Loning,8128.0,2023-05-31,2023.0,same_control_component_hazard_cross_year_month_window,1.0,0.0,0.019444,0.340556,0.0,-0.321112,-0.340556,0.019444,ok_control_day
8128|2022-05-25|Palu,8128,2022-05-25,Palu,2022,thunder_or_convective,1998,Lubuk Pakam,8128.0,2023-05-31,2023.0,same_control_component_hazard_cross_year_month_window,1.0,0.0,0.019444,2.065556,0.0,-2.046112,-2.065556,0.019444,ok_control_day
8128|2022-10-04|Palu,8128,2022-10-04,Palu,2022,thunder_or_convective,5423,Pandeglang,,,,missing_control_day_donor,,,0.132778,1.79,,-1.657222,,,missing_placebo_or_control_metric
8128|2022-10-04|Palu,8128,2022-10-04,Palu,2022,thunder_or_convective,6605,Loning,,,,missing_control_day_donor,,,0.132778,0.049444,,0.083334,,,missing_placebo_or_control_metric
8128|2022-10-04|Palu,8128,2022-10-04,Palu,2022,thunder_or_convective,1998,Lubuk Pakam,,,,missing_control_day_donor,,,0.132778,1.214444,,-1.081666,,,missing_placebo_or_control_metric
4263|2022-11-21|Rzeszów,4263,2022-11-21,Rzeszów,2022,fog,3403,Bełchatów,4339.0,2022-11-22,2022.0,same_control_component_hazard_same_year_month_window,0.0,0.0,0.0,0.0,0.0,0.0,0.0,0.0,ok_control_day
4263|2022-11-21|Rzeszów,4263,2022-11-21,Rzeszów,2022,fog,3939,Nowy Sącz,4339.0,2022-11-22,2022.0,same_control_component_hazard_same_year_month_window,0.0,0.0,0.0,0.0,0.0,0.0,0.0,0.0,ok_control_day
4263|2022-11-21|Rzeszów,4263,2022-11-21,Rzeszów,2022,fog,1080,Słupsk,4339.0,2022-11-22,2022.0,same_control_component_hazard_same_year_month_window,0.0,0.0,0.0,0.0,0.0,0.0,0.0,0.0,ok_control_day
4263|2022-11-25|Rzeszów,4263,2022-11-25,Rzeszów,2022,low_ceiling_1000m,3403,Bełchatów,4339.0,2020-12-17,2020.0,same_control_component_hazard_cross_year_month_window,2.0,1.0,0.0,0.0,0.0,0.0,0.0,0.0,ok_control_day
4263|2022-11-25|Rzeszów,4263,2022-11-25,Rzeszów,2022,low_ceiling_1000m,3939,Nowy Sącz,,,,missing_control_day_donor,,,0.0,0.0,,0.0,,,missing_placebo_or_control_metric
4263|2022-11-25|Rzeszów,4263,2022-11-25,Rzeszów,2022,low_ceiling_1000m,1080,Słupsk,,,,missing_control_day_donor,,,0.0,0.0,,0.0,,,missing_placebo_or_control_metric
6403|2022-02-28|Nizhnekamsk,6403,2022-02-28,Nizhnekamsk,2022,fog,6031,Ulyanovsk,3944.0,2023-03-08,2023.0,same_control_component_hazard_cross_year_month_window,1.0,1.0,0.0,0.0,0.0,0.0,0.0,0.0,ok_control_day
6403|2022-02-28|Nizhnekamsk,6403,2022-02-28,Nizhnekamsk,2022,fog,6242,Dimitrovgrad,6403.0,2023-01-28,2023.0,same_control_component_hazard_cross_year_month_window,1.0,1.0,0.0,0.0,0.0,0.0,0.0,0.0,ok_control_day
6403|2022-02-28|Nizhnekamsk,6403,2022-02-28,Nizhnekamsk,2022,fog,6191,Glazov,3944.0,2023-03-08,2023.0,same_control_component_hazard_cross_year_month_window,1.0,1.0,0.0,0.0,0.0,0.0,0.0,0.0,ok_control_day
6403|2022-04-18|Nizhnekamsk,6403,2022-04-18,Nizhnekamsk,2022,low_ceiling_300m,6031,Ulyanovsk,,,,missing_control_day_donor,,,0.0,0.047778,,-0.047778,,,missing_placebo_or_control_metric
6403|2022-04-18|Nizhnekamsk,6403,2022-04-18,Nizhnekamsk,2022,low_ceiling_300m,6242,Dimitrovgrad,,,,missing_control_day_donor,,,0.0,0.013333,,-0.013333,,,missing_placebo_or_control_metric
6403|2022-04-18|Nizhnekamsk,6403,2022-04-18,Nizhnekamsk,2022,low_ceiling_300m,6191,Glazov,,,,missing_control_day_donor,,,0.0,0.0,,0.0,,,missing_placebo_or_control_metric
8387|2022-07-06|Timika,8387,2022-07-06,Timika,2022,low_ceiling_1000m,5423,Pandeglang,8387.0,2022-08-16,2022.0,same_control_component_hazard_same_year_month_window,0.0,1.0,12.586667,0.046111,0.115556,12.540556,0.069445,12.471111,ok_control_day
8387|2022-07-06|Timika,8387,2022-07-06,Timika,2022,low_ceiling_1000m,6605,Loning,8387.0,2022-08-16,2022.0,same_control_component_hazard_same_year_month_window,0.0,1.0,12.586667,2.142222,0.0,10.444445,-2.142222,12.586667,ok_control_day
8387|2022-07-06|Timika,8387,2022-07-06,Timika,2022,low_ceiling_1000m,2463,Tebing Tinggi,8387.0,2022-08-16,2022.0,same_control_component_hazard_same_year_month_window,0.0,1.0,12.586667,0.0,0.191667,12.586667,0.191667,12.395,ok_control_day
8387|2022-08-16|Timika,8387,2022-08-16,Timika,2022,low_ceiling_1000m,5423,Pandeglang,8387.0,2022-07-06,2022.0,same_control_component_hazard_same_year_month_window,0.0,1.0,9.1,0.115556,0.046111,8.984444,-0.069445,9.053889,ok_control_day
8387|2022-08-16|Timika,8387,2022-08-16,Timika,2022,low_ceiling_1000m,6605,Loning,8387.0,2022-07-06,2022.0,same_control_component_hazard_same_year_month_window,0.0,1.0,9.1,0.0,2.142222,9.1,2.142222,6.957778,ok_control_day
8387|2022-08-16|Timika,8387,2022-08-16,Timika,2022,low_ceiling_1000m,2463,Tebing Tinggi,8387.0,2022-07-06,2022.0,same_control_component_hazard_same_year_month_window,0.0,1.0,9.1,0.191667,0.0,8.908333,-0.191667,9.1,ok_control_day
10210|2022-11-11|Neyveli Township,10210,2022-11-11,Neyveli Township,2022,low_vis_5km,7349,Daman,,,,missing_control_day_donor,,,12.109444,0.0,,12.109444,,,missing_placebo_or_control_metric
10210|2022-11-11|Neyveli Township,10210,2022-11-11,Neyveli Township,2022,low_vis_5km,10314,Chengalpattu,,,,missing_control_day_donor,,,12.109444,0.564444,,11.545,,,missing_placebo_or_control_metric
10210|2022-11-11|Neyveli Township,10210,2022-11-11,Neyveli Township,2022,low_vis_5km,11388,Durgachak,10210.0,2020-11-25,2020.0,same_control_component_hazard_cross_year_month_window,2.0,0.0,12.109444,0.0,0.0,12.109444,0.0,12.109444,ok_control_day
10210|2022-09-28|Neyveli Township,10210,2022-09-28,Neyveli Township,2022,low_vis_5km,7349,Daman,,,,missing_control_day_donor,,,0.0,0.0,,0.0,,,missing_placebo_or_control_metric
10210|2022-09-28|Neyveli Township,10210,2022-09-28,Neyveli Township,2022,low_vis_5km,10314,Chengalpattu,,,,missing_control_day_donor,,,0.0,0.155556,,-0.155556,,,missing_placebo_or_control_metric
10210|2022-09-28|Neyveli Township,10210,2022-09-28,Neyveli Township,2022,low_vis_5km,11388,Durgachak,,,,missing_control_day_donor,,,0.0,1.305556,,-1.305556,,,missing_placebo_or_control_metric
56|2022-02-16|Brest,56,2022-02-16,Brest,2022,low_vis_5km,1585,Caen,56.0,2023-01-04,2023.0,same_control_component_hazard_cross_year_month_window,1.0,1.0,0.000556,0.050556,0.0,-0.05,-0.050556,0.000556,ok_control_day
56|2022-02-16|Brest,56,2022-02-16,Brest,2022,low_vis_5km,544,Saint-Nazaire,56.0,2023-01-04,2023.0,same_control_component_hazard_cross_year_month_window,1.0,1.0,0.000556,0.0,0.992778,0.000556,0.992778,-0.992222,ok_control_day
56|2022-02-16|Brest,56,2022-02-16,Brest,2022,low_vis_5km,1681,Le Havre,,,,missing_control_day_donor,,,0.000556,0.0,,0.000556,,,missing_placebo_or_control_metric
56|2022-01-24|Brest,56,2022-01-24,Brest,2022,fog,1585,Caen,,,,missing_control_day_donor,,,0.0,0.0,,0.0,,,missing_placebo_or_control_metric
56|2022-01-24|Brest,56,2022-01-24,Brest,2022,fog,544,Saint-Nazaire,56.0,2021-12-29,2021.0,same_control_component_hazard_cross_year_month_window,1.0,1.0,0.0,0.0,0.067778,0.0,0.067778,-0.067778,ok_control_day
56|2022-01-24|Brest,56,2022-01-24,Brest,2022,fog,1681,Le Havre,56.0,2021-12-29,2021.0,same_control_component_hazard_cross_year_month_window,1.0,1.0,0.0,0.0,0.405,0.0,0.405,-0.405,ok_control_day
2617|2022-07-25|Río Cuarto,2617,2022-07-25,Río Cuarto,2022,low_vis_5km,3443,Funes,2617.0,2022-07-26,2022.0,same_control_component_hazard_same_year_month_window,0.0,0.0,0.01,0.0,0.0,0.01,0.0,0.01,ok_control_day
2617|2022-07-25|Río Cuarto,2617,2022-07-25,Río Cuarto,2022,low_vis_5km,4739,Puerto Iguazú,2617.0,2022-07-26,2022.0,same_control_component_hazard_same_year_month_window,0.0,0.0,0.01,0.0,0.0,0.01,0.0,0.01,ok_control_day
2617|2022-07-25|Río Cuarto,2617,2022-07-25,Río Cuarto,2022,low_vis_5km,4775,Oberá,2617.0,2022-07-26,2022.0,same_control_component_hazard_same_year_month_window,0.0,0.0,0.01,0.0,0.0,0.01,0.0,0.01,ok_control_day
2617|2022-07-26|Río Cuarto,2617,2022-07-26,Río Cuarto,2022,low_vis_5km,3443,Funes,2617.0,2022-07-25,2022.0,same_control_component_hazard_same_year_month_window,0.0,0.0,0.0,0.0,0.0,0.0,0.0,0.0,ok_control_day
2617|2022-07-26|Río Cuarto,2617,2022-07-26,Río Cuarto,2022,low_vis_5km,4739,Puerto Iguazú,2617.0,2022-07-25,2022.0,same_control_component_hazard_same_year_month_window,0.0,0.0,0.0,0.0,0.0,0.0,0.0,0.0,ok_control_day
2617|2022-07-26|Río Cuarto,2617,2022-07-26,Río Cuarto,2022,low_vis_5km,4775,Oberá,2617.0,2022-07-25,2022.0,same_control_component_hazard_same_year_month_window,0.0,0.0,0.0,0.0,0.0,0.0,0.0,0.0,ok_control_day
3783|2022-12-17|Pangkalan Kerinci,3783,2022-12-17,Pangkalan Kerinci,2022,low_ceiling_1000m,2463,Tebing Tinggi,3783.0,2023-12-29,2023.0,same_control_component_hazard_cross_year_month_window,1.0,0.0,0.085556,0.0,0.569444,0.085556,0.569444,-0.483888,ok_control_day
3783|2022-12-17|Pangkalan Kerinci,3783,2022-12-17,Pangkalan Kerinci,2022,low_ceiling_1000m,2237,Perbaungan,3783.0,2023-12-29,2023.0,same_control_component_hazard_cross_year_month_window,1.0,0.0,0.085556,0.012778,1.007778,0.072778,0.995,-0.922222,ok_control_day
3783|2022-12-17|Pangkalan Kerinci,3783,2022-12-17,Pangkalan Kerinci,2022,low_ceiling_1000m,1998,Lubuk Pakam,3783.0,2023-12-29,2023.0,same_control_component_hazard_cross_year_month_window,1.0,0.0,0.085556,0.013889,0.983333,0.071667,0.969444,-0.897777,ok_control_day
3783|2022-04-11|Pangkalan Kerinci,3783,2022-04-11,Pangkalan Kerinci,2022,low_ceiling_1000m,2463,Tebing Tinggi,,,,missing_control_day_donor,,,1.788889,0.106667,,1.682222,,,missing_placebo_or_control_metric
3783|2022-04-11|Pangkalan Kerinci,3783,2022-04-11,Pangkalan Kerinci,2022,low_ceiling_1000m,2237,Perbaungan,8387.0,2020-04-08,2020.0,same_control_component_hazard_cross_year_month_window,2.0,0.0,1.788889,0.007778,0.0,1.781111,-0.007778,1.788889,ok_control_day
3783|2022-04-11|Pangkalan Kerinci,3783,2022-04-11,Pangkalan Kerinci,2022,low_ceiling_1000m,1998,Lubuk Pakam,,,,missing_control_day_donor,,,1.788889,0.007778,,1.781111,,,missing_placebo_or_control_metric
4339|2022-11-22|Lublin,4339,2022-11-22,Lublin,2022,fog,3403,Bełchatów,4263.0,2022-11-21,2022.0,same_control_component_hazard_same_year_month_window,0.0,0.0,0.0,0.0,0.0,0.0,0.0,0.0,ok_control_day
4339|2022-11-22|Lublin,4339,2022-11-22,Lublin,2022,fog,1080,Słupsk,4263.0,2022-11-21,2022.0,same_control_component_hazard_same_year_month_window,0.0,0.0,0.0,0.0,0.0,0.0,0.0,0.0,ok_control_day
4339|2022-11-22|Lublin,4339,2022-11-22,Lublin,2022,fog,3939,Nowy Sącz,4263.0,2022-11-21,2022.0,same_control_component_hazard_same_year_month_window,0.0,0.0,0.0,0.0,0.0,0.0,0.0,0.0,ok_control_day
4339|2022-11-26|Lublin,4339,2022-11-26,Lublin,2022,low_vis_5km,3403,Bełchatów,4339.0,2021-12-15,2021.0,same_control_component_hazard_cross_year_month_window,1.0,1.0,0.0,0.0,0.0,0.0,0.0,0.0,ok_control_day
4339|2022-11-26|Lublin,4339,2022-11-26,Lublin,2022,low_vis_5km,1080,Słupsk,4339.0,2021-12-15,2021.0,same_control_component_hazard_cross_year_month_window,1.0,1.0,0.0,0.0,0.0,0.0,0.0,0.0,ok_control_day
4339|2022-11-26|Lublin,4339,2022-11-26,Lublin,2022,low_vis_5km,3939,Nowy Sącz,,,,missing_control_day_donor,,,0.0,0.037778,,-0.037778,,,missing_placebo_or_control_metric
2044|2022-01-09|Vinnytsia,2044,2022-01-09,Vinnytsia,2022,low_ceiling_1000m,4030,Lozova,2044.0,2022-01-23,2022.0,same_control_component_hazard_same_year_month_window,0.0,0.0,0.562778,0.0,0.0,0.562778,0.0,0.562778,ok_control_day
2044|2022-01-09|Vinnytsia,2044,2022-01-09,Vinnytsia,2022,low_ceiling_1000m,2506,Pervomaisk,2044.0,2022-01-23,2022.0,same_control_component_hazard_same_year_month_window,0.0,0.0,0.562778,0.0,0.0,0.562778,0.0,0.562778,ok_control_day
2044|2022-01-09|Vinnytsia,2044,2022-01-09,Vinnytsia,2022,low_ceiling_1000m,1089,Kovel,2044.0,2022-01-23,2022.0,same_control_component_hazard_same_year_month_window,0.0,0.0,0.562778,0.0,0.0,0.562778,0.0,0.562778,ok_control_day
2044|2022-01-23|Vinnytsia,2044,2022-01-23,Vinnytsia,2022,low_ceiling_1000m,4030,Lozova,2044.0,2022-01-09,2022.0,same_control_component_hazard_same_year_month_window,0.0,0.0,0.0,0.0,0.0,0.0,0.0,0.0,ok_control_day
2044|2022-01-23|Vinnytsia,2044,2022-01-23,Vinnytsia,2022,low_ceiling_1000m,2506,Pervomaisk,2044.0,2022-01-09,2022.0,same_control_component_hazard_same_year_month_window,0.0,0.0,0.0,0.0,0.0,0.0,0.0,0.0,ok_control_day
2044|2022-01-23|Vinnytsia,2044,2022-01-23,Vinnytsia,2022,low_ceiling_1000m,1089,Kovel,2044.0,2022-01-09,2022.0,same_control_component_hazard_same_year_month_window,0.0,0.0,0.0,0.0,0.0,0.0,0.0,0.0,ok_control_day
5973|2022-07-08|Sapele,5973,2022-07-08,Sapele,2022,thunder_or_convective,7233,Yangoji,,,,missing_control_day_donor,,,3.632222,0.0,,3.632222,,,missing_placebo_or_control_metric
5973|2022-07-08|Sapele,5973,2022-07-08,Sapele,2022,thunder_or_convective,7333,Maji,,,,missing_control_day_donor,,,3.632222,0.0,,3.632222,,,missing_placebo_or_control_metric
5973|2022-07-08|Sapele,5973,2022-07-08,Sapele,2022,thunder_or_convective,8257,Okuku Lepuole,,,,missing_control_day_donor,,,3.632222,0.0,,3.632222,,,missing_placebo_or_control_metric
5973|2022-08-13|Sapele,5973,2022-08-13,Sapele,2022,low_ceiling_300m,7233,Yangoji,6864.0,2021-09-25,2021.0,same_control_component_hazard_cross_year_month_window,1.0,1.0,0.031111,0.008333,0.113333,0.022778,0.105,-0.082222,ok_control_day
5973|2022-08-13|Sapele,5973,2022-08-13,Sapele,2022,low_ceiling_300m,7333,Maji,6864.0,2021-09-25,2021.0,same_control_component_hazard_cross_year_month_window,1.0,1.0,0.031111,0.0,0.071111,0.031111,0.071111,-0.04,ok_control_day
5973|2022-08-13|Sapele,5973,2022-08-13,Sapele,2022,low_ceiling_300m,8257,Okuku Lepuole,,,,missing_control_day_donor,,,0.031111,1.095556,,-1.064445,,,missing_placebo_or_control_metric
4166|2022-04-18|Aungpan,4166,2022-04-18,Aungpan,2022,thunder_or_convective,5151,Hlegu,4166.0,2021-05-06,2021.0,same_control_component_hazard_cross_year_month_window,1.0,1.0,0.0,0.0,0.013333,0.0,0.013333,-0.013333,ok_control_day
4166|2022-04-18|Aungpan,4166,2022-04-18,Aungpan,2022,thunder_or_convective,2852,Kyaukse,4166.0,2021-05-06,2021.0,same_control_component_hazard_cross_year_month_window,1.0,1.0,0.0,0.0,0.132222,0.0,0.132222,-0.132222,ok_control_day
4166|2022-04-18|Aungpan,4166,2022-04-18,Aungpan,2022,thunder_or_convective,1548,Pakokku,4166.0,2020-05-11,2020.0,same_control_component_hazard_cross_year_month_window,2.0,1.0,0.0,1.221111,1.3,-1.221111,0.078889,-1.3,ok_control_day
4166|2022-09-03|Aungpan,4166,2022-09-03,Aungpan,2022,thunder_or_convective,5151,Hlegu,,,,missing_control_day_donor,,,0.283333,0.474444,,-0.191111,,,missing_placebo_or_control_metric
4166|2022-09-03|Aungpan,4166,2022-09-03,Aungpan,2022,thunder_or_convective,2852,Kyaukse,,,,missing_control_day_donor,,,0.283333,0.0,,0.283333,,,missing_placebo_or_control_metric
4166|2022-09-03|Aungpan,4166,2022-09-03,Aungpan,2022,thunder_or_convective,1548,Pakokku,,,,missing_control_day_donor,,,0.283333,0.0,,0.283333,,,missing_placebo_or_control_metric
5991|2022-07-08|Ogharefe,5991,2022-07-08,Ogharefe,2022,thunder_or_convective,7233,Yangoji,,,,missing_control_day_donor,,,4.188333,0.0,,4.188333,,,missing_placebo_or_control_metric
5991|2022-07-08|Ogharefe,5991,2022-07-08,Ogharefe,2022,thunder_or_convective,8269,Ogoja,,,,missing_control_day_donor,,,4.188333,0.129444,,4.058889,,,missing_placebo_or_control_metric
5991|2022-07-08|Ogharefe,5991,2022-07-08,Ogharefe,2022,thunder_or_convective,8257,Okuku Lepuole,,,,missing_control_day_donor,,,4.188333,0.0,,4.188333,,,missing_placebo_or_control_metric
5991|2022-08-13|Ogharefe,5991,2022-08-13,Ogharefe,2022,low_ceiling_300m,7233,Yangoji,6864.0,2021-09-25,2021.0,same_control_component_hazard_cross_year_month_window,1.0,1.0,0.128333,0.008333,0.113333,0.12,0.105,0.015,ok_control_day
5991|2022-08-13|Ogharefe,5991,2022-08-13,Ogharefe,2022,low_ceiling_300m,8269,Ogoja,,,,missing_control_day_donor,,,0.128333,1.016111,,-0.887778,,,missing_placebo_or_control_metric
5991|2022-08-13|Ogharefe,5991,2022-08-13,Ogharefe,2022,low_ceiling_300m,8257,Okuku Lepuole,,,,missing_control_day_donor,,,0.128333,1.095556,,-0.967223,,,missing_placebo_or_control_metric
6968|2022-01-23|Chakwal,6968,2022-01-23,Chakwal,2022,low_vis_5km,5467,Amangarh,6511.0,2020-01-10,2020.0,same_control_component_hazard_cross_year_month_window,2.0,0.0,0.015,0.008333,0.0,0.006667,-0.008333,0.015,ok_control_day
6968|2022-01-23|Chakwal,6968,2022-01-23,Chakwal,2022,low_vis_5km,7983,Pasrur,,,,missing_control_day_donor,,,0.015,0.0,,0.015,,,missing_placebo_or_control_metric
6968|2022-01-23|Chakwal,6968,2022-01-23,Chakwal,2022,low_vis_5km,6661,Haripur,,,,missing_control_day_donor,,,0.015,1.207222,,-1.192222,,,missing_placebo_or_control_metric
6968|2022-01-17|Chakwal,6968,2022-01-17,Chakwal,2022,fog,5467,Amangarh,7176.0,2023-12-30,2023.0,same_control_component_hazard_cross_year_month_window,1.0,1.0,0.0,0.0,0.0,0.0,0.0,0.0,ok_control_day
6968|2022-01-17|Chakwal,6968,2022-01-17,Chakwal,2022,fog,7983,Pasrur,,,,missing_control_day_donor,,,0.0,0.0,,0.0,,,missing_placebo_or_control_metric
6968|2022-01-17|Chakwal,6968,2022-01-17,Chakwal,2022,fog,6661,Haripur,,,,missing_control_day_donor,,,0.0,0.182778,,-0.182778,,,missing_placebo_or_control_metric
357|2022-01-07|Ensenada,357,2022-01-07,Ensenada,2022,fog,5,Rosarito,357.0,2021-12-02,2021.0,same_control_component_hazard_cross_year_month_window,1.0,1.0,0.0,0.0,0.0,0.0,0.0,0.0,ok_control_day
357|2022-01-07|Ensenada,357,2022-01-07,Ensenada,2022,fog,5772,Santa Matilde,,,,missing_control_day_donor,,,0.0,0.0,,0.0,,,missing_placebo_or_control_metric
357|2022-01-07|Ensenada,357,2022-01-07,Ensenada,2022,fog,913,Tecate,357.0,2021-12-02,2021.0,same_control_component_hazard_cross_year_month_window,1.0,1.0,0.0,0.0,0.0,0.0,0.0,0.0,ok_control_day
357|2022-02-20|Ensenada,357,2022-02-20,Ensenada,2022,low_vis_5km,5,Rosarito,,,,missing_control_day_donor,,,0.0,0.0,,0.0,,,missing_placebo_or_control_metric
357|2022-02-20|Ensenada,357,2022-02-20,Ensenada,2022,low_vis_5km,5772,Santa Matilde,,,,missing_control_day_donor,,,0.0,0.0,,0.0,,,missing_placebo_or_control_metric
357|2022-02-20|Ensenada,357,2022-02-20,Ensenada,2022,low_vis_5km,913,Tecate,6023.0,2020-01-02,2020.0,same_control_component_hazard_cross_year_month_window,2.0,1.0,0.0,0.0,0.0,0.0,0.0,0.0,ok_control_day
6934|2022-01-15|Asaba,6934,2022-01-15,Asaba,2022,low_ceiling_300m,3062,Ijebu-Ode,,,,missing_control_day_donor,,,0.0,0.0,,0.0,,,missing_placebo_or_control_metric
6934|2022-01-15|Asaba,6934,2022-01-15,Asaba,2022,low_ceiling_300m,2270,Iseyin,,,,missing_control_day_donor,,,0.0,0.0,,0.0,,,missing_placebo_or_control_metric
6934|2022-01-15|Asaba,6934,2022-01-15,Asaba,2022,low_ceiling_300m,1864,Oke Iho,,,,missing_control_day_donor,,,0.0,0.0,,0.0,,,missing_placebo_or_control_metric
6934|2022-01-11|Asaba,6934,2022-01-11,Asaba,2022,fog,3062,Ijebu-Ode,,,,missing_control_day_donor,,,0.0,0.0,,0.0,,,missing_placebo_or_control_metric
6934|2022-01-11|Asaba,6934,2022-01-11,Asaba,2022,fog,2270,Iseyin,,,,missing_control_day_donor,,,0.0,0.0,,0.0,,,missing_placebo_or_control_metric
6934|2022-01-11|Asaba,6934,2022-01-11,Asaba,2022,fog,1864,Oke Iho,,,,missing_control_day_donor,,,0.0,0.0,,0.0,,,missing_placebo_or_control_metric
6511|2022-12-22|Kot Addu,6511,2022-12-22,Kot Addu,2022,low_vis_5km,6228,Layyah,6511.0,2022-12-23,2022.0,same_control_component_hazard_same_year_month_window,0.0,0.0,0.0,0.0,0.0,0.0,0.0,0.0,ok_control_day
6511|2022-12-22|Kot Addu,6511,2022-12-22,Kot Addu,2022,low_vis_5km,7871,Faqirwali,6511.0,2022-12-23,2022.0,same_control_component_hazard_same_year_month_window,0.0,0.0,0.0,0.0,0.0,0.0,0.0,0.0,ok_control_day
6511|2022-12-22|Kot Addu,6511,2022-12-22,Kot Addu,2022,low_vis_5km,6841,Joharabad,6511.0,2022-12-23,2022.0,same_control_component_hazard_same_year_month_window,0.0,0.0,0.0,0.0,0.0,0.0,0.0,0.0,ok_control_day
6511|2022-12-23|Kot Addu,6511,2022-12-23,Kot Addu,2022,low_vis_5km,6228,Layyah,6511.0,2022-12-22,2022.0,same_control_component_hazard_same_year_month_window,0.0,0.0,0.0,0.0,0.0,0.0,0.0,0.0,ok_control_day
6511|2022-12-23|Kot Addu,6511,2022-12-23,Kot Addu,2022,low_vis_5km,7871,Faqirwali,6511.0,2022-12-22,2022.0,same_control_component_hazard_same_year_month_window,0.0,0.0,0.0,0.0,0.0,0.0,0.0,0.0,ok_control_day
6511|2022-12-23|Kot Addu,6511,2022-12-23,Kot Addu,2022,low_vis_5km,6841,Joharabad,6511.0,2022-12-22,2022.0,same_control_component_hazard_same_year_month_window,0.0,0.0,0.0,0.0,0.0,0.0,0.0,0.0,ok_control_day
4225|2022-11-21|Stalowa Wola,4225,2022-11-21,Stalowa Wola,2022,fog,3403,Bełchatów,4339.0,2022-11-22,2022.0,same_control_component_hazard_same_year_month_window,0.0,0.0,0.0,0.0,0.0,0.0,0.0,0.0,ok_control_day
4225|2022-11-21|Stalowa Wola,4225,2022-11-21,Stalowa Wola,2022,fog,3349,Płock,4225.0,2021-11-17,2021.0,same_control_component_hazard_cross_year_month_window,1.0,0.0,0.0,0.0,0.0,0.0,0.0,0.0,ok_control_day
4225|2022-11-21|Stalowa Wola,4225,2022-11-21,Stalowa Wola,2022,fog,1080,Słupsk,4339.0,2022-11-22,2022.0,same_control_component_hazard_same_year_month_window,0.0,0.0,0.0,0.0,0.0,0.0,0.0,0.0,ok_control_day
4225|2022-11-25|Stalowa Wola,4225,2022-11-25,Stalowa Wola,2022,low_ceiling_1000m,3403,Bełchatów,4339.0,2020-12-17,2020.0,same_control_component_hazard_cross_year_month_window,2.0,1.0,0.0,0.0,0.0,0.0,0.0,0.0,ok_control_day
4225|2022-11-25|Stalowa Wola,4225,2022-11-25,Stalowa Wola,2022,low_ceiling_1000m,3349,Płock,,,,missing_control_day_donor,,,0.0,0.0,,0.0,,,missing_placebo_or_control_metric
4225|2022-11-25|Stalowa Wola,4225,2022-11-25,Stalowa Wola,2022,low_ceiling_1000m,1080,Słupsk,,,,missing_control_day_donor,,,0.0,0.0,,0.0,,,missing_placebo_or_control_metric
2903|2022-04-17|Sanandaj,2903,2022-04-17,Sanandaj,2022,strong_wind,3470,Bandar-e Anzali,,,,missing_control_day_donor,,,0.0,0.0,,0.0,,,missing_placebo_or_control_metric
2903|2022-04-17|Sanandaj,2903,2022-04-17,Sanandaj,2022,strong_wind,5515,Shahr-e Kord,,,,missing_control_day_donor,,,0.0,0.0,,0.0,,,missing_placebo_or_control_metric
2903|2022-04-17|Sanandaj,2903,2022-04-17,Sanandaj,2022,strong_wind,5115,Bandar-e Mahshahr,,,,missing_control_day_donor,,,0.0,0.0,,0.0,,,missing_placebo_or_control_metric
2903|2022-09-18|Sanandaj,2903,2022-09-18,Sanandaj,2022,strong_wind,3470,Bandar-e Anzali,,,,missing_control_day_donor,,,0.0,0.0,,0.0,,,missing_placebo_or_control_metric
2903|2022-09-18|Sanandaj,2903,2022-09-18,Sanandaj,2022,strong_wind,5515,Shahr-e Kord,,,,missing_control_day_donor,,,0.0,0.0,,0.0,,,missing_placebo_or_control_metric
2903|2022-09-18|Sanandaj,2903,2022-09-18,Sanandaj,2022,strong_wind,5115,Bandar-e Mahshahr,,,,missing_control_day_donor,,,0.0,0.0,,0.0,,,missing_placebo_or_control_metric
1707|2022-04-19|Mutare,1707,2022-04-19,Mutare,2022,low_ceiling_300m,1098,Chinhoyi,,,,missing_control_day_donor,,,3.728333,3.575556,,0.152777,,,missing_placebo_or_control_metric
1707|2022-04-19|Mutare,1707,2022-04-19,Mutare,2022,low_ceiling_300m,862,Kadoma,,,,missing_control_day_donor,,,3.728333,0.0,,3.728333,,,missing_placebo_or_control_metric
1707|2022-04-19|Mutare,1707,2022-04-19,Mutare,2022,low_ceiling_300m,1316,Norton,,,,missing_control_day_donor,,,3.728333,1.312222,,2.416111,,,missing_placebo_or_control_metric
1707|2022-06-29|Mutare,1707,2022-06-29,Mutare,2022,low_ceiling_300m,1098,Chinhoyi,,,,missing_control_day_donor,,,0.0,0.45,,-0.45,,,missing_placebo_or_control_metric
1707|2022-06-29|Mutare,1707,2022-06-29,Mutare,2022,low_ceiling_300m,862,Kadoma,,,,missing_control_day_donor,,,0.0,0.0,,0.0,,,missing_placebo_or_control_metric
1707|2022-06-29|Mutare,1707,2022-06-29,Mutare,2022,low_ceiling_300m,1316,Norton,,,,missing_control_day_donor,,,0.0,0.0,,0.0,,,missing_placebo_or_control_metric
2835|2022-01-12|Manbij,2835,2022-01-12,Manbij,2022,low_vis_5km,2644,Salamiyah,2835.0,2022-01-23,2022.0,same_control_component_hazard_same_year_month_window,0.0,0.0,0.0,0.0,0.316111,0.0,0.316111,-0.316111,ok_control_day
2835|2022-01-12|Manbij,2835,2022-01-12,Manbij,2022,low_vis_5km,1524,Jdaydet Artooz,2835.0,2022-01-23,2022.0,same_control_component_hazard_same_year_month_window,0.0,0.0,0.0,0.0,0.808333,0.0,0.808333,-0.808333,ok_control_day
2835|2022-01-12|Manbij,2835,2022-01-12,Manbij,2022,low_vis_5km,2368,Al-Rastan,2835.0,2022-01-23,2022.0,same_control_component_hazard_same_year_month_window,0.0,0.0,0.0,0.0,0.0,0.0,0.0,0.0,ok_control_day
2835|2022-01-23|Manbij,2835,2022-01-23,Manbij,2022,low_vis_5km,2644,Salamiyah,2835.0,2022-01-12,2022.0,same_control_component_hazard_same_year_month_window,0.0,0.0,0.0,0.316111,0.0,-0.316111,-0.316111,0.0,ok_control_day
2835|2022-01-23|Manbij,2835,2022-01-23,Manbij,2022,low_vis_5km,1524,Jdaydet Artooz,2835.0,2022-01-12,2022.0,same_control_component_hazard_same_year_month_window,0.0,0.0,0.0,0.808333,0.0,-0.808333,-0.808333,0.0,ok_control_day
2835|2022-01-23|Manbij,2835,2022-01-23,Manbij,2022,low_vis_5km,2368,Al-Rastan,2835.0,2022-01-12,2022.0,same_control_component_hazard_same_year_month_window,0.0,0.0,0.0,0.0,0.0,0.0,0.0,0.0,ok_control_day
6297|2022-12-31|Kishoreganj,6297,2022-12-31,Kishoreganj,2022,low_vis_5km,6361,Kapashia,6297.0,2022-12-30,2022.0,same_control_component_hazard_same_year_month_window,0.0,0.0,0.0,0.0,0.0,0.0,0.0,0.0,ok_control_day
6297|2022-12-31|Kishoreganj,6297,2022-12-31,Kishoreganj,2022,low_vis_5km,4164,Gabtali,6297.0,2022-12-30,2022.0,same_control_component_hazard_same_year_month_window,0.0,0.0,0.0,0.0,0.0,0.0,0.0,0.0,ok_control_day
6297|2022-12-31|Kishoreganj,6297,2022-12-31,Kishoreganj,2022,low_vis_5km,5635,Noapara,6297.0,2022-12-30,2022.0,same_control_component_hazard_same_year_month_window,0.0,0.0,0.0,0.0,0.0,0.0,0.0,0.0,ok_control_day
6297|2022-12-30|Kishoreganj,6297,2022-12-30,Kishoreganj,2022,low_vis_5km,6361,Kapashia,6297.0,2022-12-31,2022.0,same_control_component_hazard_same_year_month_window,0.0,0.0,0.0,0.0,0.0,0.0,0.0,0.0,ok_control_day
6297|2022-12-30|Kishoreganj,6297,2022-12-30,Kishoreganj,2022,low_vis_5km,4164,Gabtali,6297.0,2022-12-31,2022.0,same_control_component_hazard_same_year_month_window,0.0,0.0,0.0,0.0,0.0,0.0,0.0,0.0,ok_control_day
6297|2022-12-30|Kishoreganj,6297,2022-12-30,Kishoreganj,2022,low_vis_5km,5635,Noapara,6297.0,2022-12-31,2022.0,same_control_component_hazard_same_year_month_window,0.0,0.0,0.0,0.0,0.0,0.0,0.0,0.0,ok_control_day
2154|2022-01-04|Sammanturai,2154,2022-01-04,Sammanturai,2022,low_ceiling_1000m,768,Bandaragama,2154.0,2023-12-27,2023.0,same_control_component_hazard_cross_year_month_window,1.0,1.0,2.493333,0.0,0.197778,2.493333,0.197778,2.295555,ok_control_day
2154|2022-01-04|Sammanturai,2154,2022-01-04,Sammanturai,2022,low_ceiling_1000m,335,Puttalam,2154.0,2023-12-27,2023.0,same_control_component_hazard_cross_year_month_window,1.0,1.0,2.493333,0.0,0.141667,2.493333,0.141667,2.351666,ok_control_day
2154|2022-01-04|Sammanturai,2154,2022-01-04,Sammanturai,2022,low_ceiling_1000m,1132,Anuradhapura,2154.0,2023-12-27,2023.0,same_control_component_hazard_cross_year_month_window,1.0,1.0,2.493333,0.0,0.0,2.493333,0.0,2.493333,ok_control_day
2154|2022-08-18|Sammanturai,2154,2022-08-18,Sammanturai,2022,low_ceiling_1000m,768,Bandaragama,,,,missing_control_day_donor,,,0.0,0.003889,,-0.003889,,,missing_placebo_or_control_metric
2154|2022-08-18|Sammanturai,2154,2022-08-18,Sammanturai,2022,low_ceiling_1000m,335,Puttalam,,,,missing_control_day_donor,,,0.0,0.002222,,-0.002222,,,missing_placebo_or_control_metric
2154|2022-08-18|Sammanturai,2154,2022-08-18,Sammanturai,2022,low_ceiling_1000m,1132,Anuradhapura,,,,missing_control_day_donor,,,0.0,0.0,,0.0,,,missing_placebo_or_control_metric
2233|2022-01-04|Kalmunai,2233,2022-01-04,Kalmunai,2022,low_ceiling_1000m,768,Bandaragama,2154.0,2023-12-27,2023.0,same_control_component_hazard_cross_year_month_window,1.0,1.0,3.447778,0.0,0.197778,3.447778,0.197778,3.25,ok_control_day
2233|2022-01-04|Kalmunai,2233,2022-01-04,Kalmunai,2022,low_ceiling_1000m,335,Puttalam,2154.0,2023-12-27,2023.0,same_control_component_hazard_cross_year_month_window,1.0,1.0,3.447778,0.0,0.141667,3.447778,0.141667,3.306111,ok_control_day
2233|2022-01-04|Kalmunai,2233,2022-01-04,Kalmunai,2022,low_ceiling_1000m,1132,Anuradhapura,2154.0,2023-12-27,2023.0,same_control_component_hazard_cross_year_month_window,1.0,1.0,3.447778,0.0,0.0,3.447778,0.0,3.447778,ok_control_day
2233|2022-08-18|Kalmunai,2233,2022-08-18,Kalmunai,2022,low_ceiling_1000m,768,Bandaragama,,,,missing_control_day_donor,,,0.0,0.003889,,-0.003889,,,missing_placebo_or_control_metric
2233|2022-08-18|Kalmunai,2233,2022-08-18,Kalmunai,2022,low_ceiling_1000m,335,Puttalam,,,,missing_control_day_donor,,,0.0,0.002222,,-0.002222,,,missing_placebo_or_control_metric
2233|2022-08-18|Kalmunai,2233,2022-08-18,Kalmunai,2022,low_ceiling_1000m,1132,Anuradhapura,,,,missing_control_day_donor,,,0.0,0.0,,0.0,,,missing_placebo_or_control_metric
2875|2022-09-05|Talavera de la Reina,2875,2022-09-05,Talavera de la Reina,2022,low_vis_5km,3842,Guadalajara,,,,missing_control_day_donor,,,0.0,0.0,,0.0,,,missing_placebo_or_control_metric
2875|2022-09-05|Talavera de la Reina,2875,2022-09-05,Talavera de la Reina,2022,low_vis_5km,3752,Arganda del Rey,,,,missing_control_day_donor,,,0.0,0.0,,0.0,,,missing_placebo_or_control_metric
2875|2022-09-05|Talavera de la Reina,2875,2022-09-05,Talavera de la Reina,2022,low_vis_5km,4815,Igualada,,,,missing_control_day_donor,,,0.0,0.0,,0.0,,,missing_placebo_or_control_metric
2875|2022-09-08|Talavera de la Reina,2875,2022-09-08,Talavera de la Reina,2022,low_vis_1km,3842,Guadalajara,,,,missing_control_day_donor,,,0.0,0.0,,0.0,,,missing_placebo_or_control_metric
2875|2022-09-08|Talavera de la Reina,2875,2022-09-08,Talavera de la Reina,2022,low_vis_1km,3752,Arganda del Rey,,,,missing_control_day_donor,,,0.0,0.0,,0.0,,,missing_placebo_or_control_metric
2875|2022-09-08|Talavera de la Reina,2875,2022-09-08,Talavera de la Reina,2022,low_vis_1km,4815,Igualada,,,,missing_control_day_donor,,,0.0,0.13,,-0.13,,,missing_placebo_or_control_metric
4942|2023-12-08|Celaya,4942,2023-12-08,Celaya,2023,low_ceiling_1000m,6696,Matamoros,4942.0,2023-12-12,2023.0,same_control_component_hazard_same_year_month_window,0.0,0.0,0.0,0.0,0.0,0.0,0.0,0.0,ok_control_day
4942|2023-12-08|Celaya,4942,2023-12-08,Celaya,2023,low_ceiling_1000m,4288,San Francisco del Rincón,4942.0,2023-12-12,2023.0,same_control_component_hazard_same_year_month_window,0.0,0.0,0.0,0.0,0.003333,0.0,0.003333,-0.003333,ok_control_day
4942|2023-12-08|Celaya,4942,2023-12-08,Celaya,2023,low_ceiling_1000m,4212,Aguascalientes,4942.0,2023-12-12,2023.0,same_control_component_hazard_same_year_month_window,0.0,0.0,0.0,0.0,0.0,0.0,0.0,0.0,ok_control_day
4942|2023-12-12|Celaya,4942,2023-12-12,Celaya,2023,low_ceiling_1000m,6696,Matamoros,4942.0,2023-12-08,2023.0,same_control_component_hazard_same_year_month_window,0.0,0.0,0.0,0.0,0.0,0.0,0.0,0.0,ok_control_day
4942|2023-12-12|Celaya,4942,2023-12-12,Celaya,2023,low_ceiling_1000m,4288,San Francisco del Rincón,4942.0,2023-12-08,2023.0,same_control_component_hazard_same_year_month_window,0.0,0.0,0.0,0.003333,0.0,-0.003333,-0.003333,0.0,ok_control_day
4942|2023-12-12|Celaya,4942,2023-12-12,Celaya,2023,low_ceiling_1000m,4212,Aguascalientes,4942.0,2023-12-08,2023.0,same_control_component_hazard_same_year_month_window,0.0,0.0,0.0,0.0,0.0,0.0,0.0,0.0,ok_control_day
7989|2023-08-12|Eket,7989,2023-08-12,Eket,2023,low_ceiling_1000m,8269,Ogoja,7989.0,2023-07-11,2023.0,same_control_component_hazard_same_year_month_window,0.0,1.0,0.477222,0.012778,0.107222,0.464444,0.094444,0.37,ok_control_day
7989|2023-08-12|Eket,7989,2023-08-12,Eket,2023,low_ceiling_1000m,7233,Yangoji,7989.0,2023-07-11,2023.0,same_control_component_hazard_same_year_month_window,0.0,1.0,0.477222,0.001111,0.0,0.476111,-0.001111,0.477222,ok_control_day
7989|2023-08-12|Eket,7989,2023-08-12,Eket,2023,low_ceiling_1000m,8257,Okuku Lepuole,7989.0,2023-07-11,2023.0,same_control_component_hazard_same_year_month_window,0.0,1.0,0.477222,0.039444,0.118889,0.437778,0.079445,0.358333,ok_control_day
7989|2023-07-11|Eket,7989,2023-07-11,Eket,2023,low_ceiling_1000m,8269,Ogoja,7989.0,2023-08-12,2023.0,same_control_component_hazard_same_year_month_window,0.0,1.0,0.042222,0.107222,0.012778,-0.065,-0.094444,0.029444,ok_control_day
7989|2023-07-11|Eket,7989,2023-07-11,Eket,2023,low_ceiling_1000m,7233,Yangoji,7989.0,2023-08-12,2023.0,same_control_component_hazard_same_year_month_window,0.0,1.0,0.042222,0.0,0.001111,0.042222,0.001111,0.041111,ok_control_day
7989|2023-07-11|Eket,7989,2023-07-11,Eket,2023,low_ceiling_1000m,8257,Okuku Lepuole,7989.0,2023-08-12,2023.0,same_control_component_hazard_same_year_month_window,0.0,1.0,0.042222,0.118889,0.039444,-0.076667,-0.079445,0.002778,ok_control_day
4379|2023-07-09|Karadeniz Ereğli,4379,2023-07-09,Karadeniz Ereğli,2023,thunder_or_convective,858,Tekirdağ,4379.0,2022-06-27,2022.0,same_control_component_hazard_cross_year_month_window,1.0,1.0,2.066111,0.0,0.051111,2.066111,0.051111,2.015,ok_control_day
4379|2023-07-09|Karadeniz Ereğli,4379,2023-07-09,Karadeniz Ereğli,2023,thunder_or_convective,3459,Yalova,4379.0,2022-06-27,2022.0,same_control_component_hazard_cross_year_month_window,1.0,1.0,2.066111,0.982778,0.0,1.083333,-0.982778,2.066111,ok_control_day
4379|2023-07-09|Karadeniz Ereğli,4379,2023-07-09,Karadeniz Ereğli,2023,thunder_or_convective,5938,Dörtyol,,,,missing_control_day_donor,,,2.066111,0.0,,2.066111,,,missing_placebo_or_control_metric
4379|2023-04-27|Karadeniz Ereğli,4379,2023-04-27,Karadeniz Ereğli,2023,thunder_or_convective,858,Tekirdağ,4379.0,2021-04-05,2021.0,same_control_component_hazard_cross_year_month_window,2.0,0.0,1.011111,1.423333,0.001111,-0.412222,-1.422222,1.01,ok_control_day
4379|2023-04-27|Karadeniz Ereğli,4379,2023-04-27,Karadeniz Ereğli,2023,thunder_or_convective,3459,Yalova,4379.0,2021-04-05,2021.0,same_control_component_hazard_cross_year_month_window,2.0,0.0,1.011111,3.523333,0.238889,-2.512222,-3.284444,0.772222,ok_control_day
4379|2023-04-27|Karadeniz Ereğli,4379,2023-04-27,Karadeniz Ereğli,2023,thunder_or_convective,5938,Dörtyol,,,,missing_control_day_donor,,,1.011111,0.666111,,0.345,,,missing_placebo_or_control_metric
10954|2023-01-02|Giridih,10954,2023-01-02,Giridih,2023,low_vis_5km,10080,Siltara,10954.0,2023-01-17,2023.0,same_control_component_hazard_same_year_month_window,0.0,0.0,0.0,0.0,0.0,0.0,0.0,0.0,ok_control_day
10954|2023-01-02|Giridih,10954,2023-01-02,Giridih,2023,low_vis_5km,11398,Haringhata,10954.0,2023-01-17,2023.0,same_control_component_hazard_same_year_month_window,0.0,0.0,0.0,0.0,0.0,0.0,0.0,0.0,ok_control_day
10954|2023-01-02|Giridih,10954,2023-01-02,Giridih,2023,low_vis_5km,10060,Ranipet,10954.0,2023-01-17,2023.0,same_control_component_hazard_same_year_month_window,0.0,0.0,0.0,0.0,0.0,0.0,0.0,0.0,ok_control_day
10954|2023-01-17|Giridih,10954,2023-01-17,Giridih,2023,low_vis_5km,10080,Siltara,10954.0,2023-01-02,2023.0,same_control_component_hazard_same_year_month_window,0.0,0.0,0.0,0.0,0.0,0.0,0.0,0.0,ok_control_day
10954|2023-01-17|Giridih,10954,2023-01-17,Giridih,2023,low_vis_5km,11398,Haringhata,10954.0,2023-01-02,2023.0,same_control_component_hazard_same_year_month_window,0.0,0.0,0.0,0.0,0.0,0.0,0.0,0.0,ok_control_day
10954|2023-01-17|Giridih,10954,2023-01-17,Giridih,2023,low_vis_5km,10060,Ranipet,10954.0,2023-01-02,2023.0,same_control_component_hazard_same_year_month_window,0.0,0.0,0.0,0.0,0.0,0.0,0.0,0.0,ok_control_day
175|2023-09-12|Điện Biên Phủ,175,2023-09-12,Điện Biên Phủ,2023,thunder_or_convective,1739,Phúc Yên,175.0,2024-08-13,2024.0,same_control_component_hazard_cross_year_month_window,1.0,1.0,0.0,0.048889,4.174444,-0.048889,4.125555,-4.174444,ok_control_day
175|2023-09-12|Điện Biên Phủ,175,2023-09-12,Điện Biên Phủ,2023,thunder_or_convective,3097,Lạng Sơn,,,,missing_control_day_donor,,,0.0,2.579444,,-2.579444,,,missing_placebo_or_control_metric
175|2023-09-12|Điện Biên Phủ,175,2023-09-12,Điện Biên Phủ,2023,thunder_or_convective,3961,Uông Bí,175.0,2020-08-15,2020.0,same_control_component_hazard_cross_year_month_window,3.0,1.0,0.0,0.460556,0.010556,-0.460556,-0.45,-0.010556,ok_control_day
175|2023-04-26|Điện Biên Phủ,175,2023-04-26,Điện Biên Phủ,2023,low_ceiling_1000m,1739,Phúc Yên,,,,missing_control_day_donor,,,0.0,0.0,,0.0,,,missing_placebo_or_control_metric
175|2023-04-26|Điện Biên Phủ,175,2023-04-26,Điện Biên Phủ,2023,low_ceiling_1000m,3097,Lạng Sơn,,,,missing_control_day_donor,,,0.0,0.0,,0.0,,,missing_placebo_or_control_metric
175|2023-04-26|Điện Biên Phủ,175,2023-04-26,Điện Biên Phủ,2023,low_ceiling_1000m,3961,Uông Bí,,,,missing_control_day_donor,,,0.0,0.007778,,-0.007778,,,missing_placebo_or_control_metric
46|2023-01-18|Kamsar,46,2023-01-18,Kamsar,2023,low_vis_1km,2420,Boulogne-sur-Mer,,,,missing_control_day_donor,,,0.0,0.0,,0.0,,,missing_placebo_or_control_metric
46|2023-01-18|Kamsar,46,2023-01-18,Kamsar,2023,low_vis_1km,4599,Belfort,,,,missing_control_day_donor,,,0.0,0.0,,0.0,,,missing_placebo_or_control_metric
46|2023-01-18|Kamsar,46,2023-01-18,Kamsar,2023,low_vis_1km,3459,Yalova,,,,missing_control_day_donor,,,0.0,0.0,,0.0,,,missing_placebo_or_control_metric
46|2023-08-12|Kamsar,46,2023-08-12,Kamsar,2023,fog,2420,Boulogne-sur-Mer,,,,missing_control_day_donor,,,2.055,0.0,,2.055,,,missing_placebo_or_control_metric
46|2023-08-12|Kamsar,46,2023-08-12,Kamsar,2023,fog,4599,Belfort,,,,missing_control_day_donor,,,2.055,0.018333,,2.036667,,,missing_placebo_or_control_metric
46|2023-08-12|Kamsar,46,2023-08-12,Kamsar,2023,fog,3459,Yalova,,,,missing_control_day_donor,,,2.055,0.0,,2.055,,,missing_placebo_or_control_metric
10433|2023-12-05|Baishan,10433,2023-12-05,Baishan,2023,low_vis_5km,10025,Benxi,10433.0,2024-01-02,2024.0,same_control_component_hazard_cross_year_month_window,1.0,1.0,0.0,0.0,0.0,0.0,0.0,0.0,ok_control_day
10433|2023-12-05|Baishan,10433,2023-12-05,Baishan,2023,low_vis_5km,8903,Chengde,,,,missing_control_day_donor,,,0.0,0.0,,0.0,,,missing_placebo_or_control_metric
10433|2023-12-05|Baishan,10433,2023-12-05,Baishan,2023,low_vis_5km,9949,Qianjin,10433.0,2024-01-02,2024.0,same_control_component_hazard_cross_year_month_window,1.0,1.0,0.0,0.0,0.0,0.0,0.0,0.0,ok_control_day
10433|2023-02-17|Baishan,10433,2023-02-17,Baishan,2023,low_vis_5km,10025,Benxi,10433.0,2024-01-02,2024.0,same_control_component_hazard_cross_year_month_window,1.0,1.0,0.381111,0.0,0.0,0.381111,0.0,0.381111,ok_control_day
10433|2023-02-17|Baishan,10433,2023-02-17,Baishan,2023,low_vis_5km,8903,Chengde,,,,missing_control_day_donor,,,0.381111,0.0,,0.381111,,,missing_placebo_or_control_metric
10433|2023-02-17|Baishan,10433,2023-02-17,Baishan,2023,low_vis_5km,9949,Qianjin,10433.0,2024-01-02,2024.0,same_control_component_hazard_cross_year_month_window,1.0,1.0,0.381111,0.0,0.0,0.381111,0.0,0.381111,ok_control_day
7672|2023-01-04|Zigong,7672,2023-01-04,Zigong,2023,low_vis_5km,10851,Yangjiang,7672.0,2023-02-07,2023.0,same_control_component_hazard_same_year_month_window,0.0,1.0,0.0,0.0,0.0,0.0,0.0,0.0,ok_control_day
7672|2023-01-04|Zigong,7672,2023-01-04,Zigong,2023,low_vis_5km,9653,Ningming,7672.0,2023-02-07,2023.0,same_control_component_hazard_same_year_month_window,0.0,1.0,0.0,0.0,0.0,0.0,0.0,0.0,ok_control_day
7672|2023-01-04|Zigong,7672,2023-01-04,Zigong,2023,low_vis_5km,7775,Xingping,7672.0,2023-02-07,2023.0,same_control_component_hazard_same_year_month_window,0.0,1.0,0.0,0.029444,0.556667,-0.029444,0.527223,-0.556667,ok_control_day
7672|2023-02-07|Zigong,7672,2023-02-07,Zigong,2023,low_vis_5km,10851,Yangjiang,7672.0,2023-01-04,2023.0,same_control_component_hazard_same_year_month_window,0.0,1.0,0.0,0.0,0.0,0.0,0.0,0.0,ok_control_day
7672|2023-02-07|Zigong,7672,2023-02-07,Zigong,2023,low_vis_5km,9653,Ningming,7672.0,2023-01-04,2023.0,same_control_component_hazard_same_year_month_window,0.0,1.0,0.0,0.0,0.0,0.0,0.0,0.0,ok_control_day
7672|2023-02-07|Zigong,7672,2023-02-07,Zigong,2023,low_vis_5km,7775,Xingping,7672.0,2023-01-04,2023.0,same_control_component_hazard_same_year_month_window,0.0,1.0,0.0,0.556667,0.029444,-0.556667,-0.527223,-0.029444,ok_control_day
10936|2023-01-02|Phusro,10936,2023-01-02,Phusro,2023,low_vis_5km,10422,Jagdalpur,10936.0,2023-01-17,2023.0,same_control_component_hazard_same_year_month_window,0.0,0.0,0.0,0.0,0.0,0.0,0.0,0.0,ok_control_day
10936|2023-01-02|Phusro,10936,2023-01-02,Phusro,2023,low_vis_5km,7703,Alibag,10936.0,2023-01-17,2023.0,same_control_component_hazard_same_year_month_window,0.0,0.0,0.0,0.0,0.0,0.0,0.0,0.0,ok_control_day
10936|2023-01-02|Phusro,10936,2023-01-02,Phusro,2023,low_vis_5km,10228,Mangalagiri,10936.0,2023-01-17,2023.0,same_control_component_hazard_same_year_month_window,0.0,0.0,0.0,0.0,0.0,0.0,0.0,0.0,ok_control_day
10936|2023-01-17|Phusro,10936,2023-01-17,Phusro,2023,low_vis_5km,10422,Jagdalpur,10936.0,2023-01-02,2023.0,same_control_component_hazard_same_year_month_window,0.0,0.0,0.0,0.0,0.0,0.0,0.0,0.0,ok_control_day
10936|2023-01-17|Phusro,10936,2023-01-17,Phusro,2023,low_vis_5km,7703,Alibag,10936.0,2023-01-02,2023.0,same_control_component_hazard_same_year_month_window,0.0,0.0,0.0,0.0,0.0,0.0,0.0,0.0,ok_control_day
10936|2023-01-17|Phusro,10936,2023-01-17,Phusro,2023,low_vis_5km,10228,Mangalagiri,10936.0,2023-01-02,2023.0,same_control_component_hazard_same_year_month_window,0.0,0.0,0.0,0.0,0.0,0.0,0.0,0.0,ok_control_day
3795|2023-09-04|Francisco Beltrão,3795,2023-09-04,Francisco Beltrão,2023,gust_15ms,2872,Foz do Iguaçu,3795.0,2023-08-22,2023.0,same_control_component_hazard_same_year_month_window,0.0,1.0,0.0,0.936667,0.0,-0.936667,-0.936667,0.0,ok_control_day
3795|2023-09-04|Francisco Beltrão,3795,2023-09-04,Francisco Beltrão,2023,gust_15ms,6334,Lençóis Paulista,3795.0,2023-08-22,2023.0,same_control_component_hazard_same_year_month_window,0.0,1.0,0.0,0.001667,0.0,-0.001667,-0.001667,0.0,ok_control_day
3795|2023-09-04|Francisco Beltrão,3795,2023-09-04,Francisco Beltrão,2023,gust_15ms,7266,Amparo,3795.0,2023-08-22,2023.0,same_control_component_hazard_same_year_month_window,0.0,1.0,0.0,0.0,0.0,0.0,0.0,0.0,ok_control_day
3795|2023-08-22|Francisco Beltrão,3795,2023-08-22,Francisco Beltrão,2023,gust_15ms,2872,Foz do Iguaçu,3795.0,2023-09-04,2023.0,same_control_component_hazard_same_year_month_window,0.0,1.0,0.0,0.0,0.936667,0.0,0.936667,-0.936667,ok_control_day
3795|2023-08-22|Francisco Beltrão,3795,2023-08-22,Francisco Beltrão,2023,gust_15ms,6334,Lençóis Paulista,3795.0,2023-09-04,2023.0,same_control_component_hazard_same_year_month_window,0.0,1.0,0.0,0.0,0.001667,0.0,0.001667,-0.001667,ok_control_day
3795|2023-08-22|Francisco Beltrão,3795,2023-08-22,Francisco Beltrão,2023,gust_15ms,7266,Amparo,3795.0,2023-09-04,2023.0,same_control_component_hazard_same_year_month_window,0.0,1.0,0.0,0.0,0.0,0.0,0.0,0.0,ok_control_day
4263|2023-12-14|Rzeszów,4263,2023-12-14,Rzeszów,2023,low_ceiling_300m,3403,Bełchatów,4339.0,2024-12-28,2024.0,same_control_component_hazard_cross_year_month_window,1.0,0.0,0.0,0.0,0.0,0.0,0.0,0.0,ok_control_day
4263|2023-12-14|Rzeszów,4263,2023-12-14,Rzeszów,2023,low_ceiling_300m,1080,Słupsk,4339.0,2024-12-28,2024.0,same_control_component_hazard_cross_year_month_window,1.0,0.0,0.0,0.0,0.0,0.0,0.0,0.0,ok_control_day
4263|2023-12-14|Rzeszów,4263,2023-12-14,Rzeszów,2023,low_ceiling_300m,3939,Nowy Sącz,,,,missing_control_day_donor,,,0.0,0.0,,0.0,,,missing_placebo_or_control_metric
4263|2023-01-22|Rzeszów,4263,2023-01-22,Rzeszów,2023,low_ceiling_1000m,3403,Bełchatów,4339.0,2020-01-19,2020.0,same_control_component_hazard_cross_year_month_window,3.0,0.0,0.0,0.0,0.0,0.0,0.0,0.0,ok_control_day
4263|2023-01-22|Rzeszów,4263,2023-01-22,Rzeszów,2023,low_ceiling_1000m,1080,Słupsk,,,,missing_control_day_donor,,,0.0,0.0,,0.0,,,missing_placebo_or_control_metric
4263|2023-01-22|Rzeszów,4263,2023-01-22,Rzeszów,2023,low_ceiling_1000m,3939,Nowy Sącz,,,,missing_control_day_donor,,,0.0,0.0,,0.0,,,missing_placebo_or_control_metric
3944|2023-03-08|Belgorod,3944,2023-03-08,Belgorod,2023,fog,6031,Ulyanovsk,6403.0,2022-02-28,2022.0,same_control_component_hazard_cross_year_month_window,1.0,1.0,0.116111,0.0,0.0,0.116111,0.0,0.116111,ok_control_day
3944|2023-03-08|Belgorod,3944,2023-03-08,Belgorod,2023,fog,7378,Young Leninist,,,,missing_control_day_donor,,,0.116111,0.0,,0.116111,,,missing_placebo_or_control_metric
3944|2023-03-08|Belgorod,3944,2023-03-08,Belgorod,2023,fog,6191,Glazov,6403.0,2022-02-28,2022.0,same_control_component_hazard_cross_year_month_window,1.0,1.0,0.116111,0.0,0.0,0.116111,0.0,0.116111,ok_control_day
3944|2023-12-18|Belgorod,3944,2023-12-18,Belgorod,2023,low_vis_5km,6031,Ulyanovsk,3944.0,2024-12-24,2024.0,same_control_component_hazard_cross_year_month_window,1.0,0.0,0.0,0.0,0.0,0.0,0.0,0.0,ok_control_day
3944|2023-12-18|Belgorod,3944,2023-12-18,Belgorod,2023,low_vis_5km,7378,Young Leninist,3944.0,2024-12-24,2024.0,same_control_component_hazard_cross_year_month_window,1.0,0.0,0.0,0.0,0.0,0.0,0.0,0.0,ok_control_day
3944|2023-12-18|Belgorod,3944,2023-12-18,Belgorod,2023,low_vis_5km,6191,Glazov,,,,missing_control_day_donor,,,0.0,0.0,,0.0,,,missing_placebo_or_control_metric
8128|2023-03-20|Palu,8128,2023-03-20,Palu,2023,thunder_or_convective,5423,Pandeglang,,,,missing_control_day_donor,,,1.125556,0.737778,,0.387778,,,missing_placebo_or_control_metric
8128|2023-03-20|Palu,8128,2023-03-20,Palu,2023,thunder_or_convective,6605,Loning,,,,missing_control_day_donor,,,1.125556,3.442778,,-2.317222,,,missing_placebo_or_control_metric
8128|2023-03-20|Palu,8128,2023-03-20,Palu,2023,thunder_or_convective,1998,Lubuk Pakam,,,,missing_control_day_donor,,,1.125556,0.374444,,0.751112,,,missing_placebo_or_control_metric
8128|2023-05-31|Palu,8128,2023-05-31,Palu,2023,thunder_or_convective,5423,Pandeglang,8128.0,2022-05-25,2022.0,same_control_component_hazard_cross_year_month_window,1.0,0.0,0.0,0.0,0.415556,0.0,0.415556,-0.415556,ok_control_day
8128|2023-05-31|Palu,8128,2023-05-31,Palu,2023,thunder_or_convective,6605,Loning,8128.0,2022-05-25,2022.0,same_control_component_hazard_cross_year_month_window,1.0,0.0,0.0,0.0,0.340556,0.0,0.340556,-0.340556,ok_control_day
8128|2023-05-31|Palu,8128,2023-05-31,Palu,2023,thunder_or_convective,1998,Lubuk Pakam,8128.0,2022-05-25,2022.0,same_control_component_hazard_cross_year_month_window,1.0,0.0,0.0,0.0,2.065556,0.0,2.065556,-2.065556,ok_control_day
6403|2023-01-28|Nizhnekamsk,6403,2023-01-28,Nizhnekamsk,2023,fog,6031,Ulyanovsk,6403.0,2022-02-28,2022.0,same_control_component_hazard_cross_year_month_window,1.0,1.0,0.0,0.0,0.0,0.0,0.0,0.0,ok_control_day
6403|2023-01-28|Nizhnekamsk,6403,2023-01-28,Nizhnekamsk,2023,fog,6242,Dimitrovgrad,6403.0,2022-02-28,2022.0,same_control_component_hazard_cross_year_month_window,1.0,1.0,0.0,0.0,0.0,0.0,0.0,0.0,ok_control_day
6403|2023-01-28|Nizhnekamsk,6403,2023-01-28,Nizhnekamsk,2023,fog,6191,Glazov,6403.0,2022-02-28,2022.0,same_control_component_hazard_cross_year_month_window,1.0,1.0,0.0,0.0,0.0,0.0,0.0,0.0,ok_control_day
6403|2023-10-29|Nizhnekamsk,6403,2023-10-29,Nizhnekamsk,2023,low_ceiling_300m,6031,Ulyanovsk,,,,missing_control_day_donor,,,0.026667,0.0,,0.026667,,,missing_placebo_or_control_metric
6403|2023-10-29|Nizhnekamsk,6403,2023-10-29,Nizhnekamsk,2023,low_ceiling_300m,6242,Dimitrovgrad,,,,missing_control_day_donor,,,0.026667,0.449444,,-0.422777,,,missing_placebo_or_control_metric
6403|2023-10-29|Nizhnekamsk,6403,2023-10-29,Nizhnekamsk,2023,low_ceiling_300m,6191,Glazov,,,,missing_control_day_donor,,,0.026667,1.430556,,-1.403889,,,missing_placebo_or_control_metric
7884|2023-08-12|Abat,7884,2023-08-12,Abat,2023,low_ceiling_1000m,7233,Yangoji,7884.0,2023-07-11,2023.0,same_control_component_hazard_same_year_month_window,0.0,1.0,0.583333,0.001111,0.0,0.582222,-0.001111,0.583333,ok_control_day
7884|2023-08-12|Abat,7884,2023-08-12,Abat,2023,low_ceiling_1000m,7333,Maji,7884.0,2023-07-11,2023.0,same_control_component_hazard_same_year_month_window,0.0,1.0,0.583333,0.0,0.0,0.583333,0.0,0.583333,ok_control_day
7884|2023-08-12|Abat,7884,2023-08-12,Abat,2023,low_ceiling_1000m,8257,Okuku Lepuole,7884.0,2023-07-11,2023.0,same_control_component_hazard_same_year_month_window,0.0,1.0,0.583333,0.039444,0.118889,0.543889,0.079445,0.464444,ok_control_day
7884|2023-07-11|Abat,7884,2023-07-11,Abat,2023,low_ceiling_1000m,7233,Yangoji,7884.0,2023-08-12,2023.0,same_control_component_hazard_same_year_month_window,0.0,1.0,0.046667,0.0,0.001111,0.046667,0.001111,0.045556,ok_control_day
7884|2023-07-11|Abat,7884,2023-07-11,Abat,2023,low_ceiling_1000m,7333,Maji,7884.0,2023-08-12,2023.0,same_control_component_hazard_same_year_month_window,0.0,1.0,0.046667,0.0,0.0,0.046667,0.0,0.046667,ok_control_day
7884|2023-07-11|Abat,7884,2023-07-11,Abat,2023,low_ceiling_1000m,8257,Okuku Lepuole,7884.0,2023-08-12,2023.0,same_control_component_hazard_same_year_month_window,0.0,1.0,0.046667,0.118889,0.039444,-0.072222,-0.079445,0.007223,ok_control_day
56|2023-01-04|Brest,56,2023-01-04,Brest,2023,low_vis_5km,1585,Caen,56.0,2022-02-16,2022.0,same_control_component_hazard_cross_year_month_window,1.0,1.0,0.689444,0.0,0.050556,0.689444,0.050556,0.638888,ok_control_day
56|2023-01-04|Brest,56,2023-01-04,Brest,2023,low_vis_5km,544,Saint-Nazaire,56.0,2024-12-25,2024.0,same_control_component_hazard_cross_year_month_window,1.0,1.0,0.689444,0.992778,0.105,-0.303334,-0.887778,0.584444,ok_control_day
56|2023-01-04|Brest,56,2023-01-04,Brest,2023,low_vis_5km,944,Cherbourg-en-Cotentin,,,,missing_control_day_donor,,,0.689444,0.0,,0.689444,,,missing_placebo_or_control_metric
56|2023-07-31|Brest,56,2023-07-31,Brest,2023,low_vis_5km,1585,Caen,,,,missing_control_day_donor,,,2.048333,0.225556,,1.822777,,,missing_placebo_or_control_metric
56|2023-07-31|Brest,56,2023-07-31,Brest,2023,low_vis_5km,544,Saint-Nazaire,,,,missing_control_day_donor,,,2.048333,0.09,,1.958333,,,missing_placebo_or_control_metric
56|2023-07-31|Brest,56,2023-07-31,Brest,2023,low_vis_5km,944,Cherbourg-en-Cotentin,,,,missing_control_day_donor,,,2.048333,2.319444,,-0.271111,,,missing_placebo_or_control_metric
10210|2023-03-19|Neyveli Township,10210,2023-03-19,Neyveli Township,2023,low_vis_5km,9624,Palladam,,,,missing_control_day_donor,,,0.0,0.0,,0.0,,,missing_placebo_or_control_metric
10210|2023-03-19|Neyveli Township,10210,2023-03-19,Neyveli Township,2023,low_vis_5km,9614,Anchal,,,,missing_control_day_donor,,,0.0,0.0,,0.0,,,missing_placebo_or_control_metric
10210|2023-03-19|Neyveli Township,10210,2023-03-19,Neyveli Township,2023,low_vis_5km,10422,Jagdalpur,,,,missing_control_day_donor,,,0.0,0.0,,0.0,,,missing_placebo_or_control_metric
10210|2023-08-12|Neyveli Township,10210,2023-08-12,Neyveli Township,2023,low_vis_5km,9624,Palladam,,,,missing_control_day_donor,,,2.102222,0.0,,2.102222,,,missing_placebo_or_control_metric
10210|2023-08-12|Neyveli Township,10210,2023-08-12,Neyveli Township,2023,low_vis_5km,9614,Anchal,,,,missing_control_day_donor,,,2.102222,0.056111,,2.046111,,,missing_placebo_or_control_metric
10210|2023-08-12|Neyveli Township,10210,2023-08-12,Neyveli Township,2023,low_vis_5km,10422,Jagdalpur,10936.0,2024-07-05,2024.0,same_control_component_hazard_cross_year_month_window,1.0,1.0,2.102222,0.443333,0.111667,1.658889,-0.331666,1.990555,ok_control_day
8387|2023-08-31|Timika,8387,2023-08-31,Timika,2023,low_ceiling_1000m,5423,Pandeglang,8387.0,2023-09-06,2023.0,same_control_component_hazard_same_year_month_window,0.0,1.0,0.0,0.0,0.0,0.0,0.0,0.0,ok_control_day
8387|2023-08-31|Timika,8387,2023-08-31,Timika,2023,low_ceiling_1000m,6605,Loning,8387.0,2023-09-06,2023.0,same_control_component_hazard_same_year_month_window,0.0,1.0,0.0,0.0,0.0,0.0,0.0,0.0,ok_control_day
8387|2023-08-31|Timika,8387,2023-08-31,Timika,2023,low_ceiling_1000m,2463,Tebing Tinggi,8387.0,2023-09-06,2023.0,same_control_component_hazard_same_year_month_window,0.0,1.0,0.0,0.985556,0.0,-0.985556,-0.985556,0.0,ok_control_day
8387|2023-09-06|Timika,8387,2023-09-06,Timika,2023,low_ceiling_1000m,5423,Pandeglang,8387.0,2023-08-31,2023.0,same_control_component_hazard_same_year_month_window,0.0,1.0,8.503889,0.0,0.0,8.503889,0.0,8.503889,ok_control_day
8387|2023-09-06|Timika,8387,2023-09-06,Timika,2023,low_ceiling_1000m,6605,Loning,8387.0,2023-08-31,2023.0,same_control_component_hazard_same_year_month_window,0.0,1.0,8.503889,0.0,0.0,8.503889,0.0,8.503889,ok_control_day
8387|2023-09-06|Timika,8387,2023-09-06,Timika,2023,low_ceiling_1000m,2463,Tebing Tinggi,8387.0,2023-08-31,2023.0,same_control_component_hazard_same_year_month_window,0.0,1.0,8.503889,0.0,0.985556,8.503889,0.985556,7.518333,ok_control_day
4339|2023-01-23|Lublin,4339,2023-01-23,Lublin,2023,low_vis_5km,3403,Bełchatów,4339.0,2023-01-22,2023.0,same_control_component_hazard_same_year_month_window,0.0,0.0,0.0,0.0,0.0,0.0,0.0,0.0,ok_control_day
4339|2023-01-23|Lublin,4339,2023-01-23,Lublin,2023,low_vis_5km,1080,Słupsk,4339.0,2023-01-22,2023.0,same_control_component_hazard_same_year_month_window,0.0,0.0,0.0,0.0,0.0,0.0,0.0,0.0,ok_control_day
4339|2023-01-23|Lublin,4339,2023-01-23,Lublin,2023,low_vis_5km,4107,Mielec,4339.0,2023-01-22,2023.0,same_control_component_hazard_same_year_month_window,0.0,0.0,0.0,0.0,0.0,0.0,0.0,0.0,ok_control_day
4339|2023-01-22|Lublin,4339,2023-01-22,Lublin,2023,low_vis_5km,3403,Bełchatów,4339.0,2023-01-23,2023.0,same_control_component_hazard_same_year_month_window,0.0,0.0,0.0,0.0,0.0,0.0,0.0,0.0,ok_control_day
4339|2023-01-22|Lublin,4339,2023-01-22,Lublin,2023,low_vis_5km,1080,Słupsk,4339.0,2023-01-23,2023.0,same_control_component_hazard_same_year_month_window,0.0,0.0,0.0,0.0,0.0,0.0,0.0,0.0,ok_control_day
4339|2023-01-22|Lublin,4339,2023-01-22,Lublin,2023,low_vis_5km,4107,Mielec,4339.0,2023-01-23,2023.0,same_control_component_hazard_same_year_month_window,0.0,0.0,0.0,0.0,0.0,0.0,0.0,0.0,ok_control_day
3783|2023-12-29|Pangkalan Kerinci,3783,2023-12-29,Pangkalan Kerinci,2023,low_ceiling_1000m,2463,Tebing Tinggi,3783.0,2023-11-14,2023.0,same_control_component_hazard_same_year_month_window,0.0,1.0,4.277222,0.569444,0.0,3.707778,-0.569444,4.277222,ok_control_day
3783|2023-12-29|Pangkalan Kerinci,3783,2023-12-29,Pangkalan Kerinci,2023,low_ceiling_1000m,2237,Perbaungan,3783.0,2023-11-14,2023.0,same_control_component_hazard_same_year_month_window,0.0,1.0,4.277222,1.007778,0.022778,3.269444,-0.985,4.254444,ok_control_day
3783|2023-12-29|Pangkalan Kerinci,3783,2023-12-29,Pangkalan Kerinci,2023,low_ceiling_1000m,1998,Lubuk Pakam,3783.0,2023-11-14,2023.0,same_control_component_hazard_same_year_month_window,0.0,1.0,4.277222,0.983333,0.032222,3.293889,-0.951111,4.245,ok_control_day
3783|2023-11-14|Pangkalan Kerinci,3783,2023-11-14,Pangkalan Kerinci,2023,low_ceiling_1000m,2463,Tebing Tinggi,3783.0,2023-12-29,2023.0,same_control_component_hazard_same_year_month_window,0.0,1.0,0.0,0.0,0.569444,0.0,0.569444,-0.569444,ok_control_day
3783|2023-11-14|Pangkalan Kerinci,3783,2023-11-14,Pangkalan Kerinci,2023,low_ceiling_1000m,2237,Perbaungan,3783.0,2023-12-29,2023.0,same_control_component_hazard_same_year_month_window,0.0,1.0,0.0,0.022778,1.007778,-0.022778,0.985,-1.007778,ok_control_day
3783|2023-11-14|Pangkalan Kerinci,3783,2023-11-14,Pangkalan Kerinci,2023,low_ceiling_1000m,1998,Lubuk Pakam,3783.0,2023-12-29,2023.0,same_control_component_hazard_same_year_month_window,0.0,1.0,0.0,0.032222,0.983333,-0.032222,0.951111,-0.983333,ok_control_day
7982|2023-08-12|Arochukwu,7982,2023-08-12,Arochukwu,2023,low_ceiling_1000m,8269,Ogoja,7982.0,2023-07-11,2023.0,same_control_component_hazard_same_year_month_window,0.0,1.0,0.005,0.012778,0.107222,-0.007778,0.094444,-0.102222,ok_control_day
7982|2023-08-12|Arochukwu,7982,2023-08-12,Arochukwu,2023,low_ceiling_1000m,7333,Maji,7982.0,2023-07-11,2023.0,same_control_component_hazard_same_year_month_window,0.0,1.0,0.005,0.0,0.0,0.005,0.0,0.005,ok_control_day
7982|2023-08-12|Arochukwu,7982,2023-08-12,Arochukwu,2023,low_ceiling_1000m,8257,Okuku Lepuole,7982.0,2023-07-11,2023.0,same_control_component_hazard_same_year_month_window,0.0,1.0,0.005,0.039444,0.118889,-0.034444,0.079445,-0.113889,ok_control_day
7982|2023-07-11|Arochukwu,7982,2023-07-11,Arochukwu,2023,low_ceiling_1000m,8269,Ogoja,7982.0,2023-08-12,2023.0,same_control_component_hazard_same_year_month_window,0.0,1.0,0.013333,0.107222,0.012778,-0.093889,-0.094444,0.000555,ok_control_day
7982|2023-07-11|Arochukwu,7982,2023-07-11,Arochukwu,2023,low_ceiling_1000m,7333,Maji,7982.0,2023-08-12,2023.0,same_control_component_hazard_same_year_month_window,0.0,1.0,0.013333,0.0,0.0,0.013333,0.0,0.013333,ok_control_day
7982|2023-07-11|Arochukwu,7982,2023-07-11,Arochukwu,2023,low_ceiling_1000m,8257,Okuku Lepuole,7982.0,2023-08-12,2023.0,same_control_component_hazard_same_year_month_window,0.0,1.0,0.013333,0.118889,0.039444,-0.105556,-0.079445,-0.026111,ok_control_day
2617|2023-07-10|Río Cuarto,2617,2023-07-10,Río Cuarto,2023,low_vis_5km,4739,Puerto Iguazú,2617.0,2023-07-11,2023.0,same_control_component_hazard_same_year_month_window,0.0,0.0,0.0,0.820556,0.0,-0.820556,-0.820556,0.0,ok_control_day
2617|2023-07-10|Río Cuarto,2617,2023-07-10,Río Cuarto,2023,low_vis_5km,928,San Martín,2617.0,2023-07-11,2023.0,same_control_component_hazard_same_year_month_window,0.0,0.0,0.0,0.0,0.0,0.0,0.0,0.0,ok_control_day
2617|2023-07-10|Río Cuarto,2617,2023-07-10,Río Cuarto,2023,low_vis_5km,1761,San Rafael,2617.0,2023-07-11,2023.0,same_control_component_hazard_same_year_month_window,0.0,0.0,0.0,0.0,0.0,0.0,0.0,0.0,ok_control_day
2617|2023-07-11|Río Cuarto,2617,2023-07-11,Río Cuarto,2023,low_vis_5km,4739,Puerto Iguazú,2617.0,2023-07-10,2023.0,same_control_component_hazard_same_year_month_window,0.0,0.0,0.0,0.0,0.820556,0.0,0.820556,-0.820556,ok_control_day
2617|2023-07-11|Río Cuarto,2617,2023-07-11,Río Cuarto,2023,low_vis_5km,928,San Martín,2617.0,2023-07-10,2023.0,same_control_component_hazard_same_year_month_window,0.0,0.0,0.0,0.0,0.0,0.0,0.0,0.0,ok_control_day
2617|2023-07-11|Río Cuarto,2617,2023-07-11,Río Cuarto,2023,low_vis_5km,1761,San Rafael,2617.0,2023-07-10,2023.0,same_control_component_hazard_same_year_month_window,0.0,0.0,0.0,0.0,0.0,0.0,0.0,0.0,ok_control_day
4166|2023-04-13|Aungpan,4166,2023-04-13,Aungpan,2023,low_vis_5km,5151,Hlegu,2661.0,2020-05-31,2020.0,same_control_component_hazard_cross_year_month_window,3.0,1.0,0.0,0.03,0.006667,-0.03,-0.023333,-0.006667,ok_control_day
4166|2023-04-13|Aungpan,4166,2023-04-13,Aungpan,2023,low_vis_5km,2852,Kyaukse,2661.0,2020-05-31,2020.0,same_control_component_hazard_cross_year_month_window,3.0,1.0,0.0,0.0,0.0,0.0,0.0,0.0,ok_control_day
4166|2023-04-13|Aungpan,4166,2023-04-13,Aungpan,2023,low_vis_5km,1548,Pakokku,,,,missing_control_day_donor,,,0.0,0.0,,0.0,,,missing_placebo_or_control_metric
4166|2023-11-20|Aungpan,4166,2023-11-20,Aungpan,2023,low_vis_5km,5151,Hlegu,,,,missing_control_day_donor,,,0.003333,0.0,,0.003333,,,missing_placebo_or_control_metric
4166|2023-11-20|Aungpan,4166,2023-11-20,Aungpan,2023,low_vis_5km,2852,Kyaukse,,,,missing_control_day_donor,,,0.003333,0.0,,0.003333,,,missing_placebo_or_control_metric
4166|2023-11-20|Aungpan,4166,2023-11-20,Aungpan,2023,low_vis_5km,1548,Pakokku,,,,missing_control_day_donor,,,0.003333,0.0,,0.003333,,,missing_placebo_or_control_metric
6968|2023-09-22|Chakwal,6968,2023-09-22,Chakwal,2023,low_vis_5km,5564,Nowshera,6968.0,2023-09-16,2023.0,same_control_component_hazard_same_year_month_window,0.0,0.0,0.0,0.0,0.0,0.0,0.0,0.0,ok_control_day
6968|2023-09-22|Chakwal,6968,2023-09-22,Chakwal,2023,low_vis_5km,4931,Ameer Abad Kalay,6968.0,2023-09-16,2023.0,same_control_component_hazard_same_year_month_window,0.0,0.0,0.0,0.005556,0.0,-0.005556,-0.005556,0.0,ok_control_day
6968|2023-09-22|Chakwal,6968,2023-09-22,Chakwal,2023,low_vis_5km,7399,Mandi Bahauddin,6968.0,2023-09-16,2023.0,same_control_component_hazard_same_year_month_window,0.0,0.0,0.0,0.0,0.0,0.0,0.0,0.0,ok_control_day
6968|2023-09-16|Chakwal,6968,2023-09-16,Chakwal,2023,low_vis_5km,5564,Nowshera,6968.0,2023-09-22,2023.0,same_control_component_hazard_same_year_month_window,0.0,0.0,0.0,0.0,0.0,0.0,0.0,0.0,ok_control_day
6968|2023-09-16|Chakwal,6968,2023-09-16,Chakwal,2023,low_vis_5km,4931,Ameer Abad Kalay,6968.0,2023-09-22,2023.0,same_control_component_hazard_same_year_month_window,0.0,0.0,0.0,0.0,0.005556,0.0,0.005556,-0.005556,ok_control_day
6968|2023-09-16|Chakwal,6968,2023-09-16,Chakwal,2023,low_vis_5km,7399,Mandi Bahauddin,6968.0,2023-09-22,2023.0,same_control_component_hazard_same_year_month_window,0.0,0.0,0.0,0.0,0.0,0.0,0.0,0.0,ok_control_day
6511|2023-01-07|Kot Addu,6511,2023-01-07,Kot Addu,2023,low_vis_5km,6228,Layyah,6511.0,2022-12-23,2022.0,same_control_component_hazard_cross_year_month_window,1.0,1.0,0.0,0.003333,0.0,-0.003333,-0.003333,0.0,ok_control_day
6511|2023-01-07|Kot Addu,6511,2023-01-07,Kot Addu,2023,low_vis_5km,6841,Joharabad,6511.0,2022-12-23,2022.0,same_control_component_hazard_cross_year_month_window,1.0,1.0,0.0,0.0,0.0,0.0,0.0,0.0,ok_control_day
6511|2023-01-07|Kot Addu,6511,2023-01-07,Kot Addu,2023,low_vis_5km,7085,Sargodha,6511.0,2021-12-19,2021.0,same_control_component_hazard_cross_year_month_window,2.0,1.0,0.0,0.015556,0.0,-0.015556,-0.015556,0.0,ok_control_day
6511|2023-12-31|Kot Addu,6511,2023-12-31,Kot Addu,2023,fog,6228,Layyah,6511.0,2024-11-10,2024.0,same_control_component_hazard_cross_year_month_window,1.0,1.0,0.0,0.0,0.0,0.0,0.0,0.0,ok_control_day
6511|2023-12-31|Kot Addu,6511,2023-12-31,Kot Addu,2023,fog,6841,Joharabad,6511.0,2024-11-10,2024.0,same_control_component_hazard_cross_year_month_window,1.0,1.0,0.0,0.0,0.0,0.0,0.0,0.0,ok_control_day
6511|2023-12-31|Kot Addu,6511,2023-12-31,Kot Addu,2023,fog,7085,Sargodha,6511.0,2024-11-10,2024.0,same_control_component_hazard_cross_year_month_window,1.0,1.0,0.0,0.0,0.0,0.0,0.0,0.0,ok_control_day
7176|2023-12-30|Khewra,7176,2023-12-30,Khewra,2023,fog,7399,Mandi Bahauddin,,,,missing_control_day_donor,,,0.0,0.0,,0.0,,,missing_placebo_or_control_metric
7176|2023-12-30|Khewra,7176,2023-12-30,Khewra,2023,fog,5467,Amangarh,7176.0,2024-01-25,2024.0,same_control_component_hazard_cross_year_month_window,1.0,1.0,0.0,0.0,0.0,0.0,0.0,0.0,ok_control_day
7176|2023-12-30|Khewra,7176,2023-12-30,Khewra,2023,fog,6631,Badin,,,,missing_control_day_donor,,,0.0,0.0,,0.0,,,missing_placebo_or_control_metric
4225|2023-12-14|Stalowa Wola,4225,2023-12-14,Stalowa Wola,2023,low_ceiling_300m,3403,Bełchatów,4339.0,2024-12-28,2024.0,same_control_component_hazard_cross_year_month_window,1.0,0.0,0.0,0.0,0.0,0.0,0.0,0.0,ok_control_day
4225|2023-12-14|Stalowa Wola,4225,2023-12-14,Stalowa Wola,2023,low_ceiling_300m,1080,Słupsk,4339.0,2024-12-28,2024.0,same_control_component_hazard_cross_year_month_window,1.0,0.0,0.0,0.0,0.0,0.0,0.0,0.0,ok_control_day
4225|2023-12-14|Stalowa Wola,4225,2023-12-14,Stalowa Wola,2023,low_ceiling_300m,3349,Płock,4225.0,2021-12-15,2021.0,same_control_component_hazard_cross_year_month_window,2.0,0.0,0.0,0.0,0.0,0.0,0.0,0.0,ok_control_day
4225|2023-01-22|Stalowa Wola,4225,2023-01-22,Stalowa Wola,2023,low_ceiling_1000m,3403,Bełchatów,4339.0,2020-01-19,2020.0,same_control_component_hazard_cross_year_month_window,3.0,0.0,0.0,0.0,0.0,0.0,0.0,0.0,ok_control_day
4225|2023-01-22|Stalowa Wola,4225,2023-01-22,Stalowa Wola,2023,low_ceiling_1000m,1080,Słupsk,,,,missing_control_day_donor,,,0.0,0.0,,0.0,,,missing_placebo_or_control_metric
4225|2023-01-22|Stalowa Wola,4225,2023-01-22,Stalowa Wola,2023,low_ceiling_1000m,3349,Płock,,,,missing_control_day_donor,,,0.0,0.0,,0.0,,,missing_placebo_or_control_metric
6023|2023-11-27|Ciudad Valles,6023,2023-11-27,Ciudad Valles,2023,low_ceiling_1000m,5931,Tlaxcala,,,,missing_control_day_donor,,,0.053333,0.0,,0.053333,,,missing_placebo_or_control_metric
6023|2023-11-27|Ciudad Valles,6023,2023-11-27,Ciudad Valles,2023,low_ceiling_1000m,913,Tecate,,,,missing_control_day_donor,,,0.053333,0.0,,0.053333,,,missing_placebo_or_control_metric
6023|2023-11-27|Ciudad Valles,6023,2023-11-27,Ciudad Valles,2023,low_ceiling_1000m,5665,Los Reyes Acozac,,,,missing_control_day_donor,,,0.053333,0.0,,0.053333,,,missing_placebo_or_control_metric
6023|2023-11-20|Ciudad Valles,6023,2023-11-20,Ciudad Valles,2023,fog,5931,Tlaxcala,,,,missing_control_day_donor,,,0.0,0.0,,0.0,,,missing_placebo_or_control_metric
6023|2023-11-20|Ciudad Valles,6023,2023-11-20,Ciudad Valles,2023,fog,913,Tecate,357.0,2024-11-28,2024.0,same_control_component_hazard_cross_year_month_window,1.0,0.0,0.0,0.0,0.001667,0.0,0.001667,-0.001667,ok_control_day
6023|2023-11-20|Ciudad Valles,6023,2023-11-20,Ciudad Valles,2023,fog,5665,Los Reyes Acozac,,,,missing_control_day_donor,,,0.0,0.0,,0.0,,,missing_placebo_or_control_metric
1707|2023-08-27|Mutare,1707,2023-08-27,Mutare,2023,low_vis_5km,1098,Chinhoyi,1707.0,2024-09-22,2024.0,same_control_component_hazard_cross_year_month_window,1.0,1.0,0.0,0.0,0.0,0.0,0.0,0.0,ok_control_day
1707|2023-08-27|Mutare,1707,2023-08-27,Mutare,2023,low_vis_5km,117,Bulawayo,1707.0,2024-09-22,2024.0,same_control_component_hazard_cross_year_month_window,1.0,1.0,0.0,0.0,0.0,0.0,0.0,0.0,ok_control_day
1707|2023-08-27|Mutare,1707,2023-08-27,Mutare,2023,low_vis_5km,862,Kadoma,1707.0,2021-08-29,2021.0,same_control_component_hazard_cross_year_month_window,2.0,0.0,0.0,0.0,0.0,0.0,0.0,0.0,ok_control_day
1707|2023-09-13|Mutare,1707,2023-09-13,Mutare,2023,fog,1098,Chinhoyi,,,,missing_control_day_donor,,,0.0,0.0,,0.0,,,missing_placebo_or_control_metric
1707|2023-09-13|Mutare,1707,2023-09-13,Mutare,2023,fog,117,Bulawayo,,,,missing_control_day_donor,,,0.0,0.0,,0.0,,,missing_placebo_or_control_metric
1707|2023-09-13|Mutare,1707,2023-09-13,Mutare,2023,fog,862,Kadoma,,,,missing_control_day_donor,,,0.0,0.0,,0.0,,,missing_placebo_or_control_metric
6297|2023-01-07|Kishoreganj,6297,2023-01-07,Kishoreganj,2023,fog,6361,Kapashia,6297.0,2021-01-24,2021.0,same_control_component_hazard_cross_year_month_window,2.0,0.0,0.0,0.0,0.0,0.0,0.0,0.0,ok_control_day
6297|2023-01-07|Kishoreganj,6297,2023-01-07,Kishoreganj,2023,fog,5589,Kalihati,6297.0,2020-12-09,2020.0,same_control_component_hazard_cross_year_month_window,3.0,1.0,0.0,0.0,0.0,0.0,0.0,0.0,ok_control_day
6297|2023-01-07|Kishoreganj,6297,2023-01-07,Kishoreganj,2023,fog,5635,Noapara,,,,missing_control_day_donor,,,0.0,0.0,,0.0,,,missing_placebo_or_control_metric
6297|2023-01-08|Kishoreganj,6297,2023-01-08,Kishoreganj,2023,low_vis_5km,6361,Kapashia,6297.0,2024-01-17,2024.0,same_control_component_hazard_cross_year_month_window,1.0,0.0,0.0,0.0,0.0,0.0,0.0,0.0,ok_control_day
6297|2023-01-08|Kishoreganj,6297,2023-01-08,Kishoreganj,2023,low_vis_5km,5589,Kalihati,6297.0,2024-01-17,2024.0,same_control_component_hazard_cross_year_month_window,1.0,0.0,0.0,0.0,0.0,0.0,0.0,0.0,ok_control_day
6297|2023-01-08|Kishoreganj,6297,2023-01-08,Kishoreganj,2023,low_vis_5km,5635,Noapara,6297.0,2024-01-17,2024.0,same_control_component_hazard_cross_year_month_window,1.0,0.0,0.0,0.0,0.047222,0.0,0.047222,-0.047222,ok_control_day
2154|2023-12-27|Sammanturai,2154,2023-12-27,Sammanturai,2023,low_ceiling_1000m,768,Bandaragama,2233.0,2022-01-04,2022.0,same_control_component_hazard_cross_year_month_window,1.0,1.0,3.880556,0.197778,0.0,3.682778,-0.197778,3.880556,ok_control_day
2154|2023-12-27|Sammanturai,2154,2023-12-27,Sammanturai,2023,low_ceiling_1000m,335,Puttalam,2233.0,2022-01-04,2022.0,same_control_component_hazard_cross_year_month_window,1.0,1.0,3.880556,0.141667,0.0,3.738889,-0.141667,3.880556,ok_control_day
2154|2023-12-27|Sammanturai,2154,2023-12-27,Sammanturai,2023,low_ceiling_1000m,1132,Anuradhapura,2233.0,2022-01-04,2022.0,same_control_component_hazard_cross_year_month_window,1.0,1.0,3.880556,0.0,0.0,3.880556,0.0,3.880556,ok_control_day
2154|2023-02-20|Sammanturai,2154,2023-02-20,Sammanturai,2023,low_ceiling_1000m,768,Bandaragama,2233.0,2022-01-04,2022.0,same_control_component_hazard_cross_year_month_window,1.0,1.0,0.701667,2.392778,0.0,-1.691111,-2.392778,0.701667,ok_control_day
2154|2023-02-20|Sammanturai,2154,2023-02-20,Sammanturai,2023,low_ceiling_1000m,335,Puttalam,2233.0,2022-01-04,2022.0,same_control_component_hazard_cross_year_month_window,1.0,1.0,0.701667,0.0,0.0,0.701667,0.0,0.701667,ok_control_day
2154|2023-02-20|Sammanturai,2154,2023-02-20,Sammanturai,2023,low_ceiling_1000m,1132,Anuradhapura,2233.0,2022-01-04,2022.0,same_control_component_hazard_cross_year_month_window,1.0,1.0,0.701667,0.0,0.0,0.701667,0.0,0.701667,ok_control_day
2233|2023-12-27|Kalmunai,2233,2023-12-27,Kalmunai,2023,low_ceiling_1000m,768,Bandaragama,2233.0,2022-01-04,2022.0,same_control_component_hazard_cross_year_month_window,1.0,1.0,2.794444,0.197778,0.0,2.596666,-0.197778,2.794444,ok_control_day
2233|2023-12-27|Kalmunai,2233,2023-12-27,Kalmunai,2023,low_ceiling_1000m,335,Puttalam,2233.0,2022-01-04,2022.0,same_control_component_hazard_cross_year_month_window,1.0,1.0,2.794444,0.141667,0.0,2.652777,-0.141667,2.794444,ok_control_day
2233|2023-12-27|Kalmunai,2233,2023-12-27,Kalmunai,2023,low_ceiling_1000m,1132,Anuradhapura,2233.0,2022-01-04,2022.0,same_control_component_hazard_cross_year_month_window,1.0,1.0,2.794444,0.0,0.0,2.794444,0.0,2.794444,ok_control_day
2233|2023-02-20|Kalmunai,2233,2023-02-20,Kalmunai,2023,low_ceiling_1000m,768,Bandaragama,2233.0,2022-01-04,2022.0,same_control_component_hazard_cross_year_month_window,1.0,1.0,1.765556,2.392778,0.0,-0.627222,-2.392778,1.765556,ok_control_day
2233|2023-02-20|Kalmunai,2233,2023-02-20,Kalmunai,2023,low_ceiling_1000m,335,Puttalam,2233.0,2022-01-04,2022.0,same_control_component_hazard_cross_year_month_window,1.0,1.0,1.765556,0.0,0.0,1.765556,0.0,1.765556,ok_control_day
2233|2023-02-20|Kalmunai,2233,2023-02-20,Kalmunai,2023,low_ceiling_1000m,1132,Anuradhapura,2233.0,2022-01-04,2022.0,same_control_component_hazard_cross_year_month_window,1.0,1.0,1.765556,0.0,0.0,1.765556,0.0,1.765556,ok_control_day
6240|2023-10-09|Ar Riyaḑ,6240,2023-10-09,Ar Riyaḑ,2023,low_vis_5km,4343,Kafr Sarawa,,,,missing_control_day_donor,,,0.0,0.0,,0.0,,,missing_placebo_or_control_metric
6240|2023-10-09|Ar Riyaḑ,6240,2023-10-09,Ar Riyaḑ,2023,low_vis_5km,4457,Kafr Awn,,,,missing_control_day_donor,,,0.0,0.0,,0.0,,,missing_placebo_or_control_metric
6240|2023-10-09|Ar Riyaḑ,6240,2023-10-09,Ar Riyaḑ,2023,low_vis_5km,6011,Al Tallin,,,,missing_control_day_donor,,,0.0,0.0,,0.0,,,missing_placebo_or_control_metric
1553|2023-07-07|Sihanoukville,1553,2023-07-07,Sihanoukville,2023,strong_wind,1741,Phnom Penh,1553.0,2023-07-21,2023.0,same_control_component_hazard_same_year_month_window,0.0,0.0,0.0,0.226111,0.017222,-0.226111,-0.208889,-0.017222,ok_control_day
1553|2023-07-07|Sihanoukville,1553,2023-07-07,Sihanoukville,2023,strong_wind,7695,Uran,1553.0,2023-07-21,2023.0,same_control_component_hazard_same_year_month_window,0.0,0.0,0.0,13.187222,8.803333,-13.187222,-4.383889,-8.803333,ok_control_day
1553|2023-07-07|Sihanoukville,1553,2023-07-07,Sihanoukville,2023,strong_wind,489,Wennappuwa,1553.0,2023-07-21,2023.0,same_control_component_hazard_same_year_month_window,0.0,0.0,0.0,0.0,0.0,0.0,0.0,0.0,ok_control_day
1553|2023-07-21|Sihanoukville,1553,2023-07-21,Sihanoukville,2023,strong_wind,1741,Phnom Penh,1553.0,2023-07-07,2023.0,same_control_component_hazard_same_year_month_window,0.0,0.0,0.281111,0.017222,0.226111,0.263889,0.208889,0.055,ok_control_day
1553|2023-07-21|Sihanoukville,1553,2023-07-21,Sihanoukville,2023,strong_wind,7695,Uran,1553.0,2023-07-07,2023.0,same_control_component_hazard_same_year_month_window,0.0,0.0,0.281111,8.803333,13.187222,-8.522222,4.383889,-12.906111,ok_control_day
1553|2023-07-21|Sihanoukville,1553,2023-07-21,Sihanoukville,2023,strong_wind,489,Wennappuwa,1553.0,2023-07-07,2023.0,same_control_component_hazard_same_year_month_window,0.0,0.0,0.281111,0.0,0.0,0.281111,0.0,0.281111,ok_control_day
2875|2023-01-12|Talavera de la Reina,2875,2023-01-12,Talavera de la Reina,2023,low_vis_5km,3842,Guadalajara,2875.0,2023-01-13,2023.0,same_control_component_hazard_same_year_month_window,0.0,0.0,0.0,0.0,0.0,0.0,0.0,0.0,ok_control_day
2875|2023-01-12|Talavera de la Reina,2875,2023-01-12,Talavera de la Reina,2023,low_vis_5km,3752,Arganda del Rey,2875.0,2023-01-13,2023.0,same_control_component_hazard_same_year_month_window,0.0,0.0,0.0,0.0,0.0,0.0,0.0,0.0,ok_control_day
2875|2023-01-12|Talavera de la Reina,2875,2023-01-12,Talavera de la Reina,2023,low_vis_5km,4815,Igualada,2875.0,2023-01-13,2023.0,same_control_component_hazard_same_year_month_window,0.0,0.0,0.0,0.0,0.0,0.0,0.0,0.0,ok_control_day
2875|2023-01-13|Talavera de la Reina,2875,2023-01-13,Talavera de la Reina,2023,low_vis_5km,3842,Guadalajara,2875.0,2023-01-12,2023.0,same_control_component_hazard_same_year_month_window,0.0,0.0,0.0,0.0,0.0,0.0,0.0,0.0,ok_control_day
2875|2023-01-13|Talavera de la Reina,2875,2023-01-13,Talavera de la Reina,2023,low_vis_5km,3752,Arganda del Rey,2875.0,2023-01-12,2023.0,same_control_component_hazard_same_year_month_window,0.0,0.0,0.0,0.0,0.0,0.0,0.0,0.0,ok_control_day
2875|2023-01-13|Talavera de la Reina,2875,2023-01-13,Talavera de la Reina,2023,low_vis_5km,4815,Igualada,2875.0,2023-01-12,2023.0,same_control_component_hazard_same_year_month_window,0.0,0.0,0.0,0.0,0.0,0.0,0.0,0.0,ok_control_day
2073|2023-01-15|Baidehi,2073,2023-01-15,Baidehi,2023,low_vis_5km,1545,Pokhariya,2073.0,2023-01-10,2023.0,same_control_component_hazard_same_year_month_window,0.0,0.0,0.0,0.0,0.0,0.0,0.0,0.0,ok_control_day
2073|2023-01-15|Baidehi,2073,2023-01-15,Baidehi,2023,low_vis_5km,1993,Kalaiya,2073.0,2023-01-10,2023.0,same_control_component_hazard_same_year_month_window,0.0,0.0,0.0,0.0,0.0,0.0,0.0,0.0,ok_control_day
2073|2023-01-15|Baidehi,2073,2023-01-15,Baidehi,2023,low_vis_5km,1909,Simara,2073.0,2023-01-10,2023.0,same_control_component_hazard_same_year_month_window,0.0,0.0,0.0,0.0,0.0,0.0,0.0,0.0,ok_control_day
2073|2023-01-10|Baidehi,2073,2023-01-10,Baidehi,2023,low_vis_5km,1545,Pokhariya,2073.0,2023-01-15,2023.0,same_control_component_hazard_same_year_month_window,0.0,0.0,0.0,0.0,0.0,0.0,0.0,0.0,ok_control_day
2073|2023-01-10|Baidehi,2073,2023-01-10,Baidehi,2023,low_vis_5km,1993,Kalaiya,2073.0,2023-01-15,2023.0,same_control_component_hazard_same_year_month_window,0.0,0.0,0.0,0.0,0.0,0.0,0.0,0.0,ok_control_day
2073|2023-01-10|Baidehi,2073,2023-01-10,Baidehi,2023,low_vis_5km,1909,Simara,2073.0,2023-01-15,2023.0,same_control_component_hazard_same_year_month_window,0.0,0.0,0.0,0.0,0.0,0.0,0.0,0.0,ok_control_day
4942|2024-08-04|Celaya,4942,2024-08-04,Celaya,2024,low_ceiling_1000m,6696,Matamoros,4942.0,2024-07-29,2024.0,same_control_component_hazard_same_year_month_window,0.0,1.0,0.0,0.0,0.0,0.0,0.0,0.0,ok_control_day
4942|2024-08-04|Celaya,4942,2024-08-04,Celaya,2024,low_ceiling_1000m,4288,San Francisco del Rincón,4942.0,2024-07-29,2024.0,same_control_component_hazard_same_year_month_window,0.0,1.0,0.0,0.0,0.257778,0.0,0.257778,-0.257778,ok_control_day
4942|2024-08-04|Celaya,4942,2024-08-04,Celaya,2024,low_ceiling_1000m,4212,Aguascalientes,4942.0,2024-07-29,2024.0,same_control_component_hazard_same_year_month_window,0.0,1.0,0.0,0.0,0.0,0.0,0.0,0.0,ok_control_day
4942|2024-07-29|Celaya,4942,2024-07-29,Celaya,2024,low_ceiling_1000m,6696,Matamoros,4942.0,2024-08-04,2024.0,same_control_component_hazard_same_year_month_window,0.0,1.0,0.0,0.0,0.0,0.0,0.0,0.0,ok_control_day
4942|2024-07-29|Celaya,4942,2024-07-29,Celaya,2024,low_ceiling_1000m,4288,San Francisco del Rincón,4942.0,2024-08-04,2024.0,same_control_component_hazard_same_year_month_window,0.0,1.0,0.0,0.257778,0.0,-0.257778,-0.257778,0.0,ok_control_day
4942|2024-07-29|Celaya,4942,2024-07-29,Celaya,2024,low_ceiling_1000m,4212,Aguascalientes,4942.0,2024-08-04,2024.0,same_control_component_hazard_same_year_month_window,0.0,1.0,0.0,0.0,0.0,0.0,0.0,0.0,ok_control_day
4379|2024-10-01|Karadeniz Ereğli,4379,2024-10-01,Karadeniz Ereğli,2024,thunder_or_convective,858,Tekirdağ,,,,missing_control_day_donor,,,11.673889,0.0,,11.673889,,,missing_placebo_or_control_metric
4379|2024-10-01|Karadeniz Ereğli,4379,2024-10-01,Karadeniz Ereğli,2024,thunder_or_convective,3459,Yalova,,,,missing_control_day_donor,,,11.673889,0.116667,,11.557222,,,missing_placebo_or_control_metric
4379|2024-10-01|Karadeniz Ereğli,4379,2024-10-01,Karadeniz Ereğli,2024,thunder_or_convective,4341,Düzce,,,,missing_control_day_donor,,,11.673889,7.460556,,4.213333,,,missing_placebo_or_control_metric
4379|2024-11-15|Karadeniz Ereğli,4379,2024-11-15,Karadeniz Ereğli,2024,low_vis_5km,858,Tekirdağ,,,,missing_control_day_donor,,,0.145556,0.062778,,0.082778,,,missing_placebo_or_control_metric
4379|2024-11-15|Karadeniz Ereğli,4379,2024-11-15,Karadeniz Ereğli,2024,low_vis_5km,3459,Yalova,,,,missing_control_day_donor,,,0.145556,0.095556,,0.05,,,missing_placebo_or_control_metric
4379|2024-11-15|Karadeniz Ereğli,4379,2024-11-15,Karadeniz Ereğli,2024,low_vis_5km,4341,Düzce,,,,missing_control_day_donor,,,0.145556,0.014444,,0.131112,,,missing_placebo_or_control_metric
175|2024-08-12|Điện Biên Phủ,175,2024-08-12,Điện Biên Phủ,2024,low_ceiling_1000m,1739,Phúc Yên,,,,missing_control_day_donor,,,0.255556,0.232778,,0.022778,,,missing_placebo_or_control_metric
175|2024-08-12|Điện Biên Phủ,175,2024-08-12,Điện Biên Phủ,2024,low_ceiling_1000m,5153,Đức Hòa,,,,missing_control_day_donor,,,0.255556,1.194444,,-0.938888,,,missing_placebo_or_control_metric
175|2024-08-12|Điện Biên Phủ,175,2024-08-12,Điện Biên Phủ,2024,low_ceiling_1000m,1915,Quốc Oai,,,,missing_control_day_donor,,,0.255556,1.956667,,-1.701111,,,missing_placebo_or_control_metric
175|2024-08-13|Điện Biên Phủ,175,2024-08-13,Điện Biên Phủ,2024,thunder_or_convective,1739,Phúc Yên,175.0,2023-09-12,2023.0,same_control_component_hazard_cross_year_month_window,1.0,1.0,0.677222,4.174444,0.048889,-3.497222,-4.125555,0.628333,ok_control_day
175|2024-08-13|Điện Biên Phủ,175,2024-08-13,Điện Biên Phủ,2024,thunder_or_convective,5153,Đức Hòa,,,,missing_control_day_donor,,,0.677222,0.121667,,0.555555,,,missing_placebo_or_control_metric
175|2024-08-13|Điện Biên Phủ,175,2024-08-13,Điện Biên Phủ,2024,thunder_or_convective,1915,Quốc Oai,175.0,2021-07-28,2021.0,same_control_component_hazard_cross_year_month_window,3.0,1.0,0.677222,4.550556,1.123889,-3.873334,-3.426667,-0.446667,ok_control_day
10954|2024-07-05|Giridih,10954,2024-07-05,Giridih,2024,low_vis_5km,10132,Thanjavur,10840.0,2021-06-12,2021.0,same_control_component_hazard_cross_year_month_window,3.0,1.0,3.101111,0.411111,0.558889,2.69,0.147778,2.542222,ok_control_day
10954|2024-07-05|Giridih,10954,2024-07-05,Giridih,2024,low_vis_5km,10080,Siltara,,,,missing_control_day_donor,,,3.101111,0.009444,,3.091667,,,missing_placebo_or_control_metric
10954|2024-07-05|Giridih,10954,2024-07-05,Giridih,2024,low_vis_5km,11398,Haringhata,,,,missing_control_day_donor,,,3.101111,0.049444,,3.051667,,,missing_placebo_or_control_metric
10954|2024-01-18|Giridih,10954,2024-01-18,Giridih,2024,low_vis_5km,10132,Thanjavur,10954.0,2022-01-11,2022.0,same_control_component_hazard_cross_year_month_window,2.0,0.0,0.0,0.0,0.0,0.0,0.0,0.0,ok_control_day
10954|2024-01-18|Giridih,10954,2024-01-18,Giridih,2024,low_vis_5km,10080,Siltara,10954.0,2023-01-17,2023.0,same_control_component_hazard_cross_year_month_window,1.0,0.0,0.0,0.0,0.0,0.0,0.0,0.0,ok_control_day
10954|2024-01-18|Giridih,10954,2024-01-18,Giridih,2024,low_vis_5km,11398,Haringhata,10954.0,2023-01-17,2023.0,same_control_component_hazard_cross_year_month_window,1.0,0.0,0.0,0.839444,0.0,-0.839444,-0.839444,0.0,ok_control_day
7672|2024-12-22|Zigong,7672,2024-12-22,Zigong,2024,low_vis_5km,10851,Yangjiang,7672.0,2023-01-04,2023.0,same_control_component_hazard_cross_year_month_window,1.0,1.0,0.0,0.0,0.0,0.0,0.0,0.0,ok_control_day
7672|2024-12-22|Zigong,7672,2024-12-22,Zigong,2024,low_vis_5km,9653,Ningming,7672.0,2023-01-04,2023.0,same_control_component_hazard_cross_year_month_window,1.0,1.0,0.0,0.0,0.0,0.0,0.0,0.0,ok_control_day
7672|2024-12-22|Zigong,7672,2024-12-22,Zigong,2024,low_vis_5km,7775,Xingping,7672.0,2023-01-04,2023.0,same_control_component_hazard_cross_year_month_window,1.0,1.0,0.0,0.0,0.029444,0.0,0.029444,-0.029444,ok_control_day
7672|2024-05-02|Zigong,7672,2024-05-02,Zigong,2024,low_vis_5km,10851,Yangjiang,,,,missing_control_day_donor,,,0.692778,0.0,,0.692778,,,missing_placebo_or_control_metric
7672|2024-05-02|Zigong,7672,2024-05-02,Zigong,2024,low_vis_5km,9653,Ningming,,,,missing_control_day_donor,,,0.692778,0.097222,,0.595556,,,missing_placebo_or_control_metric
7672|2024-05-02|Zigong,7672,2024-05-02,Zigong,2024,low_vis_5km,7775,Xingping,,,,missing_control_day_donor,,,0.692778,0.69,,0.002778,,,missing_placebo_or_control_metric
46|2024-05-29|Kamsar,46,2024-05-29,Kamsar,2024,low_ceiling_1000m,4956,Azov,,,,missing_control_day_donor,,,0.119444,0.396667,,-0.277223,,,missing_placebo_or_control_metric
46|2024-05-29|Kamsar,46,2024-05-29,Kamsar,2024,low_ceiling_1000m,3459,Yalova,4379.0,2021-04-08,2021.0,same_control_component_hazard_cross_year_month_window,3.0,1.0,0.119444,0.0,0.070556,0.119444,0.070556,0.048888,ok_control_day
46|2024-05-29|Kamsar,46,2024-05-29,Kamsar,2024,low_ceiling_1000m,2420,Boulogne-sur-Mer,,,,missing_control_day_donor,,,0.119444,0.0,,0.119444,,,missing_placebo_or_control_metric
46|2024-08-29|Kamsar,46,2024-08-29,Kamsar,2024,low_ceiling_1000m,4956,Azov,,,,missing_control_day_donor,,,0.236111,0.0,,0.236111,,,missing_placebo_or_control_metric
46|2024-08-29|Kamsar,46,2024-08-29,Kamsar,2024,low_ceiling_1000m,3459,Yalova,4379.0,2020-07-08,2020.0,same_control_component_hazard_cross_year_month_window,4.0,1.0,0.236111,0.0,0.0,0.236111,0.0,0.236111,ok_control_day
46|2024-08-29|Kamsar,46,2024-08-29,Kamsar,2024,low_ceiling_1000m,2420,Boulogne-sur-Mer,,,,missing_control_day_donor,,,0.236111,0.0,,0.236111,,,missing_placebo_or_control_metric
10433|2024-01-02|Baishan,10433,2024-01-02,Baishan,2024,low_vis_5km,10025,Benxi,10433.0,2023-02-17,2023.0,same_control_component_hazard_cross_year_month_window,1.0,1.0,0.0,0.0,0.0,0.0,0.0,0.0,ok_control_day
10433|2024-01-02|Baishan,10433,2024-01-02,Baishan,2024,low_vis_5km,9949,Qianjin,10433.0,2023-02-17,2023.0,same_control_component_hazard_cross_year_month_window,1.0,1.0,0.0,0.0,0.0,0.0,0.0,0.0,ok_control_day
10433|2024-01-02|Baishan,10433,2024-01-02,Baishan,2024,low_vis_5km,9397,Hulan,,,,missing_control_day_donor,,,0.0,0.0,,0.0,,,missing_placebo_or_control_metric
10433|2024-03-22|Baishan,10433,2024-03-22,Baishan,2024,low_vis_5km,10025,Benxi,10433.0,2023-02-17,2023.0,same_control_component_hazard_cross_year_month_window,1.0,1.0,0.779444,0.0,0.0,0.779444,0.0,0.779444,ok_control_day
10433|2024-03-22|Baishan,10433,2024-03-22,Baishan,2024,low_vis_5km,9949,Qianjin,10433.0,2023-02-17,2023.0,same_control_component_hazard_cross_year_month_window,1.0,1.0,0.779444,0.0,0.0,0.779444,0.0,0.779444,ok_control_day
10433|2024-03-22|Baishan,10433,2024-03-22,Baishan,2024,low_vis_5km,9397,Hulan,,,,missing_control_day_donor,,,0.779444,0.0,,0.779444,,,missing_placebo_or_control_metric
3795|2024-06-14|Francisco Beltrão,3795,2024-06-14,Francisco Beltrão,2024,gust_15ms,2872,Foz do Iguaçu,3795.0,2021-06-24,2021.0,same_control_component_hazard_cross_year_month_window,3.0,0.0,0.0,0.0,2.533889,0.0,2.533889,-2.533889,ok_control_day
3795|2024-06-14|Francisco Beltrão,3795,2024-06-14,Francisco Beltrão,2024,gust_15ms,6334,Lençóis Paulista,3795.0,2021-06-24,2021.0,same_control_component_hazard_cross_year_month_window,3.0,0.0,0.0,0.0,0.0,0.0,0.0,0.0,ok_control_day
3795|2024-06-14|Francisco Beltrão,3795,2024-06-14,Francisco Beltrão,2024,gust_15ms,7266,Amparo,3795.0,2020-06-30,2020.0,same_control_component_hazard_cross_year_month_window,4.0,0.0,0.0,0.0,0.0,0.0,0.0,0.0,ok_control_day
3795|2024-01-09|Francisco Beltrão,3795,2024-01-09,Francisco Beltrão,2024,gust_15ms,2872,Foz do Iguaçu,3795.0,2020-12-03,2020.0,same_control_component_hazard_cross_year_month_window,4.0,1.0,0.0,0.0,10.052222,0.0,10.052222,-10.052222,ok_control_day
3795|2024-01-09|Francisco Beltrão,3795,2024-01-09,Francisco Beltrão,2024,gust_15ms,6334,Lençóis Paulista,3795.0,2020-12-03,2020.0,same_control_component_hazard_cross_year_month_window,4.0,1.0,0.0,0.0,0.028333,0.0,0.028333,-0.028333,ok_control_day
3795|2024-01-09|Francisco Beltrão,3795,2024-01-09,Francisco Beltrão,2024,gust_15ms,7266,Amparo,3795.0,2020-12-03,2020.0,same_control_component_hazard_cross_year_month_window,4.0,1.0,0.0,0.0,0.0,0.0,0.0,0.0,ok_control_day
10936|2024-07-05|Phusro,10936,2024-07-05,Phusro,2024,low_vis_5km,11100,Ghatsila,,,,missing_control_day_donor,,,0.263889,11.031667,,-10.767778,,,missing_placebo_or_control_metric
10936|2024-07-05|Phusro,10936,2024-07-05,Phusro,2024,low_vis_5km,10422,Jagdalpur,10210.0,2023-08-12,2023.0,same_control_component_hazard_cross_year_month_window,1.0,1.0,0.263889,0.111667,0.443333,0.152222,0.331666,-0.179444,ok_control_day
10936|2024-07-05|Phusro,10936,2024-07-05,Phusro,2024,low_vis_5km,11248,Bolpur,,,,missing_control_day_donor,,,0.263889,15.363333,,-15.099444,,,missing_placebo_or_control_metric
10936|2024-01-18|Phusro,10936,2024-01-18,Phusro,2024,low_vis_5km,11100,Ghatsila,,,,missing_control_day_donor,,,0.0,0.045556,,-0.045556,,,missing_placebo_or_control_metric
10936|2024-01-18|Phusro,10936,2024-01-18,Phusro,2024,low_vis_5km,10422,Jagdalpur,10936.0,2023-01-17,2023.0,same_control_component_hazard_cross_year_month_window,1.0,0.0,0.0,0.0,0.0,0.0,0.0,0.0,ok_control_day
10936|2024-01-18|Phusro,10936,2024-01-18,Phusro,2024,low_vis_5km,11248,Bolpur,,,,missing_control_day_donor,,,0.0,0.0,,0.0,,,missing_placebo_or_control_metric
11179|2024-02-09|Ruijin,11179,2024-02-09,Ruijin,2024,fog,10147,Huangpi,,,,missing_control_day_donor,,,0.0,0.0,,0.0,,,missing_placebo_or_control_metric
11179|2024-02-09|Ruijin,11179,2024-02-09,Ruijin,2024,fog,11511,Lishui,,,,missing_control_day_donor,,,0.0,0.0,,0.0,,,missing_placebo_or_control_metric
11179|2024-02-09|Ruijin,11179,2024-02-09,Ruijin,2024,fog,10233,Lingling,,,,missing_control_day_donor,,,0.0,0.0,,0.0,,,missing_placebo_or_control_metric
11179|2024-03-16|Ruijin,11179,2024-03-16,Ruijin,2024,low_vis_5km,10147,Huangpi,,,,missing_control_day_donor,,,0.0,0.096667,,-0.096667,,,missing_placebo_or_control_metric
11179|2024-03-16|Ruijin,11179,2024-03-16,Ruijin,2024,low_vis_5km,11511,Lishui,,,,missing_control_day_donor,,,0.0,0.0,,0.0,,,missing_placebo_or_control_metric
11179|2024-03-16|Ruijin,11179,2024-03-16,Ruijin,2024,low_vis_5km,10233,Lingling,,,,missing_control_day_donor,,,0.0,0.0,,0.0,,,missing_placebo_or_control_metric
8128|2024-10-26|Palu,8128,2024-10-26,Palu,2024,thunder_or_convective,2463,Tebing Tinggi,,,,missing_control_day_donor,,,3.662778,0.0,,3.662778,,,missing_placebo_or_control_metric
8128|2024-10-26|Palu,8128,2024-10-26,Palu,2024,thunder_or_convective,7797,Ubud,8128.0,2020-09-22,2020.0,same_control_component_hazard_cross_year_month_window,4.0,1.0,3.662778,0.0,0.0,3.662778,0.0,3.662778,ok_control_day
8128|2024-10-26|Palu,8128,2024-10-26,Palu,2024,thunder_or_convective,7895,Kecamatan Kopang,8128.0,2020-09-22,2020.0,same_control_component_hazard_cross_year_month_window,4.0,1.0,3.662778,0.0,0.0,3.662778,0.0,3.662778,ok_control_day
8128|2024-05-25|Palu,8128,2024-05-25,Palu,2024,thunder_or_convective,2463,Tebing Tinggi,8128.0,2021-04-30,2021.0,same_control_component_hazard_cross_year_month_window,3.0,1.0,6.603889,0.0,2.086667,6.603889,2.086667,4.517222,ok_control_day
8128|2024-05-25|Palu,8128,2024-05-25,Palu,2024,thunder_or_convective,7797,Ubud,8128.0,2021-04-30,2021.0,same_control_component_hazard_cross_year_month_window,3.0,1.0,6.603889,0.0,0.0,6.603889,0.0,6.603889,ok_control_day
8128|2024-05-25|Palu,8128,2024-05-25,Palu,2024,thunder_or_convective,7895,Kecamatan Kopang,8128.0,2021-04-30,2021.0,same_control_component_hazard_cross_year_month_window,3.0,1.0,6.603889,0.0,0.0,6.603889,0.0,6.603889,ok_control_day
4263|2024-11-11|Rzeszów,4263,2024-11-11,Rzeszów,2024,low_vis_5km,3895,Radom,,,,missing_control_day_donor,,,0.031667,0.0,,0.031667,,,missing_placebo_or_control_metric
4263|2024-11-11|Rzeszów,4263,2024-11-11,Rzeszów,2024,low_vis_5km,3403,Bełchatów,4339.0,2022-11-26,2022.0,same_control_component_hazard_cross_year_month_window,2.0,0.0,0.031667,0.0,0.0,0.031667,0.0,0.031667,ok_control_day
4263|2024-11-11|Rzeszów,4263,2024-11-11,Rzeszów,2024,low_vis_5km,3068,Częstochowa,,,,missing_control_day_donor,,,0.031667,0.0,,0.031667,,,missing_placebo_or_control_metric
4263|2024-12-02|Rzeszów,4263,2024-12-02,Rzeszów,2024,fog,3895,Radom,,,,missing_control_day_donor,,,0.001667,0.0,,0.001667,,,missing_placebo_or_control_metric
4263|2024-12-02|Rzeszów,4263,2024-12-02,Rzeszów,2024,fog,3403,Bełchatów,4225.0,2024-11-11,2024.0,same_control_component_hazard_same_year_month_window,0.0,1.0,0.001667,0.0,0.0,0.001667,0.0,0.001667,ok_control_day
4263|2024-12-02|Rzeszów,4263,2024-12-02,Rzeszów,2024,fog,3068,Częstochowa,4263.0,2020-11-09,2020.0,same_control_component_hazard_cross_year_month_window,4.0,1.0,0.001667,0.0,0.0,0.001667,0.0,0.001667,ok_control_day
3944|2024-12-24|Belgorod,3944,2024-12-24,Belgorod,2024,low_vis_5km,6031,Ulyanovsk,3944.0,2024-12-23,2024.0,same_control_component_hazard_same_year_month_window,0.0,0.0,0.0,0.0,0.0,0.0,0.0,0.0,ok_control_day
3944|2024-12-24|Belgorod,3944,2024-12-24,Belgorod,2024,low_vis_5km,7378,Young Leninist,3944.0,2024-12-23,2024.0,same_control_component_hazard_same_year_month_window,0.0,0.0,0.0,0.0,0.0,0.0,0.0,0.0,ok_control_day
3944|2024-12-24|Belgorod,3944,2024-12-24,Belgorod,2024,low_vis_5km,6673,Лобаново,3944.0,2024-12-23,2024.0,same_control_component_hazard_same_year_month_window,0.0,0.0,0.0,0.0,0.0,0.0,0.0,0.0,ok_control_day
3944|2024-12-23|Belgorod,3944,2024-12-23,Belgorod,2024,low_vis_5km,6031,Ulyanovsk,3944.0,2024-12-24,2024.0,same_control_component_hazard_same_year_month_window,0.0,0.0,0.0,0.0,0.0,0.0,0.0,0.0,ok_control_day
3944|2024-12-23|Belgorod,3944,2024-12-23,Belgorod,2024,low_vis_5km,7378,Young Leninist,3944.0,2024-12-24,2024.0,same_control_component_hazard_same_year_month_window,0.0,0.0,0.0,0.0,0.0,0.0,0.0,0.0,ok_control_day
3944|2024-12-23|Belgorod,3944,2024-12-23,Belgorod,2024,low_vis_5km,6673,Лобаново,3944.0,2024-12-24,2024.0,same_control_component_hazard_same_year_month_window,0.0,0.0,0.0,0.0,0.0,0.0,0.0,0.0,ok_control_day
8252|2024-01-28|Muzaffarnagar,8252,2024-01-28,Muzaffarnagar,2024,low_vis_5km,9140,Hardoi,8252.0,2024-01-03,2024.0,same_control_component_hazard_same_year_month_window,0.0,0.0,2.647222,1.911111,0.0,0.736111,-1.911111,2.647222,ok_control_day
8252|2024-01-28|Muzaffarnagar,8252,2024-01-28,Muzaffarnagar,2024,low_vis_5km,9218,Lakhimpur,8252.0,2024-01-03,2024.0,same_control_component_hazard_same_year_month_window,0.0,0.0,2.647222,0.061111,0.0,2.586111,-0.061111,2.647222,ok_control_day
8252|2024-01-28|Muzaffarnagar,8252,2024-01-28,Muzaffarnagar,2024,low_vis_5km,10462,Chhapra,8252.0,2024-01-03,2024.0,same_control_component_hazard_same_year_month_window,0.0,0.0,2.647222,0.125,0.0,2.522222,-0.125,2.647222,ok_control_day
8252|2024-01-03|Muzaffarnagar,8252,2024-01-03,Muzaffarnagar,2024,low_vis_5km,9140,Hardoi,8252.0,2024-01-28,2024.0,same_control_component_hazard_same_year_month_window,0.0,0.0,0.0,0.0,1.911111,0.0,1.911111,-1.911111,ok_control_day
8252|2024-01-03|Muzaffarnagar,8252,2024-01-03,Muzaffarnagar,2024,low_vis_5km,9218,Lakhimpur,8252.0,2024-01-28,2024.0,same_control_component_hazard_same_year_month_window,0.0,0.0,0.0,0.0,0.061111,0.0,0.061111,-0.061111,ok_control_day
8252|2024-01-03|Muzaffarnagar,8252,2024-01-03,Muzaffarnagar,2024,low_vis_5km,10462,Chhapra,8252.0,2024-01-28,2024.0,same_control_component_hazard_same_year_month_window,0.0,0.0,0.0,0.0,0.125,0.0,0.125,-0.125,ok_control_day
56|2024-12-25|Brest,56,2024-12-25,Brest,2024,low_vis_5km,544,Saint-Nazaire,56.0,2024-12-26,2024.0,same_control_component_hazard_same_year_month_window,0.0,0.0,0.032778,0.105,0.0,-0.072222,-0.105,0.032778,ok_control_day
56|2024-12-25|Brest,56,2024-12-25,Brest,2024,low_vis_5km,4336,Metz,56.0,2024-12-26,2024.0,same_control_component_hazard_same_year_month_window,0.0,0.0,0.032778,0.351111,0.0,-0.318333,-0.351111,0.032778,ok_control_day
56|2024-12-25|Brest,56,2024-12-25,Brest,2024,low_vis_5km,4412,Nancy,56.0,2024-12-26,2024.0,same_control_component_hazard_same_year_month_window,0.0,0.0,0.032778,0.119444,0.0,-0.086666,-0.119444,0.032778,ok_control_day
56|2024-12-26|Brest,56,2024-12-26,Brest,2024,low_vis_5km,544,Saint-Nazaire,56.0,2024-12-25,2024.0,same_control_component_hazard_same_year_month_window,0.0,0.0,0.0,0.0,0.105,0.0,0.105,-0.105,ok_control_day
56|2024-12-26|Brest,56,2024-12-26,Brest,2024,low_vis_5km,4336,Metz,56.0,2024-12-25,2024.0,same_control_component_hazard_same_year_month_window,0.0,0.0,0.0,0.0,0.351111,0.0,0.351111,-0.351111,ok_control_day
56|2024-12-26|Brest,56,2024-12-26,Brest,2024,low_vis_5km,4412,Nancy,56.0,2024-12-25,2024.0,same_control_component_hazard_same_year_month_window,0.0,0.0,0.0,0.0,0.119444,0.0,0.119444,-0.119444,ok_control_day
6403|2024-12-29|Nizhnekamsk,6403,2024-12-29,Nizhnekamsk,2024,low_ceiling_300m,6031,Ulyanovsk,,,,missing_control_day_donor,,,0.0,0.0,,0.0,,,missing_placebo_or_control_metric
6403|2024-12-29|Nizhnekamsk,6403,2024-12-29,Nizhnekamsk,2024,low_ceiling_300m,7378,Young Leninist,,,,missing_control_day_donor,,,0.0,0.0,,0.0,,,missing_placebo_or_control_metric
6403|2024-12-29|Nizhnekamsk,6403,2024-12-29,Nizhnekamsk,2024,low_ceiling_300m,6242,Dimitrovgrad,,,,missing_control_day_donor,,,0.0,0.0,,0.0,,,missing_placebo_or_control_metric
6403|2024-12-27|Nizhnekamsk,6403,2024-12-27,Nizhnekamsk,2024,low_ceiling_1000m,6031,Ulyanovsk,6403.0,2021-01-24,2021.0,same_control_component_hazard_cross_year_month_window,3.0,1.0,0.028333,0.353889,0.037778,-0.325556,-0.316111,-0.009445,ok_control_day
6403|2024-12-27|Nizhnekamsk,6403,2024-12-27,Nizhnekamsk,2024,low_ceiling_1000m,7378,Young Leninist,,,,missing_control_day_donor,,,0.028333,0.0,,0.028333,,,missing_placebo_or_control_metric
6403|2024-12-27|Nizhnekamsk,6403,2024-12-27,Nizhnekamsk,2024,low_ceiling_1000m,6242,Dimitrovgrad,6403.0,2021-01-24,2021.0,same_control_component_hazard_cross_year_month_window,3.0,1.0,0.028333,0.226111,0.0,-0.197778,-0.226111,0.028333,ok_control_day
2617|2024-08-21|Río Cuarto,2617,2024-08-21,Río Cuarto,2024,low_ceiling_300m,3443,Funes,,,,missing_control_day_donor,,,0.0,0.080556,,-0.080556,,,missing_placebo_or_control_metric
2617|2024-08-21|Río Cuarto,2617,2024-08-21,Río Cuarto,2024,low_ceiling_300m,4739,Puerto Iguazú,,,,missing_control_day_donor,,,0.0,0.052778,,-0.052778,,,missing_placebo_or_control_metric
2617|2024-08-21|Río Cuarto,2617,2024-08-21,Río Cuarto,2024,low_ceiling_300m,4775,Oberá,,,,missing_control_day_donor,,,0.0,0.0,,0.0,,,missing_placebo_or_control_metric
2617|2024-02-29|Río Cuarto,2617,2024-02-29,Río Cuarto,2024,low_ceiling_1000m,3443,Funes,,,,missing_control_day_donor,,,10.332778,0.0,,10.332778,,,missing_placebo_or_control_metric
2617|2024-02-29|Río Cuarto,2617,2024-02-29,Río Cuarto,2024,low_ceiling_1000m,4739,Puerto Iguazú,,,,missing_control_day_donor,,,10.332778,0.633889,,9.698889,,,missing_placebo_or_control_metric
2617|2024-02-29|Río Cuarto,2617,2024-02-29,Río Cuarto,2024,low_ceiling_1000m,4775,Oberá,,,,missing_control_day_donor,,,10.332778,0.0,,10.332778,,,missing_placebo_or_control_metric
8387|2024-12-21|Timika,8387,2024-12-21,Timika,2024,low_ceiling_1000m,2463,Tebing Tinggi,3783.0,2023-12-29,2023.0,same_control_component_hazard_cross_year_month_window,1.0,0.0,29.781667,1.260556,0.569444,28.521111,-0.691112,29.212223,ok_control_day
8387|2024-12-21|Timika,8387,2024-12-21,Timika,2024,low_ceiling_1000m,2237,Perbaungan,3783.0,2023-12-29,2023.0,same_control_component_hazard_cross_year_month_window,1.0,0.0,29.781667,0.275,1.007778,29.506667,0.732778,28.773889,ok_control_day
8387|2024-12-21|Timika,8387,2024-12-21,Timika,2024,low_ceiling_1000m,7888,Praya,8387.0,2021-01-09,2021.0,same_control_component_hazard_cross_year_month_window,3.0,1.0,29.781667,0.057222,1.871111,29.724445,1.813889,27.910556,ok_control_day
8387|2024-10-06|Timika,8387,2024-10-06,Timika,2024,low_ceiling_1000m,2463,Tebing Tinggi,3783.0,2023-11-14,2023.0,same_control_component_hazard_cross_year_month_window,1.0,1.0,5.850556,0.519444,0.0,5.331112,-0.519444,5.850556,ok_control_day
8387|2024-10-06|Timika,8387,2024-10-06,Timika,2024,low_ceiling_1000m,2237,Perbaungan,3783.0,2023-11-14,2023.0,same_control_component_hazard_cross_year_month_window,1.0,1.0,5.850556,0.261667,0.022778,5.588889,-0.238889,5.827778,ok_control_day
8387|2024-10-06|Timika,8387,2024-10-06,Timika,2024,low_ceiling_1000m,7888,Praya,,,,missing_control_day_donor,,,5.850556,0.0,,5.850556,,,missing_placebo_or_control_metric
3783|2024-08-16|Pangkalan Kerinci,3783,2024-08-16,Pangkalan Kerinci,2024,fog,2463,Tebing Tinggi,,,,missing_control_day_donor,,,1.002222,0.0,,1.002222,,,missing_placebo_or_control_metric
3783|2024-08-16|Pangkalan Kerinci,3783,2024-08-16,Pangkalan Kerinci,2024,fog,7818,Semarapura,,,,missing_control_day_donor,,,1.002222,0.0,,1.002222,,,missing_placebo_or_control_metric
3783|2024-08-16|Pangkalan Kerinci,3783,2024-08-16,Pangkalan Kerinci,2024,fog,2237,Perbaungan,,,,missing_control_day_donor,,,1.002222,0.0,,1.002222,,,missing_placebo_or_control_metric
3783|2024-02-07|Pangkalan Kerinci,3783,2024-02-07,Pangkalan Kerinci,2024,low_vis_5km,2463,Tebing Tinggi,,,,missing_control_day_donor,,,0.651667,0.0,,0.651667,,,missing_placebo_or_control_metric
3783|2024-02-07|Pangkalan Kerinci,3783,2024-02-07,Pangkalan Kerinci,2024,low_vis_5km,7818,Semarapura,,,,missing_control_day_donor,,,0.651667,0.096667,,0.555,,,missing_placebo_or_control_metric
3783|2024-02-07|Pangkalan Kerinci,3783,2024-02-07,Pangkalan Kerinci,2024,low_vis_5km,2237,Perbaungan,,,,missing_control_day_donor,,,0.651667,0.0,,0.651667,,,missing_placebo_or_control_metric
4339|2024-12-28|Lublin,4339,2024-12-28,Lublin,2024,low_ceiling_300m,3068,Częstochowa,4339.0,2024-12-29,2024.0,same_control_component_hazard_same_year_month_window,0.0,0.0,0.0,0.0,0.0,0.0,0.0,0.0,ok_control_day
4339|2024-12-28|Lublin,4339,2024-12-28,Lublin,2024,low_ceiling_300m,3403,Bełchatów,4339.0,2024-12-29,2024.0,same_control_component_hazard_same_year_month_window,0.0,0.0,0.0,0.0,0.0,0.0,0.0,0.0,ok_control_day
4339|2024-12-28|Lublin,4339,2024-12-28,Lublin,2024,low_ceiling_300m,1080,Słupsk,4339.0,2024-12-29,2024.0,same_control_component_hazard_same_year_month_window,0.0,0.0,0.0,0.0,0.349444,0.0,0.349444,-0.349444,ok_control_day
4339|2024-12-29|Lublin,4339,2024-12-29,Lublin,2024,low_ceiling_300m,3068,Częstochowa,4339.0,2024-12-28,2024.0,same_control_component_hazard_same_year_month_window,0.0,0.0,0.0,0.0,0.0,0.0,0.0,0.0,ok_control_day
4339|2024-12-29|Lublin,4339,2024-12-29,Lublin,2024,low_ceiling_300m,3403,Bełchatów,4339.0,2024-12-28,2024.0,same_control_component_hazard_same_year_month_window,0.0,0.0,0.0,0.0,0.0,0.0,0.0,0.0,ok_control_day
4339|2024-12-29|Lublin,4339,2024-12-29,Lublin,2024,low_ceiling_300m,1080,Słupsk,4339.0,2024-12-28,2024.0,same_control_component_hazard_same_year_month_window,0.0,0.0,0.0,0.349444,0.0,-0.349444,-0.349444,0.0,ok_control_day
4166|2024-09-11|Aungpan,4166,2024-09-11,Aungpan,2024,low_vis_1km,5151,Hlegu,4166.0,2024-09-10,2024.0,same_control_component_hazard_same_year_month_window,0.0,0.0,2.551111,0.703333,7.333333,1.847778,6.63,-4.782222,ok_control_day
4166|2024-09-11|Aungpan,4166,2024-09-11,Aungpan,2024,low_vis_1km,2852,Kyaukse,4166.0,2024-09-10,2024.0,same_control_component_hazard_same_year_month_window,0.0,0.0,2.551111,1.374444,8.945,1.176667,7.570556,-6.393889,ok_control_day
4166|2024-09-11|Aungpan,4166,2024-09-11,Aungpan,2024,low_vis_1km,1548,Pakokku,4166.0,2024-09-10,2024.0,same_control_component_hazard_same_year_month_window,0.0,0.0,2.551111,3.180556,1.687778,-0.629445,-1.492778,0.863333,ok_control_day
4166|2024-09-10|Aungpan,4166,2024-09-10,Aungpan,2024,low_vis_1km,5151,Hlegu,4166.0,2024-09-11,2024.0,same_control_component_hazard_same_year_month_window,0.0,0.0,2.676111,7.333333,0.703333,-4.657222,-6.63,1.972778,ok_control_day
4166|2024-09-10|Aungpan,4166,2024-09-10,Aungpan,2024,low_vis_1km,2852,Kyaukse,4166.0,2024-09-11,2024.0,same_control_component_hazard_same_year_month_window,0.0,0.0,2.676111,8.945,1.374444,-6.268889,-7.570556,1.301667,ok_control_day
4166|2024-09-10|Aungpan,4166,2024-09-10,Aungpan,2024,low_vis_1km,1548,Pakokku,4166.0,2024-09-11,2024.0,same_control_component_hazard_same_year_month_window,0.0,0.0,2.676111,1.687778,3.180556,0.988333,1.492778,-0.504445,ok_control_day
6968|2024-03-02|Chakwal,6968,2024-03-02,Chakwal,2024,low_vis_5km,5564,Nowshera,6968.0,2024-04-26,2024.0,same_control_component_hazard_same_year_month_window,0.0,1.0,0.121111,0.733889,0.67,-0.612778,-0.063889,-0.548889,ok_control_day
6968|2024-03-02|Chakwal,6968,2024-03-02,Chakwal,2024,low_vis_5km,4866,Kohat,6968.0,2024-04-26,2024.0,same_control_component_hazard_same_year_month_window,0.0,1.0,0.121111,0.743889,0.941111,-0.622778,0.197222,-0.82,ok_control_day
6968|2024-03-02|Chakwal,6968,2024-03-02,Chakwal,2024,low_vis_5km,5467,Amangarh,6968.0,2024-04-26,2024.0,same_control_component_hazard_same_year_month_window,0.0,1.0,0.121111,1.801667,0.915556,-1.680556,-0.886111,-0.794445,ok_control_day
6968|2024-04-26|Chakwal,6968,2024-04-26,Chakwal,2024,low_vis_5km,5564,Nowshera,6968.0,2024-03-02,2024.0,same_control_component_hazard_same_year_month_window,0.0,1.0,0.732222,0.67,0.733889,0.062222,0.063889,-0.001667,ok_control_day
6968|2024-04-26|Chakwal,6968,2024-04-26,Chakwal,2024,low_vis_5km,4866,Kohat,6968.0,2024-03-02,2024.0,same_control_component_hazard_same_year_month_window,0.0,1.0,0.732222,0.941111,0.743889,-0.208889,-0.197222,-0.011667,ok_control_day
6968|2024-04-26|Chakwal,6968,2024-04-26,Chakwal,2024,low_vis_5km,5467,Amangarh,6968.0,2024-03-02,2024.0,same_control_component_hazard_same_year_month_window,0.0,1.0,0.732222,0.915556,1.801667,-0.183334,0.886111,-1.069445,ok_control_day
2661|2024-08-28|Mogok,2661,2024-08-28,Mogok,2024,low_vis_5km,2852,Kyaukse,,,,missing_control_day_donor,,,0.0,0.0,,0.0,,,missing_placebo_or_control_metric
2661|2024-08-28|Mogok,2661,2024-08-28,Mogok,2024,low_vis_5km,4205,Za Lun,,,,missing_control_day_donor,,,0.0,0.02,,-0.02,,,missing_placebo_or_control_metric
2661|2024-08-28|Mogok,2661,2024-08-28,Mogok,2024,low_vis_5km,4903,Myaungtagar,,,,missing_control_day_donor,,,0.0,0.188889,,-0.188889,,,missing_placebo_or_control_metric
357|2024-11-28|Ensenada,357,2024-11-28,Ensenada,2024,fog,5,Rosarito,357.0,2021-11-04,2021.0,same_control_component_hazard_cross_year_month_window,3.0,0.0,0.0,0.0,0.0,0.0,0.0,0.0,ok_control_day
357|2024-11-28|Ensenada,357,2024-11-28,Ensenada,2024,fog,5772,Santa Matilde,,,,missing_control_day_donor,,,0.0,0.0,,0.0,,,missing_placebo_or_control_metric
357|2024-11-28|Ensenada,357,2024-11-28,Ensenada,2024,fog,913,Tecate,6023.0,2023-11-20,2023.0,same_control_component_hazard_cross_year_month_window,1.0,0.0,0.0,0.001667,0.0,-0.001667,-0.001667,0.0,ok_control_day
357|2024-04-11|Ensenada,357,2024-04-11,Ensenada,2024,fog,5,Rosarito,,,,missing_control_day_donor,,,0.0,0.0,,0.0,,,missing_placebo_or_control_metric
357|2024-04-11|Ensenada,357,2024-04-11,Ensenada,2024,fog,5772,Santa Matilde,,,,missing_control_day_donor,,,0.0,0.0,,0.0,,,missing_placebo_or_control_metric
357|2024-04-11|Ensenada,357,2024-04-11,Ensenada,2024,fog,913,Tecate,,,,missing_control_day_donor,,,0.0,0.0,,0.0,,,missing_placebo_or_control_metric
7176|2024-01-25|Khewra,7176,2024-01-25,Khewra,2024,fog,5467,Amangarh,7176.0,2023-12-30,2023.0,same_control_component_hazard_cross_year_month_window,1.0,1.0,0.0,0.0,0.0,0.0,0.0,0.0,ok_control_day
7176|2024-01-25|Khewra,7176,2024-01-25,Khewra,2024,fog,5633,Jamshoro,,,,missing_control_day_donor,,,0.0,0.0,,0.0,,,missing_placebo_or_control_metric
7176|2024-01-25|Khewra,7176,2024-01-25,Khewra,2024,fog,7997,Chawinda,,,,missing_control_day_donor,,,0.0,0.0,,0.0,,,missing_placebo_or_control_metric
7176|2024-03-02|Khewra,7176,2024-03-02,Khewra,2024,low_vis_1km,5467,Amangarh,,,,missing_control_day_donor,,,0.008889,1.801667,,-1.792778,,,missing_placebo_or_control_metric
7176|2024-03-02|Khewra,7176,2024-03-02,Khewra,2024,low_vis_1km,5633,Jamshoro,,,,missing_control_day_donor,,,0.008889,0.0,,0.008889,,,missing_placebo_or_control_metric
7176|2024-03-02|Khewra,7176,2024-03-02,Khewra,2024,low_vis_1km,7997,Chawinda,,,,missing_control_day_donor,,,0.008889,2.368889,,-2.36,,,missing_placebo_or_control_metric
6511|2024-11-10|Kot Addu,6511,2024-11-10,Kot Addu,2024,fog,6228,Layyah,6511.0,2023-12-31,2023.0,same_control_component_hazard_cross_year_month_window,1.0,1.0,0.0,0.0,0.0,0.0,0.0,0.0,ok_control_day
6511|2024-11-10|Kot Addu,6511,2024-11-10,Kot Addu,2024,fog,6841,Joharabad,6511.0,2023-12-31,2023.0,same_control_component_hazard_cross_year_month_window,1.0,1.0,0.0,0.0,0.0,0.0,0.0,0.0,ok_control_day
6511|2024-11-10|Kot Addu,6511,2024-11-10,Kot Addu,2024,fog,7085,Sargodha,6511.0,2023-12-31,2023.0,same_control_component_hazard_cross_year_month_window,1.0,1.0,0.0,0.0,0.0,0.0,0.0,0.0,ok_control_day
6511|2024-11-11|Kot Addu,6511,2024-11-11,Kot Addu,2024,low_vis_5km,6228,Layyah,6511.0,2022-12-23,2022.0,same_control_component_hazard_cross_year_month_window,2.0,1.0,0.0,0.0,0.0,0.0,0.0,0.0,ok_control_day
6511|2024-11-11|Kot Addu,6511,2024-11-11,Kot Addu,2024,low_vis_5km,6841,Joharabad,6511.0,2022-12-23,2022.0,same_control_component_hazard_cross_year_month_window,2.0,1.0,0.0,0.0,0.0,0.0,0.0,0.0,ok_control_day
6511|2024-11-11|Kot Addu,6511,2024-11-11,Kot Addu,2024,low_vis_5km,7085,Sargodha,6511.0,2021-12-19,2021.0,same_control_component_hazard_cross_year_month_window,3.0,1.0,0.0,0.0,0.0,0.0,0.0,0.0,ok_control_day
4225|2024-11-11|Stalowa Wola,4225,2024-11-11,Stalowa Wola,2024,fog,3403,Bełchatów,4225.0,2024-12-02,2024.0,same_control_component_hazard_same_year_month_window,0.0,1.0,0.0,0.0,0.0,0.0,0.0,0.0,ok_control_day
4225|2024-11-11|Stalowa Wola,4225,2024-11-11,Stalowa Wola,2024,fog,3349,Płock,4225.0,2024-12-02,2024.0,same_control_component_hazard_same_year_month_window,0.0,1.0,0.0,0.0,0.0,0.0,0.0,0.0,ok_control_day
4225|2024-11-11|Stalowa Wola,4225,2024-11-11,Stalowa Wola,2024,fog,1080,Słupsk,4225.0,2024-12-02,2024.0,same_control_component_hazard_same_year_month_window,0.0,1.0,0.0,0.0,0.0,0.0,0.0,0.0,ok_control_day
4225|2024-12-02|Stalowa Wola,4225,2024-12-02,Stalowa Wola,2024,fog,3403,Bełchatów,4225.0,2024-11-11,2024.0,same_control_component_hazard_same_year_month_window,0.0,1.0,0.0,0.0,0.0,0.0,0.0,0.0,ok_control_day
4225|2024-12-02|Stalowa Wola,4225,2024-12-02,Stalowa Wola,2024,fog,3349,Płock,4225.0,2024-11-11,2024.0,same_control_component_hazard_same_year_month_window,0.0,1.0,0.0,0.0,0.0,0.0,0.0,0.0,ok_control_day
4225|2024-12-02|Stalowa Wola,4225,2024-12-02,Stalowa Wola,2024,fog,1080,Słupsk,4225.0,2024-11-11,2024.0,same_control_component_hazard_same_year_month_window,0.0,1.0,0.0,0.0,0.0,0.0,0.0,0.0,ok_control_day
1707|2024-09-22|Mutare,1707,2024-09-22,Mutare,2024,low_vis_5km,1615,Marondera,,,,missing_control_day_donor,,,0.0,0.0,,0.0,,,missing_placebo_or_control_metric
1707|2024-09-22|Mutare,1707,2024-09-22,Mutare,2024,low_vis_5km,1098,Chinhoyi,1707.0,2023-08-27,2023.0,same_control_component_hazard_cross_year_month_window,1.0,1.0,0.0,0.0,0.0,0.0,0.0,0.0,ok_control_day
1707|2024-09-22|Mutare,1707,2024-09-22,Mutare,2024,low_vis_5km,117,Bulawayo,1707.0,2023-08-27,2023.0,same_control_component_hazard_cross_year_month_window,1.0,1.0,0.0,0.0,0.0,0.0,0.0,0.0,ok_control_day
1707|2024-11-29|Mutare,1707,2024-11-29,Mutare,2024,low_ceiling_300m,1615,Marondera,,,,missing_control_day_donor,,,0.0,0.0,,0.0,,,missing_placebo_or_control_metric
1707|2024-11-29|Mutare,1707,2024-11-29,Mutare,2024,low_ceiling_300m,1098,Chinhoyi,,,,missing_control_day_donor,,,0.0,0.115556,,-0.115556,,,missing_placebo_or_control_metric
1707|2024-11-29|Mutare,1707,2024-11-29,Mutare,2024,low_ceiling_300m,117,Bulawayo,,,,missing_control_day_donor,,,0.0,0.0,,0.0,,,missing_placebo_or_control_metric
2835|2024-01-17|Manbij,2835,2024-01-17,Manbij,2024,low_vis_5km,2644,Salamiyah,2835.0,2022-01-23,2022.0,same_control_component_hazard_cross_year_month_window,2.0,0.0,0.838889,0.0,0.316111,0.838889,0.316111,0.522778,ok_control_day
2835|2024-01-17|Manbij,2835,2024-01-17,Manbij,2024,low_vis_5km,2368,Al-Rastan,2835.0,2022-01-23,2022.0,same_control_component_hazard_cross_year_month_window,2.0,0.0,0.838889,0.0,0.0,0.838889,0.0,0.838889,ok_control_day
2835|2024-01-17|Manbij,2835,2024-01-17,Manbij,2024,low_vis_5km,1524,Jdaydet Artooz,2835.0,2022-01-23,2022.0,same_control_component_hazard_cross_year_month_window,2.0,0.0,0.838889,2.065,0.808333,-1.226111,-1.256667,0.030556,ok_control_day
2835|2024-01-04|Manbij,2835,2024-01-04,Manbij,2024,low_ceiling_1000m,2644,Salamiyah,2835.0,2021-01-16,2021.0,same_control_component_hazard_cross_year_month_window,3.0,0.0,0.0,0.165556,0.0,-0.165556,-0.165556,0.0,ok_control_day
2835|2024-01-04|Manbij,2835,2024-01-04,Manbij,2024,low_ceiling_1000m,2368,Al-Rastan,2835.0,2021-01-16,2021.0,same_control_component_hazard_cross_year_month_window,3.0,0.0,0.0,0.478889,0.0,-0.478889,-0.478889,0.0,ok_control_day
2835|2024-01-04|Manbij,2835,2024-01-04,Manbij,2024,low_ceiling_1000m,1524,Jdaydet Artooz,2835.0,2021-01-16,2021.0,same_control_component_hazard_cross_year_month_window,3.0,0.0,0.0,0.0,0.0,0.0,0.0,0.0,ok_control_day
6297|2024-01-17|Kishoreganj,6297,2024-01-17,Kishoreganj,2024,low_vis_5km,6361,Kapashia,6297.0,2024-01-05,2024.0,same_control_component_hazard_same_year_month_window,0.0,0.0,0.0,0.0,0.0,0.0,0.0,0.0,ok_control_day
6297|2024-01-17|Kishoreganj,6297,2024-01-17,Kishoreganj,2024,low_vis_5km,5635,Noapara,6297.0,2024-01-05,2024.0,same_control_component_hazard_same_year_month_window,0.0,0.0,0.0,0.047222,0.0,-0.047222,-0.047222,0.0,ok_control_day
6297|2024-01-17|Kishoreganj,6297,2024-01-17,Kishoreganj,2024,low_vis_5km,5589,Kalihati,6297.0,2024-01-05,2024.0,same_control_component_hazard_same_year_month_window,0.0,0.0,0.0,0.0,0.0,0.0,0.0,0.0,ok_control_day
6297|2024-01-05|Kishoreganj,6297,2024-01-05,Kishoreganj,2024,low_vis_5km,6361,Kapashia,6297.0,2024-01-17,2024.0,same_control_component_hazard_same_year_month_window,0.0,0.0,0.0,0.0,0.0,0.0,0.0,0.0,ok_control_day
6297|2024-01-05|Kishoreganj,6297,2024-01-05,Kishoreganj,2024,low_vis_5km,5635,Noapara,6297.0,2024-01-17,2024.0,same_control_component_hazard_same_year_month_window,0.0,0.0,0.0,0.0,0.047222,0.0,0.047222,-0.047222,ok_control_day
6297|2024-01-05|Kishoreganj,6297,2024-01-05,Kishoreganj,2024,low_vis_5km,5589,Kalihati,6297.0,2024-01-17,2024.0,same_control_component_hazard_same_year_month_window,0.0,0.0,0.0,0.0,0.0,0.0,0.0,0.0,ok_control_day
2154|2024-01-10|Sammanturai,2154,2024-01-10,Sammanturai,2024,low_ceiling_1000m,768,Bandaragama,2154.0,2024-01-01,2024.0,same_control_component_hazard_same_year_month_window,0.0,0.0,13.7,5.211111,7.219444,8.488889,2.008333,6.480556,ok_control_day
2154|2024-01-10|Sammanturai,2154,2024-01-10,Sammanturai,2024,low_ceiling_1000m,335,Puttalam,2154.0,2024-01-01,2024.0,same_control_component_hazard_same_year_month_window,0.0,0.0,13.7,5.201667,5.936667,8.498333,0.735,7.763333,ok_control_day
2154|2024-01-10|Sammanturai,2154,2024-01-10,Sammanturai,2024,low_ceiling_1000m,1546,Gampola,2154.0,2024-01-01,2024.0,same_control_component_hazard_same_year_month_window,0.0,0.0,13.7,13.554444,6.035556,0.145556,-7.518888,7.664444,ok_control_day
2154|2024-01-01|Sammanturai,2154,2024-01-01,Sammanturai,2024,low_ceiling_1000m,768,Bandaragama,2154.0,2024-01-10,2024.0,same_control_component_hazard_same_year_month_window,0.0,0.0,6.053333,7.219444,5.211111,-1.166111,-2.008333,0.842222,ok_control_day
2154|2024-01-01|Sammanturai,2154,2024-01-01,Sammanturai,2024,low_ceiling_1000m,335,Puttalam,2154.0,2024-01-10,2024.0,same_control_component_hazard_same_year_month_window,0.0,0.0,6.053333,5.936667,5.201667,0.116666,-0.735,0.851666,ok_control_day
2154|2024-01-01|Sammanturai,2154,2024-01-01,Sammanturai,2024,low_ceiling_1000m,1546,Gampola,2154.0,2024-01-10,2024.0,same_control_component_hazard_same_year_month_window,0.0,0.0,6.053333,6.035556,13.554444,0.017777,7.518888,-7.501111,ok_control_day
7989|2024-10-13|Eket,7989,2024-10-13,Eket,2024,low_ceiling_1000m,6187,Okwagbe,,,,missing_control_day_donor,,,0.225556,0.134444,,0.091112,,,missing_placebo_or_control_metric
7989|2024-10-13|Eket,7989,2024-10-13,Eket,2024,low_ceiling_1000m,7613,Ekenobizi,,,,missing_control_day_donor,,,0.225556,0.043889,,0.181667,,,missing_placebo_or_control_metric
7989|2024-10-13|Eket,7989,2024-10-13,Eket,2024,low_ceiling_1000m,7233,Yangoji,6864.0,2021-11-15,2021.0,same_control_component_hazard_cross_year_month_window,3.0,1.0,0.225556,0.063889,0.0,0.161667,-0.063889,0.225556,ok_control_day
7989|2024-10-12|Eket,7989,2024-10-12,Eket,2024,low_ceiling_300m,6187,Okwagbe,,,,missing_control_day_donor,,,4.725,1.055,,3.67,,,missing_placebo_or_control_metric
7989|2024-10-12|Eket,7989,2024-10-12,Eket,2024,low_ceiling_300m,7613,Ekenobizi,,,,missing_control_day_donor,,,4.725,1.81,,2.915,,,missing_placebo_or_control_metric
7989|2024-10-12|Eket,7989,2024-10-12,Eket,2024,low_ceiling_300m,7233,Yangoji,6864.0,2021-09-25,2021.0,same_control_component_hazard_cross_year_month_window,3.0,1.0,4.725,0.000556,0.113333,4.724444,0.112777,4.611667,ok_control_day
2233|2024-01-10|Kalmunai,2233,2024-01-10,Kalmunai,2024,low_ceiling_1000m,768,Bandaragama,2233.0,2024-01-01,2024.0,same_control_component_hazard_same_year_month_window,0.0,0.0,6.960556,5.211111,7.219444,1.749445,2.008333,-0.258888,ok_control_day
2233|2024-01-10|Kalmunai,2233,2024-01-10,Kalmunai,2024,low_ceiling_1000m,335,Puttalam,2233.0,2024-01-01,2024.0,same_control_component_hazard_same_year_month_window,0.0,0.0,6.960556,5.201667,5.936667,1.758889,0.735,1.023889,ok_control_day
2233|2024-01-10|Kalmunai,2233,2024-01-10,Kalmunai,2024,low_ceiling_1000m,1546,Gampola,2233.0,2024-01-01,2024.0,same_control_component_hazard_same_year_month_window,0.0,0.0,6.960556,13.554444,6.035556,-6.593888,-7.518888,0.925,ok_control_day
2233|2024-01-01|Kalmunai,2233,2024-01-01,Kalmunai,2024,low_ceiling_1000m,768,Bandaragama,2233.0,2024-01-10,2024.0,same_control_component_hazard_same_year_month_window,0.0,0.0,4.426667,7.219444,5.211111,-2.792777,-2.008333,-0.784444,ok_control_day
2233|2024-01-01|Kalmunai,2233,2024-01-01,Kalmunai,2024,low_ceiling_1000m,335,Puttalam,2233.0,2024-01-10,2024.0,same_control_component_hazard_same_year_month_window,0.0,0.0,4.426667,5.936667,5.201667,-1.51,-0.735,-0.775,ok_control_day
2233|2024-01-01|Kalmunai,2233,2024-01-01,Kalmunai,2024,low_ceiling_1000m,1546,Gampola,2233.0,2024-01-10,2024.0,same_control_component_hazard_same_year_month_window,0.0,0.0,4.426667,6.035556,13.554444,-1.608889,7.518888,-9.127777,ok_control_day
2875|2024-05-23|Talavera de la Reina,2875,2024-05-23,Talavera de la Reina,2024,thunder_or_convective,3842,Guadalajara,,,,missing_control_day_donor,,,0.0,0.0,,0.0,,,missing_placebo_or_control_metric
2875|2024-05-23|Talavera de la Reina,2875,2024-05-23,Talavera de la Reina,2024,thunder_or_convective,3752,Arganda del Rey,,,,missing_control_day_donor,,,0.0,0.0,,0.0,,,missing_placebo_or_control_metric
2875|2024-05-23|Talavera de la Reina,2875,2024-05-23,Talavera de la Reina,2024,thunder_or_convective,4815,Igualada,,,,missing_control_day_donor,,,0.0,0.0,,0.0,,,missing_placebo_or_control_metric
2875|2024-12-11|Talavera de la Reina,2875,2024-12-11,Talavera de la Reina,2024,fog,3842,Guadalajara,,,,missing_control_day_donor,,,0.0,0.0,,0.0,,,missing_placebo_or_control_metric
2875|2024-12-11|Talavera de la Reina,2875,2024-12-11,Talavera de la Reina,2024,fog,3752,Arganda del Rey,,,,missing_control_day_donor,,,0.0,0.0,,0.0,,,missing_placebo_or_control_metric
2875|2024-12-11|Talavera de la Reina,2875,2024-12-11,Talavera de la Reina,2024,fog,4815,Igualada,,,,missing_control_day_donor,,,0.0,0.0,,0.0,,,missing_placebo_or_control_metric
