component_id,country,city_name,centroid_lat,centroid_lon,need_composite_z,support_residual_z,residual_public_support_gap_z,canonical_2024_q75,denominator_uncertainty_flag,available_field_expected_support_z,available_field_support_residual_z,available_field_q75,within_between_expected_support_z,within_between_support_residual_z,within_between_q75,country_fe_expected_support_z,country_fe_support_residual_z,country_fe_q75,need_no_hazard_z,no_hazard_support_residual_z,no_hazard_q75,dirichlet_selection_count,dirichlet_selection_frequency,weight_stability_class,model_core_primary_available_country_fe,graded_core_primary_available_within_between_frequency
12,Costa Rica,Liberia,10.632887471000874,-85.4373721235411,0.7079206897747243,-1.0582073725081682,1.0582073725081682,True,True,0.4566796290299533,-1.103129305508277,True,0.6316441628338183,-1.2780938393121422,True,0.4081347941107872,-1.054584470589111,True,0.4577908459765211,-1.0175450938710595,False,590,0.59,0.50-<0.80,True,True
36,Uruguay,Salto,-31.390500738396877,-57.96140756973467,0.746592558124313,-0.9749543820255616,0.9749543820255616,True,True,0.4750573349402852,-0.8856763323042757,True,0.5219672291531777,-0.9325862265171683,True,0.4579858547668577,-0.8686048521308483,True,0.21627953076075265,-0.7047402609885365,False,496,0.496,0.20-<0.50,True,False
44,Portugal,Funchal,32.654492299912235,-16.932136689975785,0.7642829724420682,-0.7412531807714393,0.7412531807714393,True,True,0.6067190860168368,-0.9366865969875824,True,1.0099722281760273,-1.339939739146773,True,1.0994272258301379,-1.4293947368008835,True,0.9703916285648571,-1.0148848412573739,True,553,0.553,0.50-<0.80,True,True
53,Ireland,Galway,53.27392758346856,-9.047940757636647,1.2346294279166543,-1.1788151418299426,1.1788151418299426,True,False,0.6492325922949874,-0.8621968160587324,True,1.0628671006176629,-1.275831324381408,True,0.6957576472657824,-0.9087218710295274,True,0.4995921822074785,-0.6476389885458302,False,673,0.673,0.50-<0.80,True,True
56,France,Brest,48.3957423523628,-4.489250134306428,2.553671841832088,-1.7138787678168583,1.7138787678168583,True,False,1.0758408649352644,-1.5965576102835706,True,1.084654350562263,-1.6053710959105691,True,1.3202728131982042,-1.8409895585465104,True,2.1556527696409042,-1.709217651189407,True,1000,1.0,>=0.80,True,True
93,Finland,Turku,60.45260939364871,22.26715760041768,2.0398822967696475,-1.3187943451681683,1.3187943451681683,True,True,0.9033107071938105,-1.2847440293524908,True,0.9223793400352721,-1.3038126621939523,True,0.8304729897345882,-1.2119063118932685,True,1.5329759423147848,-1.2856571443184628,True,995,0.995,>=0.80,True,True
94,Russia,Kaliningrad,54.7130563748016,20.510887574197152,1.8518229251602936,-1.387427978201513,1.387427978201513,True,False,0.7515330033794057,-1.321761162022434,True,0.6160012639976491,-1.1862294226406775,True,0.25394804634105017,-0.8241762049840785,True,1.296866996814483,-1.2897941964887845,True,982,0.982,>=0.80,True,True
95,Lithuania,Klaipėda,55.69113472867033,21.15306403440497,1.224382322788531,-1.2929192136564127,1.2929192136564127,True,True,0.6732327034289424,-1.1436562763252416,True,0.9639185933853297,-1.434342166281629,True,0.41884577282841295,-0.8892693457247122,True,0.5091139711487133,-0.9365158803976572,False,826,0.826,>=0.80,True,True
175,Vietnam,Điện Biên Phủ,21.388702199601525,103.01858333035872,0.695678410223623,-1.806098428271044,1.806098428271044,True,False,0.4806084633383664,-1.9707065637201762,True,0.3269309843091698,-1.8170290846909793,True,0.2585939069424679,-1.7486920073242775,True,0.884258453157068,-2.0909562221224465,True,572,0.572,0.50-<0.80,True,True
187,New Zealand,Dunedin,-45.8850043050232,170.50683357049058,0.73771315401992,-1.293891753003735,1.293891753003735,True,True,0.640065494123275,-1.488469619566912,True,0.7281297259893671,-1.576533851433004,True,0.5757680484124993,-1.4241721738561364,True,0.9370331643941945,-1.5505026239483675,True,522,0.522,0.50-<0.80,True,True
206,Jamaica,Mandeville,18.04036573034832,-77.51089377425394,0.685026419641175,-4.522037667156317,4.522037667156317,True,True,4.0782406090536325,-5.0648858121438485,True,2.249783619949389,-3.236428823039605,True,0.541729342191366,-1.528374545281582,True,0.8708848560723907,-4.754692715821648,True,528,0.528,0.50-<0.80,True,True
209,Dominican Republic,San Juan de la Maguana,18.80892589060461,-71.23266621480859,0.6258315228698446,-0.9936758255369598,0.9936758255369598,True,True,0.44782646991597214,-1.1525172036120344,True,0.4714787540843557,-1.176169487780418,True,0.5549561541881731,-1.2596468878842355,True,0.7965655358700956,-1.2256420720739651,True,426,0.426,0.20-<0.50,True,False
223,Spain,La Orotava,28.401858183919217,-16.540613895513868,1.0240289089572494,-0.9619456737942578,0.9619456737942578,True,True,0.6217895372830715,-1.215600763837533,True,0.6880340323547064,-1.2818452589091678,True,0.5689868234793872,-1.1627980500338486,True,1.2965032104751815,-1.376430338596724,True,705,0.705,0.50-<0.80,True,True
233,Ireland,Cork,51.89080904065316,-8.458721063560953,1.786935649316199,-1.5064129860522857,1.5064129860522857,True,True,0.8185865373090718,-1.2695964244661246,True,1.0914956505148692,-1.542505537671922,True,0.724386197162989,-1.1753960843200417,True,1.1930138309769218,-1.1934582223719123,True,1000,1.0,>=0.80,True,True
236,France,Lorient,47.75055844467055,-3.36473497357637,2.003963679121099,-1.5689820788647395,1.5689820788647395,True,False,0.9222255120685905,-1.3622907710236523,True,1.0448662709168293,-1.484931529871891,True,1.2804847335527696,-1.7205499925078314,True,1.465492989142388,-1.3324053859174765,True,1000,1.0,>=0.80,True,True
255,Equatorial Guinea,Bata,1.8446642731535816,9.786110345784165,0.8189815371041432,-0.8477738441234783,0.8477738441234783,True,False,0.4007730311618304,-0.8691119129720357,True,0.5286850873870235,-0.9970239691972289,True,0.2197453580035712,-0.6880842398137765,True,0.3993574113573631,-0.7500639220306192,False,523,0.523,0.50-<0.80,True,True
269,Finland,Oulu,65.01529370897302,25.47973948824652,1.3429150040315605,-0.8342312108829305,0.8342312108829305,True,True,0.7861394763470597,-1.131872463656388,True,0.9568698928494217,-1.30260288015875,True,0.8649635425487388,-1.210696529858067,True,1.0387054303070564,-1.0931887722460631,True,1000,1.0,>=0.80,True,True
277,Kosovo,Gjakova,42.38241803305773,20.428379701990263,0.6040230054743504,-1.36548390345425,1.36548390345425,True,True,0.49465936475414807,-1.5229983895662351,True,0.8544319444777382,-1.8827709692898251,True,-0.40711127273004627,-0.6212277520820406,True,0.7691848953781582,-1.5867122071441595,True,421,0.421,0.20-<0.50,True,False
278,Russia,Murmansk,68.9598547957542,33.08450703573772,0.7699924537408952,-0.8032599658037486,0.8032599658037486,True,True,0.4428590452877235,-1.0030546280789263,True,0.6769333372445677,-1.2371289200357705,True,0.31488011958796486,-0.8750757023791678,True,0.31939993627686547,-0.8526492881067336,False,552,0.552,0.50-<0.80,True,True
280,Belarus,Brest,52.10711335994811,23.71434324573281,1.1084457478705605,-1.2343882743565178,1.2343882743565178,True,True,0.5044687284728689,-1.033003065394026,True,0.7965574356310305,-1.3250917725521878,True,0.36182041393542325,-0.8903547508565806,True,0.3635553520033678,-0.8613762793507056,False,691,0.691,0.50-<0.80,True,True
281,Ukraine,Mukachevo,48.44202956081378,22.72089060529389,0.6545658703892656,-1.2229256495993055,1.2229256495993055,True,True,0.4181484904392012,-1.3780835889888434,True,0.6114860038277833,-1.5714211023774256,True,-0.10555764151036223,-0.8543774570392799,True,0.8326415709774688,-1.5248802731509863,True,467,0.467,0.20-<0.50,True,False
285,Bulgaria,Plovdiv,42.14171997966655,24.75406949920509,1.1725011016835485,-1.1211767602400868,1.1211767602400868,True,True,0.47645572260018515,-1.0994526243599565,True,0.7002713993410397,-1.323268301100811,True,0.24943955249876892,-0.8724364542585402,True,0.7510086231679676,-1.0555561581927952,True,974,0.974,>=0.80,True,True
357,México,Ensenada,31.86898112857095,-116.59691878910036,1.1383560688693088,-1.597778774506722,1.597778774506722,True,False,0.6235107999435507,-1.4861168834112002,True,0.5131809608492696,-1.375787044316919,True,0.16139817258563194,-1.0240042560532814,True,0.9271067598257867,-1.4687626963807525,True,931,0.931,>=0.80,True,True
372,Dominican Republic,Mao,19.550636087103356,-71.0801007807671,0.6087966777713708,-1.435111157962663,1.435111157962663,True,True,0.27294602073366553,-1.5969203001923953,True,0.3586752744998484,-1.6826495539585782,True,0.44215267460366436,-1.766126954062394,True,0.7751782512134358,-1.696530858555383,True,405,0.405,0.20-<0.50,True,False
377,Argentina,San Salvador de Jujuy,-24.20238636198712,-65.28937528115898,0.6469408413624074,-1.2393001496973604,1.2393001496973604,True,True,0.37543794836024547,-1.3623437378362226,True,0.4635452588068147,-1.450451048282792,True,-0.1996963054149283,-0.7872094840610488,True,0.0007796722038915354,-1.178824825944353,False,439,0.439,0.20-<0.50,True,False
382,Spain,Santa Cruz de Tenerife,28.45330525114644,-16.292758200051843,1.2056941527196043,-1.3405761048797369,1.3405761048797369,True,True,0.6565779128729023,-1.008564973440511,True,0.7354551915487977,-1.0874422521164064,True,0.6164079826734737,-0.9683950432410826,True,1.3310685773173612,-1.1419043779614413,True,942,0.942,>=0.80,True,True
435,Romania,Oradea,47.05554100772851,21.926110989145865,1.8460574740369124,-1.150694128336555,1.150694128336555,True,True,0.7330403987406373,-1.0609232186252897,True,0.6728439451495289,-1.0007267650341811,True,0.6259845774361975,-0.9538673973208498,True,1.2896284605297668,-1.0957107191977493,True,856,0.856,>=0.80,True,True
440,Russia,Pskov,57.8176180279771,28.33353801383894,1.2275271499608476,-1.1876170143441689,1.1876170143441689,True,True,0.5977593823966623,-1.0146324530189332,True,0.6453211053636975,-1.0621941759859683,True,0.28326788770709593,-0.7001409583293668,True,0.5130623084268922,-0.8319321174616954,False,766,0.766,0.50-<0.80,True,True
518,Colombia,Pasto,1.2071747215247783,-77.2788706059121,0.9789123568500604,-1.7327953883687006,1.7327953883687006,True,True,0.5112234486429936,-1.3365656789467204,True,0.25819790875703597,-1.0835401390607626,True,-0.20166468760049777,-0.6236775427032291,True,0.17853884953242494,-1.1066801346160888,False,643,0.643,0.50-<0.80,True,True
520,Venezuela,Machiques,10.05777427684631,-72.5514558330729,0.7888890247931128,-1.7166937059666725,1.7166937059666725,True,True,0.41297742992437025,-1.8964305774692571,True,0.35466377385861525,-1.8381169214035022,True,-0.11590665121031263,-1.3675464963345743,True,1.0012845802099282,-2.0260895961008174,True,663,0.663,0.50-<0.80,True,True
577,Romania,Satu Mare,47.79017691635119,22.87438738212667,1.441301854285162,-1.304862944055333,1.304862944055333,True,True,0.5726297710842083,-1.1543237307007508,True,0.6158698958505668,-1.1975638554671093,True,0.5690105281372349,-1.1507044877537773,True,0.7814569094548071,-1.103625378298718,True,965,0.965,>=0.80,True,True
578,Lithuania,Vilnius,54.69552871215994,25.258880129248443,1.5825886613628215,-1.2871060932857112,1.2871060932857112,True,False,0.6755074425142114,-1.1713381880222755,True,0.8163377319710868,-1.3121684774791509,True,0.2712649114141695,-0.7670956569222336,True,0.9588427995954285,-1.093287925641373,True,992,0.992,>=0.80,True,True
643,Taiwan,Toufen,24.69693462518394,120.8947389499911,1.2347743146160672,-0.9146341262360348,0.9146341262360348,True,True,0.5118126451112406,-1.1856238920945423,True,1.007095360410427,-1.6809066073937284,True,0.9254743509783905,-1.5992855979616922,True,1.561094520513686,-1.4265136732766037,True,882,0.882,>=0.80,True,True
672,Spain,Las Palmas de Gran Canaria,28.113616396879983,-15.432577546143404,1.3778123500324428,-1.3912108341988103,1.3912108341988103,True,True,0.6384436897525365,-1.4627435745132167,True,0.7073935459879244,-1.5316934307486045,True,0.588346337112599,-1.4126462218732794,True,1.2120027321808369,-1.5186588054068175,True,1000,1.0,>=0.80,True,True
703,Poland,Koszalin,54.19440441533224,16.191724581314492,1.0375910564324868,-0.9474713301844618,0.9474713301844618,True,False,0.5086947199639196,-0.7627012994851312,True,0.9296608014521566,-1.1836673809733682,True,1.014606240849516,-1.2686128203707276,True,0.2745971345211566,-0.5260882428502751,False,335,0.335,0.20-<0.50,True,False
774,Vietnam,Yên Bái,21.715420185158635,104.8939487766186,1.5254516720240894,-1.8451193575317943,1.8451193575317943,True,True,0.6190739434748097,-2.117901687779636,True,0.2425354024346951,-1.7413631467395214,True,0.17419832506799476,-1.6730260693728212,True,1.1037519094449957,-2.1179344618027356,True,981,0.981,>=0.80,True,True
796,Venezuela,Villa del Rosario,10.324118082213875,-72.31847990626501,0.740692450857802,-1.7525341744014526,1.7525341744014526,True,True,0.4935469466046671,-1.932309528991423,True,0.38633977734090946,-1.8251023597276652,True,-0.08423064772801547,-1.3545319346587403,True,0.9407736779814975,-2.0291662106885537,True,588,0.588,0.50-<0.80,True,True
806,Spain,Telde,27.991117392501188,-15.393495697349596,0.6353861611416952,-0.8717343273924258,0.8717343273924258,True,True,0.582934746858132,-1.0611759113272818,True,0.7193972672375407,-1.1976384317066906,True,0.6003500583622214,-1.0785912228313714,True,0.8085614047688247,-1.108159585931879,True,436,0.436,0.20-<0.50,True,False
846,Albania,Elbasan,41.113702867101765,20.0863401700161,0.6167272727769653,-1.072990277363293,1.072990277363293,True,False,0.17504833474370718,-1.260586071230486,True,0.2983135233798839,-1.3838512598666628,True,-0.2447399827831811,-0.8407977537035978,True,0.7851351302986777,-1.3862948356583589,True,442,0.442,0.20-<0.50,True,False
856,Bulgaria,Varna,43.22072816934423,27.922827042990026,0.9862626843999605,-0.909903473259394,0.909903473259394,True,True,0.6051427839588137,-1.1341982936514938,True,0.7470200455152952,-1.2760755552079754,True,0.29618819867302804,-0.8252437083657083,True,1.249087634322604,-1.2830561396340499,True,795,0.795,0.50-<0.80,True,True
902,Vietnam,Làng Giao,21.816169917161965,105.20573587512946,0.7345671396510575,-1.317735234903983,1.317735234903983,True,True,0.0631928666273728,-1.4992192919636314,True,-0.015759668753562266,-1.4202667565826963,True,-0.08409674612026374,-1.3519296792159947,True,0.11079467815640033,-1.362689004184112,False,506,0.506,0.50-<0.80,True,True
929,Brazil,Ji-Paraná,-10.878541783254828,-61.93716822698971,0.6789823021079037,-1.7602527135566717,1.7602527135566717,True,True,0.294901643793009,-1.7390062470878795,True,0.06308845668215446,-1.5071930599770251,True,0.0778355535808749,-1.5219401568757456,True,0.22358807073404727,-1.7376171894690842,False,487,0.487,0.20-<0.50,True,False
958,Sweden,Örebro,59.27819406289011,15.200617864188684,1.6265785254340406,-1.2197171264004605,1.2197171264004605,True,False,0.6176636855896052,-1.1325172372582735,True,0.6770023615639786,-1.1918559132326472,True,0.7455687549045434,-1.2604223065732119,True,1.0140721685424454,-1.0662478579661578,True,906,0.906,>=0.80,True,True
967,Slovakia,Košice,48.71681436208878,21.25993898357388,1.3600045055154193,-1.2590095427030987,1.2590095427030987,True,True,0.6421865747579155,-1.101535226259343,True,0.7285885369728586,-1.187937188474286,True,0.9124405773711068,-1.3717892288725342,True,0.6793879132344705,-1.0027296902622944,True,898,0.898,>=0.80,True,True
972,Romania,Cluj-Napoca,46.77251056725739,23.595601981041835,1.7611687089191688,-0.9083113004426492,0.9083113004426492,True,True,0.570008247463772,-0.8017346910023588,True,0.605297949890259,-0.8370243934288457,True,0.5584385821769244,-0.7901650257155113,True,1.1830504333607321,-0.8444758648824049,True,504,0.504,0.50-<0.80,True,True
1034,Canada,Kelowna,49.88543744724415,-119.45043463886104,0.7414446964549901,-1.395298314892217,1.395298314892217,True,True,0.7856061799834322,-1.2441730723275741,True,1.1401068972668873,-1.5986737896110292,True,1.595140720695496,-2.053707613039638,True,0.4287836781529903,-1.1316472530975805,False,566,0.566,0.50-<0.80,True,True
1049,Brazil,Boa Vista,2.8143539290164616,-60.713459674019234,0.8674234888360157,-0.7948015917988707,0.7948015917988707,True,True,0.4778681441952533,-0.8424936444723046,True,0.2658557520744331,-0.6304812523514843,False,0.2806028489731543,-0.6452283492502056,True,0.6580469532283187,-0.8582522770902401,True,595,0.595,0.50-<0.80,True,False
1078,Sweden,Linköping,58.40427472409432,15.62476145405383,1.1615422967925404,-0.7695934757476378,0.7695934757476378,True,False,0.7372510632067095,-1.0281306163132011,True,1.00303291943794,-1.2939124725444315,True,1.071599312778501,-1.3624788658849927,True,1.469151564641806,-1.2139116924643185,True,866,0.866,>=0.80,True,True
1106,Lebanon,Baalbek,34.005460924224344,36.20900675906304,1.2163626800907987,-1.2734546464322922,1.2734546464322922,True,True,0.6364617455473072,-1.538937546036496,True,0.4959609163675886,-1.3984367168567775,True,0.5535850936254969,-1.4560608941146858,True,1.5379786737707322,-1.7622008654266825,True,801,0.801,>=0.80,True,True
1135,Thailand,Phitsanulok,16.81015208823652,100.24901890235,1.6742569967907153,-0.7267602810481507,0.7267602810481507,True,True,0.7229252175859788,-0.9133487189813374,True,0.5159025464677593,-0.7063260478631179,True,0.5490462611979557,-0.7394697625933143,True,1.6710281576599275,-1.0988373288322855,True,731,0.731,0.50-<0.80,True,True
1137,Malaysia,Taiping,4.856310510537072,100.72689961583175,1.0905067494646552,-1.483992971227723,1.483992971227723,True,True,0.6503814447743549,-1.967710771396161,True,0.4908980082284677,-1.808227334850274,True,0.15427005066386817,-1.4715993772856744,True,1.3805791841863986,-2.1387141783930703,True,854,0.854,>=0.80,True,True
1152,Canada,Lethbridge,49.69948722404636,-112.80921814620775,1.0922239384939931,-1.1100759608257047,1.1100759608257047,True,True,0.625214421264917,-0.8983741001396134,True,0.6704293602965495,-0.9435890391712459,True,1.1254631837251592,-1.3986228625998556,True,0.3431888354440965,-0.7703758259109685,False,582,0.582,0.50-<0.80,True,True
1256,New Zealand,Tauranga,-37.69198655487176,176.19086639102127,1.310908998003709,-1.3113986970541551,1.3113986970541551,True,True,0.7933692122864915,-1.0038578653855001,True,0.6948983288104299,-0.9053869819094386,True,0.5425366512335649,-0.7530253043325735,True,0.5953613465003533,-0.785065032113179,False,863,0.863,>=0.80,True,True
1258,México,San José del Cabo,23.0867124120169,-109.71536599108931,0.666427267539355,-0.7534864346984844,0.7534864346984844,True,False,0.43698799269218697,-0.9319066858500853,True,0.4901765706999308,-0.9850952638578292,True,0.13839378243629108,-0.6333124755941895,True,0.8475335806087959,-1.0128669688251846,True,553,0.553,0.50-<0.80,True,True
1309,Romania,Sibiu,45.791317739939686,24.14707139933884,1.2115710931187575,-1.0965152488491203,1.0965152488491203,True,False,0.5451435719349249,-0.9104205381763806,True,0.6828977114194503,-1.048174677660906,True,0.636038343706117,-1.0013153099475727,True,0.49302944474619087,-0.7759840310304567,False,682,0.682,0.50-<0.80,True,True
1311,Russia,Petrozavodsk,61.78170165167181,34.35952723421428,1.0021976732282971,-0.7606858381805883,0.7606858381805883,True,True,0.5228372050629759,-0.9866158251223521,True,0.656935418944747,-1.1207140390041233,True,0.29488220128814496,-0.7586608213475212,True,0.610934088729124,-0.9100540076758622,False,874,0.874,>=0.80,True,True
1349,Thailand,Ranong,9.960240081250754,98.62388022217264,1.1227384180738111,-0.7482647916581695,0.7482647916581695,True,True,0.47374523006868136,-0.8497062381263661,True,0.5077718805993598,-0.8837328886570446,True,0.5409155953295534,-0.9168766033872382,True,0.7807248286812358,-0.8077915914861993,True,689,0.689,0.50-<0.80,True,True
1367,Ecuador,Pasaje,-3.331004625007118,-79.80062246196714,0.7547679786077022,-1.0919138326626163,1.0919138326626163,True,False,0.4793517875342025,-1.2752477562468583,True,0.3237746294720639,-1.1196705981847197,True,0.47348592336809947,-1.2693818920807551,True,0.9584455333426475,-1.3778009653881456,True,586,0.586,0.50-<0.80,True,True
1373,Dominican Republic,Bonao,18.923978334175057,-70.40362663878751,0.5892132897029335,-0.9572061013430448,0.9572061013430448,True,True,0.1325224426936187,-1.1450959911671232,True,0.17025410632260685,-1.1828276547961114,True,0.2537315064264274,-1.266305054899932,True,0.7505912653770338,-1.2670079401187528,True,330,0.33,0.20-<0.50,True,False
1406,Hungary,Miskolc,48.09484280370037,20.76587914069425,1.8191614744183908,-1.053081720007627,1.053081720007627,True,True,0.8590068463775197,-0.9771176257240077,True,0.8909824736575076,-1.0090932530039955,True,0.8206002036897446,-0.9387109830362326,True,1.2558604751655655,-0.9856230006596176,True,817,0.817,>=0.80,True,True
1414,Russia,Smolensk,54.78482186723398,32.051985171519355,1.1011456035871638,-1.030436400796856,1.030436400796856,True,True,0.4790872256719412,-0.8181752601443466,True,0.640264081756625,-0.9793521162290304,True,0.278210864100019,-0.6172988985724244,True,0.3543900051557072,-0.6567938998930761,False,415,0.415,0.20-<0.50,True,False
1445,Nepal,Bharatpur,27.68491034215388,84.42289569539652,0.8072780307391504,-1.711668528965454,1.711668528965454,True,True,0.4275684661478337,-1.8746698128789636,True,0.08532605761383454,-1.5324274043449646,True,0.011853311216204865,-1.458954657947335,True,1.024372016722993,-2.0822393857579753,True,591,0.591,0.50-<0.80,True,True
1449,Thailand,Choeng Thale,8.00158987744583,98.32263627189307,0.8659026338010187,-0.979348754261506,0.979348754261506,True,True,0.5545252479850361,-1.198890233377266,True,0.5952045718960239,-1.2395695572882537,True,0.6283482866262194,-1.2727132720184493,True,1.0979753319465704,-1.3184437792182178,True,635,0.635,0.50-<0.80,True,True
1507,Hungary,Nyíregyháza,47.95115715688335,21.73046485565022,1.5288467191002184,-1.3120263701064443,1.3120263701064443,True,True,0.8111589474551222,-1.193895201542611,True,0.9193535590631398,-1.3020898131506287,True,0.8489712890953768,-1.2317075431828655,True,0.8913696755060875,-1.1274032697442569,True,1000,1.0,>=0.80,True,True
1581,Spain,Cádiz,36.52166778021581,-6.280892597162008,0.9957313478644594,-1.1709988526138866,1.1709988526138866,True,False,0.498743318454105,-0.8182873739943832,True,0.5880507496289238,-0.907594805169202,True,0.4690035407536016,-0.7885475962938798,True,1.0674598242709463,-0.9139990208846778,True,625,0.625,0.50-<0.80,True,True
1583,Ghana,Obuasi,6.20121306058934,-1.663599168207325,0.6960617578918191,-1.765879306296192,1.765879306296192,True,True,0.42266477062541746,-1.7928931335568477,True,-0.06165523220670507,-1.3085731307247253,True,0.16221295350151038,-1.5324413164329407,True,0.44290193149344564,-1.7250645796387332,False,582,0.582,0.50-<0.80,True,True
1603,Hungary,Debrecen,47.52703933778225,21.636251581322604,1.6939797063857502,-1.248159881342641,1.248159881342641,True,True,0.7713048361617741,-1.145441739519127,True,0.7952334194312517,-1.1693703227886045,True,0.7248511494634886,-1.0989880528208413,True,1.0986944961818292,-1.1305044675708258,True,951,0.951,>=0.80,True,True
1609,Belarus,Homel,52.44122024006198,30.97380045391052,1.5730874869135156,-1.2119244618323948,1.2119244618323948,True,True,0.4837190870323617,-1.0710156539427806,True,0.6707250567603344,-1.2580216236707535,True,0.23598803506472577,-0.8232846019751447,True,0.9469140546408833,-1.0591760914898427,True,852,0.852,>=0.80,True,True
1676,Spain,El Puerto de Santa María,36.59557527935873,-6.241356345633568,0.8965047286048073,-0.9598116516465424,0.9598116516465424,True,False,0.5864739370179474,-1.190969205388638,True,0.6112425102441129,-1.2157377786148036,True,0.49219530136879514,-1.096690569739486,True,1.1363963277862899,-1.314506823360448,True,794,0.794,0.50-<0.80,True,True
1753,Canada,Regina,50.45459208902833,-104.60801244506192,1.889140669210153,-1.225188317905629,1.225188317905629,True,True,0.7330762293328293,-1.124542127343335,True,0.5050657138741431,-0.8965316118846487,True,0.9600995373027545,-1.35156543531326,True,1.3437195047254704,-1.238829710152333,True,854,0.854,>=0.80,True,True
1757,Venezuela,Ciudad Ojeda,10.203649782130888,-71.31996212368931,1.508306423149237,-1.7385808460601144,1.7385808460601144,True,True,0.6080343738871173,-1.91246467441372,True,0.24993261399860592,-1.5543629145252087,True,-0.22063781107031477,-1.0837924894562878,True,1.462676855555974,-2.038830418171349,True,999,0.999,>=0.80,True,True
1820,India,Rajouri,33.38041772833057,74.3116780030883,1.0335330117968984,-1.5992280746868683,1.5992280746868683,True,True,0.2956512844907799,-1.7363682647707483,True,-0.09351888217134352,-1.347198098108625,True,-0.08154918870607997,-1.3591677915738885,True,0.4861469735983044,-1.765650665819435,False,796,0.796,0.50-<0.80,True,True
1855,Spain,Jerez,36.68492830246883,-6.125717281324548,0.6162656582439455,-1.3534822530903197,1.3534822530903197,True,False,0.37622113012640535,-0.9335502626742297,True,0.5990607976123046,-1.1563899301601288,True,0.48001358873697986,-1.037342721284804,True,0.5910398348648543,-0.9383767313493672,False,469,0.469,0.20-<0.50,True,False
1883,Russia,Cherepovets,59.12772677519615,37.89810609719849,1.4278192651637536,-1.3911931273639708,1.3911931273639708,True,True,0.5096134027826477,-1.257822062900913,True,0.48247584069438504,-1.2306845008126504,True,0.12042262303778528,-0.8686312831560506,True,0.7645294898169178,-1.1737544616907614,True,905,0.905,>=0.80,True,True
1898,Azerbaijan,Şirvan,39.9447906107646,48.93458584116525,0.6900036653198581,-0.8054218471379073,0.8054218471379073,True,False,0.45677236907083013,-0.990518433707221,True,0.3638304914703166,-0.8975765561067075,True,0.8120520999365624,-1.3457981645729533,True,0.2666511632539593,-0.8389448914771449,False,482,0.482,0.20-<0.50,True,False
1941,Spain,Mairena del Aljarafe,37.368757026059214,-6.049532432783965,0.6930533838270924,-1.286550691787978,1.286550691787978,True,True,0.5163162998583438,-0.8810720933282761,True,0.6497851543507944,-1.0145409478207266,True,0.5307379454754724,-0.8954937389454045,True,0.6874469894759221,-0.8844665122445448,True,508,0.508,0.50-<0.80,True,True
1963,Romania,Suceava,47.66172811823844,26.256368405582897,0.7472333888448369,-0.8111130361335934,0.8111130361335934,True,True,0.47710207658383175,-0.9836168639081256,True,0.6981255690120464,-1.2046403563363404,True,0.6512662012987132,-1.157780988623007,True,0.9489858396913098,-1.1244351779745396,True,630,0.63,0.50-<0.80,True,True
2024,Spain,Seville,37.38753274202492,-5.959877041214945,1.056058917464544,-1.1524891448211418,1.1524891448211418,True,True,0.42770210954519366,-0.7816435680060154,True,0.6015662921705114,-0.9555077506313332,True,0.482519083295183,-0.8364605417560048,True,1.1432012176456952,-0.9182918696664204,True,488,0.488,0.20-<0.50,True,False
2175,Venezuela,Carora,10.170113544327345,-70.0739473440093,0.8417656807413479,-1.7118887122733633,1.7118887122733633,True,True,0.42486160752603236,-1.8913766399964087,True,0.36833735569930015,-1.8348523881696766,True,-0.10223306936962906,-1.3642819631007472,True,1.0676713354706755,-2.042089096928576,True,762,0.762,0.50-<0.80,True,True
2184,Spain,Avilés,43.55402881973214,-5.90470345329237,1.110713761128084,-0.9224769792904604,0.9224769792904604,True,True,0.5861400209966636,-1.1873779595453335,True,0.621014352666235,-1.2222522912149048,True,0.5019671437909156,-1.1032050823395854,True,1.4053362288020785,-1.3805366984115195,True,867,0.867,>=0.80,True,True
2189,France,Limoges,45.82913864645674,1.2574160589243908,0.7507343194705645,-0.8320234223771509,0.8320234223771509,True,False,0.5136184478323823,-1.0133579891268722,True,1.0323341567250595,-1.5320736980195495,True,1.2679526193609936,-1.7676921606554836,True,0.9533812656210916,-1.1262590379796673,True,577,0.577,0.50-<0.80,True,True
2286,Russia,Kaluga,54.52850648040404,36.27269678614344,0.9430943342360688,-1.0545753828009647,1.0545753828009647,True,True,0.3409827381534489,-0.8159665728005776,True,0.5088239598778624,-0.9838077945249911,True,0.14677074222125674,-0.6217545768683854,True,0.155956296576754,-0.6566764924175266,False,317,0.317,0.20-<0.50,True,False
2309,India,Motikhavdi,22.33717315195429,69.8692727718354,1.081526856321369,-1.1114813319934742,1.1114813319934742,True,False,0.46400597122675774,-1.379511091004031,True,-0.0649278151970207,-0.8505773045802525,True,-0.05295812173174341,-0.8625469980455298,True,1.368692007047226,-1.581079577906339,True,805,0.805,>=0.80,True,True
2333,Canada,Sault Ste. Marie,46.521409563772096,-84.32457371397625,1.938109588682749,-1.1412819668939471,1.1412819668939471,True,False,0.8530073733306464,-1.077437398067906,True,0.5487751297845616,-0.773205154521821,True,1.0038089532131773,-1.2282389779504368,True,1.405200088436986,-1.108211352806583,True,835,0.835,>=0.80,True,True
2341,Spain,Algeciras,36.12818509353488,-5.445909877424661,1.1393057819581285,-1.6200583744106651,1.6200583744106651,True,True,0.7286168711785115,-1.2892033335483568,True,0.787156245933459,-1.3477427083033042,True,0.6681090370581376,-1.228695499427983,True,1.2477178350499896,-1.3879951869196552,True,847,0.847,>=0.80,True,True
2377,Saudi Arabia,Khamis Mushayt,18.295288734335028,42.73521254868097,0.6910454425090444,-1.098151665550899,1.098151665550899,True,True,0.5078347618226566,-1.010440753360525,True,0.30769242862464274,-0.8102984201625113,True,0.2765798509643568,-0.7791858425022253,True,0.9896350755815527,-1.1537491584664172,True,498,0.498,0.20-<0.50,True,False
2407,Venezuela,El Tocuyo,9.788543087773574,-69.79059799533147,0.7562656602418413,-1.5239911023924235,1.5239911023924235,True,True,0.1589768751199666,-1.5074462748402953,True,0.14921088938757296,-1.4976802891079017,True,-0.3213595356813551,-1.0271098640389735,True,0.4316495264362975,-1.4724346224040117,False,594,0.594,0.50-<0.80,True,True
2435,Turkey,Bodrum,37.03617406880928,27.410590996365578,1.0545479914543612,-1.237122285484219,1.237122285484219,True,True,0.5752381538802332,-1.5002546767378084,True,0.3379256337437543,-1.2629421566013295,True,0.47697539851766924,-1.4019919213752443,True,1.3348199841853376,-1.677215999686282,True,730,0.73,0.50-<0.80,True,True
2556,Spain,Gijón,43.53421288601173,-5.674447744466471,2.2684148241752164,-1.4241834260795838,1.4241834260795838,True,True,0.8997319266996777,-1.2511978144957634,True,0.5866857049211671,-0.9381515927172528,True,0.46763849604584856,-0.8191043838419343,True,1.7975119704924751,-1.3107555034941607,True,929,0.929,>=0.80,True,True
2604,Japan,Hakodate,41.79563123681154,140.72991349726226,1.9905596820624951,-1.501363659772256,1.501363659772256,True,True,0.8981320511265518,-1.1599562222206146,True,0.8982949802853601,-1.160119151379423,True,1.2686569255863824,-1.5304810966804452,True,1.8271796050007478,-1.283236241250221,True,954,0.954,>=0.80,True,True
2621,Spain,Ceuta,35.89107751486948,-5.31612195330365,1.0733283172057455,-0.7291351220654907,0.7291351220654907,True,True,0.7213699827379778,-0.9757674418378325,True,0.8070543962556904,-1.061451855355545,True,0.6880071873803689,-0.9424046464802236,True,1.3583987235555963,-1.134320579949129,True,754,0.754,0.50-<0.80,True,True
2648,Iraq,Soran,36.654021089252765,44.54114919964739,0.7066149788315489,-0.7872650257972994,0.7872650257972994,True,False,0.0997834427763884,-0.9567869189501612,True,-0.19053627812412482,-0.6664671980496479,False,0.26994752482608453,-1.1269510009998573,True,0.8979893385647504,-1.170814325586703,True,621,0.621,0.50-<0.80,True,False
2665,Malaysia,Kuantan,3.8227893081242974,103.31670689850807,0.840159603084165,-0.8839705651761958,0.8839705651761958,True,True,0.43284267350087974,-1.0947972399320243,True,0.39387790077701257,-1.0558324672081572,True,0.057249943212411225,-0.7192045096435558,True,1.0656549015180152,-1.2306806001029431,True,674,0.674,0.50-<0.80,True,True
2700,Romania,Galați,45.43805184244556,28.02057555582976,1.6483763853786446,-1.1604953897400383,1.1604953897400383,True,True,0.7145707999994471,-1.1223233471200589,True,0.6619083655956838,-1.0696609127162957,True,0.6150489978823541,-1.022801545002966,True,1.5674383640645437,-1.256110946845717,True,1000,1.0,>=0.80,True,True
2726,Thailand,Trang,7.560055563259256,99.6111106250056,1.1925690003505984,-0.9279887349575522,0.9279887349575522,True,True,0.597034497950154,-1.0348847726262413,True,0.5619113352242703,-0.9997616099003577,True,0.595055049954465,-1.0329053246305524,True,0.868397274908978,-0.9916588495990609,True,1000,1.0,>=0.80,True,True
2749,Spain,Marbella,36.49587379648291,-4.956322504768691,1.820491855989092,-1.8675251288422137,1.8675251288422137,True,True,0.6771637237973471,-1.6716265184604135,True,0.46378829272422745,-1.4582510873872938,True,0.34474108384891256,-1.339203878511979,True,2.1029484159701184,-1.9849555626437294,True,965,0.965,>=0.80,True,True
2764,Romania,Brăila,45.27467664174067,27.95771216560702,0.9050557417512044,-1.1431488499112428,1.1431488499112428,True,True,0.430478741480455,-0.9884593399926835,True,0.6464017293850803,-1.2043823278973087,True,0.5995423616717468,-1.1575229601839752,True,0.6341976973880201,-0.9501929713218518,False,864,0.864,>=0.80,True,True
2800,México,Tecoman,18.91223845395614,-103.87945111768296,0.7415198288383381,-1.378100849430328,1.378100849430328,True,True,0.4099088876567756,-1.5616355661270251,True,0.5178180520683657,-1.6695447305386153,True,0.16603526380472328,-1.317761942274973,True,0.9418124528154385,-1.6747232395102336,True,682,0.682,0.50-<0.80,True,True
2812,Spain,Córdoba,37.8872596252307,-4.7851000245410775,0.6859062413371967,-1.262445445778042,1.262445445778042,True,False,0.3247297456922013,-0.8363259675388484,True,0.5532800892148729,-1.06487631106152,True,0.4342328803395454,-0.9458291021861924,True,0.6784737367090513,-0.8852468638021556,True,485,0.485,0.20-<0.50,True,False
2827,Romania,Constanța,44.188811939423054,28.631353708680223,1.0920643744117433,-1.120425755711141,1.120425755711141,True,True,0.701599647257711,-1.0065508651953339,True,0.8391874011231691,-1.144138619060792,True,0.7923280334098388,-1.0972792513474618,True,0.8689874378783428,-0.9647655260288048,True,979,0.979,>=0.80,True,True
2874,Côte d'Ivoire,Dabou,5.326520356108992,-4.376279069120959,0.6205081347978093,-1.8231521877309875,1.8231521877309875,True,True,0.7080088233238471,-2.0145238149365428,True,0.7169235264103658,-2.023438518023062,True,-0.1860600100844112,-1.1204549815282847,True,0.7898820106970551,-2.0512832510317374,True,456,0.456,0.20-<0.50,True,False
2894,Russia,Oryol,52.969969588085135,36.08355317797731,1.4448495167362156,-1.202281556957561,1.202281556957561,True,True,0.5564466663176098,-1.0490200820036533,True,0.5355702786825031,-1.0281436943685465,True,0.17351706102590103,-0.6660904767119444,True,0.7859110072917888,-0.9877546025485648,True,772,0.772,0.50-<0.80,True,True
2901,Iraq,koya,36.08258405983353,44.63292283338054,0.7327846131073558,-0.8531345680311899,0.8531345680311899,True,True,-0.25156741195049576,-1.0627651712350508,True,-0.5687741056482507,-0.7455584775372959,True,-0.10829030269803752,-1.206042280487509,True,0.9308453706790362,-1.351165178685384,True,606,0.606,0.50-<0.80,True,True
2915,Thailand,Nakhon Si Thammarat,8.434094389327614,99.95976580758294,1.3214053543944284,-0.8732403751116139,0.8732403751116139,True,False,0.6517243896901528,-0.9983694293496472,True,0.5955859336389309,-0.9422309732984253,True,0.6287296483691255,-0.97537468802862,True,1.030151594489399,-0.9838756399902895,True,937,0.937,>=0.80,True,True
2930,Venezuela,San Carlos,9.655612533044902,-68.58114512654703,0.6723455672706208,-1.7601877087455409,1.7601877087455409,True,True,0.47749216463196864,-1.9239420453986948,True,0.39321987891485977,-1.8396697596815859,True,-0.077350546154066,-1.36909933461266,True,0.8549640186494305,-2.011433877663515,True,499,0.499,0.20-<0.50,True,False
2937,Spain,Fuengirola,36.54306355035559,-4.626195127760844,1.269188001605703,-1.387327823590777,1.387327823590777,True,True,0.533423882742357,-1.0947921042694877,True,0.5277094235598148,-1.0890776450869453,True,0.4086622146844959,-0.9700304362116265,True,1.410785241145172,-1.2681506579474324,True,944,0.944,>=0.80,True,True
3016,Russia,Sergiyev Posad,56.30944000315393,38.14118683379869,2.004113173516029,-1.949928268744994,1.949928268744994,True,True,0.7242254685078836,-1.885463550058435,True,0.5212870202237969,-1.682525101774348,True,0.1592338025671971,-1.3204718841177483,True,1.4880677311439783,-1.9604154602942523,True,969,0.969,>=0.80,True,True
3024,Iran,Kamyaran,34.79531675956501,46.94375401319248,0.7178890306177482,-1.011821471283756,1.011821471283756,True,True,-0.09787757463281088,-1.210331228487336,True,-0.22634960709262664,-1.0818591960275201,True,-0.47999244899544025,-0.8282163541247066,True,-0.09820885912783087,-1.0481462175203635,False,482,0.482,0.20-<0.50,True,False
3056,Spain,Torremolinos,36.613529764803495,-4.522319673058799,0.9081516209577124,-0.8646475791554302,0.8646475791554302,True,True,0.5901820465974795,-1.0897912946990886,True,0.656881825536083,-1.1564910736376919,True,0.5378346166607629,-1.037443864762372,True,1.151019026183434,-1.2181989838044378,True,643,0.643,0.50-<0.80,True,True
3099,Malaysia,Sibu,2.304622581787489,111.84455865842706,0.6214900484704844,-1.0492977802481676,1.0492977802481676,True,True,0.48336654117806,-1.218676175201122,True,0.48655198271182293,-1.2218616167348848,True,0.14992402514722125,-0.8852336591702831,True,0.791114805424825,-1.2808924486560582,True,418,0.418,0.20-<0.50,True,False
3115,Spain,Málaga,36.71893154446604,-4.4430091200449855,1.2587858036589958,-1.0965183821874582,1.0965183821874582,True,True,0.5604515321030829,-0.7761519129173259,True,0.6567283834157082,-0.8724287642299512,True,0.5376811745403832,-0.7533815553546263,True,1.3977252592518783,-0.9448684814786901,True,485,0.485,0.20-<0.50,True,False
3158,South Korea,Jeju-si,33.510517312933416,126.542567668212,2.1669552494727906,-0.9630730965677304,0.9630730965677304,True,True,1.0191542533571734,-1.120717797207794,True,0.7794153747207959,-0.8809789185714165,True,1.4922563152410984,-1.593819859091719,True,1.9995479444130564,-1.2597948245732284,True,896,0.896,>=0.80,True,True
3228,Côte d'Ivoire,Abengourou,6.731207740302829,-3.498046550854593,0.6954541403540234,-1.7612526914644304,1.7612526914644304,True,True,0.4094164674946218,-1.9245308609095542,True,0.15405122332375235,-1.6691656167386848,True,-0.7489323131710239,-0.7661820802439085,True,0.8839768818534647,-2.041404086966617,True,550,0.55,0.50-<0.80,True,True
3262,China,Lhasa,29.656056818258023,91.1074385166651,0.698549662182658,-1.3930059523384504,1.3930059523384504,True,True,0.3200137908710038,-1.5544766468205915,True,0.002599903473959906,-1.2370627594235475,True,-0.08256084823076931,-1.1519020077188182,True,0.8878633161666154,-1.7502942731048239,True,555,0.555,0.50-<0.80,True,True
3325,Malaysia,Kampong Pulau Melayu,4.429695321544574,114.006727663332,0.7219597862578163,-1.0125487578826462,1.0125487578826462,True,True,0.5630640906583617,-1.202347641528239,True,0.5222603644113387,-1.1615439152812161,True,0.18563240684673848,-0.8249159577166159,True,0.9172547772893217,-1.2762583305067063,True,544,0.544,0.50-<0.80,True,True
3364,Iran,Asadabad,34.78151686385022,48.12473704614788,1.0445504577697864,-1.417881629408483,1.417881629408483,True,False,0.4715611639022574,-1.6244604811084347,True,0.22504576478260535,-1.3779450819887826,True,-0.028597077120210312,-1.1243022400859668,True,0.3119152651870442,-1.4477064920697322,False,735,0.735,0.50-<0.80,True,True
3429,Thailand,Hat Yai,7.002975163848336,100.46892168317892,1.2605415911945748,-0.7326756133327867,0.7326756133327867,True,True,0.5651686110370625,-0.868165431081473,True,0.6030157233428238,-0.9060125433872344,True,0.6361594380730168,-0.9391562581174273,True,1.1516075761882159,-0.9359308810687963,True,722,0.722,0.50-<0.80,True,True
3498,Spain,Santander,43.450775788822526,-3.827172897633371,1.6155817900702032,-1.300693173075706,1.300693173075706,True,False,0.7823206617695805,-1.0300731680325115,True,0.616153633287949,-0.86390613955088,True,0.4971064244126308,-0.7448589306755617,True,0.977878692176068,-0.9099580795749924,True,832,0.832,>=0.80,True,True
3600,Brazil,Paranavaí,-23.08805843365583,-52.46007843025476,0.6101046909414236,-1.6565062697604436,1.6565062697604436,True,True,0.4407657789452071,-1.80369772307531,True,0.24038032839653997,-1.6033122725266429,True,0.25512742529526167,-1.6180593694253647,True,0.7768204645614791,-1.9176714144242766,True,437,0.437,0.20-<0.50,True,False
3689,Indonesia,Dumai,1.6706457818867568,101.45040193088444,0.8128778575742532,-1.6524162881332154,1.6524162881332154,True,True,0.31955561988409037,-1.8346700132990228,True,-0.08305769281841681,-1.4320567005965157,True,-0.6170540861177366,-0.8980603072971959,True,1.0314026113575776,-1.9855787487442143,True,558,0.558,0.50-<0.80,True,True
3732,India,Junagadh,21.52552322825244,70.45105165169402,0.9383212014417192,-1.0153350016023035,1.0153350016023035,True,False,0.08428499588864657,-1.03522986412951,True,-0.19340316052403447,-0.7575417077168289,True,-0.18143346705876706,-0.7695114011820964,True,0.6602206499455291,-1.064527626473843,True,793,0.793,0.50-<0.80,True,True
3795,Brazil,Francisco Beltrão,-26.06477502842773,-53.05395581542555,0.6767331320172272,-1.8124615285878456,1.8124615285878456,True,False,0.5076706428875428,-1.7008305566939017,True,0.2913875713128158,-1.4845474851191747,True,0.3061346682115384,-1.4992945820178973,True,0.12857087104203527,-1.5251157751756252,False,464,0.464,0.20-<0.50,True,False
3839,Argentina,San Nicolás de los Arroyos,-33.345125079789995,-60.21225886838036,0.736088332429766,-2.0309826823085397,2.0309826823085397,True,True,0.48861254973606844,-1.9372774147817684,True,0.4885053901039315,-1.9371702551496315,True,-0.1747361741178077,-1.2739286909278922,True,0.20309145281062058,-1.7526947849057168,False,506,0.506,0.50-<0.80,True,True
3853,Turkey,Fethiye,36.64521818839504,29.14848589675159,1.173598545134395,-1.3793644203864766,1.3793644203864766,True,False,0.7037868823331168,-1.057207168022415,True,0.3439048952195012,-0.6973251809087994,True,0.48295465999341697,-0.8363749456827152,True,1.290772472968588,-1.163078689402381,True,931,0.931,>=0.80,True,True
3974,Spain,Bilbao,43.30424993508757,-2.9831114857175978,2.1068706082327124,-1.4098300368920862,1.4098300368920862,True,True,0.7643099302076519,-1.2094566236850666,True,0.6018500187418805,-1.0469967122192951,True,0.4828028098665583,-0.9279495033439729,True,1.594692859955998,-1.250032674520551,True,912,0.912,>=0.80,True,True
3998,India,Wankaner,22.614059855735185,70.9493693754888,0.916340711746009,-1.2841059209003705,1.2841059209003705,True,False,0.15163702297896703,-1.30701191084988,True,-0.17324400171329835,-0.9821308861576148,True,-0.16127430824802858,-0.9941005796228846,True,0.6326240978608235,-1.3155946881202134,False,866,0.866,>=0.80,True,True
4014,Brazil,Santa Maria,-29.693511984025,-53.82694353070775,1.1343942004856409,-1.2747232315039936,1.2747232315039936,True,True,0.5947552342664529,-1.236905235379709,True,0.335152399611807,-0.977302400725063,True,0.34989949651052815,-0.9920494976237841,True,0.7031653267604265,-1.169345303280867,True,956,0.956,>=0.80,True,True
4098,Canada,St. John's,47.5663564306878,-52.73130773118151,1.0779738364586955,-0.948818931847904,0.948818931847904,True,True,0.7601026135421871,-1.203164615933508,True,0.8133821174726692,-1.2564441198639902,True,1.268415940901282,-1.711477943292603,True,1.3642311829684344,-1.3527081034604196,True,634,0.634,0.50-<0.80,True,True
4128,Thailand,Saen Suk,15.18440442856103,104.8623477273624,1.1218213339031304,-0.8179521506168205,0.8179521506168205,True,True,0.5553607940986097,-1.064090565701878,True,0.5215960576149379,-1.030325829218206,True,0.5547397723451329,-1.063469543948401,True,1.419281810309348,-1.2977036004885436,True,832,0.832,>=0.80,True,True
4136,Venezuela,Zaraza,9.34908963370564,-65.32550955010302,0.6640885194194954,-1.7017715239551032,1.7017715239551032,True,True,0.4112999404740475,-1.866088585585148,True,0.35483338061718767,-1.8096220257282882,True,-0.11573704445173871,-1.3390516006593618,True,0.8445972773145465,-1.961654701870232,True,524,0.524,0.50-<0.80,True,True
4168,Vietnam,Cẩm Phả,21.006731092656647,107.31291242745772,0.612526876202738,-1.5731789664126812,1.5731789664126812,True,True,0.34633308921092176,-1.7573432215140572,True,0.209551663021513,-1.6205617953246485,True,0.14121458565481404,-1.5522247179579494,True,0.779861523366266,-1.8367451679234572,True,424,0.424,0.20-<0.50,True,False
4173,México,Pénjamo,20.43110955574977,-101.72411124374094,0.598320019360322,-1.671293796803381,1.671293796803381,True,True,0.3911526168881144,-1.8136285501647644,True,0.4832316984134062,-1.905707631690056,True,0.13144891014976323,-1.553924843426413,True,0.7620247840470235,-1.9162879965350728,True,374,0.374,0.20-<0.50,True,False
4214,Venezuela,Anaco,9.434856573035022,-64.46538511075084,0.921836872606932,-1.797781331605494,1.797781331605494,True,True,0.5995282727400132,-2.0102778186573866,True,0.3860102407053136,-1.7967597866226872,True,-0.08456018436360863,-1.326189361553765,True,1.1682008890608397,-2.1460959804790405,True,810,0.81,>=0.80,True,True
4225,Poland,Stalowa Wola,50.56429830820283,22.05821418690937,1.4513857304788464,-1.6535643809653215,1.6535643809653215,True,False,0.601426720435279,-1.5149774423193396,True,0.8669904825907158,-1.7805412044747764,True,0.9519359219880758,-1.8654866438721363,True,0.7941172377025928,-1.4273745039082801,True,935,0.935,>=0.80,True,True
4231,Ukraine,Druzhkivka,48.617159391031365,37.53338715626956,0.8029199224374911,-1.997503852723774,1.997503852723774,True,False,0.40188908363822945,-1.4682737207715233,True,0.5362223207694727,-1.6026069579027666,True,-0.1808213245686704,-0.8855633125646235,True,0.3360953326264915,-1.3382282372401535,False,613,0.613,0.50-<0.80,True,True
4262,Italy,Trapani,38.018944695426754,12.532002069869648,1.002941151441297,-1.516636462816129,1.516636462816129,True,True,0.5422309608466245,-1.1712213494789145,True,0.7713150675714375,-1.4003054562037276,True,1.0504501536088804,-1.6794405422411705,True,1.076511748167233,-1.2575974252358897,True,763,0.763,0.50-<0.80,True,True
4263,Poland,Rzeszów,50.03082696686238,22.00213254868576,2.088819564008978,-1.3500475541652472,1.3500475541652472,True,False,0.7502302262182725,-1.3076896519589774,True,0.8643919016357711,-1.421851327376476,True,0.9493373410331315,-1.5067967667738364,True,1.5944167865793644,-1.3940609680334934,True,983,0.983,>=0.80,True,True
4339,Poland,Lublin,51.23979441363613,22.5548863825887,2.027847687537088,-1.2696984670728897,1.2696984670728897,True,False,0.6670920954732016,-1.227027091878643,True,0.7954408230450718,-1.3553758194505132,True,0.880386262442433,-1.4403212588478744,True,1.5178664645414024,-1.3004550805995447,True,923,0.923,>=0.80,True,True
4375,Germany,Fulda,50.553709085388725,9.69005343270496,2.12760381523735,-1.283499668493838,1.283499668493838,True,True,1.0071392278048645,-1.2659666554626676,True,1.31606976819839,-1.574897195856193,True,1.299734411541174,-1.558561839198977,True,1.643110497406879,-1.3052514080088788,True,987,0.987,>=0.80,True,True
4379,Turkey,Karadeniz Ereğli,41.265006816910976,31.422626817918783,1.326610357886486,-1.7206995296915917,1.7206995296915917,True,False,0.6707282175702254,-1.997178067693691,True,0.33327683715767437,-1.65972668728114,True,0.472326601931587,-1.7987764520550527,True,1.6763948703443792,-2.2358148368930584,True,891,0.891,>=0.80,True,True
4396,Indonesia,Tanjung Balai Karimun,1.0004031560665618,103.41246827087332,0.7839839335346823,-1.5599472457862549,1.5599472457862549,True,True,0.4066732731418058,-1.7475856676750454,True,-0.06059392330229925,-1.2803184712309403,True,-0.5945903166016155,-0.746322077931624,True,0.9951262275859669,-1.8704985593850865,True,580,0.58,0.50-<0.80,True,True
4421,Ukraine,Horlivka,48.30851377714698,38.04003895031553,1.0686040134413075,-1.5988857695407996,1.5988857695407996,True,False,0.42349736403037114,-1.4234324727944336,True,0.4912290191336561,-1.4911641278977186,True,-0.22581462620448528,-0.7741204825595771,True,0.3135339687429014,-1.2254246905283452,False,704,0.704,0.50-<0.80,True,True
4468,India,Kodinar,20.79792105694453,70.69749812575063,0.6307970980984744,-1.1179258017821794,1.1179258017821794,True,False,0.18583432134904582,-1.0965185929897279,True,-0.06553874691102435,-0.8451455247296576,True,-0.05356905344575458,-0.8571152181949274,True,0.2741234768297594,-1.0047519771084223,False,459,0.459,0.20-<0.50,True,False
4569,Ukraine,Sievierodonetsk,48.94404754495278,38.48804627158147,1.2950407774657458,-2.293135191174287,2.293135191174287,True,True,0.5366268739390678,-1.8285490279491088,True,0.5380411238285026,-1.8299632778385435,True,-0.17900252150964097,-1.1129196325004,True,0.9539541244807623,-1.8251429663933503,True,804,0.804,>=0.80,True,True
4588,United States,Medford,42.34198130033722,-122.87402564160824,1.5652844956540672,-0.8112174877090317,0.8112174877090317,True,False,0.811526188869977,-1.1321125899533018,True,1.3918354520364955,-1.7124218531198203,True,1.641967217609281,-1.9625536186926058,True,1.976050763609605,-1.430064418581855,True,904,0.904,>=0.80,True,True
4606,Ukraine,Yenakiieve,48.22495050760124,38.20895548055625,1.4601873511532328,-1.6828285593690522,1.6828285593690522,True,False,0.71174337814451,-1.555066069065794,True,0.6321941897930128,-1.4755168807142969,True,-0.08484945554512768,-0.7584732353761563,True,0.8051676913882487,-1.4197558079214403,True,796,0.796,0.50-<0.80,True,True
4607,Russia,Anapa,44.890240649475686,37.335855702012616,0.6010036005571873,-0.949696229782478,0.949696229782478,True,True,0.48689299392332014,-1.1328214976301205,True,0.6846695632468205,-1.330598066953621,True,0.322616345590221,-0.9685448492970214,True,0.7653940260110599,-1.1834858911305526,True,428,0.428,0.20-<0.50,True,False
4628,Venezuela,San Félix,8.345778193331604,-62.64077834473875,0.9713189655787224,-1.2630953460649992,1.2630953460649992,True,True,0.6474050282083847,-1.3455811022604047,True,0.3845325039782396,-1.0827085780302594,True,-0.08603792109068081,-0.612138152961339,True,0.7884879477187613,-1.3101309884814722,True,980,0.98,>=0.80,True,True
4643,Ukraine,Khartsyzk,48.03999380669883,38.14219613311241,0.9284429737257897,-1.8540140430465823,1.8540140430465823,True,True,0.36498966852366277,-1.3391267250973171,True,0.5563307065320556,-1.53046776310571,True,-0.16071293880609067,-0.8134241177675636,True,0.49368979347167896,-1.2522906280648312,False,656,0.656,0.50-<0.80,True,True
4663,México,Acapulco,16.866345612901984,-99.8499276693155,1.4335976755604067,-1.2435066241996413,1.2435066241996413,True,False,0.6621641878052869,-1.389135057483974,True,0.5227234814200734,-1.2496943510987606,True,0.1709406931564338,-0.897911562835121,True,1.3688798622878657,-1.4856621630546119,True,1000,1.0,>=0.80,True,True
4665,Venezuela,Upata,8.009614541228272,-62.398695836186974,0.7124519594678141,-1.5473710500466475,1.5473710500466475,True,True,0.42005546762450413,-1.7277430979731279,True,0.3173130972864117,-1.6250007276350356,True,-0.15325732778251272,-1.1544303025661111,True,0.9053176803067264,-1.8368505192870939,True,547,0.547,0.50-<0.80,True,True
4677,Turkey,Manavgat,36.79217522818895,31.4008225780504,0.6043569267384389,-2.249941198628325,2.249941198628325,True,True,0.4847986345080804,-1.8297501180206264,True,0.3624937244207332,-1.7074452079332791,True,0.5015434891946442,-1.8464949727071902,True,0.5760883968485009,-1.8051046432024194,False,430,0.43,0.20-<0.50,True,False
4680,Ukraine,Kadiivka,48.56169027630351,38.64343375915284,0.8614413885466862,-1.7192593390008335,1.7192593390008335,True,True,0.5198323694231582,-1.4967055830473104,True,0.6584496282624553,-1.6353228418866075,True,-0.058594017075688065,-0.9182791965484642,True,0.05344084765905388,-1.2186229780265783,False,588,0.588,0.50-<0.80,True,True
4681,Russia,Tambov,52.731866382122746,41.43007115363723,1.494593428793544,-1.299035381251806,1.299035381251806,True,True,0.5646029153500002,-1.1529418278034662,True,0.552607786487476,-1.140946698940942,True,0.1905545688308733,-0.7788934812843393,True,0.848364595860154,-1.1055876296684515,True,896,0.896,>=0.80,True,True
4702,Venezuela,Tucupita,9.068675121045668,-62.05942873607939,0.6064674451843081,-1.749254132159745,1.749254132159745,True,True,0.363530007529841,-1.7576020247584658,True,0.35936509746016965,-1.7534371146887944,True,-0.11120532760875879,-1.282866689619866,True,0.33041607920560045,-1.6654647565525207,False,552,0.552,0.50-<0.80,True,True
4704,Brazil,Cachoeira do Sul,-30.02843366184937,-52.90139934157647,1.0088146849791957,-1.952904897406465,1.952904897406465,True,True,0.5774087061490663,-1.907637058866076,True,0.2562910985943942,-1.586519451311404,True,0.2710381954931192,-1.601266548210129,True,0.5454999749679234,-1.7886275168598933,False,741,0.741,0.50-<0.80,True,True
4753,Ukraine,Alchevsk,48.46475386002615,38.801245319016985,1.829924191649208,-1.636360256103787,1.636360256103787,True,True,0.5641436337509751,-1.5743719047526243,True,0.4404612950579075,-1.4506895660595567,True,-0.2765823502802334,-0.7336459207214159,True,1.2693730897953994,-1.5833554514533685,True,843,0.843,>=0.80,True,True
4779,Spain,Ibiza,38.907554824737936,1.4258189095954823,1.0996049056788118,-0.8474594032491791,0.8474594032491791,True,False,0.6382820370784176,-1.089943390199875,True,0.6002049496681572,-1.0518663027896145,True,0.4811577407928374,-0.9328190939142946,True,1.3913890368945603,-1.2638339150144984,True,859,0.859,>=0.80,True,True
4783,Germany,Schweinfurt,50.04483730969663,10.224116078925102,1.9835286398314167,-1.2892197171796769,1.2892197171796769,True,True,0.9165045287598681,-1.2432147099085924,True,1.2116162689087377,-1.538326450057462,True,1.1952809122515222,-1.5219910934002465,True,1.4622238048333818,-1.2567593379737851,True,993,0.993,>=0.80,True,True
4818,France,Ajaccio,41.93226498553215,8.75034399954601,0.7719241242470146,-0.7593198024360241,0.7593198024360241,True,False,0.5868434094662721,-0.9555079987226296,True,1.0735592605492854,-1.442223849805643,True,1.309177723185222,-1.6778423124415793,True,0.9799851110892007,-1.0379198566627919,True,709,0.709,0.50-<0.80,True,True
4864,Iran,Saveh,35.02621442245155,50.35716132629128,0.6379009258235224,-1.8341969043039936,1.8341969043039936,True,True,0.3708918131010327,-1.7838563432973813,True,0.20024758040594112,-1.6132121106022896,True,-0.05339526149687346,-1.3595692686994751,True,0.2830423478162106,-1.6790658639232887,False,572,0.572,0.50-<0.80,True,True
4942,México,Celaya,20.53157596304111,-100.820914131576,0.8877052833276559,-1.837504380823704,1.837504380823704,True,False,0.4003372407742285,-1.8247675719440914,True,0.4242916641718237,-1.8487219953416867,True,0.07250887590818134,-1.4969392070780443,True,0.5966722558975793,-1.8078699603054837,False,723,0.723,0.50-<0.80,True,True
4973,México,Zitácuaro,19.43110375662993,-100.3504266348978,0.6249130791041654,-1.6027672890580142,1.6027672890580142,True,True,0.33462342830124675,-1.757490241156539,True,0.4275761070088873,-1.8504429198641794,True,0.07579331874524492,-1.498660131600537,True,0.7954124277470584,-1.873085962771825,True,415,0.415,0.20-<0.50,True,False
4982,Italy,Barletta,41.317273878285725,16.281565208087486,1.0277839030336982,-1.3168882911693591,1.3168882911693591,True,False,0.5113151501575737,-1.5374391906906861,True,0.7955066839670905,-1.8216307245002028,True,1.0746417700045288,-2.1007658105376414,True,1.3012176136137374,-1.7162019088968963,True,775,0.775,0.50-<0.80,True,True
4987,Russia,Rostov-on-Don,47.25196383869759,39.71407034376893,1.344581626670185,-1.6086594783777772,1.6086594783777772,True,True,0.6328648101196008,-1.1529300895035028,True,0.7047572988874158,-1.2248225782713178,True,0.3427040812308125,-0.8627693606147144,True,1.0161527672006123,-1.135727524669948,True,999,0.999,>=0.80,True,True
5013,Italy,Andria,41.22831548397832,16.298067516421757,0.9816197285082204,-1.5129764816417457,1.5129764816417457,True,False,0.3243964067221756,-1.3585986252139008,True,0.7150678252623608,-1.749270043754086,True,0.994202911299795,-2.02840512979152,True,0.7303239474217037,-1.3563225635883849,True,772,0.772,0.50-<0.80,True,True
5049,Russia,Bataysk,47.12955957471743,39.73553806697481,1.126143590669465,-1.8142489291586168,1.8142489291586168,True,True,0.6392865865493388,-1.3421532155450695,True,0.6897114151413022,-1.392578044137033,True,0.3276581974847032,-1.030524826480434,True,0.7419033432239032,-1.2540876488062151,True,862,0.862,>=0.80,True,True
5066,México,San Miguel de Allende,20.911350823981117,-100.74229591941506,0.7574955526710777,-1.6105621156280394,1.6105621156280394,True,True,0.4171814839009247,-1.781286066766955,True,0.4481506151997538,-1.8122551980657842,True,0.09636782693611212,-1.4604724098021424,True,0.9618700084451973,-1.9302354330996687,True,673,0.673,0.50-<0.80,True,True
5075,Italy,Bisceglie,41.24305674920215,16.496386442414856,0.7033027095683083,-1.1701461835735285,1.1701461835735285,True,False,0.42814474515545625,-1.3527703884343891,True,0.7851900346028732,-1.709815677881806,True,1.0643251206403126,-1.9889507639192454,True,0.8938307773813107,-1.4476711023916122,True,504,0.504,0.50-<0.80,True,True
5077,Turkey,Konya,37.8592467464056,32.487220898231264,0.821919117796965,-1.3987172455919672,1.3987172455919672,True,True,0.5264831102810327,-1.231304137169976,True,0.3295434969409003,-1.0343645238298436,True,0.46859326171481175,-1.1734142886037549,True,0.5298194872179601,-1.1533215121447324,False,752,0.752,0.50-<0.80,True,True
5127,México,Iguala,18.350038843594863,-99.5320194213921,0.682729480982175,-1.4179386902778357,1.4179386902778357,True,True,0.3857685965006019,-1.5939122274882582,True,0.41566154095916025,-1.6238051719468165,True,0.06387875269552068,-1.272022383683177,True,0.8680010446461672,-1.7093528578547375,True,587,0.587,0.50-<0.80,True,True
5136,Italy,Molfetta,41.201497775994696,16.59672432809942,0.6954201862515644,-0.7996184697363042,0.7996184697363042,True,False,0.24897184326072183,-0.9807635610760007,True,0.6826082277110155,-1.4143999455262943,True,0.9617433137484523,-1.6935350315637312,True,0.8839342524048058,-1.1095180978593266,True,488,0.488,0.20-<0.50,True,False
5161,Spain,Palma de Mallorca,39.56532532020063,2.667635272215441,1.5310458540324867,-1.1101901903882327,1.1101901903882327,True,True,0.7649529758312918,-1.0659953979824894,True,0.7614702786236868,-1.0625127007748842,True,0.6424230697483648,-0.9434654918995624,True,1.4201296296257346,-1.15195931229092,True,965,0.965,>=0.80,True,True
5177,India,Una,20.822313960632304,71.0384273568668,0.7375560550218039,-0.7531280987453651,0.7531280987453651,True,False,0.18182252966767223,-0.9312038285218653,True,-0.032443537190016976,-0.7169377616641761,True,-0.020473843724751806,-0.7289074551294413,True,0.9368359262641981,-1.0876107973268272,True,676,0.676,0.50-<0.80,True,True
5182,Vietnam,Bến Tre,10.262657845231145,106.36785651614044,0.6400165293159593,-0.9162799845828165,0.9162799845828165,True,True,0.08505138145931328,-1.1326737988177655,True,-0.04916851468507097,-0.9984539026733813,True,-0.1175055920517677,-0.9301168253066846,True,0.8143748419697895,-1.2707409886790293,True,495,0.495,0.20-<0.50,True,False
5184,Japan,Nagaoka,37.45313584903111,138.84066197794445,2.155091352487565,-1.349742963361196,1.349742963361196,True,True,0.951759585061926,-1.0343003227519432,True,0.8919101975588009,-0.974450935248818,True,1.262272142859824,-1.3448128805498412,True,2.0337494710649726,-1.1993317422453402,True,823,0.823,>=0.80,True,True
5273,Brazil,Telêmaco Borba,-24.3268848550261,-50.63049081831822,0.8348984961987431,-1.1823356758953374,1.1823356758953374,True,False,0.52242482867318,-1.3746074567103614,True,0.27942200923073596,-1.1316046372679174,True,0.2941691061294585,-1.14635173416664,True,1.0590495705087115,-1.5156734660417785,True,601,0.601,0.50-<0.80,True,True
5298,México,San Luis de la Paz,21.293380323095096,-100.5134937597004,0.7984885138261533,-1.9489093952745853,1.9489093952745853,True,True,0.30703979706476137,-1.7805906619507033,True,0.3256354279349453,-1.7991862928208873,True,-0.02614736032869469,-1.447403504557247,True,0.5004023135422155,-1.7528352895844597,False,672,0.672,0.50-<0.80,True,True
5346,Vietnam,Đồng Xoài,11.527303211541742,106.89163924198375,0.7372557662795258,-0.9553715469426368,0.9553715469426368,True,True,0.2116061977154999,-1.1663295685499082,True,0.055034939195922325,-1.0097583100303307,True,-0.013302138170776412,-0.941421232663632,True,0.9364589131024598,-1.3224767138735207,True,610,0.61,0.50-<0.80,True,True
5360,Russia,Saransk,54.1926487364862,45.17703867060992,0.9770810284661376,-1.1874800513158226,1.1874800513158226,True,True,0.40703038435593675,-0.9514604908085573,True,0.524036768022267,-1.0684668744748875,True,0.1619835503656626,-0.7064136568182832,True,0.19862666427516257,-0.8022601003514219,False,541,0.541,0.50-<0.80,True,True
5378,Brazil,Lajeado,-29.471833308918225,-51.96663243563087,0.6232450652976557,-2.005805150226252,2.005805150226252,True,True,0.5708582571929031,-1.9083830287112407,True,0.4077404574032275,-1.745265228921565,True,0.4224875543019513,-1.7600123258202889,True,0.06141648824296161,-1.6686209514637944,False,428,0.428,0.20-<0.50,True,False
5477,México,Tepeji de Ocampo,19.907090576117508,-99.34443728930296,0.6019614579606889,-1.211405392031586,1.211405392031586,True,False,0.36680352723384274,-1.378855902935824,True,0.4307460409621244,-1.4427984166641057,True,0.07896325269848503,-1.0910156284004664,True,0.7665966180411452,-1.4805805958614848,True,387,0.387,0.20-<0.50,True,False
5511,Turkey,Samsun,41.3032006541007,36.30897078435137,1.4085514557914205,-0.7914296490729202,0.7914296490729202,True,True,0.5713708085416049,-0.7915011579137967,True,0.3275452207587903,-0.5476755701309821,False,0.4665949855326978,-0.6867253349048896,True,1.0473703504056582,-0.7842640993767116,True,493,0.493,0.20-<0.50,True,False
5512,Russia,Cheboksary,56.11988766947914,47.251664393094806,1.0479543717848434,-1.0845987733743503,1.0845987733743503,True,True,0.39101712573413494,-0.8653494944168596,True,0.5148779135476856,-0.9892102822304103,True,0.15282469589108116,-0.6271570645738058,True,0.28760829923362125,-0.7337596112286391,False,480,0.48,0.20-<0.50,True,False
5536,Russia,Kurganinsk,44.88884457525336,40.59225391591064,0.8755332072172249,-2.229087222560536,2.229087222560536,True,True,0.596763248224852,-1.7126592986528686,True,0.7072165374442485,-1.823112587872265,True,0.34516331978764886,-1.4610593702156653,True,0.42726146783122765,-1.569067419311536,False,668,0.668,0.50-<0.80,True,True
5545,Vietnam,Gia Kiệm,11.043226852153268,107.17165207122822,0.7728359810311952,-1.0211987211556484,1.0211987211556484,True,True,0.29748492726741443,-1.2205470522317767,True,0.17252866954626897,-1.0955907945106311,True,0.10419159217956742,-1.0272537171439295,True,0.9811299492428006,-1.365786710467613,True,693,0.693,0.50-<0.80,True,True
5575,United States,Grand Junction,39.08488337518326,-108.52084872986048,1.823223074739749,-0.8494120324089038,0.8494120324089038,True,True,0.739976595874205,-1.1775662841645302,True,1.226778129829225,-1.6643678181195505,True,1.476909895402009,-1.9144995836923344,True,2.299893204380251,-1.6639458521452686,True,923,0.923,>=0.80,True,True
5582,Turkey,Tekkeköy,41.23693581116577,36.43600204166537,1.2660173378972357,-1.1652595304737376,1.1652595304737376,True,False,0.5798620654686104,-1.168461564307838,True,0.25350779271973256,-0.84210729155896,True,0.39255755749364635,-0.9811570563328738,True,0.868418458852396,-1.1112910429131224,True,989,0.989,>=0.80,True,True
5583,Russia,Yoshkar-Ola,56.63733694464481,47.8899799917853,1.2592020383572404,-1.1527887544986235,1.1527887544986235,True,True,0.443706503381198,-0.9554330184207259,True,0.5326164208772658,-1.0443429359167937,True,0.17056320322065988,-0.6822897182601878,True,0.5528301989292987,-0.8746882524655875,False,718,0.718,0.50-<0.80,True,True
5588,India,Bathinda,30.21450948297037,74.94921971247807,1.1650527557250796,-1.452289008384574,1.452289008384574,True,False,0.34107945260415967,-1.4529364140528698,True,-0.0969653117476819,-1.0148916497010283,True,-0.08499561828241531,-1.0268613431662947,True,0.9448826039623229,-1.603746811227414,True,910,0.91,>=0.80,True,True
5606,Russia,Sal'sk,46.4755480734953,41.53641963387157,1.3202316577775213,-1.8385519551069835,1.8385519551069835,True,True,0.6763610787638612,-1.3839182627033022,True,0.6389384833382761,-1.346495667277717,True,0.27688526568167704,-0.984442449621118,True,0.985581328888277,-1.3681313754407796,True,894,0.894,>=0.80,True,True
5609,Iran,Najafabad,32.63722947267033,51.34113292012417,0.9390330753188836,-1.5816744204464217,1.5816744204464217,True,True,0.16075170428941749,-1.4582764655933351,True,-0.10310904076349185,-1.1944157205404258,True,-0.35675188266630165,-0.9407728786376159,True,0.6768563127546672,-1.5048025149829622,True,910,0.91,>=0.80,True,True
5651,Turkey,Çarşamba,41.195343064433565,36.713662225808754,0.8124609251338701,-0.8131939314153216,0.8131939314153216,True,True,0.3391722790243712,-1.0158499762510513,True,0.2336805771610555,-0.9103582743877356,True,0.37273034193496474,-1.049408039161645,True,1.0308791517820135,-1.1649674203153406,True,748,0.748,0.50-<0.80,True,True
5701,India,Mahesana,23.59807380468668,72.37769112594269,0.8092570581825803,-1.509932717129347,1.509932717129347,True,True,0.3377753975399591,-1.6712610800789907,True,0.09349640107607991,-1.4269820836151115,True,0.10546609454134304,-1.4389517770803746,True,1.026856689934361,-1.8357203830910027,True,572,0.572,0.50-<0.80,True,True
5717,Turkey,Kozan,37.45652685558744,35.81643858643887,0.6817401102337006,-1.2400937856098893,1.2400937856098893,True,True,0.08043443693572394,-1.4294250094275764,True,0.03692326824475237,-1.385913840736605,True,0.17597303301866063,-1.5249636055105131,True,0.8667588875436949,-1.5923306221206484,True,517,0.517,0.50-<0.80,True,True
5760,Russia,Izobilnyy,45.36937715968468,41.70868364425224,0.8324175714154136,-1.7332664759975358,1.7332664759975358,True,True,0.023750715411283832,-1.2434904405653353,True,0.22383992918403373,-1.4435796543380852,True,-0.13821328847256587,-1.0815264366814854,True,0.3731296943565872,-1.2070987554792303,False,635,0.635,0.50-<0.80,True,True
5781,Russia,Stavropol,45.03684089427434,41.957889281714,1.482583249603063,-1.342852624211323,1.342852624211323,True,True,0.5236794860862214,-1.2227676124884073,True,0.5182214997112452,-1.217309626113431,True,0.15616828205464506,-0.855256408456831,True,0.8332857900571401,-1.1452632262900924,True,903,0.903,>=0.80,True,True
5807,China,Changhong,50.425903574450814,124.10874328036796,0.6270827920026923,-1.361806878586999,1.361806878586999,True,True,0.2600466229988703,-1.4855192486396793,True,-0.0024725319364919613,-1.223000093704317,True,-0.08763328364122541,-1.1378393419995836,True,0.798136506957393,-1.692578141592459,True,453,0.453,0.20-<0.50,True,False
5825,India,Visnagar,23.700050248003084,72.53832938033864,0.6843279587517992,-1.4739919669087878,1.4739919669087878,True,True,0.11011633280287574,-1.4353935441904138,True,-0.10239317117769914,-1.2228840402098389,True,-0.09042347771243398,-1.234853733675104,True,0.3413315875046941,-1.3935152390694134,False,608,0.608,0.50-<0.80,True,True
5829,Vietnam,Ea T'Ling,12.603206437424005,107.910706302267,0.6231690098013988,-0.8935488284388746,0.8935488284388746,True,True,0.25217125762310566,-1.0767317287695475,True,0.1512547809786842,-0.9758152521251259,True,0.0829177036119838,-0.9074781747584255,True,0.7932227449865995,-1.193547535303571,True,448,0.448,0.20-<0.50,True,False
5894,United States,Abilene,32.4349657071641,-99.7615430402704,1.4779068686824477,-0.9540611932997952,0.9540611932997952,True,False,0.7229312643864854,-1.2483385646785021,True,1.3156214321460102,-1.8410287324380272,True,1.5657531977187946,-2.0911604980108116,True,1.8663479650304244,-1.5809321062579862,True,905,0.905,>=0.80,True,True
5935,Nigeria,Benin City,6.337142157566214,5.626420074216144,0.6153198295294406,-1.8156010796330428,1.8156010796330428,True,True,0.4631763549947474,-1.836401461362437,True,-0.2812063561307662,-1.0920187502369234,True,-0.1249162525534005,-1.2483088538142892,True,0.3415302667890544,-1.7270070372877129,False,512,0.512,0.50-<0.80,True,True
5965,Vietnam,Phước An,12.70213615450188,108.31260569681756,0.6579542459939212,-1.1555116076248997,1.1555116076248997,True,True,0.2902143816720854,-1.1992048418053163,True,0.18338894150952137,-1.0923794016427522,True,0.11505186414282054,-1.0240423242760515,True,0.3950578683507534,-1.1377509237997157,False,471,0.471,0.20-<0.50,True,False
6023,México,Ciudad Valles,21.99796417411281,-99.01131408010288,0.7750025076689038,-1.1684317465707033,1.1684317465707033,True,False,0.4994723565316667,-1.3594725761416993,True,0.4936342183788843,-1.353634437988917,True,0.1418514301152456,-1.0018516497252783,True,0.9838500280958243,-1.474656195588366,True,701,0.701,0.50-<0.80,True,True
6092,Vietnam,Nha Trang,12.254572864676051,109.1541317833577,1.0406930526766376,-0.8624424784809737,0.8624424784809737,True,False,0.5496410935264955,-0.95322425847492,True,0.32307932511402004,-0.7266624900624445,True,0.2547422477473194,-0.6583254126957439,True,0.8755872632676833,-0.9494968153127006,True,996,0.996,>=0.80,True,True
6102,Turkey,Elbistan,38.202415584093295,37.19927342255761,0.9521478596482732,-1.210083422753671,1.210083422753671,True,True,-0.31627526208129936,-1.1266567024776435,True,-0.423620699180017,-1.019311265378926,True,-0.28457093440610404,-1.1583610301528389,True,0.6933219526851698,-1.2557121709703338,True,806,0.806,>=0.80,True,True
6103,Russia,Yessentuki,44.03890037671353,42.86175951858265,1.1768701106999602,-1.5065079906571324,1.5065079906571324,True,True,0.6535528099032623,-1.331663732251632,True,0.7597926461838221,-1.437903568532192,True,0.3977394285272205,-1.0758503508755903,True,0.44946228669066834,-1.1354643478761728,False,783,0.783,0.50-<0.80,True,True
6121,Russia,Pyatigorsk,44.03485160837943,43.06471171339625,1.427449722225612,-1.0839750165093676,1.0839750165093676,True,True,0.6702474808320296,-0.9439283324782494,True,0.7492414743843765,-1.0229223260305962,True,0.38718825672777357,-0.6608691083739934,True,0.7640655278633322,-0.8249840850881616,True,718,0.718,0.50-<0.80,True,True
6128,Vietnam,Phan Rang – Tháp Chàm,11.558158934424943,109.00037746092276,1.0344336678097783,-1.0034012789198348,1.0034012789198348,True,True,0.5173390325424053,-1.1041144266813014,True,0.24877329551533126,-0.8355486896542272,True,0.18043621814863298,-0.767211612287529,True,0.8677285921057634,-1.102577312043235,True,987,0.987,>=0.80,True,True
6139,Russia,Mineralnye Vody,44.21016054366917,43.12715163190665,0.7878132696250794,-1.400917231685623,1.400917231685623,True,True,0.5261377939802434,-0.8635320169451979,True,0.7297382436363663,-1.0671324666013207,True,0.3676850259797637,-0.7050792489447182,True,0.31712889753179724,-0.717696225048322,False,512,0.512,0.50-<0.80,True,True
6259,Russia,Chistopol,55.36778824717688,50.64139808062852,0.9789544885527556,-1.145953107780065,1.145953107780065,True,True,0.4725165655897852,-0.9180541386458427,True,0.5311367406972811,-0.9766743137533387,True,0.16908352304067964,-0.6146210960967371,True,0.20097879744301708,-0.7470055482107733,False,571,0.571,0.50-<0.80,True,True
6284,México,Teziutlán,19.812827725393284,-97.37243991351242,1.0674644456865454,-2.322844697251345,2.322844697251345,True,True,0.5996743813239718,-1.9557007862313895,True,0.5017565261789003,-1.857782931086318,True,0.14997373791526208,-1.50600014282268,True,0.28971618750876527,-1.7089953232117763,False,726,0.726,0.50-<0.80,True,True
6300,México,Linares,24.866759015640987,-99.55740143164492,0.7307870074738715,-2.022866483852384,2.022866483852384,True,True,0.48357021392334126,-1.9986846073382738,True,0.4731290865788066,-1.9882434799937392,True,0.12134629831516774,-1.6364606917301003,True,0.3996610230911402,-1.89807944242082,False,540,0.54,0.50-<0.80,True,True
6403,Russia,Nizhnekamsk,55.62613096505303,51.8116069290923,1.2530283577789525,-1.1623806092086215,1.1623806092086215,True,False,0.19949569533066897,-0.9907011090996141,True,0.28186590207610596,-1.073071315845051,True,-0.0801873155804973,-0.7110180981884479,True,0.5450791296860014,-0.9613609269268302,False,675,0.675,0.50-<0.80,True,True
6420,Iran,Ardakan,32.30452123021728,54.01182589285127,0.7240109845512442,-1.538536783764903,1.538536783764903,True,True,0.40177329399759,-1.7140211860970433,True,0.1128369695451233,-1.4250848616445766,True,-0.14080587235768693,-1.1714420197417663,True,0.9198300611580741,-1.8697961952348128,True,653,0.653,0.50-<0.80,True,True
6426,México,Martínez de la Torre,20.06594578938,-97.05965462061418,0.7720766174642697,-1.400022854721016,1.400022854721016,True,True,0.5043457115272688,-1.58714729096355,True,0.5107349117885855,-1.5935364912248666,True,0.15895212352494592,-1.2417537029612271,True,0.9801765666514188,-1.6903560449638921,True,711,0.711,0.50-<0.80,True,True
6456,México,Altamira,22.388825892123076,-97.91428989403065,1.0720696825507867,-1.050975889542754,1.050975889542754,True,False,0.5401931520377595,-1.1633203469904112,True,0.4401875567877509,-1.0633147517404027,True,0.08840476852411483,-0.7115319634767666,True,0.9149806895539694,-1.170997290232676,True,893,0.893,>=0.80,True,True
6457,United States,Billings,45.77719529424545,-108.55830160896878,2.3785430250739887,-1.0574416658676005,1.0574416658676005,True,False,0.7915240917090538,-1.0950420845249877,True,1.107839978961176,-1.4113579717771099,True,1.3579717445339599,-1.6614897373498938,True,2.484164150515021,-1.5828456189085287,True,759,0.759,0.50-<0.80,True,True
6471,México,Tierra Blanca,18.449210325905337,-96.35738101245204,1.0849258793475889,-1.903696581331849,1.903696581331849,True,True,0.5313124474935201,-1.9966548412279685,True,0.46018901448334376,-1.9255314082177921,True,0.10840622621970436,-1.5737486199541526,True,0.931121672281184,-2.016011097884202,True,938,0.938,>=0.80,True,True
6546,México,Ciudad Acuña,29.3190231671791,-100.96045791111744,0.734531472430813,-0.8068957952233264,0.8068957952233264,True,False,0.4930271329156461,-0.9798676481149318,True,0.4808606853113612,-0.9677012005106469,True,0.129077897047722,-0.6159184122470076,True,0.933038556316472,-1.1134508849426659,True,660,0.66,0.50-<0.80,True,True
6613,Russia,Bugulma,54.53694514226828,52.80082232495756,0.7735816312939368,-1.1913141757501904,1.1913141757501904,True,True,0.37363126905587846,-0.9321330403396304,True,0.5421105643975596,-1.1006123356813116,True,0.18005734674095586,-0.7385591180247078,True,-0.056867266524964565,-0.7127432020916828,False,443,0.443,0.20-<0.50,True,False
6666,México,Minatitlán,17.99354392176058,-94.5555715692893,1.3348457698011729,-0.8920239837008909,0.8920239837008909,True,False,0.5368113090734691,-1.18287010597315,True,0.3822625537379002,-1.028321350637581,True,0.030479765474263343,-0.6765385623739442,True,1.6867344477145343,-1.4508553307661476,True,872,0.872,>=0.80,True,True
6688,Russia,Oktjabrski,54.48343077929762,53.48676596899559,1.0080893408870737,-1.4245774592614373,1.4245774592614373,True,True,0.40587951018660395,-1.2047722223355188,True,0.5219578101400829,-1.320850522288998,True,0.15990459248347966,-0.9587973046323945,True,0.23755766720682844,-1.0521950832417835,False,651,0.651,0.50-<0.80,True,True
6750,Iran,Darab,28.755825371732268,54.553798734710576,1.0541260324832908,-1.7763040682196805,1.7763040682196805,True,True,0.5211292157683174,-1.993898321496974,True,0.2011403483851588,-1.6739094541138155,True,-0.05250249351765385,-1.4202666122110028,True,1.3342902137896842,-2.2039156043575323,True,841,0.841,>=0.80,True,True
6772,United States,Sioux Falls,43.54012671439033,-96.71393610734944,2.048837793557752,-1.5678883207245784,1.5678883207245784,True,True,0.7724679274413869,-1.191555982342632,True,1.2216252379037198,-1.640713292804965,True,1.4717570034765024,-1.8908450583777476,True,1.900347899317274,-1.495165253556471,True,909,0.909,>=0.80,True,True
6784,China,Panzhihua,26.575855880381244,101.72008736235156,0.8566888233129282,-1.3830614726895725,1.3830614726895725,True,True,0.2075691159200713,-1.5406639188804598,True,-0.05674957648355298,-1.2763452264768356,True,-0.14191032818828836,-1.1911844747721003,True,1.0864073730633432,-1.8219384475218838,True,576,0.576,0.50-<0.80,True,True
6797,India,Modasa,23.46361233831437,73.30086673619168,0.7241841232661014,-0.8433209238434316,0.8433209238434316,True,False,-0.43030082510231304,-0.8664421770443194,True,-0.602952935371644,-0.6937900667749884,True,-0.5909832419063751,-0.7057597602402573,True,0.3913710877679734,-0.9396451005699448,False,214,0.214,0.20-<0.50,True,False
6812,India,Makrana,27.03520607367559,74.71685303727226,0.9789920397427854,-1.25552466213159,1.25552466213159,True,True,-0.12787006734803205,-1.2917394156852395,True,-0.5024379256185831,-0.9171715574146884,True,-0.4904682321533119,-0.9291412508799596,True,0.7112829749001469,-1.4334510455522038,True,945,0.945,>=0.80,True,True
6855,Iran,Neyshabur,36.212447924725794,58.79155473865141,0.7745903095953528,-1.5485331986688438,1.5485331986688438,True,True,0.2576302511942121,-1.7169791580561415,True,0.0845897436255754,-1.5439386504875048,True,-0.16905309827724058,-1.290295808584689,True,0.3728498770558037,-1.6771148558815177,False,654,0.654,0.50-<0.80,True,True
6859,China,Dong,26.518320699878416,101.7257126424692,1.13574213549209,-1.475892076572089,1.475892076572089,True,True,0.3215446652758499,-1.655290934200643,True,-0.057855030304675044,-1.275891238620118,True,-0.14301578200940807,-1.190730486915385,True,0.6144707482108821,-1.6679948648717793,False,817,0.817,>=0.80,True,True
6881,Russia,Kaspiysk,42.884054838068366,47.62919938450923,0.6264373352727577,-1.1268843239983304,1.1268843239983304,True,True,0.4155866407420964,-0.9323945903039772,True,0.7269517223025557,-1.2437596718644364,True,0.36489850464595014,-0.881706454207831,True,0.284391688851252,-0.8024174559440671,False,433,0.433,0.20-<0.50,True,False
6890,United States,Tallahassee,30.44863094010855,-84.30630539835893,1.885038969094082,-1.2710683307459478,1.2710683307459478,True,True,0.8672285425375579,-1.375176554983541,True,1.3903971842759513,-1.8983451967219342,True,1.6405289498487374,-2.1484769622947204,True,1.6456014481020262,-1.4569167067677447,True,992,0.992,>=0.80,True,True
6901,China,Jintang,30.82418933822334,104.42476390530705,0.6396976213726466,-1.358746599687575,1.358746599687575,True,True,0.17997492817699773,-1.5004312914279443,True,-0.1596118315739011,-1.1608445316770455,True,-0.24477258327863033,-1.0756837799723162,True,0.8139744523611093,-1.7502621672424286,True,471,0.471,0.20-<0.50,True,False
6959,México,Cancún,21.164115847851036,-86.86212292670544,0.8949343060739772,-1.0544821987835769,1.0544821987835769,True,True,0.41904334232602614,-1.108750358840791,True,0.5130967704701378,-1.2028037869849026,True,0.16131398220649357,-0.8510209987212585,True,0.6925868434359697,-1.0894448052057943,True,845,0.845,>=0.80,True,True
7010,China,Huaikou,30.708558350384028,104.56231598923412,0.9233976987144368,-1.62162788228473,1.62162788228473,True,True,0.3794019939105835,-1.7691743357741407,True,-0.049915931201303713,-1.3398564106622535,True,-0.1350766829060332,-1.254695658957524,True,0.34787185116376496,-1.7352280108195353,False,656,0.656,0.50-<0.80,True,True
7101,China,Jianyang,30.4091059413393,104.53714850006018,1.8654661157334207,-1.118385536486019,1.118385536486019,True,True,0.3321909697490976,-1.4032661618261029,True,-0.22566839113702514,-0.84540680093998,True,-0.3108291428417584,-0.7602460492352467,True,1.5306407747648516,-1.667738913802134,True,981,0.981,>=0.80,True,True
7109,Russia,Miass,55.06414193168085,60.10911247260547,1.153457288515481,-1.5608409541632988,1.5608409541632988,True,True,0.3249378071819085,-1.3676090832108887,True,0.3673507773473169,-1.4100220533762973,True,0.0052975596907154365,-1.0479688357196957,True,0.4200674380859077,-1.2969273511781778,False,763,0.763,0.50-<0.80,True,True
7148,Russia,Южный,56.38134796968106,61.95284602195191,1.553824879737859,-1.2225311404995458,1.2225311404995458,True,True,0.5535789364149574,-1.0754683204991913,True,0.49448593470382496,-1.0163753187880589,True,0.13243271704722237,-0.6543221011314563,True,0.9227298099052457,-1.0765183892445656,True,748,0.748,0.50-<0.80,True,True
7212,Russia,Novotroitsk,51.20869355364575,58.322322008615096,0.6303124003201641,-1.2113084952972302,1.2113084952972302,True,False,0.12809471767198505,-1.0231438061669655,True,0.336511222896087,-1.2315603113910676,True,-0.025541994760514553,-0.869507093734466,True,0.2892568413520741,-1.019029396401339,False,534,0.534,0.50-<0.80,True,True
7264,Indonesia,Padangan,-7.145675547144386,111.60394607602316,0.8333083893459454,-1.7489299416533088,1.7489299416533088,True,True,0.4417693752243172,-1.7953202094669989,True,-0.08277636203784641,-1.2707744722048353,True,-0.6167727553371605,-0.7367780789055212,True,0.4173448051586017,-1.673747072344016,False,660,0.66,0.50-<0.80,True,True
7274,China,Mianxian,33.15160192301007,106.68011909670324,1.0193636553119785,-0.8980955187221581,0.8980955187221581,True,True,0.021828370380711476,-1.1076266932532521,True,-0.36518896198499656,-0.7206093608875441,True,-0.45034971368972626,-0.6354486091828144,True,1.2906459744903425,-1.5185357851709482,True,568,0.568,0.50-<0.80,True,True
7303,Russia,Surgut,61.26397155017984,73.4092444835736,0.7000454359837739,-0.8697452990342903,0.8697452990342903,True,True,0.4859944517324382,-1.044626516209071,True,0.6589326742569926,-1.2175647387336257,True,0.29687945660039095,-0.8555115210770239,True,0.8897412633907605,-1.1619027450042412,True,490,0.49,0.20-<0.50,True,False
7308,Indonesia,Kediri,-7.813610226876148,112.02919492145531,0.6538792369527727,-1.8923405780201168,1.8923405780201168,True,True,0.47993284863180496,-1.9166107399324672,True,-0.003026141316810186,-1.4336517499838521,True,-0.5370225346161248,-0.8996553566845376,True,0.3899416857357846,-1.8134374972504756,False,454,0.454,0.20-<0.50,True,False
7320,United States,Champaign,40.11319352194567,-88.24878615023339,1.4677628109663283,-0.919147346505945,0.919147346505945,True,False,0.6224500597242372,-1.1856423859516991,True,1.2407526817050203,-1.8039450079324824,True,1.4908844472778013,-2.0540767735052636,True,1.8536120787517965,-1.5917156605399756,True,883,0.883,>=0.80,True,True
7375,Brazil,Bragança Paulista,-22.938895191351406,-46.54351960416272,1.2555920277870969,-1.3606187319126368,1.3606187319126368,True,False,0.6247629427628104,-1.0288672804827583,True,0.24643463385058254,-0.6505389715705304,False,0.2611817307493074,-0.6652860684692553,True,0.5259107714274642,-0.8392980366849084,False,818,0.818,>=0.80,True,False
7386,Nigeria,Bonny,4.416615577492103,7.167970568443957,0.7817951398357964,-1.7433587011181588,1.7433587011181588,True,True,0.4852744625359472,-1.9275549611304856,True,-0.2874722880754407,-1.1548082105190978,True,-0.131182184498076,-1.3110983140964625,True,0.992378192389748,-2.0353461364388243,True,542,0.542,0.50-<0.80,True,True
7390,India,Godhra,22.778087538201444,73.61917353179516,0.6772744815984069,-0.8653944034369152,0.8653944034369152,True,True,-0.4717191442257921,-0.9215711138455479,True,-0.5476118587009697,-0.8456783993703703,True,-0.5356421652357063,-0.8576480928356337,True,0.41931446570272307,-1.0189173747320663,False,258,0.258,0.20-<0.50,True,False
7393,Indonesia,Tuban,-6.900601718851979,112.05245944846074,0.7595787378059685,-1.7144842289299822,1.7144842289299822,True,True,0.3054474645505211,-1.7761318791930845,True,-0.18723420907927027,-1.2834502055632933,True,-0.7212306023785836,-0.7494538122639799,True,0.5226476363767218,-1.7321386841524617,False,626,0.626,0.50-<0.80,True,True
7436,Russia,Сафоново,53.87168507388623,86.63470806295632,0.9981335135712402,-1.1363984983214603,1.1363984983214603,True,True,0.15308828630953356,-0.9093751243864114,True,0.29737234007569685,-1.0536591781525748,True,-0.06468087758090768,-0.6916059604959702,True,0.22505810460057318,-0.8528614938516983,False,484,0.484,0.20-<0.50,True,False
7445,Russia,Biysk,52.52757123852692,85.19857995008252,1.3077212457100524,-1.4465900667662654,1.4465900667662654,True,True,0.3601476948698399,-1.2600176315014116,True,0.3507935534834867,-1.2506634901150584,True,-0.011259664173115747,-0.888610272458456,True,0.6137461681072655,-1.2645147864239226,False,898,0.898,>=0.80,True,True
7607,India,Vyara,21.109113745556726,73.39530689219374,1.0775269327418775,-0.8079733927640086,0.8079733927640086,True,True,-0.294348912155638,-1.0857817334347366,True,-0.5737607528021178,-0.8063698927882568,True,-0.5617910593368486,-0.818339586253526,True,1.3636700943908462,-1.4421308593854831,True,746,0.746,0.50-<0.80,True,True
7633,Russia,Magadan,59.5581951923875,150.7968997523242,0.6505611348536177,-1.0132069305412266,1.0132069305412266,True,True,0.41447989105103783,-1.1999524043332255,True,0.6285914523559919,-1.4140639656381797,True,0.266538234699391,-1.0520107479815786,True,0.16945365856218103,-1.015392341843106,False,476,0.476,0.20-<0.50,True,False
7665,Russia,Трудовое,43.299580070463726,132.07416343484584,0.8106372074805581,-0.7373431706068,0.7373431706068,True,True,0.6010882585258114,-0.947212125413782,True,0.7489805328533626,-1.0951043997413332,True,0.3869273151967629,-0.7330511820847334,True,1.0285894703461518,-1.0412193548970112,True,738,0.738,0.50-<0.80,True,True
7672,China,Zigong,29.352113381340057,104.76754016582947,1.163454922858877,-1.228209161274728,1.228209161274728,True,False,0.27482297131080374,-1.4191229377868448,True,-0.12776570019805034,-1.0165342662779908,True,-0.21292645190278187,-0.9313735145732593,True,0.6492642123496337,-1.4643480562732103,True,797,0.797,0.50-<0.80,True,True
7697,Russia,Yuzhno-Sakhalinsk,46.95851610055733,142.73397549651784,1.1702520692860832,-1.344077087638976,1.344077087638976,True,True,0.6486187252019642,-1.171159575250602,True,0.713567782056815,-1.236108632105453,True,0.35151456440021445,-0.8740554144488525,True,0.441153321462636,-0.9507732309913798,False,786,0.786,0.50-<0.80,True,True
7706,Russia,АЗС,53.05620953569844,158.62680182498235,1.2937586915733787,-1.0982750058740671,1.0982750058740671,True,True,0.6370227216429605,-1.3860131409185112,True,0.6644419513782756,-1.413432370653826,True,0.3023887337216766,-1.0513791529972272,True,0.9769895742991269,-1.3570036089777153,True,886,0.886,>=0.80,True,True
7753,India,Shahpur,27.382217262142817,75.96386961791082,0.6880935144658689,-0.9669616648429912,0.9669616648429912,True,True,-0.4348128068545714,-0.9662950427896195,True,-0.6736014724731243,-0.7275063771710666,True,-0.6616317790078549,-0.739476070636336,True,0.34605925080199823,-1.0886379042405956,False,360,0.36,0.20-<0.50,True,False
7774,India,Yamunanagar,30.139990442520148,77.28962647817296,1.3557397542517502,-1.2347904229755435,1.2347904229755435,True,True,0.09738098967369602,-1.4428536459577654,True,-0.31094531593079483,-1.0345273403532746,True,-0.2989756224655312,-1.0464970338185382,True,0.8906782316955153,-1.5918165783319533,True,933,0.933,>=0.80,True,True
7785,Brazil,Itabira,-19.63875577059152,-43.22091628868984,0.9321393788784246,-1.7045485974498082,1.7045485974498082,True,True,0.4828759355605416,-1.8798144030325454,True,0.2458001425887209,-1.6427386100607246,True,0.2605472394874419,-1.6574857069594457,True,0.3588470494097079,-1.7360839463982418,False,666,0.666,0.50-<0.80,True,True
7865,India,Shahapur,19.448611040708165,73.32552259782824,1.2620329740323746,-1.1280417145942918,1.1280417145942918,True,True,0.09129429113359977,-1.4118809475774272,True,-0.2639734662444041,-1.0566131901994233,True,-0.25200377277913555,-1.068582883664692,True,1.5953178260339531,-1.75012786021078,True,853,0.853,>=0.80,True,True
7918,Brazil,Muriaé,-21.132944669124488,-42.37556709843981,0.7251026706788334,-0.7580970418061312,0.7580970418061312,True,True,0.4623005167968899,-0.7866654204737595,True,0.31846371024723297,-0.6428286139241026,False,0.3332108071459526,-0.6575757108228222,True,0.4793628599535901,-0.7204397807322388,False,343,0.343,0.20-<0.50,True,False
7935,India,Rewari,28.19314970198298,76.62272822782634,0.9149013061667194,-1.2367545750795397,1.2367545750795397,True,False,-0.011978989584804506,-1.2292591123945869,True,-0.3291867512172281,-0.9120513507621633,True,-0.3172170577519611,-0.9240210442274304,True,0.6308169210604089,-1.3543611047603092,False,780,0.78,0.50-<0.80,True,True
7936,China,Anning,24.91345329129256,102.48748677264608,0.8436440734048085,-1.2051682147463794,1.2051682147463794,True,True,0.11097702477388798,-1.398729796611742,True,-0.16295675923130204,-1.1247960126065522,True,-0.24811751093603324,-1.039635260901821,True,1.0700296614993638,-1.671165602948506,True,555,0.555,0.50-<0.80,True,True
7991,India,Saharanpur,29.960584562187275,77.55828311972121,0.9080175626001136,-0.9105279594837256,0.9105279594837256,True,False,-0.05274150146718301,-1.0227636591677705,True,-0.19750025270024316,-0.8780049079347103,True,-0.18553055923498762,-0.8899746013999659,True,0.3285620571953625,-1.0671576831738692,False,525,0.525,0.50-<0.80,True,True
8335,India,Sangamner,19.582337023931988,74.20234099897156,0.6036954782870303,-1.3720713950936383,1.3720713950936383,True,True,0.16049957033101947,-1.538675818028181,True,-0.09558859335430336,-1.282587654342858,True,-0.0836188998890347,-1.294557347808127,True,0.7687736842900899,-1.6683885970748695,True,411,0.411,0.20-<0.50,True,False
8419,China,Guang'an,30.479993838079437,106.62022598698958,1.2990021692247764,-0.907943086102412,0.907943086102412,True,True,-0.18717116699165437,-1.1650767353222191,True,-0.6203259882448319,-0.7319219140690415,True,-0.7054867399495597,-0.6467611623643137,True,0.8194440716730088,-1.34744341862487,True,707,0.707,0.50-<0.80,True,True
8435,China,Yongchuan,29.35045700666492,105.90830111582584,1.2264979815761232,-1.3521011224756485,1.3521011224756485,True,True,0.1938693632271159,-1.2811009112213458,True,-0.11769649003128371,-0.9695350579629461,True,-0.20285724173602143,-0.8843743062582083,True,0.8188018220000127,-1.395950054837234,True,861,0.861,>=0.80,True,True
8439,China,Hancheng,35.473015405001775,110.4404005185847,0.6542770808358115,-1.7918264723725368,1.7918264723725368,True,True,0.13599079715725396,-1.573580740808082,True,-0.1082450997286303,-1.3293448439221975,True,-0.19340585143336314,-1.2441840922174647,True,0.3193445492784547,-1.5932336735397548,False,525,0.525,0.50-<0.80,True,True
8470,China,Qu,30.83491513812317,106.96851964232307,0.735532722213207,-0.7985273068895752,0.7985273068895752,True,True,-0.4538236758359028,-0.959662027131969,True,-0.5526164566579441,-0.8608692463099277,True,-0.6377772083626825,-0.7757084946051893,True,0.9342956275715784,-1.360238741624786,True,431,0.431,0.20-<0.50,True,False
8502,India,Shrirampur,19.62032140253573,74.65520112225153,1.0215408356601623,-1.5261706624035158,1.5261706624035158,True,True,0.16515051243503448,-1.5603951683995874,True,-0.21050577561777883,-1.184738880346774,True,-0.19853608215250862,-1.1967085738120442,True,0.7647030796808201,-1.6097696600508864,True,872,0.872,>=0.80,True,True
8562,India,Arpora,15.533678183694883,73.76246526231382,0.6204277879208544,-0.8984482691050428,0.8984482691050428,True,False,0.545316191440194,-1.0773684445691338,True,0.19337812814993574,-0.7254303812788754,True,0.20534782161520915,-0.7374000747441488,True,0.7897811350202424,-1.123889117161943,True,414,0.414,0.20-<0.50,True,False
8569,China,Dazhu,30.74640823667382,107.2109204522328,0.6729055280996499,-1.0347644424683309,1.0347644424683309,True,True,-0.16476257125414742,-1.197517906911551,True,-0.40763726335560646,-0.9546432148100918,True,-0.492798015060338,-0.8694824631053604,True,0.8556670506745411,-1.517362106341083,True,475,0.475,0.20-<0.50,True,False
8621,China,Kaiyuan,23.71957353542823,103.25455486279678,0.716490694155037,-0.8451727529974287,0.8451727529974287,True,False,-0.0035769613446244852,-1.0237197179244153,True,-0.20428365092477707,-0.8230130283442628,True,-0.2894444026295096,-0.7378522766395303,True,0.9103883203923288,-1.2613272353632456,True,495,0.495,0.20-<0.50,True,False
8630,India,Margao,15.273153303951664,73.95928950464383,1.4383254238606342,-1.2032983197103928,1.2032983197103928,True,True,0.5916218666174888,-1.3686253223624218,True,0.006179929499038737,-0.7831833852439717,True,0.018149622964315437,-0.7951530787092483,True,1.1769449931551799,-1.4000924266380195,True,1000,1.0,>=0.80,True,True
8636,India,Shiroli,16.76509554714083,74.27886142899283,0.9616365688181372,-0.8243742271971316,0.8243742271971316,True,True,0.43240620598666807,-1.04940962087392,True,0.02647691765368236,-0.6434803325409344,False,0.03844661111895403,-0.6554500260062062,True,1.2181694932481413,-1.2330117584545364,True,819,0.819,>=0.80,True,False
8675,China,Panzhou,25.714445866148427,104.47417839106092,0.6523822083046383,-0.728583520923017,0.728583520923017,True,True,-0.3471341978045316,-0.9373612442113007,True,-0.5838594994959664,-0.7006359425198659,True,-0.6690202512006933,-0.615475190815139,True,0.950706185659131,-1.2821577706064107,True,410,0.41,0.20-<0.50,True,False
8680,India,Ichalkaranji,16.707990665138187,74.46397042686401,1.1315272926539692,-0.9711544821471548,0.9711544821471548,True,True,0.27005787322135294,-1.0669961874770553,True,-0.06008297641155322,-0.7368553378441491,True,-0.048113282946286695,-0.7488250313094157,True,0.9896298469094027,-1.16176780224091,True,879,0.879,>=0.80,True,True
8682,India,Nippani,16.405479079840596,74.37924750551853,0.6090751872462866,-1.237034690477179,1.237034690477179,True,True,0.24660251934271896,-1.2638666227599338,True,-0.027604682976773372,-0.9896594204404414,True,-0.015634989511503883,-1.001629113905711,True,0.3336901049726839,-1.1976299818217313,False,556,0.556,0.50-<0.80,True,True
8699,China,Qijiang,29.038629202245826,106.65933778765609,0.6368292491622284,-0.951321135421431,0.951321135421431,True,True,-0.437506288680632,-0.8523311742433155,True,-0.5845287293897192,-0.7053087335342283,True,-0.6696894810944523,-0.6201479818294953,True,0.07847146029938763,-0.8997998112068617,False,188,0.188,<0.20,True,False
8704,India,Bhusawal,21.04373926045432,75.80537860694305,1.3938309086484333,-1.1215907359362085,1.1215907359362085,True,False,0.2901266665231255,-1.19351451936248,True,-0.14716327108981855,-0.7562245817495361,True,-0.13519357762455086,-0.7681942752148038,True,1.232114066973088,-1.3483269059717338,True,1000,1.0,>=0.80,True,True
8783,China,Fangshan,39.725165999033294,116.04159373183212,1.2188482528489548,-1.0780121433103786,1.0780121433103786,True,False,0.5383656661834553,-1.545597193748845,True,0.06674595288965854,-1.0739774804550484,True,-0.018414798815067912,-0.9888167287503219,True,1.275648240031131,-1.6892962874089457,True,777,0.777,0.50-<0.80,True,True
8819,China,Renhuai,27.807175855273115,106.40631450522228,0.6668315182531885,-1.221944258063618,1.221944258063618,True,True,0.07813183685013622,-1.3645816767591816,True,-0.12393741989261634,-1.162512420016429,True,-0.20909817159735095,-1.0773516683116944,True,0.8480411182494042,-1.6008915275542341,True,473,0.473,0.20-<0.50,True,False
8827,China,Xingyi,25.08934005850068,104.9062987264852,0.8328003107706258,-1.4659597047110118,1.4659597047110118,True,True,0.3651200772779045,-1.6389314774775077,True,0.062310547371673866,-1.3361219475712771,True,-0.02285020433305812,-1.2509611958665452,True,1.0564152941913054,-1.8455079669616272,True,576,0.576,0.50-<0.80,True,True
8829,China,Jinsha,27.464300759526857,106.23382066377768,0.8833697380713982,-0.8338274055992511,0.8338274055992511,True,True,-0.31845401376481575,-1.0623280977899632,True,-0.5771561439758867,-0.8036259675788923,True,-0.6623168956806165,-0.7184652158741625,True,1.1199053189231847,-1.4363409509102858,True,519,0.519,0.50-<0.80,True,True
8907,China,Gu'an,39.43760736096886,116.29379209776808,0.6927800927187538,-1.226377208026319,1.226377208026319,True,True,0.4481672313977331,-1.6170926113282542,True,0.09063596434031354,-1.2595613442708347,True,0.005475212635587534,-1.1744005925661085,True,0.61516853361352,-1.6111004591756841,False,552,0.552,0.50-<0.80,True,True
8932,India,Sagara,14.169244620981257,75.02994723602075,0.7248480213955052,-1.6316155686781104,1.6316155686781104,True,True,0.46285539213443105,-1.807937168839858,True,0.10617860187345152,-1.4512603785788785,True,0.1181482953387219,-1.463230072044149,True,0.9208809627161924,-1.9071158064536415,True,581,0.581,0.50-<0.80,True,True
8944,India,Chanderi,24.71443297807011,78.13430316472054,1.0557518215469304,-1.2002976600170563,1.2002976600170563,True,True,-0.06777666420767307,-1.3746341275797465,True,-0.2962532648760689,-1.1461575269113506,True,-0.2842835714108082,-1.1581272203766115,True,0.5140427370237471,-1.4158993732756997,False,781,0.781,0.50-<0.80,True,True
8976,India,Gaddanakeri Tanda,16.160599002017552,75.65883826047667,0.6699379877471968,-1.5679677463122308,1.5679677463122308,True,True,0.3200102451636634,-1.71121581214891,True,0.08844244186382294,-1.4796480088490698,True,0.1004121353290871,-1.491617702314334,True,0.8519412973799764,-1.8404488470592537,True,473,0.473,0.20-<0.50,True,False
9010,India,Farrukhabad,27.37224103942716,79.59749420872527,0.7443103371616492,-1.27009826454199,1.27009826454199,True,True,0.020730873875512312,-1.3797540222191897,True,-0.19421887712110614,-1.1648042712225712,True,-0.18224918365584486,-1.1767739646878326,True,0.12302728358489107,-1.342084229470919,False,605,0.605,0.50-<0.80,True,True
9052,India,Ranebennur,14.617344895929063,75.63422644000195,1.182444302722106,-1.211467610872677,1.211467610872677,True,False,0.2148244022613586,-1.2449875317737775,True,-0.07539823676800572,-0.9547648927444132,True,-0.06342854330274195,-0.966734586209677,True,0.9667177286197457,-1.3340686768797705,True,999,0.999,>=0.80,True,True
9194,India,Hosapete,15.268151602690644,76.38578055999079,0.9187744552112038,-0.807730251831002,0.807730251831002,True,False,0.03632533571861299,-0.9842734605232172,True,-0.09659450691579764,-0.8513536178888066,True,-0.0846248134505394,-0.8633233113540648,True,1.1643560174343996,-1.2526375995964307,True,788,0.788,0.50-<0.80,True,True
9217,China,Shangjie,34.813351327855955,113.2973205286264,0.7231244762116807,-1.4300266193570332,1.4300266193570332,True,True,0.41502313429387266,-1.7976293505489833,True,0.08252042751096969,-1.4651266437660804,True,-0.0026403241937598687,-1.379965892061351,True,0.653265972348211,-1.859780670472093,True,526,0.526,0.50-<0.80,True,True
9272,India,Vaddu,15.180725649365163,76.66004202558044,1.3768406322329012,-1.08430726862133,1.08430726862133,True,False,0.5210430318892273,-1.344952037071265,True,0.046711529664527365,-0.8706205348465652,True,0.0586812231297954,-0.8825902283118332,True,1.739459087812674,-1.6572991912176112,True,899,0.899,>=0.80,True,True
9334,India,Ogipur,17.303546335030653,77.45663241282544,0.7873347892334165,-1.0440385050369856,1.0440385050369856,True,True,-0.15401923801873177,-1.2572514806701656,True,-0.4314670248939506,-0.9798036937949467,True,-0.41949733142868084,-0.9917733872602165,True,0.9993332341221541,-1.5298152217617071,True,633,0.633,0.50-<0.80,True,True
9392,India,Adoni,15.624627923448028,77.2759851260208,0.7748675410901054,-0.8360488114021157,0.8360488114021157,True,True,-0.565410916244333,-0.8450780432872789,True,-0.663312602418911,-0.7471763571127009,True,-0.6513429089536477,-0.7591460505779642,True,0.45500422784692085,-0.9775104160274746,False,345,0.345,0.20-<0.50,True,False
9430,India,Vikarabad,17.338240285553987,77.9064918230837,0.6122000291595526,-0.8497799844340929,0.8497799844340929,True,True,-0.32012716008297004,-1.0319904490380223,True,-0.47342655932818034,-0.878691049792812,True,-0.461456865862914,-0.8906607432580783,True,0.779451166200623,-1.2810015271606838,True,433,0.433,0.20-<0.50,True,False
9455,China,Xiangyang,32.06993975367167,112.14343025378716,0.9117951978883128,-1.6070090680932645,1.6070090680932645,True,True,0.218061967113904,-1.5215802152903404,True,-0.10531642734083348,-1.198201820835603,True,-0.19047717904556488,-1.1130410691308716,True,0.4236918002730063,-1.5123255879391495,False,707,0.707,0.50-<0.80,True,True
9462,India,Tumakuru,13.342502879123096,77.11140250389013,0.7245597097259409,-0.9433970730904022,0.9433970730904022,True,True,-0.26362491779703207,-1.1545513401145502,True,-0.48278891171489347,-0.9353873461966887,True,-0.4708192182496247,-0.9473570396619575,True,0.9205189867950065,-1.4156779299214262,True,629,0.629,0.50-<0.80,True,True
9499,China,Tanghe,32.68796919107916,112.83863396988852,1.1125826721044971,-1.0536677420725784,1.0536677420725784,True,True,0.019567980621971723,-1.274486867853852,True,-0.3549805185253066,-0.8999383687065736,True,-0.4401412702300355,-0.8147776170018446,True,0.5853939921204915,-1.3192529525350516,False,770,0.77,0.50-<0.80,True,True
9536,India,Katni,23.82834670140403,80.39278216557699,0.7198775214027728,-0.9405418094192436,0.9405418094192436,True,True,-0.27323760340271586,-1.1115835971313692,True,-0.5451621717965272,-0.839659028737558,True,-0.5331924783312577,-0.8516287222028275,True,0.09235183085385332,-1.0955613431685443,False,492,0.492,0.20-<0.50,True,False
9555,China,Nancha,47.132867643817306,129.2824891547843,0.6484419037648318,-0.92755171861294,0.92755171861294,True,True,-0.31302531835886355,-1.1323822168648154,True,-0.5128675484459366,-0.9325399867777424,True,-0.5980283001506654,-0.8473792350730136,True,0.3849860661801481,-1.2255115346615553,False,536,0.536,0.50-<0.80,True,True
9559,China,Acheng,45.54329229564207,126.9742533445966,0.6526464906711672,-0.9662631469654444,0.9662631469654444,True,True,-0.002837598368146385,-1.3328630684498595,True,-0.17322072027305815,-1.1624799465449476,True,-0.2583814719777921,-1.0773191948402137,True,0.5647807099305377,-1.4418033365282943,False,473,0.473,0.20-<0.50,True,False
9598,India,Kanakapura,12.546064050364256,77.41861457775778,0.6133786556307042,-1.0204805831815391,1.0204805831815391,True,True,-0.11185938553112791,-1.1913982762595472,True,-0.2881377325692446,-1.0151199292214304,True,-0.2761680391039786,-1.0270896226866966,True,0.7809309342699338,-1.3889956663478076,True,445,0.445,0.20-<0.50,True,False
9599,China,Pingyin,36.2777766937428,116.44628388917852,0.679431618625603,-1.4365340305686738,1.4365340305686738,True,True,0.4250049094011055,-1.8023993979409823,True,0.13580912805878723,-1.513203616598664,True,0.05064837635405672,-1.4280428648939334,True,0.5984094956820364,-1.811398855674592,False,501,0.501,0.50-<0.80,True,True
9755,China,Kaiyuan,42.53886295257075,124.06023091902917,0.669663435519764,-1.419814674323896,1.419814674323896,True,True,0.3366458175456768,-1.7868742009059475,True,0.07779616174093942,-1.5280245451012102,True,-0.007364589963791801,-1.442863793396479,True,0.5861455207849807,-1.8097243331475275,False,500,0.5,0.50-<0.80,True,True
9805,China,Pingyu,32.959348381175126,114.61533520744102,0.7401481348677373,-0.8456025841688318,0.8456025841688318,True,True,-0.36224268581886704,-1.0528065354635747,True,-0.6218803179883607,-0.793168903294081,True,-0.7070410696930869,-0.7080081515893548,True,0.11780162965355745,-1.0355390229165988,False,454,0.454,0.20-<0.50,True,False
9815,China,Wuming,23.1566189567648,108.2830106020777,0.8284013609870823,-1.5115907724563784,1.5115907724563784,True,True,0.07029447144615991,-1.4680146980754487,True,-0.2343883461793418,-1.163331880449947,True,-0.3195490978840683,-1.0781711287452205,True,0.3189906586948305,-1.3916174544671767,False,607,0.607,0.50-<0.80,True,True
9844,India,Shahdol,23.30125627655538,81.36146522588894,1.2504512177273284,-1.4144795563209127,1.4144795563209127,True,True,0.2801645985237093,-1.629676343787085,True,-0.16442934583372748,-1.185082399429648,True,-0.1524596523684595,-1.197052092894916,True,0.7584882476531838,-1.657530203205758,True,986,0.986,>=0.80,True,True
9867,China,Qianjiang,30.421718747856268,112.88935522030472,0.6530625700682064,-1.101858808082772,1.101858808082772,True,True,-0.14074905558611212,-1.2861568462484865,True,-0.39727842421486126,-1.0296274776197374,True,-0.48243917591959,-0.9444667259150086,True,0.8307541741913463,-1.5539214652176325,True,460,0.46,0.20-<0.50,True,False
9899,China,Liaoyang,41.245060488828216,123.18352191623462,0.9310349512423128,-0.7895939915687948,0.7895939915687948,True,True,0.37628500934989284,-1.2055360354400455,True,0.0677370645244185,-0.8969880906145712,True,-0.017423687180312064,-0.8118273389098406,True,0.9142980208861627,-1.2869780070901076,True,684,0.684,0.50-<0.80,True,True
9959,China,Qingzhou,36.69976693616629,118.4952482126281,0.7571228084636342,-0.8797328981909092,0.8797328981909092,True,True,0.40177782409046614,-1.2822340749827918,True,0.05930604353823469,-0.9397622944305603,True,-0.025854708166492213,-0.8546015427258333,True,0.6959509516081253,-1.2981101096404193,True,567,0.567,0.50-<0.80,True,True
9995,China,Linqu,36.50777546051109,118.54360412007168,0.7140447623695729,-1.3068165219931691,1.3068165219931691,True,True,0.46711791567614597,-1.7023625307830184,True,0.10392301231857853,-1.339167627425451,True,0.018762260613852555,-1.2540068757207248,True,0.6418663720924058,-1.6932560332010704,False,536,0.536,0.50-<0.80,True,True
10003,China,Xiantao,30.37481909487076,113.44616403915256,1.1122940381015742,-1.514007878851933,1.514007878851933,True,True,0.342189010561601,-1.467075291298396,True,-0.09454542089613896,-1.030340859840656,True,-0.17970617260086735,-0.9451801081359277,True,0.6754185253581187,-1.4821819903792028,True,785,0.785,0.50-<0.80,True,True
10035,China,Litang,23.203799381537262,109.13412995142106,0.7153445428935595,-1.3818715018211256,1.3818715018211256,True,True,-0.1268156723662444,-1.3352693915461833,True,-0.4004380633727002,-1.0616470005397274,True,-0.4855988150774257,-0.9764862488350019,True,0.17704758043584976,-1.2626452972650462,False,534,0.534,0.50-<0.80,True,True
10068,India,Waidhan,24.09476256730351,82.6585846813344,1.646232825797128,-1.3988207068088572,1.3988207068088572,True,True,0.22961104715749664,-1.7141065402454299,True,-0.4002955326626164,-1.084199960425317,True,-0.38832583919734165,-1.0961696538905916,True,1.2553929077617387,-1.8657292779937602,True,1000,1.0,>=0.80,True,True
10110,India,Mau,25.93433090005363,83.55747354350457,0.6882127922764498,-1.2707702625706312,1.2707702625706312,True,True,0.24876732621138298,-1.3749565388769867,True,0.025328758229599128,-1.1515179708952028,True,0.03729845169486157,-1.1634876643604652,True,0.0525966953368672,-1.241783272848088,False,584,0.584,0.50-<0.80,True,True
10112,India,Anpara,24.193919233555235,82.78811841073612,1.4950608018028204,-1.5126610088760095,1.5126610088760095,True,True,0.2891581336091638,-1.786813239178063,True,-0.2722525938761739,-1.2254025116927252,True,-0.26028290041090196,-1.2373722051579972,True,1.065596106522897,-1.8813922148210203,True,1000,1.0,>=0.80,True,True
10127,China,Huaibei,33.94165456893712,116.79087405853234,0.9160944151471444,-0.9751051519527,0.9751051519527,True,True,-0.10611688875085093,-1.1992254641259175,True,-0.41464738633250664,-0.8906949665442618,True,-0.4998081380372334,-0.805534214839535,True,0.3387025629384226,-1.1592144140367255,False,659,0.659,0.50-<0.80,True,True
10135,China,Hengzhou,22.69356156286498,109.27123870260542,1.0141748004569098,-1.1789410592582206,1.1789410592582206,True,True,-0.06125055431308187,-1.4214208340745198,True,-0.38707454839247973,-1.095596839995122,True,-0.47223530009720643,-1.0104360882903953,True,0.46184269762873853,-1.386999340755545,False,754,0.754,0.50-<0.80,True,True
10146,India,Dalla,24.45980224476158,83.01011270008237,1.67841686028993,-1.2721908345451682,1.2721908345451682,True,True,0.08424508970081526,-1.5774702267117648,True,-0.439147000460023,-1.0540781365509266,True,-0.42717730699475365,-1.066047830016196,True,1.2958000322831686,-1.770370559023532,True,1000,1.0,>=0.80,True,True
10175,China,Lingshan,22.391766733958377,109.28133836306644,0.7223402354931954,-0.9052084027027656,0.9052084027027656,True,True,-0.3118443263908453,-1.1360387794975702,True,-0.5882439151091695,-0.8596391907792459,True,-0.6734046668138927,-0.7744784390745227,True,0.09544377369074589,-1.0548227598874504,False,478,0.478,0.20-<0.50,True,False
10202,India,Renukoot,24.212592467244523,83.03813588678666,1.6665323035171402,-1.6698672193152084,1.6698672193152084,True,True,0.4283815298221278,-1.9434959232370603,True,-0.12429353291481171,-1.3908208605001207,True,-0.11232383944954394,-1.4027905539653887,True,1.2808789456957335,-2.0640188047267594,True,1000,1.0,>=0.80,True,True
10210,India,Neyveli Township,11.60593698729623,79.48299949710295,1.4949565339786737,-1.4701219474285327,1.4701219474285327,True,False,0.7138105490944575,-1.7799345998419902,True,0.09393893492700914,-1.160062985674542,True,0.10590862839228449,-1.1720326791398172,True,1.8877538564772354,-2.063922655849098,True,797,0.797,0.50-<0.80,True,True
10237,China,Suzhou,33.63178376949426,116.98271267595452,0.7455093659144083,-1.021248315835584,1.021248315835584,True,True,-0.2422033730119348,-1.2015103507042932,True,-0.39842037948879744,-1.0452933442274306,True,-0.4835811311935298,-0.9601325925226982,True,0.12453266676263863,-1.1379847249486215,False,511,0.511,0.50-<0.80,True,True
10277,China,Xianning,29.865314901521767,114.31060673729546,0.8933290864729589,-1.5030743843742305,1.5030743843742305,True,True,0.1972508261074774,-1.436795116579418,True,-0.17344994761228857,-1.0660943428596519,True,-0.25861069931701636,-0.9809335911549242,True,0.40050755767739094,-1.404863993143705,False,690,0.69,0.50-<0.80,True,True
10321,China,Ezhou,30.41826432273116,114.87441223533168,1.1587005666244974,-1.708494572950472,1.708494572950472,True,True,0.2936812908995112,-1.6722484181753157,True,-0.11389030752597559,-1.2646768197498288,True,-0.19905105923070504,-1.1795160680450993,True,0.7336820217215849,-1.6963935068739753,True,926,0.926,>=0.80,True,True
10325,China,Yulin,22.632412496341388,110.14509376342784,1.2869939593577524,-1.615477239171406,1.615477239171406,True,True,0.3631388266427191,-1.6274388237620208,True,-0.10972729689046881,-1.1545727002288328,True,-0.19488804859519454,-1.0694119485241071,True,0.8947546522088728,-1.6311115803274858,True,949,0.949,>=0.80,True,True
10326,India,Korba,22.370678896247103,82.728942937392,1.8360750044488383,-1.5432938185822274,1.5432938185822274,True,True,0.5839072158993517,-1.7308130462330096,True,-0.03852213760749474,-1.1083836927261632,True,-0.02655244414222524,-1.1203533861914328,True,1.8741910142841856,-2.0132069171064,True,1000,1.0,>=0.80,True,True
10390,India,Jangareddygudem,17.122472151863267,81.29357571625617,0.7330177837248137,-1.1247736707083122,1.1247736707083122,True,False,-0.047279226841073385,-1.1936982887525558,True,-0.3058765558426801,-0.935100959750949,True,-0.29390686237741004,-0.9470706532162191,True,0.48930030140524045,-1.2228523489768601,False,615,0.615,0.50-<0.80,True,True
10397,China,Huangshi,30.187762855452178,115.02500794764428,1.2066079097765483,-1.4214737593937783,1.4214737593937783,True,True,0.33969335214869767,-1.3947424815013587,True,-0.10312583849173138,-0.9519232908609295,True,-0.18828659019645994,-0.866762539156201,True,0.7938297940796057,-1.4238387514963735,True,959,0.959,>=0.80,True,True
10463,China,Liling,27.66876273895876,113.50749017613398,0.7586664013978734,-1.0637145693823284,1.0637145693823284,True,True,-0.17979839264630007,-1.223003268505342,True,-0.2581085026058431,-1.144693158545799,True,-0.3432692543105828,-1.0595324068410592,True,0.9633400115397435,-1.5186008406192553,True,517,0.517,0.50-<0.80,True,True
10475,China,Jingang,27.938599156587085,113.70765824890071,0.9068418184386934,-1.3276085701017497,1.3276085701017497,True,True,-0.04854385450381704,-1.3025314090741285,True,-0.45587809133435614,-0.8951971722435894,True,-0.5410388430390791,-0.8100364205388664,True,0.4174728217211586,-1.3186512308192182,False,654,0.654,0.50-<0.80,True,True
10489,China,Leiyang,26.436324688355253,112.8291938635916,0.7303446969806109,-1.6271979700093433,1.6271979700093433,True,True,0.12956771668369954,-1.518167419811329,True,-0.07815311059143092,-1.3104465925361988,True,-0.16331386229616468,-1.2252858408314649,True,0.19588030615181515,-1.4319020220677348,False,507,0.507,0.50-<0.80,True,True
10501,China,Jidong,45.25220427347342,131.13486182240507,0.6075204577653508,-0.9869102219782157,0.9869102219782157,True,True,0.37422853535640926,-1.1431538131427295,True,0.1213290358119861,-0.8902543135983063,True,0.036168284107255866,-0.8050935618935762,True,0.7735759542512096,-1.2407350494355203,True,432,0.432,0.20-<0.50,True,False
10507,China,Lianjiang,21.60610021981433,110.27655962564022,1.3860716868177885,-1.281720904581228,1.281720904581228,True,True,0.23667595420305942,-1.5467088620235379,True,-0.14013764654382238,-1.169895261276656,True,-0.2252983982485534,-1.084734509571925,True,0.928760038264721,-1.5608167101793542,True,975,0.975,>=0.80,True,True
10513,China,Shangli,27.88013719759228,113.79411363658149,0.7389935017267094,-1.3275584632508393,1.3275584632508393,True,True,-0.10716109301520572,-1.2693213431745052,True,-0.43036794617221186,-0.9461144900174991,True,-0.5155286978769371,-0.8609537383127739,True,0.2067388991108575,-1.2455322104330995,False,536,0.536,0.50-<0.80,True,True
10553,China,Pingxiang,27.63262895457509,113.86104897252328,1.198600642306314,-1.2973375470011128,1.2973375470011128,True,True,-0.046420390697297115,-1.2970978676935594,True,-0.4319316281516832,-0.9115866302391733,True,-0.5170923798564111,-0.8264258785344454,True,0.783776652550115,-1.401453178771061,True,845,0.845,>=0.80,True,True
10577,China,Mishan,45.54775203797733,131.87749226680572,0.6200596658340713,-0.8330594397366715,0.8330594397366715,True,True,0.06820504611138123,-1.2156320492165626,True,-0.12590424592230698,-1.0215227571828744,True,-0.21106499762703784,-0.9363620054781436,True,0.523867881265599,-1.2720784391475275,False,446,0.446,0.20-<0.50,True,False
10597,China,Huazhou,21.659726874040352,110.63994522789454,0.7329646715656346,-1.444296064511752,1.444296064511752,True,True,0.2144678920180009,-1.6382467572234594,True,-0.04256625301284703,-1.3812126121926114,True,-0.12772700471757675,-1.2960518604878817,True,0.9310714344606434,-1.7857995044062025,True,566,0.566,0.50-<0.80,True,True
10644,India,Bargarh,21.34988552150971,83.61993901286431,0.6090432551939635,-0.9505890113517788,0.9505890113517788,True,False,-0.16046657127215025,-0.9964718349133328,True,-0.37073816887894034,-0.7862002373065426,True,-0.3587684754136713,-0.7981699307718118,True,0.333650014212318,-1.0281992359682992,False,354,0.354,0.20-<0.50,True,False
10651,China,Maoming,21.67635435326376,110.90572405360297,1.1577580074988418,-1.0628043338407382,1.0628043338407382,True,True,0.09870128487632283,-1.3385061617340253,True,-0.24874140509947715,-0.9910634717582252,True,-0.3339021568042054,-0.905902720053497,True,1.4644003812949902,-1.638095033919571,True,711,0.711,0.50-<0.80,True,True
10661,China,Wuchuan,21.438561928382224,110.79352862213602,1.4244051107350932,-1.4889869303905936,1.4889869303905936,True,True,0.4400480463820586,-1.7710581582563538,True,-0.06335934573999125,-1.267650766134304,True,-0.14852009744471711,-1.182490014429578,True,0.9768877344336294,-1.7523817923037126,True,969,0.969,>=0.80,True,True
10674,India,Bakhtiyarpur,25.477846218674987,85.58248697914618,0.9469716599123494,-1.0184043897857034,1.0184043897857034,True,True,-0.0744037887151828,-1.2392773285059597,True,-0.4478897392139256,-0.8657913780072168,True,-0.43592004574865284,-0.8777610714724896,True,0.377469010146444,-1.2241713832207572,False,739,0.739,0.50-<0.80,True,True
10683,China,Sanya,18.27605368937711,109.50229681539108,0.6943277991974078,-0.8540286307994063,0.8540286307994063,True,False,0.43824447227751423,-1.0263227983452183,True,0.17624088755978704,-0.7643192136274911,True,0.0910801358550567,-0.6791584619227607,True,0.882562758108998,-1.1164767656568526,True,585,0.585,0.50-<0.80,True,True
10691,China,Poxin,21.62938887937048,110.98071895287592,0.9679250747732432,-1.0253571821019287,1.0253571821019287,True,True,0.1630836326807949,-1.2694682800285095,True,-0.254108023645719,-0.8522766237019956,True,-0.33926877535044114,-0.7671158719972735,True,0.4037760675671846,-1.1630450638777943,False,717,0.717,0.50-<0.80,True,True
10707,China,Dianbai,21.51945305735313,111.00251604417524,0.6085744340368548,-0.7735589683810988,0.7735589683810988,True,True,-0.05858482742155835,-0.9645424696752947,True,-0.22956293834610483,-0.7935643587507482,True,-0.31472369005083506,-0.708403607046018,True,0.7748992237267891,-1.123980963927929,True,426,0.426,0.20-<0.50,True,False
10779,China,Xinyu,27.813097792909293,114.94639019177671,1.3451993771294397,-1.1116795792671614,1.1116795792671614,True,True,-0.20235635605112895,-1.1495006666841021,True,-0.5893236537478179,-0.7625333689874132,True,-0.6744844054525456,-0.6773726172826855,True,0.967831679399121,-1.320664369520615,True,731,0.731,0.50-<0.80,True,True
10780,India,Rajgangpur,22.197928212230483,84.57926629219916,1.0230155125767249,-1.000678790505141,1.000678790505141,True,False,0.19677159389049373,-1.2292800008747682,True,-0.1581908486786168,-0.8743175583056577,True,-0.1462211552133481,-0.8862872517709264,True,1.2952308891399986,-1.497091986824349,True,703,0.703,0.50-<0.80,True,True
10789,China,Lechang,25.130822380397465,113.3471579539502,0.7016138422342099,-1.3068864388674626,1.3068864388674626,True,True,0.10187833502738972,-1.4704128864513692,True,-0.06003341644114563,-1.308501134982834,True,-0.14519416814588076,-1.2233403832780987,True,0.8917104008112335,-1.6571670585879272,True,521,0.521,0.50-<0.80,True,True
10803,China,Wangjiang,30.126660629185363,116.69452283804452,0.7845469661049663,-1.167723541483674,1.167723541483674,True,True,-0.22436605683177685,-1.132311814040045,True,-0.514290716976819,-0.8423871538950028,True,-0.5994514686815446,-0.7572264021902773,True,0.2639313716060746,-1.120657739065012,False,569,0.569,0.50-<0.80,True,True
10816,India,Begusarai,25.434840131769484,86.08563516028669,1.145341483539132,-1.7055899118287758,1.7055899118287758,True,True,0.517818661486808,-1.9034216211781785,True,0.03957410328285614,-1.4251770629742266,True,0.051543796748125925,-1.4371467564394966,True,0.6265227503285191,-1.8315131120088073,False,794,0.794,0.50-<0.80,True,True
10817,China,Quanjiao,32.10409685401619,118.28102859580436,1.1856112352976294,-1.198670664549799,1.198670664549799,True,True,0.3117268804898508,-1.2037792255485713,True,-0.15385607720780636,-0.7381962678509142,True,-0.2390168289125308,-0.6530355161461898,True,0.7674684241153978,-1.186746754194725,True,837,0.837,>=0.80,True,True
10839,China,Longjing,42.769811629496246,129.42471461690752,1.018590944286886,-0.8179594053431629,0.8179594053431629,True,False,0.3521042041066969,-1.035948026941824,True,0.057081295618118665,-0.7409251184532458,True,-0.028079456086613552,-0.6557643667485136,True,0.849708982606528,-1.0774381579580137,True,823,0.823,>=0.80,True,True
10899,China,Fengcheng,28.17854333884576,115.77586585885244,0.653153349765896,-1.1868252127154175,1.1868252127154175,True,True,0.12510499152463048,-1.0928576816471232,True,-0.14425072074448722,-0.8235019693780056,True,-0.22941147244921573,-0.7383412176732771,True,0.0989664037142733,-0.9821509637626756,False,463,0.463,0.20-<0.50,True,False
10903,China,Enping,22.191666250440637,112.31960905040216,1.0268488718108508,-1.202539208039671,1.202539208039671,True,True,0.14570451943549642,-1.4324149457303033,True,-0.1943682676408227,-1.092342158653984,True,-0.27952901934555036,-1.0071814069492564,True,0.477755021470758,-1.350995299079624,False,755,0.755,0.50-<0.80,True,True
10904,India,Munger,25.330736615063373,86.48915742447518,0.8614434020361,-1.0510144492436502,1.0510144492436502,True,True,-0.03242508714149634,-1.2441224701086047,True,-0.3238654735748922,-0.9526820836752088,True,-0.3118957801096227,-0.9646517771404783,True,0.27008809844379555,-1.190577675487729,False,680,0.68,0.50-<0.80,True,True
10909,China,Tongling,30.94206945065331,117.81138051858142,1.328812413233818,-1.6996541944235872,1.6996541944235872,True,True,0.28137625879567485,-1.708021574244512,True,-0.1545904357497919,-1.2720548796990454,True,-0.23975118745452034,-1.1868941279943168,True,0.94725781098599,-1.7540419476186397,True,865,0.865,>=0.80,True,True
10922,India,Kathara,23.78323547430364,85.87619047200633,1.5743935717574131,-1.5100933911982124,1.5100933911982124,True,True,0.34476272191799867,-1.7044373362260805,True,-0.2801002142434824,-1.0795744000645993,True,-0.26813052077820654,-1.0915440935298752,True,1.545649412762064,-1.9319413440575604,True,989,0.989,>=0.80,True,True
10936,India,Phusro,23.772954039179723,85.99216604531021,1.130778431850576,-1.295910890033854,1.295910890033854,True,False,0.2994830315477398,-1.5455419816637228,True,-0.13350523518044832,-1.112553714935535,True,-0.12153554171517733,-1.1245234084008058,True,1.4305274660457026,-1.8248794716392864,True,836,0.836,>=0.80,True,True
10946,India,Muri,23.37417737668585,85.87101965275298,0.6412601980420842,-1.2055972535781685,1.2055972535781685,True,True,-0.026351501921565067,-1.26153156310917,True,-0.32972971662916617,-0.9581533484015687,True,-0.31776002316389373,-0.9701230418668412,True,0.37409845524462326,-1.2721064487552727,False,457,0.457,0.20-<0.50,True,False
10948,India,Barbil,22.108541125477625,85.38594055003907,0.6689914599518739,-1.4244186938046033,1.4244186938046033,True,True,0.24178506579681264,-1.573316350442631,True,0.024894774090815235,-1.3564260587366337,True,0.036864467556079306,-1.3683957522018977,True,0.850752929697324,-1.7161435852528477,True,523,0.523,0.50-<0.80,True,True
10951,China,Shixing,24.949905525263524,114.0624374799043,0.8802678231554095,-1.143068280655883,1.143068280655883,True,True,-0.23593571634576016,-1.1234783115765596,True,-0.5150172846291728,-0.8443967432931468,True,-0.6001780363338993,-0.7592359915884204,True,0.38410911349235655,-1.1299756387693038,False,625,0.625,0.50-<0.80,True,True
10954,India,Giridih,24.17111638794844,86.30624790989899,0.934122820271034,-1.6411104966272774,1.6411104966272774,True,False,0.44835068451131005,-1.6968852052920287,True,0.06352537472029854,-1.3120598955010172,True,0.07549506818556756,-1.324029588966286,True,0.7417881072900829,-1.7115046397347686,True,762,0.762,0.50-<0.80,True,True
10955,China,Jinxian,28.374664171323328,116.24435417405286,0.9645443400871148,-1.557928213769482,1.557928213769482,True,True,0.10079065440882114,-1.5093252160472201,True,-0.20342788193848862,-1.2051066796999104,True,-0.2885886336432187,-1.1199459279951804,True,0.48991846174710524,-1.497140862388003,False,738,0.738,0.50-<0.80,True,True
10961,China,Heshan,22.77196967090028,112.95133471516483,1.2251424110432207,-1.1733557351100077,1.1733557351100077,True,True,0.05024419119784222,-1.4255539886516253,True,-0.262867660812293,-1.11244213664149,True,-0.34802841251702404,-1.027281384936759,True,0.7267129864315908,-1.4272657602387264,True,972,0.972,>=0.80,True,True
10972,India,Chandrapura,23.75235141004132,86.13686965155146,0.7258422471067755,-1.1725820155889832,1.1725820155889832,True,False,0.3383921373795955,-1.35409272248224,True,-0.009001267170575072,-1.0066993179320696,True,0.0029684262946956252,-1.0186690113973402,True,0.9221292152348979,-1.4996220361894717,True,583,0.583,0.50-<0.80,True,True
10973,China,Yangzhou,32.38779003238526,119.41907623384056,1.5013485263863589,-1.1601458653068315,1.1601458653068315,True,True,0.3082040339766442,-1.219018598810207,True,-0.20964942126596522,-0.7011651435675976,True,-0.29481017297068984,-0.616004391862873,True,1.1638772721090918,-1.2874213271805433,True,955,0.955,>=0.80,True,True
10981,China,Nanxiong,25.1180742016652,114.30113155389198,1.1369521408825416,-1.2906420715203557,1.2906420715203557,True,True,-0.13583202710314837,-1.306709057877152,True,-0.4978054057455593,-0.9447356792347411,True,-0.5829661574502853,-0.8595749275300151,True,0.7063768264299005,-1.3754024478551936,True,770,0.77,0.50-<0.80,True,True
10991,China,Jiangdu District,32.43107208069003,119.57264110889273,1.0040555265086937,-1.4973360031765632,1.4973360031765632,True,True,0.37575996159447345,-1.468463823689699,True,-0.031815903820323455,-1.0608879582749022,True,-0.11697665552504904,-0.9757272065701765,True,0.5395248412730543,-1.369555213728168,False,803,0.803,>=0.80,True,True
10992,India,Talcher,20.941481073295385,85.19477632087559,1.27735528324012,-1.0860607577804915,1.0860607577804915,True,False,0.5068873716254678,-1.226692115695709,True,-0.051439118090837795,-0.6683656259794032,False,-0.039469424625562466,-0.6803353194446785,True,1.1727172027113073,-1.3172476668290998,True,990,0.99,>=0.80,True,False
11014,India,Naugachia,25.3817816572366,87.08599716123432,0.6079699222270336,-0.8397253950799956,0.8397253950799956,True,True,0.23303511941179839,-0.9744685335002599,True,-0.029519635650026712,-0.7119137784384348,True,-0.01754994218475814,-0.7238834719037034,True,-0.04814840058231508,-0.7906784789283469,False,560,0.56,0.50-<0.80,True,True
11015,China,Zhenjiang,32.19566965292873,119.4568716852115,1.4215145679784584,-1.4635645578576393,1.4635645578576393,True,True,0.24064493323848743,-1.4833162603395678,True,-0.13779305176768836,-1.104878275333392,True,-0.22295380347241983,-1.0197175236286604,True,1.0636455656352475,-1.543313240173327,True,958,0.958,>=0.80,True,True
11024,India,Kendujhargarh,21.63657924152223,85.60566056341352,0.6225608669898754,-0.7692301213973641,0.7692301213973641,True,False,0.3543792705466964,-0.9279950522046264,True,0.06843829340625511,-0.6420540750641851,False,0.08040798687152395,-0.654023768529454,True,0.7924592203788466,-1.0276774352580178,True,468,0.468,0.20-<0.50,True,False
11037,China,Taizhou,32.4805586009644,119.91204729101996,1.4577426475931805,-1.988511806022935,1.988511806022935,True,True,0.686450357307451,-2.0155060712885335,True,0.10972322529406606,-1.4387789392751484,True,0.024562473589341605,-1.353618187570424,True,1.109129997504463,-1.9967487938810935,True,986,0.986,>=0.80,True,True
11044,India,Purnia,25.778390069994064,87.4970356606562,1.5286885923464144,-1.5588549164656555,1.5588549164656555,True,True,0.4533097487682935,-1.8171537452485627,True,-0.07402671153798475,-1.2898172849422844,True,-0.06205701807271624,-1.3017869784075529,True,1.1078158698710676,-1.8749788790611444,True,977,0.977,>=0.80,True,True
11048,India,Kahalgaon,25.253730625701092,87.25516523658115,0.7583011149773866,-0.7822445851746344,0.7822445851746344,True,True,0.17830750200375284,-0.9718581932445531,True,-0.10860598778103954,-0.6849447034597607,False,-0.09663629431577059,-0.6969143969250297,True,0.9628813936532302,-1.1735376566522793,True,577,0.577,0.50-<0.80,True,False
11057,China,Danyang City,32.00629599144698,119.58296234886949,0.8524194258097209,-1.301759050072532,1.301759050072532,True,True,0.28872643323405717,-1.5183684410470533,True,-0.035374887087975704,-1.1942671207250204,True,-0.12053563879270351,-1.1091063690202927,True,1.081047135316204,-1.686434557888615,True,624,0.624,0.50-<0.80,True,True
11063,China,Getian,23.291947155313235,113.81080599855116,1.0838828505805018,-1.1322379139656544,1.1322379139656544,True,True,0.050626085318409446,-1.384893527014726,True,-0.29303929800263123,-1.0412281436936852,True,-0.3782000497073577,-0.9560673919889588,True,0.5493613044746258,-1.3400452715861744,False,826,0.826,>=0.80,True,True
11066,India,Nirsa,23.784769384996693,86.71410221100888,0.7434644218400296,-1.3455208352011945,1.3455208352011945,True,False,0.39714772868502457,-1.381708240689147,True,0.049794220722975666,-1.034354732727098,True,0.06176391418824562,-1.046324426192368,True,0.5024160780256718,-1.339886758997391,False,697,0.697,0.50-<0.80,True,True
11073,China,Gaogang,32.30617830415631,119.8687809370146,0.6546532534512248,-1.848282287809176,1.848282287809176,True,True,0.3838780745720783,-1.7667448772129506,True,0.03817393609670027,-1.4210407387375725,True,-0.04698681560802448,-1.335879987032848,True,0.10084953601693149,-1.5572431375849023,False,453,0.453,0.20-<0.50,True,False
11078,India,Katihar,25.552469378181826,87.56524356065985,0.7006158134347074,-1.1058774110588248,1.1058774110588248,True,True,0.17651963637509405,-1.245119257787363,True,0.007713215354293086,-1.0763128367665622,True,0.019682908819554035,-1.088282530231823,True,0.8904573735070742,-1.434067269268734,True,492,0.492,0.20-<0.50,True,False
11090,India,Chittaranjan,23.83698486370716,86.89221539389632,0.7972760639157059,-1.3444963786592394,1.3444963786592394,True,False,0.3570165463778581,-1.5342806906527537,True,0.006824218215171366,-1.184088362490067,True,0.018793911680441255,-1.1960580559553369,True,1.0118145258657008,-1.6940774653950783,True,718,0.718,0.50-<0.80,True,True
11114,India,Jatani,20.165517854845604,85.7105144325416,0.6277929564346321,-0.855351367950838,0.855351367950838,True,True,0.3429994720277268,-1.0324459021567303,True,0.07507053248907489,-0.7645169626180783,True,0.08704022595434502,-0.7764866560833484,True,0.7990281199289883,-1.1267349351579403,True,428,0.428,0.20-<0.50,True,False
11120,India,Islampur,26.259321124406828,88.18869715240314,0.649184384119178,-0.8192808235652285,0.8192808235652285,True,True,-0.1092927413772512,-0.9772873406525745,True,-0.15953162109396987,-0.9270484609358558,True,-0.14756192762870934,-0.9390181544011164,True,0.8258851033918272,-1.21333904982228,True,515,0.515,0.50-<0.80,True,True
11121,China,新华村,31.95344510243333,119.97465390035887,0.9153671453657276,-1.2510127467672365,1.2510127467672365,True,True,0.3819713007291176,-1.2104405676619852,True,-0.016146760467173074,-0.8123225064656944,True,-0.10130751217189798,-0.7271617547609694,True,0.42817638801281255,-1.0817660198923722,False,691,0.691,0.50-<0.80,True,True
11150,India,Raiganj,25.62941426110841,88.14920649309214,0.6849179739186114,-0.9387222282114568,0.9387222282114568,True,True,-0.18372585108197467,-1.1182288787798917,True,-0.41647577207604464,-0.8854789577858218,True,-0.4045060786107748,-0.8974486512510915,True,0.04846004380269028,-1.0343385955484405,False,554,0.554,0.50-<0.80,True,True
11151,China,Rugao,32.39626190715169,120.55318493966698,1.2044565852793965,-1.2304955896031615,1.2304955896031615,True,True,0.5224952697714087,-1.234221835883037,True,0.0035230127728479365,-0.7152495788844763,True,-0.08163773893187515,-0.6300888271797531,True,0.7911288015467436,-1.1701413365132556,True,850,0.85,>=0.80,True,True
11153,China,Jingjiang,32.01331560429753,120.2622061213904,0.7736693555770193,-1.2776099248090174,1.2776099248090174,True,True,0.10276846943603374,-1.2232247816148796,True,-0.18199376688250646,-0.9384625452963393,True,-0.26715451858723355,-0.8533017935916123,True,0.25027450819460156,-1.10690879826916,False,543,0.543,0.50-<0.80,True,True
11157,China,Jiangyin,31.903682778972264,120.25429546703567,1.3313235380639203,-1.1583062529434367,1.1583062529434367,True,True,0.15252252738123218,-1.2073110703481311,True,-0.32178437445136615,-0.7330041685155329,True,-0.4069451261560895,-0.6478434168108096,True,0.9504105336106665,-1.250845086217073,True,849,0.849,>=0.80,True,True
11162,India,Mal Bazaar,26.8651246058676,88.7416180233315,0.6790999745200746,-0.8715391665313301,0.8715391665313301,True,True,-0.07448888680680545,-1.0317654673480283,True,-0.16280192737129495,-0.9434524267835388,True,-0.15083223390603373,-0.9554221202488,True,0.863444191477302,-1.2731530067622434,True,515,0.515,0.50-<0.80,True,True
11179,China,Ruijin,25.879708255231453,116.03472960476456,1.2165218398051023,-1.4743079087046405,1.4743079087046405,True,False,0.36740086310196624,-1.4392578143362562,True,0.024910449614010635,-1.0967674008483006,True,-0.060250302090722296,-1.0116066491435676,True,0.8062767545515783,-1.4388467835951753,True,851,0.851,>=0.80,True,True
11184,India,Dhulian,24.600368767911853,88.00441650393255,1.0436581808662542,-1.4218946968557606,1.4218946968557606,True,True,0.22026475283542818,-1.5219588963115327,True,-0.18805436209820506,-1.1136397813778993,True,-0.1760846686329337,-1.1256094748431709,True,0.8793099880866179,-1.6132264423965377,True,965,0.965,>=0.80,True,True
11191,China,Yuqi,31.70349308583773,120.19304525438676,0.8654280952580594,-1.1569202734600077,1.1569202734600077,True,True,0.2337181501116101,-1.123164631312714,True,-0.1496554609275364,-0.7397910202735674,True,-0.2348162126322601,-0.6546302685688437,True,0.36547780320257695,-1.0097286563406547,False,639,0.639,0.50-<0.80,True,True
11195,China,Zhangjiagang,31.87466903560162,120.46968414206796,1.538050023084358,-1.438098223905412,1.438098223905412,True,True,0.29061289931304557,-1.5209063730904462,True,-0.2900341539734588,-0.9402593198039417,True,-0.37519490567817976,-0.8550985680992207,True,1.2099560801445035,-1.6012540582443093,True,931,0.931,>=0.80,True,True
11208,India,Gazole,25.214707852852573,88.1949696184038,0.6851519598412312,-0.8338205076327276,0.8338205076327276,True,True,0.15681469835274792,-0.9902351066150874,True,-0.12556286853388526,-0.7078575397284541,True,-0.11359317506861577,-0.7198272331937237,True,0.0487538136317545,-0.8356451315060246,False,537,0.537,0.50-<0.80,True,True
11227,China,Changxing,31.00395375452077,119.9214107310834,0.8811800375136641,-1.5156229370949212,1.5156229370949212,True,True,0.32892692882402036,-1.7345950402190413,True,-0.024864715207770054,-1.3808033961872508,True,-0.1100254669124972,-1.2956426444825238,True,1.1171561451637302,-1.9107761649169777,True,585,0.585,0.50-<0.80,True,True
11229,China,Huidong,22.98516550273156,114.70721512054725,0.75133551174006,-1.0802064582181603,1.0802064582181603,True,True,0.21626632458663117,-1.2533349933217348,True,0.04032157915904643,-1.07739024789415,True,-0.04483917254568842,-0.9922294961894151,True,0.9541360638083815,-1.4081436135017915,True,602,0.602,0.50-<0.80,True,True
11231,China,Xibei,31.70177873997932,120.51356878943912,1.1489983677122368,-1.6880930164071812,1.6880930164071812,True,True,0.39158889913371075,-1.6887227808589858,True,-0.0795782261175769,-1.217555655607698,True,-0.16473897782230068,-1.1323949039029741,True,0.7215008901214716,-1.632307050395912,True,857,0.857,>=0.80,True,True
11233,China,Anji,30.633703203826776,119.66483483571471,1.708444000834244,-1.8484819034148512,1.8484819034148512,True,True,0.7393825634853771,-1.911825859623681,True,0.10748739811681621,-1.2799306942551203,True,0.022326646412091644,-1.1947699425503957,True,1.4238860856626467,-1.9664457456345703,True,972,0.972,>=0.80,True,True
11251,China,Changshu,31.65376581413472,120.76373957695938,0.963904567509549,-1.42721171589123,1.42721171589123,True,True,0.15667636326614748,-1.4070349887471982,True,-0.20671010062245054,-1.0436485248586003,True,-0.2918708523271761,-0.9584877731538748,True,0.4891152259000631,-1.339071257665772,False,744,0.744,0.50-<0.80,True,True
11257,China,Guangfu,31.31644271651613,120.40002600056206,1.1949017897369805,-1.4359512697796395,1.4359512697796395,True,True,0.583599366434595,-1.4197559317474322,True,0.09984646999981509,-0.9360030353126523,True,0.014685718295089245,-0.8508422836079265,True,0.7791327351944801,-1.3456967295686733,True,837,0.837,>=0.80,True,True
11259,China,Huzhou,30.876584690135733,120.10435100379595,1.1930649001631457,-1.5633432357907806,1.5633432357907806,True,True,0.15781568930775478,-1.5736466697474811,True,-0.24449409619755832,-1.171336884242168,True,-0.32965484790228466,-1.0861761325374417,True,0.7768265163840745,-1.5822093658502132,True,841,0.841,>=0.80,True,True
11263,China,Zhangpu,31.50080791952108,120.64188805801646,0.7270997721992202,-1.3571210311719648,1.3571210311719648,True,True,0.36041553806706955,-1.2916861341829253,True,-0.01466933300562867,-0.9166012631102272,True,-0.09983008471035243,-0.8314405114055035,True,0.19180629611016922,-1.112391687601471,False,502,0.502,0.50-<0.80,True,True
11276,India,Jaigaon,26.8446097841415,89.38018491391762,0.7579991166836316,-1.3052675075384317,1.3052675075384317,True,True,0.05051018142984133,-1.4191750260467015,True,0.01671240948755438,-1.3853772541044145,True,0.02868210295280693,-1.397346947569667,True,0.9625022341459356,-1.6584892312416204,True,553,0.553,0.50-<0.80,True,True
11281,China,Lin'an District,30.226201280987247,119.7068936067718,0.8818482738802321,-1.111861666137454,1.111861666137454,True,True,0.05216073213654144,-1.080239170562867,True,-0.22650007639968112,-0.8015783620266443,True,-0.3116608281044085,-0.7164176103219171,True,0.3860933727763255,-1.013199152066001,False,662,0.662,0.50-<0.80,True,True
11285,China,Deqing,30.54576015106861,119.97118610931302,1.486099261850176,-1.692645416259224,1.692645416259224,True,True,0.5585822812832979,-1.7308952842287209,True,0.036881884557822875,-1.2091948875032459,True,-0.048278867146902715,-1.1240341357985202,True,1.1447317876885004,-1.7502157806746979,True,904,0.904,>=0.80,True,True
11306,India,Pundibari,26.428071800798907,89.41354214214316,0.7571706495453411,-0.8911299213347004,0.8911299213347004,True,False,0.42665968310822955,-1.0592982811411835,True,-0.015936563667398655,-0.6167020343655553,False,-0.003966870202124162,-0.6286717278308298,True,0.139173433440296,-0.8780059099523034,False,612,0.612,0.50-<0.80,True,False
11307,China,Nanxun,30.87528353797557,120.41419140498884,0.7870151724103489,-1.5235911654256586,1.5235911654256586,True,True,0.19377634384667444,-1.4708450738682988,True,-0.14058842982003222,-1.1364803002015922,True,-0.2257491815247578,-1.0513195484968665,True,0.267030209930663,-1.3454982155983493,False,549,0.549,0.50-<0.80,True,True
11316,India,Alipurduar,26.507801365155057,89.53189593336755,1.4907237268943585,-0.8750607729885568,0.8750607729885568,True,False,0.32579219252750213,-1.1451409359587101,True,-0.17942719144984742,-0.6399215519813607,False,-0.16745749798457765,-0.6518912454466305,True,1.0601508996479097,-1.2130621103919523,True,918,0.918,>=0.80,True,False
11329,China,Tonglu County,29.797804590268157,119.6952659660936,1.2358006805711312,-1.291459750461676,1.291459750461676,True,True,-0.04852249362044834,-1.3399469163143007,True,-0.48584155130162415,-0.9026278586331249,True,-0.5710023030063469,-0.8174671069284021,True,0.8304813805948399,-1.39992975013751,True,839,0.839,>=0.80,True,True
11333,China,Fuyang,30.03762686596229,119.95511993564004,0.9074166832069448,-1.1164436697488795,1.1164436697488795,True,True,0.09258567740882817,-1.0970810479237203,True,-0.233222185245246,-0.771273185269646,True,-0.31838293694997105,-0.6861124335649209,True,0.4181945656740159,-1.0268838836682883,False,702,0.702,0.50-<0.80,True,True
11340,India,Dinhata,26.132887481367938,89.46257627938911,1.436481541683362,-0.7890362781313444,0.7890362781313444,True,False,0.18117188819759864,-1.0368724324425629,True,-0.15904332063624027,-0.6966572236087241,True,-0.14707362717097683,-0.7086269170739875,True,0.9920497194610263,-1.1166406341806772,True,827,0.827,>=0.80,True,True
11353,China,Lanxi,29.22623256667567,119.4468034834783,0.6487252907712855,-1.0427704562920863,1.0427704562920863,True,True,0.1460532413837156,-0.9553694089630984,True,-0.11217603813094998,-0.6971401294484328,True,-0.19733678983567832,-0.6119793777437046,True,0.09340696612345689,-0.8069649327168563,False,422,0.422,0.20-<0.50,True,False
11365,China,Jiaxing,30.76328979439737,120.75483606886408,1.2345266378433355,-1.609660323996569,1.609660323996569,True,True,0.49473480766730715,-1.6019012141723064,True,0.03885366084542343,-1.1460200673504226,True,-0.04630709085930368,-1.0608593156456954,True,0.8288818172101078,-1.554422228463642,True,944,0.944,>=0.80,True,True
11387,China,Jiashan,30.855423148334108,120.92748390906684,0.8242280721395044,-1.2515815364197491,1.2515815364197491,True,True,0.18600054313588835,-1.2026131805886993,True,-0.14071219515609293,-0.8759004422967179,True,-0.2258729468608192,-0.7907396905919917,True,0.31375108557152576,-1.0883001837875677,False,589,0.589,0.50-<0.80,True,True
11393,China,Yongding,24.720306186627173,116.72150167457944,0.8009628003830633,-1.3147678206866866,1.3147678206866866,True,True,-0.07218028137787667,-1.245930804401215,True,-0.24779769828366507,-1.0703133874954265,True,-0.33295844998839813,-0.9851526357906935,True,0.28454148684649216,-1.1871540802463898,False,585,0.585,0.50-<0.80,True,True
11399,China,Pujiang,29.452657397650448,119.91602600409507,1.3458129713064269,-1.1950658453975764,1.1950658453975764,True,True,0.466048453274563,-1.210087731220641,True,-0.032061875557678525,-0.7119774023883996,True,-0.11722262726240434,-0.6268166506836736,True,0.9686020482079384,-1.2082162357700377,True,921,0.921,>=0.80,True,True
11409,China,Zhuji,29.71826386224582,120.20765153904937,1.369142448260822,-1.3464299576802772,1.3464299576802772,True,True,0.1447251444457798,-1.397950220170209,True,-0.3341899012228451,-0.9190351745015841,True,-0.41935065292756896,-0.8338744227968602,True,0.9978922566970839,-1.4610166608955064,True,868,0.868,>=0.80,True,True
11425,China,Xietang,29.25945734052837,119.91319019544606,0.987534684511902,-1.1823993823511385,1.1823993823511385,True,True,0.4469983474522171,-1.1443926623469522,True,0.013618013889283832,-0.7110123287840189,True,-0.07154273781544124,-0.6258515770792938,True,0.5187828886159834,-1.0377135477168729,False,779,0.779,0.50-<0.80,True,True
11450,India,Bongaigaon,26.48714560948099,90.53706617270434,1.1248085228639604,-0.8518381129775809,0.8518381129775809,True,True,0.022390475359042362,-1.1265601384277824,True,-0.3901619860707451,-0.714007676997995,True,-0.37819229260547205,-0.725977370463268,True,1.4230322324739855,-1.4685010938673204,True,823,0.823,>=0.80,True,True
11469,China,Dongyang,29.284690254058543,120.21297295992748,1.266259291514375,-1.1318370113053664,1.1318370113053664,True,True,0.33908727140805806,-1.1241689051116035,True,-0.057544298929902336,-0.7275373347736431,True,-0.14270505063463218,-0.6423765830689132,True,0.8687222321390649,-1.1262384168539659,True,824,0.824,>=0.80,True,True
11473,China,Jinshan,30.729204805965303,121.32197065693572,1.5636357097061084,-1.6017916748925638,1.6017916748925638,True,True,0.714073825527868,-1.6440414897149154,True,0.11318989171471983,-1.0431575559017672,True,0.028029140009995235,-0.9579968041970425,True,1.242078964723269,-1.6506110013839466,True,950,0.95,>=0.80,True,True
11487,China,Yongkang,28.908151588600568,120.04554341760384,1.3603825328810766,-1.536727251376811,1.536727251376811,True,True,0.2842365483821163,-1.5661261265403321,True,-0.18846312073095547,-1.0934264574272603,True,-0.27362387243568137,-1.0082657057225344,True,0.9868941640985411,-1.606088205705675,True,842,0.842,>=0.80,True,True
11495,China,Nanma,29.11267110315473,120.21505501299158,0.6555776469462384,-1.6260658814116842,1.6260658814116842,True,True,0.4969015536364916,-1.522243835012319,True,0.1621751438928051,-1.1875174252686327,True,0.07701439218807793,-1.1023566735639054,True,0.10201011403794322,-1.3030780824320098,False,470,0.47,0.20-<0.50,True,False
11500,India,Guwahati,26.152738445576,91.75521365907136,1.5692073540951017,-0.901204275095473,0.901204275095473,True,False,0.4178276945802785,-1.1832350561588159,True,-0.11351024947021215,-0.6518971121083252,False,-0.10154055600494194,-0.6638668055735955,True,1.158687262387115,-1.2537980193323666,True,949,0.949,>=0.80,True,False
11509,China,Nanjing,24.51733627362404,117.36252737974432,0.6490716006986018,-0.9000649770204214,0.9000649770204214,True,True,0.0366869770200856,-1.0770129755772104,True,-0.11947407473469285,-0.9208519238224321,True,-0.20463482643942582,-0.8356911721176992,True,0.8257435035647396,-1.2366999134123369,True,466,0.466,0.20-<0.50,True,False
11510,India,Nakhola,26.11575287768359,92.17904127397316,0.6525949796471306,-0.7551833492912946,0.7551833492912946,True,False,-0.16771980220540897,-0.9341045833914761,True,-0.43565860276377394,-0.6661657828331111,False,-0.42368890929850234,-0.6781354762983827,True,0.007878454980279581,-0.8359313683239229,False,342,0.342,0.20-<0.50,True,False
11513,China,Pinghe,24.38798412278549,117.32158687194074,0.8029674012768355,-1.1225563397571323,1.1225563397571323,True,True,0.09846463820952556,-1.3192467089066244,True,-0.1902887348426511,-1.0304933358544477,True,-0.2754494865473785,-0.9453325841497204,True,0.19667135373072214,-1.1813765610835858,False,545,0.545,0.50-<0.80,True,True
11541,China,Zhao'an,23.70712534772723,117.17112229001816,0.7422569207404974,-0.8228557519013113,0.8228557519013113,True,True,-0.05164333966518024,-1.035979087907692,True,-0.348486018737669,-0.7391364088352033,True,-0.43364677044239336,-0.6539756571304789,True,0.1204492148520106,-0.9022455363083426,False,471,0.471,0.20-<0.50,True,False
11548,India,Itanagar,27.08594866946041,93.61111452412158,0.6491261000559106,-1.157703705388064,1.157703705388064,True,False,0.33323273771979584,-1.3125815220086845,True,-0.00654956075192165,-0.9727992235369669,True,0.00542013271334818,-0.9847689170022368,True,0.825811927625048,-1.4668805772627806,True,502,0.502,0.50-<0.80,True,True
11561,China,Zhangpu,24.12535130283329,117.61395088785788,0.9220009910725808,-1.199204808569384,1.199204808569384,True,True,0.27422717804772284,-1.407452223128892,True,-0.07742850059592501,-1.0557965444852442,True,-0.16258925230065185,-0.9706357927805174,True,0.3461182817156243,-1.2673330708141162,False,658,0.658,0.50-<0.80,True,True
11578,India,Dimapur,25.88581993810193,93.73834645658478,1.6094492542884198,-1.6398286039052092,1.6398286039052092,True,True,0.5978819769959177,-1.912605439760107,True,-0.016894230238197024,-1.2978292325259924,True,-0.004924536772925925,-1.3097989259912635,True,1.2092110546249717,-1.968199576964088,True,1000,1.0,>=0.80,True,True
11586,India,Titabor,26.602828415737783,94.19396629203874,0.6164628555024206,-0.8372758368278247,0.8372758368278247,True,False,0.2738546176619122,-0.9703368802064811,True,-0.04607975620116242,-0.6504025063434065,False,-0.03411006273589212,-0.6623721998086768,True,-0.037485504589971415,-0.7952166573547488,False,476,0.476,0.20-<0.50,True,False
11599,China,Xianyou,25.37310049497858,118.69260028133957,0.985477817973002,-1.013515617218632,1.013515617218632,True,True,0.12074669241708466,-1.2541020306911348,True,-0.263063244207833,-0.8702920940662172,True,-0.3482239959125571,-0.7851313423614932,True,0.42581357440380935,-1.163733013210312,False,720,0.72,0.50-<0.80,True,True
11610,India,Churachandpur,24.34516067307481,93.69538307869966,1.30034598697953,-1.5907622273097142,1.5907622273097142,True,True,0.5070905454758029,-1.8145175894386645,True,0.02453352213313512,-1.3319605660959968,True,0.03650321559840386,-1.3439302595612657,True,0.8211312377541484,-1.7787541383726369,True,946,0.946,>=0.80,True,True
11612,India,Tinsukia,27.48942727913175,95.35315316494928,0.8329599792021455,-0.956117201328465,0.956117201328465,True,True,0.25770047343540375,-1.1230427139535506,True,-0.026176179488603044,-0.8391660610295438,True,-0.01420648602333785,-0.851135754494809,True,1.0566157582504654,-1.3696820149112399,True,745,0.745,0.50-<0.80,True,True
11616,India,Duliajan,27.353916217720364,95.32443670339728,0.8531394553953464,-1.2372346343722167,1.2372346343722167,True,True,0.41206281888632035,-1.4054832680063405,True,0.06988790985219819,-1.0633083589722183,True,0.08185760331746511,-1.0752780524374852,True,1.081951134009469,-1.6258134628821481,True,772,0.772,0.50-<0.80,True,True
11625,China,Ninghai County,29.322740775912823,121.43445126399844,0.6014660638476675,-0.9506727834576334,0.9506727834576334,True,True,-0.10138994524901766,-1.1438872457096803,True,-0.26718043070141445,-0.9780967602572834,True,-0.3523411824061445,-0.8929360085525535,True,0.765974649666841,-1.3104269243229845,True,424,0.424,0.20-<0.50,True,False
11637,China,Jieshan,25.263294759819427,118.90799733939836,1.1282701884338928,-1.0726693848794977,1.0726693848794977,True,True,0.3270684648190421,-1.3260915212329383,True,-0.13183637637495718,-0.8671866800389391,True,-0.21699712807968058,-0.7820259283342157,True,0.6050897026099755,-1.236534018042363,False,842,0.842,>=0.80,True,True
11646,China,Quangang,25.13560415787589,118.92370095287323,1.1877600430880562,-1.2896310775650033,1.2896310775650033,True,True,0.5085401301048535,-1.5424817622108167,True,-0.0028073302413628718,-1.0311343018646002,True,-0.08796808194608569,-0.9459735501598774,True,0.6797793430685114,-1.4358657010470584,True,872,0.872,>=0.80,True,True
11676,China,Wenling,28.40352686662381,121.3543128592498,0.7563538621747437,-1.278534298380498,1.278534298380498,True,True,0.30753992923527224,-1.2067583999024396,True,0.011035517794053498,-0.9102539884612209,True,-0.07412523391067422,-0.8250932367564932,True,0.2285348689889516,-1.0467486331295914,False,533,0.533,0.50-<0.80,True,True
