specification,retained_2024,countries_2024,china_india_share_2024,denominator_certain_2024,denominator_uncertain_2024,jaccard_vs_primary_q75_2024,overlap_with_primary_count_2024,spearman_deficit_score_vs_primary_2024,draw,w_demand,w_hazard,w_urban_form
dirichlet_0000,667,95,0.38830584707646176,143,524,0.5131428571428571,449,0.9701189707928033,0,0.006851353915201143,0.4304034246520265,0.5627452214327723
dirichlet_0001,557,89,0.43447037701974867,104,453,0.42823529411764705,364,0.9603344583914132,1,0.014135944611706554,0.6209871983091653,0.36487685707912815
dirichlet_0002,680,79,0.33676470588235297,217,463,0.5954653937947494,499,0.9562794541483599,2,0.4758267760264057,0.1728315958433271,0.3513416281302671
dirichlet_0003,680,78,0.3338235294117647,217,463,0.5954653937947494,499,0.9563331304472812,3,0.49143020194415593,0.17867262393316444,0.32989717412267955
dirichlet_0004,724,88,0.38950276243093923,193,531,0.44004171011470283,422,0.9485301328896989,4,0.24631808420563084,0.008733163323226082,0.744948752471143
dirichlet_0005,700,86,0.3628571428571429,191,509,0.7532299741602068,583,0.967932897650371,5,0.3497473686224731,0.2650926706869105,0.3851599606906165
dirichlet_0006,750,68,0.472,294,456,0.26756756756756755,297,0.9340172562804478,6,0.9398024145218868,0.052252246753936034,0.00794533872417707
dirichlet_0007,704,73,0.4289772727272727,221,483,0.4890590809628009,447,0.9679698966929128,7,0.5496157234591451,0.3716669808543055,0.07871729568654942
dirichlet_0008,643,74,0.4416796267496112,184,459,0.4908256880733945,428,0.9726079514368549,8,0.45902085533391807,0.4816381124707731,0.05934103219530883
dirichlet_0009,682,74,0.3592375366568915,249,433,0.4065126050420168,387,0.9378554430642632,9,0.6986323677645594,0.05600466002792919,0.2453629722075114
dirichlet_0010,723,86,0.37206085753803597,192,531,0.6808769792935444,559,0.9677304853893545,10,0.2849263112001152,0.24333083608432352,0.4717428527155614
dirichlet_0011,689,85,0.37735849056603776,203,486,0.510662177328844,455,0.9480132322177652,11,0.3750525978326161,0.059070401696687896,0.565877000470696
dirichlet_0012,528,80,0.4696969696969697,104,424,0.26737967914438504,250,0.944249752065532,12,0.08657665881837498,0.8930821830569776,0.020341158124647356
dirichlet_0013,653,72,0.445635528330781,193,460,0.46368715083798884,415,0.9715220787864504,13,0.5109360589990555,0.47327946186677045,0.015784479134174075
dirichlet_0014,770,72,0.4662337662337662,277,493,0.3299161230195713,354,0.9520814349250957,14,0.7671649085072366,0.22789139573034703,0.004943695762416349
dirichlet_0015,561,84,0.47593582887700536,118,443,0.3747178329571106,332,0.9595847791765001,15,0.10638512917371482,0.6745264497563529,0.21908842106993234
dirichlet_0016,696,81,0.35344827586206895,211,485,0.604982206405694,510,0.9561964002195917,16,0.42670143799468957,0.15593575885196947,0.41736280315334107
dirichlet_0017,716,88,0.3659217877094972,186,530,0.7227101631116688,576,0.9697600027565678,17,0.28156315656993436,0.2723102189307724,0.44612662449929325
dirichlet_0018,661,74,0.3524962178517398,245,416,0.41416309012875535,386,0.9358131348165235,18,0.687457525029788,0.03488141314159353,0.27766106182861855
dirichlet_0019,528,79,0.4962121212121212,108,420,0.30363036303630364,276,0.9515277653235497,19,0.14393590854172053,0.8104106670064636,0.04565342445181587
dirichlet_0020,681,80,0.3436123348017621,222,459,0.5432525951557093,471,0.9481430958756444,20,0.49787484105681346,0.10088267028784674,0.40124248865533974
dirichlet_0021,693,85,0.38095238095238093,197,496,0.4983351831298557,449,0.9476261176780002,21,0.36165846274307495,0.050173853938333395,0.5881676833185916
dirichlet_0022,704,73,0.3821022727272727,258,446,0.3958974358974359,386,0.9401863629502469,22,0.7162317270217957,0.08197175554690611,0.2017965174312981
dirichlet_0023,596,88,0.41946308724832215,127,469,0.5450061652281134,442,0.9705396055266368,23,0.156910329149496,0.526352263777899,0.3167374070726049
dirichlet_0024,731,98,0.3898768809849521,160,571,0.5005405405405405,463,0.971282618625669,24,0.028645941612022094,0.33106468904978315,0.6402893693381946
dirichlet_0025,706,73,0.3980169971671388,262,444,0.363,363,0.9381054360675908,25,0.7618214807675552,0.07044280103804229,0.1677357181944025
dirichlet_0026,651,78,0.4485407066052227,179,472,0.5334114888628371,455,0.9738051332182206,26,0.367450472058624,0.4861590137940559,0.1463905141473201
dirichlet_0027,660,85,0.3878787878787879,170,490,0.6928020565552699,539,0.9747225715472282,27,0.2820068546157384,0.41763187408100255,0.300361271303259
dirichlet_0028,632,95,0.40348101265822783,125,507,0.49709639953542395,428,0.9683518771172791,28,0.005673576930834825,0.48143515982668755,0.5128912632424777
dirichlet_0029,711,85,0.36146272855133615,202,509,0.6521739130434783,540,0.9626201830028815,29,0.3440753992729071,0.1972439145528068,0.4586806861742862
dirichlet_0030,673,94,0.3922734026745914,150,523,0.5393518518518519,466,0.9717319333143274,30,0.05470903169311349,0.4115631674256677,0.5337278008812189
dirichlet_0031,759,95,0.3794466403162055,173,586,0.4188376753507014,418,0.9636671120336846,31,0.010077174908361368,0.12880936106905083,0.8611134640225879
dirichlet_0032,680,72,0.38529411764705884,262,418,0.35736040609137054,352,0.931339829849108,32,0.7903541483919198,0.00885891814755902,0.20078693346052115
dirichlet_0033,606,78,0.45874587458745875,157,449,0.47719298245614034,408,0.9723689521381149,33,0.3416752006836225,0.5432649954344222,0.11505980388195537
dirichlet_0034,604,69,0.47516556291390727,156,448,0.42325056433408575,375,0.970975986580197,34,0.4150997640890902,0.5826231725047215,0.0022770634061882707
dirichlet_0035,648,91,0.39969135802469136,142,506,0.5934065934065934,486,0.9725208324937339,35,0.10072122677513583,0.42967136586369353,0.4696074073611706
dirichlet_0036,730,89,0.39315068493150684,200,530,0.5010822510822511,463,0.9522130500987096,36,0.291143692430039,0.06987585100601523,0.6389804565639458
dirichlet_0037,678,92,0.39085545722713866,150,528,0.5541327124563445,476,0.9720159067375823,37,0.06622976550792894,0.4113315770240458,0.5224386574680252
dirichlet_0038,687,82,0.34643377001455605,222,465,0.5203619909502263,460,0.9460192703300631,38,0.4531089007100659,0.06723747092077177,0.47965362836916253
dirichlet_0039,600,70,0.4766666666666667,153,447,0.4415137614678899,385,0.971452925015401,39,0.37289392919839254,0.5695367417519058,0.05756932904970184
dirichlet_0040,689,83,0.35268505079825835,217,472,0.5330296127562643,468,0.9477409490306014,40,0.4298362693695834,0.07573174441190875,0.49443198621850765
dirichlet_0041,738,73,0.4159891598915989,260,478,0.4133738601823708,408,0.9540208596700649,41,0.6759205972794771,0.2195547287116405,0.10452467400888245
dirichlet_0042,746,96,0.38605898123324395,187,559,0.3781925343811395,385,0.9559298993294428,42,0.04350532311053673,0.009115559299095011,0.9473791175903682
dirichlet_0043,740,74,0.40675675675675677,259,481,0.44169246646026833,428,0.9557015946327737,43,0.6435724008539211,0.22779005021310897,0.12863754893297014
dirichlet_0044,647,79,0.4482225656877898,174,473,0.535924617196702,455,0.9737719261065831,44,0.3529298168911097,0.4932147603099977,0.1538554227988926
dirichlet_0045,727,96,0.3741403026134801,174,553,0.5727272727272728,504,0.9721034987268516,45,0.12656409284080053,0.30997620410230575,0.5634597030568939
dirichlet_0046,745,90,0.3932885906040268,199,546,0.5042918454935622,470,0.9544720128784856,46,0.2670970350998017,0.0849709875133396,0.6479319773868587
dirichlet_0047,743,69,0.4576043068640646,288,455,0.28558310376492196,311,0.9344010120170042,47,0.9105849407986415,0.05351263210134455,0.03590242710001396
dirichlet_0048,745,94,0.38523489932885907,192,553,0.45284974093264246,437,0.9578654138537853,48,0.15804131553133163,0.08453787504448197,0.7574208094241865
dirichlet_0049,718,69,0.44846796657381616,286,432,0.27906976744186046,300,0.9293440870765773,49,0.9358476753980197,0.002088942316336521,0.06206338228564372
dirichlet_0050,691,84,0.3719247467438495,188,503,0.730423620025674,569,0.9729227261783164,50,0.3594619172485887,0.36391204783577846,0.2766260349156329
dirichlet_0051,623,84,0.4044943820224719,144,479,0.5980024968789014,479,0.9733766595777292,51,0.21000440471086806,0.4806482235682317,0.30934737172090016
dirichlet_0052,683,80,0.3411420204978038,221,462,0.5654205607476636,484,0.9522620922574321,52,0.5005301697156124,0.1407127776463316,0.3587570526380561
dirichlet_0053,738,93,0.3807588075880759,181,557,0.5727170236753101,508,0.9680139494154629,53,0.18533134549834426,0.2277346943797824,0.5869339601218735
dirichlet_0054,555,84,0.47927927927927927,114,441,0.3602693602693603,321,0.9592094961537093,54,0.1224244629115992,0.6873905249718079,0.1901850121165929
dirichlet_0055,672,79,0.34523809523809523,229,443,0.4766666666666667,429,0.9378585087160817,55,0.574783259664803,0.028265430663989722,0.3969513096712073
dirichlet_0056,620,80,0.45483870967741935,154,466,0.5058962264150944,429,0.972654297106905,56,0.27821768734313024,0.525603458121815,0.19617885453505485
dirichlet_0057,761,96,0.3823915900131406,178,583,0.45286885245901637,442,0.9645709332499159,57,0.05427613690311379,0.15327885786820958,0.7924450052286766
dirichlet_0058,766,98,0.3825065274151436,177,589,0.4670103092783505,453,0.9675888127546967,58,0.043996013486324176,0.20916661779023135,0.7468373687234444
dirichlet_0059,516,78,0.4748062015503876,98,418,0.2833698030634573,259,0.9468190458101591,59,0.04932814464115181,0.8279475640009323,0.12272429135791584
dirichlet_0060,703,84,0.35704125177809387,197,506,0.7548387096774194,585,0.9669941445022828,60,0.3744935683300304,0.2606393529078115,0.3648670787621583
dirichlet_0061,748,74,0.43716577540106955,270,478,0.37073170731707317,380,0.9515877820289018,61,0.718360049051911,0.20514184598526766,0.07649810496282147
dirichlet_0062,696,87,0.3706896551724138,177,519,0.7663185378590078,587,0.971883715190471,62,0.2867790559884229,0.3112995868964431,0.4019213571151339
dirichlet_0063,714,72,0.43137254901960786,231,483,0.47103004291845496,439,0.9656184565478622,63,0.5767970367866097,0.3412973262940926,0.08190563691929785
dirichlet_0064,515,80,0.4524271844660194,99,416,0.2508004268943437,235,0.9384754710982748,64,0.028787057532956704,0.9570975742994544,0.014115368167589005
dirichlet_0065,691,73,0.3950795947901592,261,430,0.3534136546184739,352,0.9347968600490821,65,0.7846039398898266,0.041621994223115494,0.17377406588705788
dirichlet_0066,700,78,0.3585714285714286,208,492,0.6488456865127582,534,0.9637879072933362,66,0.46955083641961126,0.25601756755925653,0.27443159602113226
dirichlet_0067,528,77,0.4753787878787879,108,420,0.2755651237890204,256,0.9468816811241436,67,0.1056867654737173,0.8612527599261312,0.03306047460015157
dirichlet_0068,763,98,0.3800786369593709,176,587,0.4760914760914761,458,0.9686092941233859,68,0.043796691148898774,0.23179618206731653,0.7244071267837847
dirichlet_0069,757,98,0.3817701453104359,177,580,0.4978813559322034,470,0.9690778563110634,69,0.06684151800411962,0.24098387821765965,0.6921746037782207
dirichlet_0070,707,85,0.3564356435643564,202,505,0.6674816625916871,546,0.9628228162689458,70,0.3623003211833709,0.2051254486244559,0.43257423019217334
dirichlet_0071,700,77,0.3514285714285714,236,464,0.5011061946902655,453,0.9478786974002948,71,0.6046745127439799,0.1293903786587362,0.26593510859728403
dirichlet_0072,672,83,0.3556547619047619,205,467,0.48824188129899215,436,0.9419391433760862,72,0.43918400677078095,0.02378147307087885,0.5370345201583402
dirichlet_0073,622,73,0.46141479099678456,162,460,0.45340909090909093,399,0.9721059356610243,73,0.398401349410894,0.549847906670523,0.051750743918583
dirichlet_0074,665,79,0.3443609022556391,223,442,0.4770949720670391,427,0.9374581552057217,74,0.5618924873716001,0.02109987676112411,0.41700763586727574
dirichlet_0075,722,73,0.40443213296398894,257,465,0.40284842319430314,396,0.948926323268613,75,0.6891342070009594,0.16497582307817807,0.14588996992086256
dirichlet_0076,717,94,0.3807531380753138,168,549,0.5866050808314087,508,0.9727732980896792,76,0.13174229583416877,0.3323423938319966,0.5359153103338345
dirichlet_0077,603,84,0.46102819237147596,136,467,0.46853146853146854,402,0.9691777329163085,77,0.19387762202102513,0.5688713230503358,0.237251054928639
dirichlet_0078,710,77,0.36901408450704226,252,458,0.431413612565445,412,0.944353797109114,78,0.6727976431527515,0.11287557535837005,0.21432678148887843
dirichlet_0079,678,88,0.3746312684365782,171,507,0.7405475880052151,568,0.974070199105621,79,0.2532522611024877,0.36345224900287204,0.3832954898946402
dirichlet_0080,745,73,0.44026845637583895,256,489,0.3867457962413452,391,0.95807764445167,80,0.6820809273921069,0.27590431991114117,0.042014752696751895
dirichlet_0081,674,74,0.3590504451038576,250,424,0.4069767441860465,385,0.935145257128178,81,0.7027131376485845,0.03152331778461424,0.2657635445668012
dirichlet_0082,729,75,0.401920438957476,228,501,0.5608108108108109,498,0.9650854717351207,82,0.5220076495377152,0.2996294581180979,0.17836289234418695
dirichlet_0083,757,92,0.3870541611624835,203,554,0.4978813559322034,470,0.9569075695224111,83,0.23124749859091193,0.09901801431321614,0.6697344870958719
dirichlet_0084,546,79,0.4725274725274725,121,425,0.3654937570942111,322,0.9611947190892014,84,0.18465379440779858,0.6879949830932389,0.1273512224989625
dirichlet_0085,676,76,0.34615384615384615,244,432,0.45524017467248906,417,0.9395760174401704,85,0.6520205570727411,0.06230805772673783,0.285671385200521
dirichlet_0086,666,76,0.43543543543543545,196,470,0.5528169014084507,471,0.9729577541979236,86,0.43452320987680043,0.4383497145398372,0.1271270755833623
dirichlet_0087,681,80,0.3392070484581498,229,452,0.5084554678692221,451,0.942166895616507,87,0.5444903836502629,0.059390938868619396,0.3961186774811176
dirichlet_0088,684,79,0.34502923976608185,225,459,0.5431530494821634,472,0.9494679000431431,88,0.5183812415143203,0.1194567255451332,0.3621620329405464
dirichlet_0089,597,91,0.4036850921273032,130,467,0.5635910224438903,452,0.9705501382483891,89,0.1335503004093486,0.513900779879535,0.35254891971111635
dirichlet_0090,656,76,0.4405487804878049,193,463,0.5410798122065728,461,0.9733770184008929,90,0.4179286491276737,0.46399455577192183,0.11807679510040443
dirichlet_0091,678,87,0.37610619469026546,172,506,0.7496723460026212,572,0.9741409521434096,91,0.2707003281098734,0.3693251238549929,0.3599745480351338
dirichlet_0092,672,76,0.43601190476190477,197,475,0.5562060889929742,475,0.97292054089065,92,0.4352928027702074,0.43598718999790714,0.1287200072318853
dirichlet_0093,748,73,0.4425133689839572,261,487,0.3788027477919529,386,0.9577240591494319,93,0.6904207934673116,0.2746015645907608,0.034977641941927685
dirichlet_0094,524,77,0.4904580152671756,106,418,0.28789531079607417,264,0.9485231409757854,94,0.13927687299068664,0.8558308457021919,0.004892281307121464
dirichlet_0095,731,98,0.3898768809849521,158,573,0.4892703862660944,456,0.971136314298908,95,0.017152146706929085,0.3369079792029008,0.6459398740901702
dirichlet_0096,748,98,0.3836898395721925,187,561,0.5026737967914439,470,0.9650978915681112,96,0.13369129873094535,0.17595516555502697,0.6903535357140279
dirichlet_0097,708,96,0.3884180790960452,152,556,0.5082872928176796,460,0.9716192660701448,97,0.036930883931443025,0.3526596494906502,0.6104094665779068
dirichlet_0098,728,94,0.37637362637362637,176,552,0.5993071593533488,519,0.9708227720849766,98,0.17224808721320028,0.27502217774086235,0.5527297350459375
dirichlet_0099,654,79,0.42966360856269115,171,483,0.5910194174757282,487,0.9744326519736684,99,0.30119697727538175,0.462910000268388,0.2358930224562302
dirichlet_0100,740,70,0.4445945945945946,284,456,0.3031716417910448,325,0.9365567031017527,100,0.8631207767590168,0.07071946688236559,0.06615975635861747
dirichlet_0101,755,73,0.45827814569536424,272,483,0.34220532319391633,360,0.9542446951106023,101,0.7418229644934731,0.247459145814565,0.010717889691961932
dirichlet_0102,686,92,0.38629737609329445,152,534,0.5855962219598583,496,0.9731540935150021,102,0.1129891266745909,0.3858599459871199,0.5011509273382891
dirichlet_0103,525,80,0.4838095238095238,98,427,0.30033003300330036,273,0.9481712239701392,103,0.036338948435470475,0.8003713323866202,0.16328971917790944
dirichlet_0104,685,84,0.36934306569343067,182,503,0.7383419689119171,570,0.9737500087580366,104,0.3329946714076311,0.3773629540585216,0.2896423745338472
dirichlet_0105,626,82,0.4472843450479233,154,472,0.5183431952662721,438,0.9726808864122841,105,0.2687682934296409,0.5225081468956587,0.20872355967470035
dirichlet_0106,763,97,0.37876802096985585,179,584,0.46542827657378744,451,0.9654408337185495,106,0.06260508819031593,0.16974450855233944,0.7676504032573447
dirichlet_0107,759,72,0.4598155467720685,281,478,0.3258426966292135,348,0.9488023936333023,107,0.7814037552513984,0.1912892026147805,0.02730704213382124
dirichlet_0108,679,85,0.37260677466863035,177,502,0.7695364238410596,581,0.9736959072313597,108,0.27847338585389164,0.3545644423948717,0.3669621717512367
dirichlet_0109,517,80,0.4526112185686654,99,418,0.24893617021276596,234,0.938603390324047,109,0.014410293448958012,0.9440920216327712,0.04149768491827069
dirichlet_0110,717,88,0.3905160390516039,190,527,0.444794952681388,423,0.946973139630702,110,0.26906830123256725,0.0019212586536037676,0.7290104401138291
dirichlet_0111,728,94,0.37637362637362637,176,552,0.5993071593533488,519,0.9708157537493475,111,0.17360282443221137,0.27495015714710297,0.5514470184206857
dirichlet_0112,705,85,0.3659574468085106,191,514,0.7350318471337579,577,0.9681128346305902,112,0.3237981888547217,0.2593589073528756,0.4168429037924026
dirichlet_0113,729,89,0.39231824417009603,201,528,0.5098039215686274,468,0.9533419615735628,113,0.2911607571104659,0.08176162505022934,0.6270776178393047
dirichlet_0114,605,77,0.46115702479338844,157,448,0.4725787631271879,405,0.9722141516715687,114,0.3466752106259712,0.5478712819177589,0.1054535074562698
dirichlet_0115,712,87,0.39325842696629215,197,515,0.46730975348338694,436,0.9452525374882372,115,0.31461794653614467,0.004989945227748452,0.680392108236107
dirichlet_0116,679,73,0.374079528718704,257,422,0.37448559670781895,364,0.9340130411350246,116,0.7511973925140657,0.02888799107862933,0.219914616407305
dirichlet_0117,676,79,0.41863905325443784,192,484,0.5983213429256595,499,0.9732247127369887,117,0.41025873893179643,0.4181592675968926,0.1715819934713111
dirichlet_0118,533,77,0.4971857410881801,117,416,0.328125,294,0.9552991491603376,118,0.19863693633840585,0.7828401380680218,0.018522925593572402
dirichlet_0119,627,90,0.4019138755980861,134,493,0.5950310559006211,479,0.9719408743723914,119,0.11191117143197538,0.46390162331825446,0.42418720524977016
dirichlet_0120,605,84,0.43471074380165287,134,471,0.5259975816203144,435,0.9708519195938409,120,0.18021162795215825,0.5311609076665337,0.28862746438130815
dirichlet_0121,757,69,0.46895640686922063,295,462,0.28428701180744775,313,0.9370930492543804,121,0.8973014415927754,0.08125785506957055,0.021440703337653955
dirichlet_0122,533,84,0.48405253283302063,107,426,0.3062568605927552,279,0.9510397795108733,122,0.11273574989504728,0.799944046263594,0.08732020384135863
dirichlet_0123,752,98,0.3803191489361702,175,577,0.498936170212766,469,0.9698159851695558,123,0.057788935204851864,0.25970022913343455,0.6825108356617136
dirichlet_0124,737,91,0.3880597014925373,194,543,0.5488888888888889,494,0.963066198045272,124,0.22493361154480884,0.16908975262000894,0.6059766358351821
dirichlet_0125,752,69,0.4720744680851064,292,460,0.2728093947606143,302,0.9357754740875756,125,0.9224586971362214,0.06983380813342618,0.007707494730352468
dirichlet_0126,654,90,0.38837920489296635,152,502,0.63875,511,0.9735809717702739,126,0.15005686154648043,0.42505150615480886,0.42489163229871085
dirichlet_0127,561,73,0.48484848484848486,137,424,0.3951890034364261,345,0.9660224012775023,127,0.2800314195111309,0.6538241125776109,0.06614446791125822
dirichlet_0128,524,81,0.4904580152671756,97,427,0.3064159292035398,277,0.9484309692278609,128,0.021166970177965042,0.7885931156791798,0.1902399141428551
dirichlet_0129,703,85,0.3669985775248933,191,512,0.7571059431524548,586,0.9716825353684019,129,0.36395268027723765,0.33466881482297994,0.3013785048997825
dirichlet_0130,737,69,0.46675712347354137,293,444,0.2672727272727273,294,0.9302532195649642,130,0.9586798179883441,0.012696888207792608,0.02862329380386329
dirichlet_0131,724,73,0.4074585635359116,264,460,0.3727634194831014,375,0.9437931714534228,131,0.7429998254174707,0.12452173522282843,0.13247843935970086
dirichlet_0132,760,98,0.38421052631578945,179,581,0.47758081334723673,458,0.9680171514358675,132,0.05670745508321026,0.21826292913191123,0.7250296157848785
dirichlet_0133,513,80,0.4522417153996101,98,415,0.25133689839572193,235,0.938249544202997,133,0.03289681201588838,0.9646744271852454,0.0024287607988662035
dirichlet_0134,653,75,0.35834609494640124,245,408,0.39658848614072495,372,0.9318743225920765,134,0.7233874467383733,0.004679401975749408,0.2719331512858775
dirichlet_0135,680,79,0.34411764705882353,229,451,0.5210466439135382,458,0.9463272607625566,135,0.5300313921085998,0.09348950532366672,0.3764791025677335
dirichlet_0136,753,94,0.3798140770252324,185,568,0.5376226826608506,493,0.9682841418807043,136,0.13278656602127786,0.22627168685863702,0.6409417471200852
dirichlet_0137,719,97,0.3852573018080668,166,553,0.547806524184477,487,0.9723903240042643,137,0.0856200649332623,0.3439102381075112,0.5704696969592266
dirichlet_0138,723,73,0.3969571230982019,249,474,0.4212152420185376,409,0.9487035004296527,138,0.6757681620956044,0.15856678188751644,0.16566505601687917
dirichlet_0139,685,78,0.3445255474452555,241,444,0.4878048780487805,440,0.9436263096871437,139,0.6067436280308259,0.08921198755001308,0.3040443844191611
dirichlet_0140,709,92,0.3695345557122708,171,538,0.6678876678876678,547,0.9732617320971129,140,0.1897693090437344,0.3354031075832103,0.4748275833730553
dirichlet_0141,745,96,0.3838926174496644,186,559,0.44238683127572015,430,0.9604568202308971,141,0.1166694978499693,0.10561767822492661,0.777712823925104
dirichlet_0142,690,76,0.34202898550724636,224,466,0.5464982778415615,476,0.9525813814401045,142,0.5459821480622968,0.1582503782435576,0.2957674736941455
dirichlet_0143,728,93,0.38186813186813184,185,543,0.5919540229885057,515,0.967034944213175,143,0.21982708935618686,0.21934696968886547,0.5608259409549476
dirichlet_0144,629,84,0.3990461049284579,148,481,0.631979695431472,498,0.9740278502414716,144,0.22449186550802783,0.4626868659426536,0.31282126854931847
dirichlet_0145,689,78,0.35268505079825835,208,481,0.6158463385354142,513,0.9599506931926455,145,0.4841967273374274,0.215352111908035,0.3004511607545377
dirichlet_0146,664,83,0.39006024096385544,174,490,0.6957637997432606,542,0.9744327493821021,146,0.3152552575789867,0.4028900902137481,0.28185465220726524
dirichlet_0147,684,80,0.3435672514619883,221,463,0.5449308755760369,473,0.9489929309558607,147,0.49749357502701314,0.1087104291885859,0.393795995784401
dirichlet_0148,665,91,0.39097744360902253,157,508,0.6401985111662531,516,0.9737452439024198,148,0.15205409835341832,0.4115918243973319,0.43635407724924974
dirichlet_0149,733,70,0.4542974079126876,249,484,0.3694581280788177,375,0.9604691669350857,149,0.6784068161342709,0.31055287184156566,0.01104031202416338
dirichlet_0150,658,70,0.44224924012158057,198,460,0.4742152466367713,423,0.9713279348232203,150,0.5141242861541009,0.4594493613399673,0.02642635250593182
dirichlet_0151,668,78,0.42664670658682635,186,482,0.5906362545018007,492,0.9741151838358657,151,0.3679451368350692,0.43935731794594546,0.19269754521898544
dirichlet_0152,536,79,0.47761194029850745,117,419,0.3495475113122172,309,0.9588863932327555,152,0.1790180365813532,0.7191119265119659,0.10187003690668095
dirichlet_0153,745,95,0.3825503355704698,189,556,0.5526024363233666,499,0.9661087910424772,153,0.18749303678345605,0.20035235494756018,0.6121546082689837
dirichlet_0154,567,73,0.47971781305114636,141,426,0.4117647058823529,357,0.9679849975851311,154,0.29306400575365277,0.6249143067864399,0.0820216874599072
dirichlet_0155,755,96,0.3841059602649007,180,575,0.4437627811860941,434,0.9625274629701351,155,0.08972065995197016,0.12809893285989912,0.7821804071881308
dirichlet_0156,710,86,0.36619718309859156,189,521,0.7391857506361323,581,0.9688737529877767,156,0.31175711486371505,0.26669000510032076,0.4215528800359642
dirichlet_0157,531,79,0.4821092278719397,107,424,0.28293736501079914,262,0.9483575153930737,157,0.11086078169213646,0.8405343611544317,0.04860485715343185
dirichlet_0158,753,96,0.3784860557768924,188,565,0.40298507462686567,405,0.9586075726882629,158,0.0748957005248575,0.0644162694849387,0.8606880299902038
dirichlet_0159,653,79,0.34150076569678406,223,430,0.46368715083798884,415,0.9348082891603492,159,0.5765386441436099,0.0007982711566966918,0.42266308469969344
dirichlet_0160,736,98,0.3845108695652174,166,570,0.5075757575757576,469,0.9711591413162769,160,0.045993302159287146,0.3081266735743747,0.6458800242663381
dirichlet_0161,722,91,0.37534626038781166,181,541,0.6455847255369929,541,0.970548977923572,161,0.2079824095418598,0.27241589535762895,0.5196016951005114
dirichlet_0162,763,98,0.37876802096985585,172,591,0.46542827657378744,451,0.9686056632755587,162,0.026896877404868055,0.2330882999365813,0.7400148226585505
dirichlet_0163,751,93,0.3848202396804261,197,554,0.4560496380558428,441,0.9567521050099452,163,0.1748801882291767,0.0767292656366454,0.7483905461341778
dirichlet_0164,572,86,0.47027972027972026,121,451,0.38400900900900903,341,0.9612603006137108,164,0.1242960650465601,0.6593228770321583,0.21638105792128154
dirichlet_0165,694,79,0.3515850144092219,205,489,0.6495726495726496,532,0.9628265963298077,165,0.4639530936041006,0.24145123245599642,0.29459567393990294
dirichlet_0166,734,68,0.47002724795640327,287,447,0.252025202520252,280,0.9291476559881272,166,0.9933424654218306,0.0022534514470156533,0.00440408313115388
dirichlet_0167,710,85,0.3619718309859155,200,510,0.7458492975734355,584,0.9674988036495544,167,0.3924062923837534,0.27453787812962305,0.3330558294866236
dirichlet_0168,534,78,0.49250936329588013,115,419,0.3367003367003367,300,0.9563030525413114,168,0.19226815814548204,0.7640936636327111,0.04363817822180675
dirichlet_0169,763,69,0.48099606815203144,296,467,0.2827461607949413,313,0.9416650783135814,169,0.8669773176125253,0.12792223053789528,0.005100451849579445
dirichlet_0170,756,70,0.458994708994709,285,471,0.32303370786516855,345,0.9467742366663469,170,0.7938356827947906,0.17045134231388998,0.03571297489131935
dirichlet_0171,742,75,0.4002695417789757,254,488,0.4914712153518124,461,0.9577568965905877,171,0.5995140712089618,0.23523573257657068,0.1652501962144674
dirichlet_0172,705,81,0.36737588652482267,205,500,0.6794081381011098,551,0.967968073868342,172,0.4379878102693807,0.30193245703068305,0.2600797326999363
dirichlet_0173,713,84,0.3688639551192146,210,503,0.5985997666277713,513,0.9576128493757174,173,0.3594060747307842,0.1487036409918092,0.49189028427740655
dirichlet_0174,545,78,0.47522935779816516,126,419,0.3659090909090909,322,0.9610479054699822,174,0.2053499846225821,0.6996607398742793,0.09498927550313861
dirichlet_0175,742,75,0.4002695417789757,256,486,0.4867162592986185,458,0.9573560426943282,175,0.6058908164631267,0.23294386553038335,0.16116531800649003
dirichlet_0176,712,75,0.4297752808988764,220,492,0.5330347144456887,476,0.9691556224098016,176,0.5157399687874278,0.3738587976183566,0.11040123359421554
dirichlet_0177,665,80,0.35037593984962406,217,448,0.4738015607580825,425,0.9379433114547948,177,0.4856636046250481,0.0021673884981243765,0.5121690068768276
dirichlet_0178,742,99,0.38544474393531,164,578,0.49306296691568835,462,0.9710245515616096,178,0.02860738846768233,0.3138781703412051,0.6575144411911126
dirichlet_0179,621,82,0.44605475040257647,151,470,0.5070754716981132,430,0.9722351555100371,179,0.2576601927393776,0.5306083174239671,0.21173148983665535
dirichlet_0180,710,97,0.38873239436619716,153,557,0.5038503850385039,458,0.9713796138466037,180,0.02370034592027908,0.36342775935175725,0.6128718947279636
dirichlet_0181,583,94,0.41337907375643224,119,464,0.4957780458383595,411,0.9660288303227087,181,0.0350268041998835,0.5448505248978124,0.42012267090230404
dirichlet_0182,684,84,0.3815789473684211,198,486,0.48013245033112584,435,0.9443279290980469,182,0.37012839271907455,0.02018364554791166,0.6096879617330139
dirichlet_0183,729,71,0.42661179698216734,277,452,0.3162393162393162,333,0.9363102427244707,183,0.8408171125650191,0.06499420324534044,0.09418868418964046
dirichlet_0184,714,95,0.3851540616246499,160,554,0.5668571428571428,496,0.9728229126679026,184,0.0986055429909445,0.3641264920034649,0.5372679650055907
dirichlet_0185,716,75,0.35893854748603354,237,479,0.512114537444934,465,0.953019555627024,185,0.589680433404042,0.17738497826724992,0.23293458832870814
dirichlet_0186,768,96,0.3815104166666667,178,590,0.458546571136131,448,0.9665325121161471,186,0.03160542912921809,0.18700772730391052,0.7813868435668715
dirichlet_0187,663,91,0.38763197586727,157,506,0.6479400749063671,519,0.9737665778794588,187,0.15474928890244258,0.41480819574349326,0.43044251535406414
dirichlet_0188,600,86,0.45666666666666667,129,471,0.46674445740956827,400,0.9681894408313175,188,0.16933918236505702,0.5754240806772625,0.2552367369576805
dirichlet_0189,568,93,0.43309859154929575,110,458,0.4600715137067938,386,0.9637709924428405,189,0.07528573786706329,0.6005896139158329,0.3241246482171038
dirichlet_0190,669,79,0.34080717488789236,242,427,0.4428726877040261,407,0.935722324064775,190,0.6342097115916159,0.02304640063733718,0.3427438877710469
dirichlet_0191,743,71,0.4468371467025572,288,455,0.2974976830398517,321,0.9353574060128205,191,0.8776539266823516,0.059944757582925,0.06240131573472329
dirichlet_0192,690,79,0.3492753623188406,203,487,0.6466992665036675,529,0.9620837109504976,192,0.4587542578108417,0.23041286410106174,0.3108328780880966
dirichlet_0193,755,98,0.3801324503311258,167,588,0.47236704900938475,453,0.9699419104214976,193,0.004445402730525224,0.27911338640297906,0.7164412108664957
dirichlet_0194,711,85,0.35443037974683544,202,509,0.686806411837238,557,0.9640201959434044,194,0.35937926606050224,0.21802819682686442,0.42259253711263334
dirichlet_0195,622,73,0.46141479099678456,162,460,0.4550625711035267,400,0.9721227133215338,195,0.39805559743501495,0.549355843741923,0.05258855882306196
dirichlet_0196,720,69,0.4444444444444444,239,481,0.4225206611570248,409,0.9629461908952247,196,0.6308875315168198,0.3260671662865682,0.04304530219661215
dirichlet_0197,529,82,0.4952741020793951,97,432,0.3133997785160576,283,0.9486474333560443,197,0.0010713149351605476,0.7753143028252876,0.22361438223955193
dirichlet_0198,702,93,0.38603988603988604,162,540,0.5969447708578144,508,0.973293741445788,198,0.12986834603548703,0.36317450602291307,0.5069571479416
dirichlet_0199,749,74,0.43391188251001334,270,479,0.37170731707317073,381,0.9515785031749859,199,0.7146444411044809,0.2037927127122597,0.08156284618325932
dirichlet_0200,643,81,0.4307931570762053,161,482,0.5834348355663824,479,0.9740629237602233,200,0.2656427573767035,0.4770568299133474,0.25730041270994913
dirichlet_0201,517,80,0.46421663442940037,100,417,0.263724434876211,245,0.9419044770384384,201,0.019355866285126807,0.8888599224417788,0.09178421127309433
dirichlet_0202,618,78,0.45307443365695793,161,457,0.486013986013986,417,0.9728222718547319,202,0.3494192938041974,0.5302140986662014,0.12036660752960124
dirichlet_0203,710,97,0.3845070422535211,158,552,0.522271714922049,469,0.9718730442882199,203,0.05263618904305554,0.3467231380342169,0.6006406729227277
dirichlet_0204,741,70,0.4534412955465587,282,459,0.29444444444444445,318,0.9366209721410322,204,0.8806797712368566,0.07378354205064827,0.04553668671249523
dirichlet_0205,745,73,0.4348993288590604,260,485,0.39780658025922233,399,0.9576601276574331,205,0.6695096106656335,0.2644008240464842,0.06608956528788235
dirichlet_0206,764,73,0.4581151832460733,279,485,0.3330206378986867,355,0.950486913238999,206,0.770672914312033,0.20884195266132208,0.02048513302664492
dirichlet_0207,702,83,0.3561253561253561,201,501,0.7224334600760456,570,0.9655222172005891,207,0.38252434979975986,0.24421947915390838,0.3732561710463317
dirichlet_0208,769,97,0.3836150845253576,176,593,0.4491869918699187,442,0.9668268076363542,208,0.013771233985271587,0.19233260641912722,0.7938961595956011
dirichlet_0209,746,96,0.3847184986595174,189,557,0.3877349159248269,392,0.9558490483001335,209,0.07059456473883192,0.02055332826988393,0.9088521069912842
dirichlet_0210,737,98,0.3894165535956581,158,579,0.4829787234042553,454,0.9708039289243713,210,0.00010030377584790799,0.3358550672748395,0.6640446289493126
dirichlet_0211,679,79,0.3431516936671576,227,452,0.528604118993135,462,0.9470334032876933,211,0.5328902296797664,0.10076474670402902,0.3663450236162046
dirichlet_0212,581,84,0.47160068846815834,131,450,0.41485714285714287,363,0.9661729890306151,212,0.19521647597489894,0.6186955487693939,0.18608797525570708
dirichlet_0213,695,77,0.4287769784172662,213,482,0.5469107551487414,478,0.9708976633061845,213,0.4888338887795834,0.4010535160199601,0.11011259520045655
dirichlet_0214,676,84,0.3875739644970414,177,499,0.706786171574904,552,0.9742181190707606,214,0.3282654284605041,0.39702048924902134,0.2747140822904745
dirichlet_0215,606,86,0.46534653465346537,140,466,0.4500574052812859,392,0.9682799917628193,215,0.20029702703780447,0.5869325714451197,0.2127704015170759
dirichlet_0216,518,79,0.4749034749034749,98,420,0.2813522355507088,258,0.9462504940424584,216,0.05037729704517824,0.8373771361827254,0.11224556677209635
dirichlet_0217,741,75,0.3940620782726046,249,492,0.5,466,0.9575293280056513,217,0.5946792052265913,0.23040237539597896,0.17491841937742975
dirichlet_0218,593,92,0.40809443507588533,129,464,0.5527950310559007,445,0.9703328456895012,218,0.1311656474860541,0.5172512181565626,0.35158313435738325
dirichlet_0219,761,94,0.3876478318002628,203,558,0.4879328436516264,465,0.9541467272629142,219,0.24594123050481534,0.07337698984279525,0.6806817796523894
dirichlet_0220,640,79,0.44375,169,471,0.5349112426035503,452,0.9735032143606646,220,0.3126046930305422,0.5061083346117755,0.18128697235768215
dirichlet_0221,650,91,0.3953846153846154,148,502,0.6175742574257426,499,0.9728147405786605,221,0.12573368217789802,0.44252266903162524,0.43174364879047683
dirichlet_0222,696,85,0.382183908045977,199,497,0.49668141592920356,449,0.9476626388506789,222,0.3561608490831531,0.04836542929403641,0.5954737216228105
dirichlet_0223,703,83,0.35135135135135137,206,497,0.6707616707616708,546,0.9618517998708511,223,0.39157838434346287,0.20374313948785328,0.40467847616868396
dirichlet_0224,749,95,0.37783711615487314,183,566,0.5216450216450217,482,0.9673939299336797,224,0.12588733508152347,0.21055958338948352,0.6635530815289931
dirichlet_0225,532,80,0.4718045112781955,107,425,0.27301927194860814,255,0.9461508238986408,225,0.08928527612448864,0.8627602687062097,0.04795445516930173
dirichlet_0226,757,74,0.45310435931307796,268,489,0.34538534728829684,363,0.9528609982598883,226,0.740871388430394,0.2288050471169722,0.030323564452633657
dirichlet_0227,723,70,0.4343015214384509,281,442,0.29699248120300753,316,0.9301898186654654,227,0.9054622153069417,0.008939265877652858,0.08559851881540545
dirichlet_0228,710,88,0.3873239436619718,199,511,0.49890350877192985,455,0.9492987948549814,228,0.3195571068865296,0.05046217162193412,0.6299807214915362
dirichlet_0229,561,91,0.43493761140819964,106,455,0.44655581947743467,376,0.9624390267019638,229,0.03475925109227648,0.6005709215860785,0.36466982732164505
dirichlet_0230,657,71,0.441400304414003,199,458,0.49658314350797267,436,0.9711858162164183,230,0.5054921677586357,0.43394246793521796,0.06056536430614636
dirichlet_0231,572,77,0.4772727272727273,136,436,0.40778923253150057,356,0.9668027112975455,231,0.2505804534147097,0.6304197725077887,0.11899977407750172
dirichlet_0232,706,79,0.40226628895184136,207,499,0.6382211538461539,531,0.97109417097815,232,0.4276896351807433,0.3568847711290789,0.2154255936901779
dirichlet_0233,579,92,0.41796200345423146,118,461,0.5018226002430134,413,0.9663477278906216,233,0.07317979814062352,0.5595605146302562,0.3672596872291203
dirichlet_0234,669,80,0.34379671150971597,217,452,0.5119726339794755,449,0.9425288992509671,234,0.5059540140218847,0.05159893071214736,0.442447055265968
dirichlet_0235,747,96,0.3815261044176707,188,559,0.404,404,0.956528326390994,235,0.09127466611836695,0.04013211261779201,0.8685932212638411
dirichlet_0236,712,85,0.375,209,503,0.5610034207525656,492,0.954842983073619,236,0.34790997031889015,0.11704555175015859,0.5350444779309513
dirichlet_0237,611,96,0.41407528641571195,120,491,0.49528301886792453,420,0.9672878047980639,237,0.011198214273078962,0.5078834867309164,0.4809182989960046
dirichlet_0238,517,80,0.4526112185686654,99,418,0.25026624068157616,235,0.9387017471612344,238,0.02627294388299186,0.9509819288723811,0.022745127244627027
dirichlet_0239,688,85,0.38226744186046513,199,489,0.4894795127353267,442,0.9453237715043261,239,0.36706076657828324,0.029045147344525006,0.6038940860771917
dirichlet_0240,727,86,0.37276478679504815,194,533,0.6359338061465721,538,0.9653597787886499,240,0.28246020306514225,0.21172579880382916,0.5058139981310286
dirichlet_0241,566,91,0.42226148409893993,112,454,0.4717208182912154,392,0.9643938438638462,241,0.06221138205713522,0.5849669713328319,0.3528216466100328
dirichlet_0242,676,96,0.3831360946745562,148,528,0.5251716247139588,459,0.9709949983533833,242,0.02647697072171166,0.41401100664183743,0.5595120226364508
dirichlet_0243,618,84,0.42071197411003236,141,477,0.5663390663390664,461,0.9724643036078369,243,0.20069204259599077,0.5030571583431754,0.29625079906083385
dirichlet_0244,712,85,0.3609550561797753,202,510,0.6614077669902912,545,0.9629509920615746,244,0.35111903666275796,0.20315637403600156,0.4457245893012405
dirichlet_0245,558,88,0.489247311827957,107,451,0.36210762331838564,323,0.9546445923893649,245,0.01630722132014119,0.6999720423864969,0.283720736293362
dirichlet_0246,695,84,0.3683453237410072,206,489,0.5311438278595696,469,0.9506155045394779,246,0.37752783688281605,0.08536531464475253,0.5371068484724313
dirichlet_0247,718,86,0.37186629526462395,204,514,0.6081871345029239,520,0.9600421666535244,247,0.32959382314176,0.16481186989402621,0.5055943069642138
dirichlet_0248,685,73,0.38394160583941606,258,427,0.3665987780040733,360,0.9354879378477805,248,0.7616095792051237,0.04467649929247309,0.19371392150240319
dirichlet_0249,694,84,0.3659942363112392,207,487,0.5334846765039728,470,0.9503334841086113,249,0.38364674262776866,0.08479827497037026,0.5315549824018612
dirichlet_0250,753,70,0.4674634794156706,289,464,0.29357798165137616,320,0.9402192930405453,250,0.8635145922770433,0.11082888713353746,0.025656520589419075
dirichlet_0251,656,79,0.34146341463414637,218,438,0.47197309417040356,421,0.935774804976353,251,0.5548280755515717,0.0035262908611343605,0.44164563358729403
dirichlet_0252,515,79,0.46990291262135925,94,421,0.26429341963322545,245,0.9421309455023816,252,0.010291828329006852,0.8794677208956254,0.11024045077536763
dirichlet_0253,750,96,0.384,183,567,0.4505154639175258,437,0.9615594629398297,253,0.1112904109052586,0.11962822361626067,0.7690813654784807
dirichlet_0254,687,80,0.34788937409024745,210,477,0.6153846153846154,512,0.9573469789587562,254,0.4409605913563517,0.17225671705319243,0.38678269159045586
dirichlet_0255,684,90,0.38742690058479534,163,521,0.6433823529411765,525,0.9738795618460039,255,0.16206991752065988,0.380990954299066,0.4569391281802741
dirichlet_0256,667,90,0.38980509745127434,156,511,0.6285362853628537,511,0.9735597785828882,256,0.1390708042386716,0.4066578448075476,0.45427135095378085
dirichlet_0257,739,72,0.41948579161028415,276,463,0.3553398058252427,366,0.9434506981938128,257,0.7687507750554263,0.126837580679931,0.10441164426464268
dirichlet_0258,560,87,0.4767857142857143,112,448,0.3751412429378531,332,0.9576894898095178,258,0.054450018263329424,0.6763443576405221,0.26920562409614845
dirichlet_0259,677,88,0.37370753323485967,173,504,0.7529566360052562,573,0.9739446555069445,259,0.2691568424881387,0.36127240602741073,0.36957075148445057
dirichlet_0260,709,92,0.3723554301833568,172,537,0.6204033214709371,523,0.9726058305083323,260,0.16569096615417658,0.3177838039689114,0.516525229876912
dirichlet_0261,746,73,0.4249329758713137,267,479,0.38362919132149903,389,0.9517397263651761,261,0.7002138317010453,0.2006848866340728,0.09910128166488175
dirichlet_0262,706,71,0.4376770538243626,224,482,0.4735135135135135,438,0.9678562885989012,262,0.5607046619148823,0.37765574051769424,0.06163959756742344
dirichlet_0263,745,68,0.47114093959731546,293,452,0.2619261926192619,291,0.9315043225272837,263,0.9678202847378864,0.0267047992847701,0.0054749159773434695
dirichlet_0264,562,83,0.4750889679715303,120,442,0.3742953776775648,332,0.960845425403161,264,0.13467259284269906,0.6700496756215355,0.19527773153576544
dirichlet_0265,522,79,0.4827586206896552,103,419,0.28013029315960913,258,0.9475325481480429,265,0.08512082438772199,0.8379577842331839,0.07692139137909404
dirichlet_0266,719,78,0.3741307371349096,214,505,0.6131301289566237,523,0.963186057617033,266,0.49904057730643986,0.2609942421234875,0.2399651805700726
dirichlet_0267,639,82,0.4241001564945227,158,481,0.6039603960396039,488,0.97431056058432,267,0.2665838779048301,0.4657100421156709,0.26770607997949886
dirichlet_0268,519,79,0.47398843930635837,98,421,0.2824427480916031,259,0.9463572744946004,268,0.052455950031936864,0.8369492543283935,0.11059479563966977
dirichlet_0269,669,80,0.3423019431988042,217,452,0.510250569476082,448,0.9419381608683677,269,0.5018644616341646,0.04487183496722463,0.45326370339861066
dirichlet_0270,681,79,0.3406754772393539,227,454,0.5170068027210885,456,0.9444882140314563,270,0.5352517184088967,0.07799854450866624,0.386749737082437
dirichlet_0271,706,72,0.3838526912181303,252,454,0.40082219938335045,390,0.9431458681077286,271,0.7017533775052216,0.10796110702671796,0.19028551546806036
dirichlet_0272,734,71,0.4332425068119891,277,457,0.32098765432098764,338,0.9390594749391119,272,0.825878873497442,0.09151701767550244,0.0826041088270556
dirichlet_0273,683,80,0.3411420204978038,229,454,0.5073115860517435,451,0.942184313647275,273,0.5421759967320258,0.05893050581595265,0.3988934974520215
dirichlet_0274,681,79,0.342143906020558,211,470,0.6023952095808384,503,0.9567458929916312,274,0.46324260045223997,0.17350244873184145,0.36325495081591874
dirichlet_0275,531,79,0.480225988700565,108,423,0.2815533980582524,261,0.9481917347911533,275,0.11559652897039926,0.8461497113183087,0.038253759711292024
dirichlet_0276,746,95,0.38605898123324395,188,558,0.44490216271884653,432,0.9589116854501374,276,0.13124171342727034,0.08901039497750764,0.779747891595222
dirichlet_0277,679,82,0.3490427098674521,219,460,0.5096045197740113,451,0.944276873155247,277,0.458274593652718,0.052583367353712426,0.4891420389935695
dirichlet_0278,693,82,0.35209235209235207,208,485,0.5976331360946746,505,0.9549947928532203,278,0.4346445412112655,0.14665577469486848,0.4186996840938661
dirichlet_0279,688,78,0.34011627906976744,228,460,0.5318906605922551,467,0.9496543759671213,279,0.5563587632543001,0.13253910244586398,0.311102134299836
dirichlet_0280,687,96,0.38573508005822416,146,541,0.5084175084175084,453,0.9705568814148564,280,0.0066970196985465585,0.4099942151629916,0.5833087651384619
dirichlet_0281,726,87,0.3677685950413223,205,521,0.6213364595545134,530,0.9624189492663396,281,0.30881887008512693,0.18463397811542806,0.5065471517994449
dirichlet_0282,691,84,0.3791606367583213,189,502,0.7150127226463104,562,0.9734257868641428,282,0.35138683653571845,0.37564368897938627,0.2729694744848952
dirichlet_0283,743,92,0.39030955585464333,199,544,0.5167930660888408,477,0.9618276336244188,283,0.20134992197508556,0.147734249021724,0.6509158290031906
dirichlet_0284,680,80,0.3397058823529412,216,464,0.5710928319623971,486,0.9535829442242973,284,0.4911018715936143,0.15060570577048996,0.3582924226358957
dirichlet_0285,697,87,0.3715925394548063,177,520,0.7653194263363755,587,0.9720943239008911,285,0.28392351097994456,0.3149620226146364,0.4011144664054191
dirichlet_0286,607,84,0.45634266886326197,140,467,0.4783625730994152,409,0.9700961117166568,286,0.20263513852635223,0.5556288699642743,0.24173599150937342
dirichlet_0287,685,78,0.34306569343065696,238,447,0.492769744160178,443,0.944069580744587,287,0.6027984237105638,0.09239178201920516,0.3048097942702311
dirichlet_0288,626,74,0.4536741214057508,172,454,0.46964490263459335,410,0.9726374048771342,288,0.43776939325487174,0.5143183830318803,0.04791222371324792
dirichlet_0289,546,87,0.48717948717948717,105,441,0.3547297297297297,315,0.9554744745002888,289,0.04352296114303163,0.7013411067563151,0.2551359321006534
dirichlet_0290,725,75,0.4068965517241379,222,503,0.565118912797282,499,0.9670243369050376,290,0.5105054300227855,0.3256826615672013,0.16381190841001328
dirichlet_0291,634,95,0.4022082018927445,132,502,0.5188235294117647,441,0.9696139152795342,291,0.03085741649907259,0.4684622812270513,0.500680302273876
dirichlet_0292,687,80,0.3435225618631732,221,466,0.5646100116414435,485,0.9530550871973389,292,0.5027623560414369,0.14909865564574865,0.3481389883128145
dirichlet_0293,685,80,0.3445255474452555,203,482,0.6567901234567901,532,0.9612481030178687,293,0.451499621344771,0.21794509113486674,0.3305552875203624
dirichlet_0294,630,87,0.39206349206349206,146,484,0.6148055207026348,490,0.972746410277701,294,0.1467606038596838,0.46312623202137204,0.39011316411894426
dirichlet_0295,722,95,0.3808864265927978,170,552,0.5850574712643678,509,0.97260642503317,295,0.13289232864130843,0.3254082485211147,0.5416994228375768
dirichlet_0296,752,91,0.386968085106383,203,549,0.47384937238493724,453,0.9532776624484773,296,0.2367076163472144,0.05974920202551337,0.7035431816272723
dirichlet_0297,643,81,0.4401244167962675,162,481,0.5439429928741093,458,0.9735489999966445,297,0.27844910473212653,0.49952730560849323,0.2220235896593804
dirichlet_0298,660,87,0.38333333333333336,160,500,0.6993548387096774,542,0.9747017355724171,298,0.24871579873916178,0.4165415273234399,0.33474267393739837
dirichlet_0299,730,88,0.38767123287671235,197,533,0.4708377518557794,444,0.9493358306511681,299,0.2752557781474826,0.031792623629680494,0.6929515982228369
dirichlet_0300,615,82,0.4504065040650406,140,475,0.5071090047393365,428,0.970935215127092,300,0.2044644533473905,0.5399673910198189,0.2555681556327905
dirichlet_0301,628,87,0.39331210191082805,143,485,0.6286438529784537,496,0.9733298832361319,301,0.1814538173115874,0.4660165509150071,0.35252963177340535
dirichlet_0302,516,79,0.4748062015503876,98,418,0.28618421052631576,261,0.9457623803248423,302,0.032487839082906554,0.8346385528659848,0.13287360805110882
dirichlet_0303,760,94,0.38026315789473686,182,578,0.3770651117589893,388,0.9577065564016732,303,0.00356864006099103,0.020860899784860727,0.9755704601541483
dirichlet_0304,733,92,0.3806275579809004,195,538,0.58675799086758,514,0.963802545567971,304,0.25245369414782365,0.185028362292686,0.5625179435594906
dirichlet_0305,739,75,0.4140730717185386,254,485,0.47568710359408034,450,0.9592961901750865,305,0.6101251876170228,0.25985097966427606,0.13002383271870102
dirichlet_0306,686,88,0.3688046647230321,168,518,0.7306701030927835,567,0.973298893656156,306,0.23768812463854685,0.3357351284283791,0.42657674693307396
dirichlet_0307,666,80,0.41291291291291293,183,483,0.6273062730627307,510,0.9744869690857604,307,0.3314221711286479,0.42646143401840597,0.242116394852946
dirichlet_0308,732,69,0.4453551912568306,290,442,0.2849213691026827,308,0.9309965856004571,308,0.9210736019273341,0.018384965624654765,0.060541432448010954
dirichlet_0309,699,83,0.3490701001430615,202,497,0.6865671641791045,552,0.9633965828264571,309,0.41417164746216756,0.22943144903209578,0.3563969035057368
dirichlet_0310,561,91,0.43493761140819964,106,455,0.44655581947743467,376,0.962703298818539,310,0.039207965497847864,0.5988930981982264,0.36189893630392567
dirichlet_0311,614,95,0.40390879478827363,133,481,0.5633456334563346,458,0.9702022170339727,311,0.0818571213875873,0.4904002840256081,0.4277425945868047
dirichlet_0312,673,75,0.3551263001485884,243,430,0.42094017094017094,394,0.9381242934335925,312,0.6810566254104496,0.05504965025485584,0.26389372433469455
dirichlet_0313,709,77,0.35966149506346967,243,466,0.47357065803667747,439,0.9479982284843391,313,0.6329280157660995,0.13863095979013448,0.22844102444376613
dirichlet_0314,648,82,0.4182098765432099,159,489,0.6211180124223602,500,0.9744144364596673,314,0.26621140947602845,0.45991954940701035,0.27386904111696125
dirichlet_0315,522,81,0.46934865900383144,99,423,0.2745945945945946,254,0.9450639966037107,315,0.04590318394301549,0.8534766260796766,0.100620189977308
dirichlet_0316,632,77,0.44462025316455694,168,464,0.49189814814814814,425,0.9731307891351058,316,0.4048190563909713,0.5069407777555335,0.08824016585349513
dirichlet_0317,631,82,0.4405705229793978,151,480,0.5333333333333333,448,0.9728324693484521,317,0.24286581900011056,0.5105993821779089,0.2465347988219805
dirichlet_0318,747,99,0.3828647925033467,166,581,0.47789473684210526,454,0.9705116198404371,318,0.00987924797160898,0.30112612889749785,0.6889946231308932
dirichlet_0319,708,91,0.3629943502824859,174,534,0.6727941176470589,549,0.9723045011827873,319,0.21452449379332858,0.30864868662766803,0.4768268195790034
dirichlet_0320,616,89,0.39935064935064934,135,481,0.5952380952380952,475,0.971820427000003,320,0.13229127833042062,0.48207669949537063,0.3856320221742088
dirichlet_0321,643,85,0.38724727838258166,153,490,0.6666666666666666,520,0.9740289488968289,321,0.1829927810782162,0.4316213980221674,0.38538582089961654
dirichlet_0322,700,83,0.3557142857142857,201,499,0.7220812182741116,569,0.9655202433510707,322,0.3796954559832789,0.2431867829466552,0.37711776107006584
dirichlet_0323,620,73,0.4629032258064516,162,458,0.4544419134396355,399,0.9719913219634455,323,0.3928964557204722,0.5541517069579094,0.0529518373216184
dirichlet_0324,705,78,0.41134751773049644,209,496,0.5892648774795799,505,0.9716015282005243,324,0.45138372945519367,0.3893862526243906,0.1592300179204157
dirichlet_0325,538,77,0.49070631970260226,114,424,0.34118967452300786,304,0.9574792263288887,325,0.19277613193324683,0.746661098732452,0.0605627693343011
dirichlet_0326,611,95,0.4075286415711948,132,479,0.5577395577395577,454,0.9700149423705017,326,0.07503537897600587,0.4903376940562018,0.4346269269677924
dirichlet_0327,766,70,0.4751958224543081,288,478,0.3007312614259598,329,0.94641384829983,327,0.8215074079249275,0.17346014632998077,0.005032445745091749
dirichlet_0328,700,84,0.3585714285714286,195,505,0.7554980595084088,584,0.9673573333612685,328,0.3611854287246874,0.2609341361592828,0.37788043511602976
dirichlet_0329,708,72,0.3983050847457627,260,448,0.3732394366197183,371,0.9410903175313157,329,0.738326670472948,0.09565273092910064,0.16602059859795137
dirichlet_0330,753,73,0.42895086321381143,281,472,0.3505747126436782,366,0.9466359937249804,330,0.7583641366100841,0.1592985948231335,0.08233726856678245
dirichlet_0331,677,84,0.3722304283604136,179,498,0.7302204928664072,563,0.9740636842804349,331,0.32784516569405314,0.38825231917445435,0.2839025151314924
dirichlet_0332,757,90,0.3857331571994716,202,555,0.4790794979079498,458,0.9564092891538576,332,0.20251624184140155,0.08284392146757859,0.7146398366910198
dirichlet_0333,693,83,0.3665223665223665,208,485,0.5358361774744027,471,0.9499798062136015,333,0.39243433746629186,0.08440734310581077,0.5231583194278974
dirichlet_0334,599,93,0.42237061769616024,118,481,0.4916864608076009,414,0.9667680823819375,334,0.015154420619865255,0.5202582443459786,0.4645873350341561
dirichlet_0335,711,88,0.3881856540084388,199,512,0.49835706462212487,455,0.9492650528666766,335,0.31937890058572216,0.05003486981352084,0.630586229600757
dirichlet_0336,701,93,0.38516405135520687,160,541,0.5995288574793876,509,0.9733073447880267,336,0.12789988889946438,0.3673252683141679,0.5047748427863676
dirichlet_0337,672,95,0.3913690476190476,146,526,0.5399768250289687,466,0.9713243188652901,337,0.0474164256919971,0.42460015850947236,0.5279834157985306
dirichlet_0338,596,91,0.401006711409396,129,467,0.5623441396508728,451,0.9705071053992262,338,0.12336833941290105,0.5091379820896076,0.3674936784974913
dirichlet_0339,667,77,0.4302848575712144,192,475,0.5724465558194775,482,0.9732441738887158,339,0.41734697045221375,0.43116583041290824,0.1514871991348779
dirichlet_0340,680,96,0.38382352941176473,148,532,0.5227790432801822,459,0.9709846946010421,340,0.023037909554427242,0.40942740184298493,0.5675346886025877
dirichlet_0341,596,75,0.46476510067114096,152,444,0.46893317702227433,400,0.9718239227838213,341,0.32979705860028363,0.5562430887663744,0.11395985263334199
dirichlet_0342,619,77,0.45234248788368336,163,456,0.49414519906323184,422,0.973076308209988,342,0.36752597921246927,0.520206082240764,0.11226793854676669
dirichlet_0343,740,93,0.3891891891891892,197,543,0.5368536853685368,488,0.9636974699808484,343,0.19959064692637768,0.17062759595848037,0.6297817571151418
dirichlet_0344,716,84,0.37011173184357543,209,507,0.607728337236534,519,0.9588749812017865,344,0.3486086447410175,0.15833313204575625,0.49305822321322634
dirichlet_0345,735,74,0.4,256,479,0.4637223974763407,441,0.9537161983978859,345,0.6327185621174372,0.20007477992710224,0.1672066579554607
dirichlet_0346,729,73,0.43072702331961593,240,489,0.45435466946484787,433,0.963187178490468,346,0.6036644859884217,0.3145009664548616,0.08183454755671672
dirichlet_0347,744,97,0.385752688172043,195,549,0.39820359281437123,399,0.9530006487354052,347,0.1184328141970853,0.0015800384929884797,0.8799871473099263
dirichlet_0348,613,83,0.45187601957585644,140,473,0.49061032863849763,418,0.9704288206988246,348,0.20102857157973852,0.5486689445799464,0.25030248384031495
dirichlet_0349,659,74,0.4370257966616085,194,465,0.5284552845528455,455,0.9725775736391794,349,0.4582493802685035,0.4525704327723929,0.08918018695910362
dirichlet_0350,707,80,0.4087694483734088,212,495,0.6028202115158637,513,0.970798018577464,350,0.4535285237851775,0.367445060397359,0.1790264158174635
dirichlet_0351,718,73,0.43036211699164345,232,486,0.48488120950323976,449,0.9661770182093584,351,0.5646629892990143,0.34406096680178205,0.09127604389920382
dirichlet_0352,717,75,0.42538354253835425,219,498,0.5438202247191011,484,0.9691780780253054,352,0.5054639235553173,0.36635759620333036,0.12817848024135228
dirichlet_0353,644,84,0.4332298136645963,152,492,0.55622009569378,465,0.9730864052593139,353,0.23728722588605475,0.5014826109694925,0.26123016314445274
dirichlet_0354,735,72,0.43537414965986393,248,487,0.4089068825910931,404,0.9598951944718005,354,0.6533802023857797,0.2889121148801097,0.0577076827341107
dirichlet_0355,539,81,0.4712430426716141,115,424,0.3483652762119504,309,0.9588612920231975,355,0.15468539418107935,0.7077264016454424,0.1375882041734782
dirichlet_0356,730,88,0.37534246575342467,199,531,0.6071842410196987,524,0.9630861610646411,356,0.28536798555222587,0.18547084115786033,0.5291611732899137
dirichlet_0357,740,95,0.3810810810810811,189,551,0.45977011494252873,440,0.9604464312059113,357,0.1399919684757851,0.11253009877548471,0.7474779327487302
dirichlet_0358,621,81,0.4492753623188406,149,472,0.5035294117647059,428,0.971708952260209,358,0.2464786817101839,0.5391693154021021,0.21435200288771408
dirichlet_0359,530,80,0.4867924528301887,106,424,0.29443838604143946,270,0.950078162132753,359,0.11741416119423626,0.81732175911497,0.06526407969079388
dirichlet_0360,553,78,0.47739602169981915,121,432,0.37656427758816835,331,0.9624863164913393,360,0.18619022915484212,0.6699500106382895,0.1438597602068683
dirichlet_0361,698,77,0.35673352435530087,217,481,0.5922444183313749,504,0.9587058595211915,361,0.5025768083225923,0.2082656771127254,0.2891575145646824
dirichlet_0362,693,90,0.37806637806637805,163,530,0.6383495145631068,526,0.9735930368065736,362,0.1618553848751968,0.3578169089820536,0.4803277061427498
dirichlet_0363,752,95,0.38563829787234044,178,574,0.4495884773662551,437,0.963029083523486,363,0.08856592480731587,0.13545492994325245,0.7759791452494319
dirichlet_0364,716,74,0.3854748603351955,249,467,0.4287200832466181,412,0.9468857956238489,364,0.6719624815991243,0.13835593672122945,0.1896815816796461
dirichlet_0365,526,78,0.49429657794676807,108,418,0.30286343612334804,275,0.9511687643185537,365,0.16548786107029803,0.8289405586423323,0.005571580287369781
dirichlet_0366,760,98,0.38026315789473686,171,589,0.46839378238341967,452,0.9689930480319237,366,0.022191882039547958,0.24362346024092635,0.7341846577195257
dirichlet_0367,692,84,0.3511560693641618,211,481,0.5577367205542725,483,0.9514193414020482,367,0.4289132196275285,0.11018559256370936,0.4609011878087623
dirichlet_0368,679,88,0.37702503681885124,167,512,0.7194337194337195,559,0.9744027857796465,368,0.23483446924130932,0.3807315108468613,0.38443401991182957
dirichlet_0369,532,81,0.4699248120300752,103,429,0.267590618336887,251,0.9446545640893935,369,0.05989506203987449,0.86865081817079,0.07145411978933539
dirichlet_0370,769,97,0.3836150845253576,178,591,0.45510204081632655,446,0.9669144438926671,370,0.02595372555813636,0.19442632381714473,0.779619950624719
dirichlet_0371,689,80,0.3439767779390421,223,466,0.5596755504055619,483,0.9511275174114694,371,0.5070795661936885,0.13187379897541343,0.361046634830898
dirichlet_0372,553,76,0.47920433996383366,128,425,0.38443935926773454,336,0.9634732281886602,372,0.2320618249224497,0.6751118535133372,0.09282632156421303
dirichlet_0373,688,87,0.3808139534883721,169,519,0.7025316455696202,555,0.974150373526415,373,0.21385924690841496,0.3689467455238045,0.4171940075677806
dirichlet_0374,668,93,0.3937125748502994,146,522,0.5478971962616822,469,0.971595756452869,374,0.057870748481436786,0.42406531380518014,0.5180639377133831
dirichlet_0375,604,94,0.3990066225165563,134,470,0.5567901234567901,451,0.9700440119187967,375,0.0961102806296937,0.5031379515548529,0.4007517678154534
dirichlet_0376,693,76,0.42712842712842713,209,484,0.5535097813578826,481,0.9714727175055873,376,0.47467876862783304,0.40792493638662847,0.11739629498553854
dirichlet_0377,639,82,0.4131455399061033,154,485,0.6159600997506235,494,0.9743725545697454,377,0.25745287108596243,0.4596305633428518,0.2829165655711859
dirichlet_0378,620,96,0.4064516129032258,123,497,0.5041224970553593,428,0.9683568988618704,378,0.017180014415015165,0.48931881393360366,0.4935011716513812
dirichlet_0379,661,79,0.4341906202723147,175,486,0.5917874396135265,490,0.9744899946097495,379,0.3136704140568521,0.456162833927445,0.23016675201570277
dirichlet_0380,737,91,0.38263229308005425,201,536,0.5698198198198198,506,0.9620960479347804,380,0.25717807718640273,0.16614663754163644,0.5766752852719608
dirichlet_0381,524,81,0.4637404580152672,103,421,0.26040554962646745,244,0.9415301764669955,381,0.04266891682734095,0.9106111547279543,0.046719928444704725
dirichlet_0382,719,71,0.4297635605006954,277,442,0.30798479087452474,324,0.9317533758887241,382,0.8813974712812048,0.023025194933424777,0.0955773337853705
dirichlet_0383,585,81,0.4564102564102564,145,440,0.4441860465116279,382,0.9696039259544658,383,0.25196646166813136,0.5829775030686815,0.16505603526318724
dirichlet_0384,664,80,0.34186746987951805,220,444,0.4826038159371493,430,0.9375994363705729,384,0.5490375960206884,0.018828232329057493,0.4321341716502543
dirichlet_0385,757,96,0.3844121532364597,189,568,0.4355329949238579,429,0.9608514646696794,385,0.10209170255650904,0.10684637658921033,0.7910619208542807
dirichlet_0386,565,86,0.4743362831858407,111,454,0.3917995444191344,344,0.9587866136816144,386,0.04410958473045679,0.6564741512356027,0.29941626403394045
dirichlet_0387,757,98,0.38309114927344784,177,580,0.49946977730646874,471,0.9689864728901725,387,0.06952397500951668,0.23866021206056182,0.6918158129299214
dirichlet_0388,530,86,0.4849056603773585,108,422,0.31305309734513276,283,0.952199009827785,388,0.12276244468356756,0.7880213324579662,0.0892162228584663
dirichlet_0389,754,98,0.3793103448275862,181,573,0.5188374596340151,482,0.9688714393603116,389,0.09663917797838664,0.23559409718595054,0.6677667248356628
dirichlet_0390,743,73,0.41318977119784656,271,472,0.36585365853658536,375,0.9445635651725108,390,0.7486866595638741,0.13405154143417483,0.1172617990019512
dirichlet_0391,713,78,0.41935483870967744,216,497,0.580161476355248,503,0.9709425775570467,391,0.4647675216246551,0.380322053546316,0.15491042482902892
dirichlet_0392,721,75,0.40499306518723993,231,490,0.5448430493273543,486,0.9650222121889812,392,0.5312756612878384,0.30368667728630105,0.1650376614258605
dirichlet_0393,722,73,0.4002770083102493,261,461,0.379,379,0.9436013360765136,393,0.7373826622565545,0.12110866835811356,0.14150866938533205
dirichlet_0394,667,84,0.36731634182908546,200,467,0.4727474972191324,425,0.9406748441479438,394,0.4105916564223974,8.94827486320129e-05,0.5893188608289706
dirichlet_0395,675,72,0.3851851851851852,258,417,0.3440968718466196,341,0.9315062430501942,395,0.808939778147695,0.012827200426553727,0.1782330214257512
dirichlet_0396,734,71,0.43460490463215257,245,489,0.417940876656473,410,0.9616474280381889,396,0.6377850336531261,0.30818146525904583,0.05403350108782815
dirichlet_0397,646,88,0.39473684210526316,148,498,0.6206467661691543,499,0.9729387974746754,397,0.13174244272802152,0.4424690224473155,0.425788534824663
dirichlet_0398,585,87,0.4717948717948718,134,451,0.422680412371134,369,0.9664941004016757,398,0.19073048905655138,0.6118579765027302,0.19741153444071832
dirichlet_0399,591,83,0.4653130287648054,139,452,0.43283582089552236,377,0.9677766409857224,399,0.217029251724401,0.6019642965253973,0.1810064517502016
dirichlet_0400,691,77,0.34008683068017365,228,463,0.5388127853881278,472,0.9506782649157124,400,0.5549233623060814,0.14207439573428823,0.30300224195963055
dirichlet_0401,668,79,0.344311377245509,229,439,0.47058823529411764,424,0.9367857269425971,401,0.5806990920541992,0.020013314514873877,0.39928759343092685
dirichlet_0402,624,74,0.4599358974358974,170,454,0.4623287671232877,405,0.9725062849838525,402,0.43859525946995687,0.5216180612448548,0.039786679285188434
dirichlet_0403,546,80,0.46703296703296704,120,426,0.36394557823129253,321,0.9607312404283163,403,0.17164812935715398,0.6888099097544362,0.13954196088840967
dirichlet_0404,705,90,0.36312056737588655,177,528,0.6982543640897756,560,0.9718788509534485,404,0.23762197076372793,0.30153532851350084,0.4608427007227713
dirichlet_0405,714,97,0.38935574229691877,152,562,0.49836065573770494,456,0.9713218217595055,405,0.021779015722334073,0.35353163568275553,0.6246893485949104
dirichlet_0406,594,91,0.4663299663299663,128,466,0.4199772985244041,370,0.9642182943137751,406,0.1356654102996132,0.622211112964758,0.24212347673562884
dirichlet_0407,674,83,0.3560830860534125,208,466,0.483835005574136,434,0.9413106650718689,407,0.44548798894748903,0.020103704467114823,0.5344083065853962
dirichlet_0408,728,80,0.38873626373626374,221,507,0.6067285382830626,523,0.9666109555240066,408,0.4813577466729433,0.30205652563934343,0.21658572768771336
dirichlet_0409,603,87,0.4527363184079602,133,470,0.4858490566037736,412,0.968584740908744,409,0.1575415364717529,0.5634152347166802,0.27904322881156696
dirichlet_0410,688,83,0.3546511627906977,211,477,0.5675990675990676,487,0.9530236401134,410,0.4106173006245264,0.11964608713443399,0.4697366122410397
dirichlet_0411,637,84,0.4175824175824176,149,488,0.5877300613496933,479,0.9736929606423463,411,0.236207403231616,0.48162351730679565,0.2821690794615883
dirichlet_0412,751,96,0.38348868175765644,189,562,0.3858267716535433,392,0.9564678690284418,412,0.054885475344297684,0.023136608720216698,0.9219779159354856
dirichlet_0413,692,88,0.3815028901734104,167,525,0.6947236180904522,553,0.9741146986700336,413,0.20306778959331734,0.3697712166799589,0.4271609937267238
dirichlet_0414,716,90,0.3743016759776536,178,538,0.660217654171705,546,0.9707076122205,414,0.2183341330555037,0.2765461829111108,0.5051196840333855
dirichlet_0415,648,73,0.4351851851851852,191,457,0.49827784156142363,434,0.9722523016491923,415,0.47697535549654474,0.4672416553699059,0.055782989133549274
dirichlet_0416,683,85,0.3733528550512445,200,483,0.5022421524663677,448,0.9463427320661278,416,0.3836147878673191,0.045871598745589846,0.5705136133870911
dirichlet_0417,664,84,0.40813253012048195,169,495,0.6616352201257861,526,0.9747121309753358,417,0.2907344258199532,0.43060614380942003,0.2786594303706268
dirichlet_0418,698,79,0.35673352435530087,207,491,0.6504263093788063,534,0.9639521709296243,418,0.46796740972276446,0.25749113933379575,0.27454145094343996
dirichlet_0419,651,71,0.44393241167434716,193,458,0.4746335963923337,421,0.9718005989480075,419,0.49746258991522574,0.4685483188936407,0.03398909119113368
dirichlet_0420,732,91,0.38114754098360654,196,536,0.6095017381228274,526,0.9652895055051136,420,0.26462000377057304,0.20629387691126447,0.5290861193181625
dirichlet_0421,684,79,0.34210526315789475,228,456,0.5360824742268041,468,0.9492701380684816,421,0.54530061480614,0.12561876628282503,0.3290806189110351
dirichlet_0422,679,81,0.3446244477172312,214,465,0.5391705069124424,468,0.9484525671965724,422,0.46091139308667456,0.09238224824374004,0.44670635866958525
dirichlet_0423,556,76,0.4748201438848921,126,430,0.384703196347032,337,0.9631390921681069,423,0.20992596137478955,0.6707491479125305,0.11932489071267992
dirichlet_0424,695,84,0.38273381294964026,187,508,0.6963613550815558,555,0.9732418231935406,424,0.3636831460202188,0.3766170441682115,0.25969980981156965
dirichlet_0425,756,96,0.38095238095238093,180,576,0.4017857142857143,405,0.9600027359595427,425,0.041173965014025246,0.07405331632605744,0.8847727186599174
dirichlet_0426,623,82,0.44141252006420545,149,474,0.5165876777251185,436,0.9723508015872283,426,0.24789064088401142,0.5246680001414095,0.22744135897457912
dirichlet_0427,521,80,0.4779270633397313,102,419,0.2888402625820569,264,0.9482808140951082,427,0.07979061484405738,0.8230930717737095,0.09711631338223316
dirichlet_0428,710,83,0.3492957746478873,208,502,0.6509661835748792,539,0.96014067118174,428,0.42097058574262664,0.1949971290661398,0.3840322851912336
dirichlet_0429,685,84,0.3635036496350365,206,479,0.5095613048368954,453,0.9466512949342284,429,0.4000229894521687,0.05494784528736409,0.5450291652604673
dirichlet_0430,714,72,0.4117647058823529,263,451,0.34411764705882353,351,0.9371518149990093,430,0.7922748317074711,0.06621078639172602,0.14151438190080287
dirichlet_0431,640,80,0.440625,169,471,0.544047619047619,457,0.9739141842709378,431,0.32548873721636773,0.4904028036313275,0.18410845915230487
dirichlet_0432,717,73,0.400278940027894,253,464,0.4077868852459016,398,0.948688518825722,432,0.6857455611793972,0.16137447971048843,0.15287995911011423
dirichlet_0433,520,80,0.47692307692307695,102,418,0.2863387978142076,262,0.9480592099245579,433,0.07802672730420447,0.8255189089598682,0.09645436373592728
dirichlet_0434,740,73,0.41216216216216217,269,471,0.3669275929549902,375,0.9443600911305763,434,0.7486009463313859,0.1318860746460793,0.11951297902253491
dirichlet_0435,635,79,0.44724409448818897,169,466,0.5146541617819461,439,0.9734093777305972,435,0.3578698822214412,0.5085388519764534,0.1335912658021054
dirichlet_0436,764,97,0.38089005235602097,170,594,0.45445240532241554,444,0.9681249301875549,436,0.0072402435124651904,0.2228323364363128,0.769927420051222
dirichlet_0437,526,85,0.4790874524714829,106,420,0.3232662192393736,289,0.9538825036089673,437,0.1253063875083771,0.7645209078457847,0.11017270464583812
dirichlet_0438,565,77,0.4761061946902655,135,430,0.4013761467889908,350,0.9660548838978084,438,0.25026582816514437,0.6423781487386357,0.10735602309621996
dirichlet_0439,531,86,0.480225988700565,107,424,0.33934611048478014,301,0.9546948693465481,439,0.10086175835825426,0.7401645053422196,0.15897373629952619
dirichlet_0440,606,84,0.4537953795379538,134,472,0.4823943661971831,411,0.9693945001010054,440,0.1801563412757194,0.5591203453036063,0.26072331342067423
dirichlet_0441,627,85,0.39074960127591707,144,483,0.6315120711562897,497,0.9737070624377778,441,0.20378193291157926,0.4650765377248446,0.3311415293635762
dirichlet_0442,728,72,0.4065934065934066,253,475,0.40752032520325204,401,0.9514988946588597,442,0.680076377214725,0.19091562017505462,0.1290080026102205
dirichlet_0443,727,89,0.3920220082530949,200,527,0.5429208472686734,487,0.9577260610151492,443,0.2914209907951532,0.12818529656468342,0.5803937126401635
dirichlet_0444,755,72,0.4503311258278146,281,474,0.3358561967833491,355,0.947238379904646,444,0.7780860242836444,0.17165101980313846,0.050262955913217215
dirichlet_0445,766,98,0.37989556135770236,180,586,0.4730848861283644,457,0.9671081268569558,445,0.052385654904693935,0.19963126179654536,0.7479830832987606
dirichlet_0446,750,93,0.38533333333333336,197,553,0.47794117647058826,455,0.960270325527449,446,0.16334658305581612,0.11720968101396105,0.7194437359302228
dirichlet_0447,636,84,0.42138364779874216,149,487,0.5787545787545788,474,0.9736412287352672,447,0.24056094121459692,0.48518433024687907,0.27425472853852406
dirichlet_0448,672,80,0.3392857142857143,213,459,0.5275862068965518,459,0.9461251865319973,448,0.48217734205678653,0.07751114835485316,0.44031150958836024
dirichlet_0449,670,80,0.3417910447761194,218,452,0.5079545454545454,447,0.9413701191581552,449,0.5099653763318752,0.04212361574371777,0.4479110079244071
dirichlet_0450,675,81,0.3511111111111111,217,458,0.4916013437849944,439,0.9407947601708555,450,0.4661009025577619,0.02244142024750216,0.511457677194736
dirichlet_0451,674,78,0.42729970326409494,188,486,0.5864123957091776,492,0.9734920794959878,451,0.4018886143468061,0.4262602800210173,0.17185110563217662
dirichlet_0452,653,71,0.44104134762633995,194,459,0.4785553047404063,424,0.971619192329319,452,0.5033701300200449,0.46198842119787126,0.03464144878208387
dirichlet_0453,530,79,0.47358490566037736,106,424,0.27360515021459225,255,0.9458105258685673,453,0.09336161160684317,0.8710428927536101,0.03559549563954666
dirichlet_0454,625,74,0.4576,167,458,0.46514285714285714,407,0.9725041026113529,454,0.42338901123806993,0.5291615771857134,0.04744941157621649
dirichlet_0455,524,77,0.4904580152671756,106,418,0.28789531079607417,264,0.948707786441,455,0.13972552211977607,0.8530270448536532,0.007247433026570614
dirichlet_0456,724,94,0.3812154696132597,185,539,0.617096018735363,527,0.9674600335548313,456,0.23224610546932425,0.22770969186402815,0.5400442026666475
dirichlet_0457,754,98,0.3819628647214854,182,572,0.5123258306538049,478,0.9685902769386199,457,0.09313479098631157,0.23006962985130927,0.6767955791623791
dirichlet_0458,708,75,0.4307909604519774,220,488,0.5302690582959642,473,0.9695977212401737,458,0.5120799265995648,0.38242751949718845,0.10549255390324676
dirichlet_0459,653,85,0.38437978560490044,166,487,0.6990920881971465,539,0.9747258111668373,459,0.27519381404713744,0.4150975677075629,0.30970861824529955
dirichlet_0460,618,82,0.44983818770226536,143,475,0.5106635071090048,431,0.9713962265747278,460,0.21428046620874128,0.5342967478909428,0.25142278590031575
dirichlet_0461,700,86,0.39,198,502,0.4912087912087912,447,0.9475601102251289,461,0.3330558316195265,0.03793733718274633,0.6290068311977273
dirichlet_0462,717,76,0.3793584379358438,252,465,0.4372384937238494,418,0.9472461442329719,462,0.664908956274091,0.1401129622791062,0.19497808144680293
dirichlet_0463,714,87,0.38795518207282914,192,522,0.4507936507936508,426,0.9467545421160887,463,0.2841359615195991,0.00687925084270179,0.7089847876376992
dirichlet_0464,685,79,0.3416058394160584,243,442,0.4779735682819383,434,0.9401336263576365,464,0.6233697430444731,0.06089124669136513,0.31573901026416185
dirichlet_0465,563,88,0.44760213143872113,109,454,0.4269005847953216,365,0.961191086630785,465,0.055876385914170656,0.6284212759972019,0.3157023380886275
dirichlet_0466,768,96,0.3815104166666667,174,594,0.44523326572008115,439,0.9658331436727372,466,0.021731615592662866,0.1721137412663116,0.8061546431410256
dirichlet_0467,700,83,0.35285714285714287,201,499,0.7069182389937106,562,0.9647189690727883,467,0.4142374410552286,0.24553402946376557,0.3402285294810058
dirichlet_0468,682,78,0.34310850439882695,209,473,0.625,515,0.9587633425603846,468,0.4652997233078434,0.19548112616776758,0.339219150524389
dirichlet_0469,660,95,0.3924242424242424,142,518,0.5421545667447307,463,0.9709519670745451,469,0.044929002468174196,0.4380801229296003,0.5169908746022256
dirichlet_0470,530,82,0.49245283018867925,101,429,0.3174250832408435,286,0.9501635718139462,470,0.03424795029910555,0.7703946969773778,0.1953573527235165
dirichlet_0471,556,89,0.4892086330935252,104,452,0.3553072625698324,318,0.9540178164698594,471,0.012970020296273742,0.7069069622441637,0.28012301745956264
dirichlet_0472,744,96,0.3870967741935484,189,555,0.4108761329305136,408,0.9562994697615185,472,0.1101336307771269,0.0448026083666125,0.8450637608562606
dirichlet_0473,535,76,0.497196261682243,118,417,0.3408323959505062,303,0.9576170477065897,473,0.21628558678885243,0.7565459397615798,0.027168473449567954
dirichlet_0474,529,79,0.4952741020793951,109,420,0.3032967032967033,276,0.9512454636516005,474,0.1395127138785137,0.812168647471882,0.04831863864960417
dirichlet_0475,694,90,0.3818443804034582,163,531,0.6277108433734939,521,0.9734959236905107,475,0.14803729592812997,0.36094364275384,0.49101906131802986
dirichlet_0476,571,91,0.4273204903677758,111,460,0.46190476190476193,388,0.9629919327392847,476,0.006347067573770518,0.5784976925835832,0.41515523984264624
dirichlet_0477,681,77,0.4287812041116006,200,481,0.5594405594405595,480,0.972471436391933,477,0.44853156336352784,0.4241423932234321,0.1273260434130401
dirichlet_0478,752,71,0.4507978723404255,283,469,0.3292452830188679,349,0.9448285600248754,478,0.7958138853454517,0.14854219320389234,0.05564392145065592
dirichlet_0479,629,73,0.45310015898251194,180,449,0.45310734463276836,401,0.9720244067186229,479,0.48412685786259985,0.5061947259764319,0.009678416160968392
dirichlet_0480,526,85,0.48098859315589354,105,421,0.3232662192393736,289,0.9536755124106959,480,0.12276049833022376,0.7662007725770554,0.11103872909272076
dirichlet_0481,756,74,0.43915343915343913,275,481,0.35865384615384616,373,0.9503887502040079,481,0.737545674230408,0.19707818185006248,0.06537614391952952
dirichlet_0482,535,85,0.48785046728971965,109,426,0.3098901098901099,282,0.9520262841962022,482,0.13724848363181877,0.7988122837441215,0.06393923262405968
dirichlet_0483,680,78,0.3426470588235294,210,470,0.6285018270401949,516,0.9589080865644526,483,0.45748824516886116,0.19428655019474986,0.3482252046363889
dirichlet_0484,679,73,0.37260677466863035,256,423,0.37874097007223945,367,0.9350082466096533,484,0.7372765141502867,0.03601902874123863,0.22670445710847462
dirichlet_0485,753,95,0.3837981407702523,180,573,0.444672131147541,434,0.9627298887923128,485,0.08832592914825745,0.13082031218029896,0.7808537586714436
dirichlet_0486,528,79,0.4715909090909091,105,423,0.27009646302250806,252,0.9445758075910501,486,0.09172727008251598,0.890969804022332,0.01730292589515213
dirichlet_0487,593,76,0.463743676222597,152,441,0.4723203769140165,401,0.9719868261486984,487,0.3234776351570684,0.5512777456783668,0.12524461916456484
dirichlet_0488,608,77,0.4605263157894737,158,450,0.47264260768335276,406,0.9723604382737957,488,0.34941861623869497,0.5439209953274334,0.10666038843387161
dirichlet_0489,605,84,0.43305785123966944,135,470,0.5334143377885784,439,0.9712378396481921,489,0.18566975775745104,0.5253993935169722,0.28893084872557667
dirichlet_0490,665,84,0.38646616541353385,174,491,0.7058064516129032,547,0.9745838685007975,490,0.29547219050656165,0.40347850834457166,0.3010493011488667
dirichlet_0491,637,93,0.4065934065934066,139,498,0.5819070904645477,476,0.9714021798599428,491,0.08321497655436762,0.45803388452202703,0.45875113892360536
dirichlet_0492,683,80,0.34553440702781846,218,465,0.5563298490127758,479,0.9499788198968395,492,0.4893296799277317,0.11553960848721112,0.3951307115850572
dirichlet_0493,707,86,0.3649222065063649,200,507,0.7375796178343949,579,0.9671503530827917,493,0.39957144744220596,0.2723441310593637,0.3280844214984302
dirichlet_0494,719,76,0.4089012517385257,218,501,0.5761741122565864,503,0.9682945171995762,494,0.4938379171563302,0.3392220289604386,0.16694005388323116
dirichlet_0495,681,85,0.3832599118942731,179,502,0.7331606217616581,566,0.9742866258922943,495,0.30982407972800646,0.3903124853310849,0.2998634349409088
dirichlet_0496,658,78,0.3434650455927052,239,419,0.42779587404994573,394,0.9338097886618436,496,0.6467914441143774,0.008250650985264688,0.344957904900358
dirichlet_0497,688,73,0.375,258,430,0.3823227132579651,372,0.9370762429414897,497,0.7289696337104141,0.05448704017875634,0.21654332611082963
dirichlet_0498,694,77,0.34870317002881845,219,475,0.5894117647058823,501,0.9570472925871824,498,0.5046166996967302,0.19075979440745242,0.3046235058958174
dirichlet_0499,558,88,0.4390681003584229,108,450,0.4395734597156398,371,0.9617046994620695,499,0.03362394884316568,0.6106535710664335,0.35572248009040086
dirichlet_0500,669,95,0.39162929745889385,143,526,0.5365005793742758,463,0.9712277034051786,500,0.0433831059637708,0.4243688787485878,0.5322480152876414
dirichlet_0501,649,84,0.38058551617873654,154,495,0.6808236808236808,529,0.9743836982040801,501,0.20147276164930852,0.4175466062545428,0.3809806320961487
dirichlet_0502,751,69,0.47270306258322237,292,459,0.27075812274368233,300,0.9357198008996576,502,0.9251859971264788,0.06949811576923319,0.00531588710428798
dirichlet_0503,749,89,0.39118825100133514,201,548,0.48,456,0.9526559530640484,503,0.2500168308829395,0.058206875412788156,0.6917762937042722
dirichlet_0504,698,73,0.3839541547277937,258,440,0.38689866939611056,378,0.9384971888142922,504,0.7326642410284006,0.06873889616360898,0.1985968628079905
dirichlet_0505,602,85,0.4418604651162791,132,470,0.5114045618247299,426,0.9700999316476538,505,0.17113693347468992,0.5418700772942022,0.28699298923110783
dirichlet_0506,754,69,0.46684350132625996,293,461,0.28506375227686703,313,0.9370910150158207,506,0.8947018577730089,0.08089258080879981,0.02440556141819138
dirichlet_0507,704,88,0.36363636363636365,182,522,0.7381864623243933,578,0.9707502078671766,507,0.2844197263941613,0.28936648875027604,0.4262137848555627
dirichlet_0508,697,78,0.3586800573888092,213,484,0.5985832349468713,507,0.9594554804247234,508,0.4992008573822394,0.2154542382815499,0.28534490433621074
dirichlet_0509,711,85,0.35724331926863573,201,510,0.686806411837238,557,0.9644335281450948,509,0.3506893308345741,0.22029825870055808,0.4290124104648677
dirichlet_0510,529,80,0.47448015122873344,105,424,0.27116827438370844,253,0.9451371689236148,510,0.08094000551660072,0.8741394344461937,0.044920560037205515
dirichlet_0511,738,71,0.4281842818428184,278,460,0.3349282296650718,350,0.9412904441005366,511,0.8045599425846266,0.11139679733441425,0.08404326008095922
dirichlet_0512,728,96,0.37225274725274726,176,552,0.5614430665163472,498,0.9715570994134533,512,0.1203426607856919,0.2951994057363113,0.5844579334779967
dirichlet_0513,751,96,0.3821571238348868,184,567,0.391304347826087,396,0.9582399061578172,513,0.03592123462043502,0.04352572547679487,0.92055303990277
dirichlet_0514,715,77,0.3734265734265734,222,493,0.5806451612903226,504,0.9609418314866789,514,0.5200302136719867,0.24139243735884866,0.2385773489691647
dirichlet_0515,765,98,0.37777777777777777,172,593,0.46296296296296297,450,0.9685726438700374,515,0.022070521085864773,0.23265599439612344,0.7452734845180119
dirichlet_0516,723,76,0.40525587828492393,222,501,0.5699658703071673,501,0.9674083638164945,516,0.5034690741175976,0.32841551972309524,0.16811540615930706
dirichlet_0517,756,91,0.38756613756613756,205,551,0.48580441640378547,462,0.956161695783457,517,0.21775824764675097,0.08554895601850124,0.6966927963347478
dirichlet_0518,619,92,0.40226171243941844,136,483,0.5870646766169154,472,0.9714063681246325,518,0.0961289786510487,0.4683267944930131,0.4355442268559383
dirichlet_0519,713,86,0.37307152875175315,191,522,0.8050065876152833,611,0.9708461746624952,519,0.32332036648411433,0.30215288642859783,0.3745267470872879
dirichlet_0520,711,77,0.36427566807313644,251,460,0.45068928950159065,425,0.9461214265310236,520,0.6523836472129915,0.12518635128949113,0.22243000149751754
dirichlet_0521,728,96,0.36813186813186816,177,551,0.5667420814479638,501,0.9713400964787648,521,0.12559924036664158,0.288582676403057,0.5858180832303014
dirichlet_0522,714,72,0.41596638655462187,269,445,0.33106796116504855,341,0.9361641652250371,522,0.8225257518662727,0.06086561581570459,0.11660863231802256
dirichlet_0523,698,79,0.3553008595988539,210,488,0.6384522370012092,528,0.961920306386373,523,0.47726817579655817,0.23578988017698893,0.28694194402645284
dirichlet_0524,730,86,0.3835616438356164,199,531,0.5707814269535674,504,0.960663238486226,524,0.2838834591131956,0.15771719559660127,0.5583993452902031
dirichlet_0525,745,91,0.3838926174496644,197,548,0.5206073752711496,480,0.9589553736319321,525,0.2379079827235327,0.12467283626731623,0.637419181009151
dirichlet_0526,700,90,0.36857142857142855,172,528,0.7133838383838383,565,0.9726660159390071,526,0.23459757963605085,0.31876769912983516,0.446634721234114
dirichlet_0527,714,80,0.3949579831932773,216,498,0.6244075829383886,527,0.969080067859386,527,0.4534429335973948,0.3297258649415135,0.21683120146109172
dirichlet_0528,677,73,0.37813884785819796,259,418,0.3682051282051282,359,0.9330229936608319,528,0.7648822745966054,0.021478376877429015,0.2136393485259656
dirichlet_0529,517,80,0.4526112185686654,99,418,0.24893617021276596,234,0.9387575380107451,529,0.016511867107121866,0.9427459558536125,0.040742177039265644
dirichlet_0530,742,73,0.408355795148248,260,482,0.43193449334698053,422,0.954514438849592,530,0.6568130938775706,0.21823871092881317,0.12494819519361634
dirichlet_0531,725,72,0.4068965517241379,262,463,0.38615847542627885,385,0.9469063137086202,531,0.7137639661121821,0.15013070457627012,0.13610532931154795
dirichlet_0532,557,86,0.4829443447037702,113,444,0.37175141242937854,329,0.9586577833294366,532,0.07019952362591259,0.6704289746908783,0.2593715016832091
dirichlet_0533,563,86,0.47424511545293074,117,446,0.3738738738738739,332,0.9595472552026793,533,0.09805901641500055,0.6711293831061943,0.23081160047880525
dirichlet_0534,527,79,0.5009487666034156,112,415,0.31263858093126384,282,0.952863073898643,534,0.17039675052315076,0.8049465397587665,0.024656709718082863
dirichlet_0535,595,73,0.4722689075630252,150,445,0.454123112659698,391,0.9716164542069164,535,0.3487206244858868,0.56362311005804,0.08765626545607322
dirichlet_0536,526,81,0.46577946768060835,102,424,0.26254002134471716,246,0.9428752819581209,536,0.07773906703495238,0.9111511718690065,0.011109761096041367
dirichlet_0537,741,93,0.3900134952766532,191,550,0.4367934224049332,425,0.9551022057676278,537,0.1567990391655541,0.04837359877687967,0.7948273620575661
dirichlet_0538,746,96,0.38337801608579086,185,561,0.37549019607843137,383,0.9560176600923525,538,0.034495857882999734,0.006209202768335736,0.9592949393486646
dirichlet_0539,710,69,0.45211267605633804,231,479,0.41804979253112035,403,0.9656232446845456,539,0.6171472485270515,0.36872952405302106,0.014123227419927562
dirichlet_0540,749,92,0.38451268357810414,199,550,0.5069667738478028,473,0.9584258793524884,540,0.2305696191760313,0.1162512034152463,0.6531791774087224
dirichlet_0541,754,91,0.38726790450928383,202,552,0.4883966244725738,463,0.9565174877056148,541,0.21480620002244344,0.08862077377133588,0.6965730262062206
dirichlet_0542,701,77,0.35235378031383735,236,465,0.5005524861878453,453,0.9480107580065058,542,0.6046635956970652,0.13064500454028996,0.2646913997626449
dirichlet_0543,677,96,0.38404726735598227,147,530,0.5210946408209807,457,0.9709476254415003,543,0.023572013806748608,0.4124303924064288,0.5639975937868225
dirichlet_0544,750,92,0.392,200,550,0.4357142857142857,427,0.9535414962673656,544,0.18402183545808742,0.04030036821696149,0.775677796324951
dirichlet_0545,547,80,0.46617915904936014,119,428,0.36045197740112994,319,0.9603275364253878,545,0.1649727296750417,0.6915300988221383,0.14349717150282
dirichlet_0546,687,89,0.3799126637554585,162,525,0.6613102595797281,535,0.9739932530303116,546,0.17907698131588676,0.3734369429806933,0.4474860757034198
dirichlet_0547,645,76,0.4418604651162791,180,465,0.5245901639344263,448,0.9734840538173554,547,0.4051611011162785,0.47962589312746223,0.11521300575625917
dirichlet_0548,760,98,0.3815789473684211,182,578,0.4947257383966245,469,0.9675233841878419,548,0.08267789419854474,0.20925033768864013,0.708071768112815
dirichlet_0549,675,83,0.3540740740740741,206,469,0.494949494949495,441,0.9429739842586347,549,0.4343691517113448,0.03205705404544126,0.5335737942432139
dirichlet_0550,667,79,0.4197901049475262,184,483,0.6087484811664642,501,0.9744108269924115,550,0.34141398571420606,0.43454791200731285,0.22403810227848114
dirichlet_0551,760,94,0.38421052631578945,174,586,0.4298688193743693,426,0.9640223171296213,551,0.026595267879386784,0.1385665591011619,0.8348381730194513
dirichlet_0552,687,83,0.38573508005822416,191,496,0.6654275092936803,537,0.9731458986600822,552,0.3802756117094964,0.3846238560031135,0.23510053228739003
dirichlet_0553,722,72,0.4085872576177285,258,464,0.3943377148634985,390,0.9473217153563499,553,0.7053463750987334,0.15226829195312008,0.14238533294814637
dirichlet_0554,645,93,0.4015503875968992,140,505,0.572463768115942,474,0.9718690221799628,554,0.08228313524662602,0.43984122978582235,0.4778756349675516
dirichlet_0555,701,93,0.3880171184022825,156,545,0.5414301929625426,477,0.9721681568683717,555,0.061719132167002325,0.37419761427475406,0.5640832535582435
dirichlet_0556,528,82,0.49242424242424243,98,430,0.3195991091314031,287,0.9493820354913004,556,0.000806082209829737,0.7647755259436341,0.23441839184653626
dirichlet_0557,698,85,0.37965616045845274,199,499,0.5022172949002217,453,0.948346172867081,557,0.3551213099126365,0.05484979345273349,0.5900288966346301
dirichlet_0558,691,74,0.361794500723589,254,437,0.40856844305120166,391,0.939529271490391,558,0.7004580856580558,0.07233388366372044,0.2272080306782238
dirichlet_0559,610,72,0.4721311475409836,155,455,0.4463470319634703,391,0.9717584253884378,559,0.3876214211366691,0.5613621178926435,0.05101646097068739
dirichlet_0560,729,95,0.3813443072702332,177,552,0.6191588785046729,530,0.9697263149565362,560,0.20357578187379938,0.2576611028458021,0.5387631152803984
dirichlet_0561,736,74,0.4008152173913043,255,481,0.4647739221871714,442,0.9541464273228909,561,0.6311915113355051,0.20449107345843184,0.16431741520606313
dirichlet_0562,714,72,0.4341736694677871,233,481,0.4492600422832981,425,0.9648791040925567,562,0.5951343140304088,0.3391686604764906,0.06569702549310055
dirichlet_0563,620,74,0.4612903225806452,162,458,0.4594285714285714,402,0.9722497606790113,563,0.39606859133603156,0.5454112710999385,0.05852013756403012
dirichlet_0564,715,73,0.4083916083916084,263,452,0.3477406679764244,354,0.9381380460855012,564,0.7833046135421308,0.07451738953419569,0.14217799692367347
dirichlet_0565,744,71,0.44489247311827956,288,456,0.29842446709916587,322,0.9349412753077391,565,0.8793537071571292,0.05576594861240461,0.0648803442304661
dirichlet_0566,531,80,0.4839924670433145,107,424,0.2857142857142857,264,0.9488780139762857,566,0.11780498534747773,0.8364279862308084,0.045767028421713866
dirichlet_0567,756,99,0.38095238095238093,176,580,0.49365750528541225,467,0.9695866192315165,567,0.05799968844560354,0.25378987378213164,0.6882104377722649
dirichlet_0568,702,75,0.35327635327635326,226,476,0.5602755453501722,488,0.956867487087411,568,0.5429246069827484,0.20271584818937408,0.2543595448278775
dirichlet_0569,753,98,0.3784860557768924,167,586,0.4718162839248434,452,0.9698823723027209,569,0.0019885237835048056,0.2778875139918256,0.7201239622246696
dirichlet_0570,758,98,0.37994722955145116,183,575,0.5231431646932185,486,0.9688449481800783,570,0.11052116772317502,0.2352590676414578,0.6542197646353671
dirichlet_0571,698,83,0.36103151862464183,209,489,0.5774155995343423,496,0.9555114376347448,571,0.38102639204863475,0.1344887333455981,0.48448487460576717
dirichlet_0572,712,72,0.4157303370786517,269,443,0.3317120622568093,341,0.934735597126192,572,0.8194366819556788,0.0460310628121353,0.13453225523218593
dirichlet_0573,625,73,0.4608,166,459,0.45847554038680316,403,0.9722992147700759,573,0.42748398201866783,0.5365242681837188,0.035991749797613486
dirichlet_0574,709,85,0.37376586741889983,192,517,0.8262032085561497,618,0.9712530792121391,574,0.331427996795885,0.312526325720685,0.3560456774834301
dirichlet_0575,681,70,0.44493392070484583,218,463,0.4703296703296703,428,0.9687121970095971,575,0.560595675550937,0.40043496659474886,0.03896935785431404
dirichlet_0576,705,85,0.3645390070921986,199,506,0.7574193548387097,587,0.9684573047469852,576,0.3822491445146428,0.2846008460634001,0.3331500094219571
dirichlet_0577,555,77,0.47387387387387386,122,433,0.3835616438356164,336,0.9631873517415462,577,0.1965997173564196,0.6642570650175987,0.1391432176259817
dirichlet_0578,726,88,0.39118457300275483,194,532,0.4421272158498436,424,0.9479505524515193,578,0.25334545421752735,0.005453380082636442,0.7412011656998362
dirichlet_0579,701,85,0.3651925820256776,193,508,0.7751633986928105,593,0.9681739072221038,579,0.36306144440578486,0.273133922287971,0.363804633306244
dirichlet_0580,652,77,0.4401840490797546,184,468,0.5509478672985783,465,0.9739254330606401,580,0.37461841404269886,0.4711043608698191,0.1542772250874821
dirichlet_0581,615,83,0.4504065040650406,140,475,0.49823321554770317,423,0.9705793595625027,581,0.19840264256396611,0.5446366672489279,0.25696069018710604
dirichlet_0582,736,98,0.38858695652173914,159,577,0.48665955176093917,456,0.9710432850571974,582,0.013809560219908654,0.3337079046242626,0.6524825351558287
dirichlet_0583,687,81,0.34497816593886466,206,481,0.6450428396572827,527,0.960082426776776,583,0.4444465714123768,0.20242757003727907,0.353125858550344
dirichlet_0584,723,87,0.3706777316735823,194,529,0.6727272727272727,555,0.966660765595545,584,0.29133130760582754,0.23066313493745572,0.4780055574567167
dirichlet_0585,754,95,0.3819628647214854,172,582,0.4166666666666667,415,0.9627919120582493,585,0.018154466866606326,0.11474025888194485,0.8671052742514488
dirichlet_0586,669,86,0.38266068759342303,162,507,0.6956521739130435,544,0.9744314053615359,586,0.21005046526614987,0.39285241633383244,0.3970971184000176
dirichlet_0587,705,73,0.3801418439716312,256,449,0.3997944501541624,389,0.9406474081075142,587,0.7116666390741442,0.08554615675436426,0.20278720417149165
dirichlet_0588,529,82,0.4820415879017013,110,419,0.3281075027995521,293,0.9547538050727593,588,0.1439069086842325,0.7615875685082267,0.09450552280754078
dirichlet_0589,734,88,0.3869209809264305,198,536,0.5559284116331096,497,0.9605372112115125,589,0.27003782885723204,0.1522352506451018,0.5777269204976662
dirichlet_0590,638,80,0.438871473354232,168,470,0.5546218487394958,462,0.9738923828767594,590,0.3123470276137358,0.4914703169426218,0.19618265544364255
dirichlet_0591,707,92,0.38048090523338046,166,541,0.6142011834319526,519,0.9732446668900643,591,0.14729668942904206,0.34694797462245963,0.5057553359484983
dirichlet_0592,699,80,0.35765379113018597,207,492,0.6761433868974042,547,0.9654292337720879,592,0.45153576843105053,0.2702263498015214,0.2782378817674281
dirichlet_0593,746,97,0.3873994638069705,177,569,0.4660397074190178,446,0.963876605483573,593,0.09842629872558212,0.1505910761811028,0.750982625093315
dirichlet_0594,701,82,0.3537803138373752,208,493,0.6520681265206812,536,0.9599714530590647,594,0.40779021057342224,0.188702906290914,0.4035068831356639
dirichlet_0595,523,81,0.47609942638623326,103,420,0.29527991218441274,269,0.9498221714322135,595,0.08692394888776785,0.8036592387073174,0.10941681240491483
dirichlet_0596,531,78,0.4971751412429379,113,418,0.32589285714285715,292,0.9551656467949564,596,0.1901059254334491,0.7802496574629524,0.029644417103598716
dirichlet_0597,561,78,0.4741532976827095,129,432,0.3983926521239954,347,0.9650924068757654,597,0.21576194441882335,0.6437929721181102,0.14044508346306647
dirichlet_0598,529,80,0.4725897920604915,104,425,0.2698072805139186,252,0.9452328375747171,598,0.07201211914359394,0.8668643362231286,0.06112354463327754
dirichlet_0599,757,98,0.38309114927344784,180,577,0.518796992481203,483,0.9693876508611347,599,0.08636522188469435,0.24658956338142124,0.6670452147338842
dirichlet_0600,608,69,0.47039473684210525,162,446,0.4342403628117914,383,0.9715323926371857,600,0.4352668548871008,0.5633271626996195,0.0014059824132797226
dirichlet_0601,549,77,0.4772313296903461,127,422,0.36271186440677966,321,0.9610438223284483,601,0.2258449139747753,0.7090628937931728,0.06509219223205186
dirichlet_0602,584,90,0.4606164383561644,118,466,0.4231651376146789,369,0.9626958244526364,602,0.08801149448558272,0.6221631048663595,0.28982540064805773
dirichlet_0603,682,80,0.3460410557184751,209,473,0.5846153846153846,494,0.9533933851011314,603,0.45971491087917554,0.13903507446160598,0.4012500146592185
dirichlet_0604,704,91,0.36363636363636365,173,531,0.6844059405940595,553,0.9728662078176195,604,0.21261850391646633,0.3225094794475096,0.464872016636024
dirichlet_0605,541,86,0.49168207024029575,99,442,0.33407572383073497,300,0.9516194785125754,605,0.00539485287586659,0.7360761445015593,0.25852900262257406
dirichlet_0606,724,77,0.4046961325966851,223,501,0.581901489117984,508,0.9676653322815673,606,0.49115736816744,0.3256489829093916,0.18319364892316836
dirichlet_0607,741,72,0.44804318488529016,258,483,0.37598425196850394,382,0.9583352981016452,607,0.6881194873492945,0.28243384656653564,0.0294466660841699
dirichlet_0608,698,83,0.3510028653295129,210,488,0.6035502958579881,510,0.9559706787388581,608,0.4174177452896883,0.15065638630046257,0.43192586840984903
dirichlet_0609,752,69,0.46143617021276595,294,458,0.27858439201451907,307,0.9339298348767318,609,0.9198312954913834,0.04932877871671258,0.03083992579190395
dirichlet_0610,678,77,0.4277286135693215,198,480,0.5650644783118406,482,0.9727414346201191,610,0.4377388983450487,0.42539210137607814,0.1368690002788732
dirichlet_0611,674,79,0.34124629080118696,231,443,0.4772475027746948,430,0.9385393449875516,611,0.5737236881559802,0.034197167608927624,0.39207914423509227
dirichlet_0612,752,96,0.37898936170212766,182,570,0.42323232323232324,419,0.960425084795124,612,0.08711991524418755,0.09599948801035943,0.8168805967454531
dirichlet_0613,743,71,0.4347240915208614,277,466,0.3333333333333333,350,0.9421971426907115,613,0.800428264115831,0.12030030211576105,0.07927143376840794
dirichlet_0614,676,79,0.41863905325443784,192,484,0.5983213429256595,499,0.9732288382853359,614,0.4099994882131633,0.4180997684480257,0.17190074333881106
dirichlet_0615,534,83,0.4756554307116105,111,423,0.33970753655793023,302,0.956297037385313,615,0.1368504383086809,0.7355894422889807,0.12756011940233844
dirichlet_0616,634,80,0.444794952681388,166,468,0.5206124852767963,442,0.9733520226688206,616,0.3353371560222538,0.5124565697484386,0.1522062742293076
dirichlet_0617,629,94,0.40540540540540543,135,494,0.5419664268585132,452,0.9698311494142996,617,0.049975266010703165,0.47721232913379397,0.4728124048555029
dirichlet_0618,710,71,0.3901408450704225,251,459,0.3948979591836735,387,0.9448039372488868,618,0.7107617672414992,0.12713842037294912,0.16209981238555152
dirichlet_0619,751,73,0.43142476697736354,280,471,0.3473684210526316,363,0.9470398888806858,619,0.7654711972708249,0.1659040342651848,0.06862476846399021
dirichlet_0620,650,76,0.3415384615384615,240,410,0.4191096634093377,386,0.9342425589596769,620,0.6831191479058251,0.019550773416314594,0.29733007867786027
dirichlet_0621,709,71,0.41889985895627646,273,436,0.3185328185328185,330,0.9332375191550297,621,0.8382680818201611,0.03358864650455012,0.12814327167528894
dirichlet_0622,527,80,0.4686907020872865,104,423,0.2676659528907923,250,0.9441640194773138,622,0.09015035329517539,0.8970033489284449,0.012846297776379693
dirichlet_0623,621,73,0.4573268921095008,171,450,0.4539249146757679,399,0.972156996516121,623,0.46401923002040846,0.5229569771860685,0.013023792793522986
dirichlet_0624,684,82,0.347953216374269,216,468,0.5360824742268041,468,0.9485361828263705,624,0.4515354578215701,0.09029950628378258,0.45816503589464724
dirichlet_0625,653,86,0.3905053598774885,160,493,0.6816431322207959,531,0.9747011520317977,625,0.2587398382448779,0.4298774114541273,0.3113827503009947
dirichlet_0626,680,80,0.4147058823529412,191,489,0.6147342995169082,509,0.9741796987879544,626,0.35947483921050216,0.4275528731437832,0.2129722876457146
dirichlet_0627,710,85,0.35492957746478876,204,506,0.6876543209876543,557,0.963876079948323,627,0.36545243619083473,0.2183375987983547,0.41620996501081053
dirichlet_0628,578,81,0.4740484429065744,133,445,0.4146620847651776,362,0.9662716592079278,628,0.2031074734125436,0.6204039828537092,0.17648854373374723
dirichlet_0629,708,76,0.3573446327683616,236,472,0.5116279069767442,462,0.9504913574987864,629,0.6014877344968796,0.15470921138207516,0.24380305412104528
dirichlet_0630,659,83,0.3945371775417299,170,489,0.6871794871794872,536,0.9746756995366337,630,0.2952495739327752,0.4160082996371701,0.28874212643005476
dirichlet_0631,581,71,0.4784853700516351,151,430,0.4213547646383467,367,0.9695331759929023,631,0.3431241308024588,0.6090874366890763,0.04778843250846484
dirichlet_0632,590,80,0.4610169491525424,148,442,0.4416184971098266,382,0.9695395267956862,632,0.2638679192596728,0.5880515723392085,0.14808050840111872
dirichlet_0633,760,98,0.37763157894736843,173,587,0.4745057232049948,456,0.9691666829699465,633,0.03792636891265678,0.2459626575361807,0.7161109735511624
dirichlet_0634,688,83,0.35319767441860467,211,477,0.562137049941928,484,0.952213313405882,634,0.41545073264574023,0.11340405712737756,0.47114521022688216
dirichlet_0635,669,74,0.3692077727952167,255,414,0.38125,366,0.9315113997621589,635,0.7446583993627703,0.004435178857203117,0.2509064217800266
dirichlet_0636,580,72,0.4810344827586207,150,430,0.4251152073732719,369,0.9697165218414948,636,0.338217057224077,0.604371710362269,0.057411232413653895
dirichlet_0637,613,89,0.4029363784665579,135,478,0.5835411471321695,468,0.9717809564842034,637,0.15184298599134124,0.49526483422462264,0.35289217978403603
dirichlet_0638,717,85,0.36401673640167365,203,514,0.6376638855780691,535,0.9624986022991507,638,0.3185304050076368,0.18828257751071598,0.4931870174816473
dirichlet_0639,702,77,0.36324786324786323,251,451,0.4305263157894737,409,0.9433633407546459,639,0.6717059858763476,0.1029055707769498,0.22538844334670258
dirichlet_0640,733,98,0.3888130968622101,159,574,0.49141630901287553,458,0.9711669815436181,640,0.019571041476658762,0.33535062754831874,0.6450783309750225
dirichlet_0641,573,94,0.4223385689354276,114,459,0.47305389221556887,395,0.9640776006274338,641,0.05195749397592754,0.5846884598901106,0.36335404613396166
dirichlet_0642,718,76,0.4220055710306407,218,500,0.5484234234234234,487,0.9692142063994412,642,0.5033351420132898,0.36562938519860694,0.13103547278810326
dirichlet_0643,601,74,0.46589018302828616,153,448,0.46449359720605354,399,0.971908859716825,643,0.3506686640883155,0.5563261322868759,0.09300520362480871
dirichlet_0644,749,89,0.39118825100133514,200,549,0.4753410283315845,453,0.9519442392371328,644,0.24995208975485644,0.05006190531003095,0.6999860049351125
dirichlet_0645,647,86,0.3941267387944359,157,490,0.6569250317662008,517,0.9745690282904911,645,0.25127510486584326,0.443351095667904,0.3053737994662529
dirichlet_0646,687,84,0.3697234352256186,185,502,0.7319587628865979,568,0.9733904213777845,646,0.34762561296110384,0.3721986063298533,0.2801757807090428
dirichlet_0647,582,72,0.47766323024054985,150,432,0.43071593533487296,373,0.9699315407235822,647,0.33667033610968355,0.5996480479194676,0.06368161597084902
dirichlet_0648,534,78,0.4943820224719101,115,419,0.3352017937219731,299,0.955786822969678,648,0.19671718330797244,0.7742945175016096,0.028988299190417975
dirichlet_0649,703,85,0.36984352773826457,189,514,0.7777777777777778,595,0.9715813390383284,649,0.35457050112407823,0.3282531807384123,0.3171763181375095
dirichlet_0650,743,94,0.38492597577388965,185,558,0.43884892086330934,427,0.9589233197746252,650,0.12230924408431773,0.08611678955745705,0.7915739663582252
dirichlet_0651,528,79,0.4981060606060606,113,415,0.3195991091314031,287,0.9541811357854986,651,0.18140721979651425,0.7906924926043134,0.027900287599172548
dirichlet_0652,712,72,0.39185393258426965,249,463,0.4055441478439425,395,0.9465355540174929,652,0.6902067217177431,0.13972476521354774,0.17006851306870924
dirichlet_0653,728,75,0.38186813186813184,244,484,0.49245689655172414,457,0.955055037223406,653,0.5999996803997203,0.20333519192795874,0.196665127672321
dirichlet_0654,557,90,0.4254937163375224,107,450,0.44351961950059454,373,0.9613228470956489,654,0.006982487898879011,0.6034829755195209,0.3895345365816001
dirichlet_0655,735,94,0.3904761904761905,192,543,0.4089068825910931,404,0.9518121378910686,655,0.15241415039829045,0.0025700785739263335,0.8450157710277831
dirichlet_0656,749,96,0.37783711615487314,183,566,0.5183585313174947,480,0.9672280613050077,656,0.12276683571673919,0.20747609021476354,0.6697570740684973
dirichlet_0657,718,76,0.36629526462395545,243,475,0.49782135076252726,457,0.9515662501185054,657,0.6060732397597136,0.1673527912216682,0.22657396901861812
dirichlet_0658,704,81,0.35511363636363635,209,495,0.629940119760479,526,0.9578593655599146,658,0.4050058891780471,0.16570581938288698,0.429288291439066
dirichlet_0659,704,74,0.35795454545454547,229,475,0.5292134831460674,471,0.9540309402672222,659,0.5737485663341754,0.18279810111095868,0.24345333255486584
dirichlet_0660,708,80,0.4067796610169492,208,500,0.625,525,0.9715670465813497,660,0.4278448688591916,0.36919595392204374,0.20295917721876458
dirichlet_0661,760,96,0.38026315789473686,178,582,0.4548254620123203,443,0.9657472469171636,661,0.04439117174947392,0.17286737250832118,0.7827414557422049
dirichlet_0662,750,74,0.43333333333333335,271,479,0.36867704280155644,379,0.9504619295138692,662,0.7251402939321289,0.19385120108159107,0.08100850498628025
dirichlet_0663,526,80,0.4695817490494297,102,424,0.26119402985074625,245,0.9423485850788145,663,0.0358333525680688,0.8919112185868142,0.07225542884511704
dirichlet_0664,713,71,0.3955119214586255,259,454,0.3866396761133603,382,0.9415059429301473,664,0.7287652148876812,0.09773073546994399,0.17350404964237465
dirichlet_0665,652,91,0.4003067484662577,141,511,0.5828295042321644,482,0.9722259131037545,665,0.08869702887974348,0.4306374012001561,0.4806655699201004
dirichlet_0666,640,80,0.440625,169,471,0.5477326968973747,459,0.9739145684930929,666,0.3201070062442667,0.49056707141053524,0.18932592234519813
dirichlet_0667,741,90,0.3940620782726046,202,539,0.5064655172413793,470,0.9540535741749484,667,0.2759205655027369,0.08364841807108998,0.640431016426173
dirichlet_0668,680,80,0.3397058823529412,212,468,0.567409144196952,484,0.9513404938409923,668,0.4689592755364625,0.12216336289328356,0.40887736157025395
dirichlet_0669,518,79,0.4749034749034749,98,420,0.2883771929824561,263,0.9475537893148804,669,0.052133170545199274,0.8183283534812607,0.12953847597354015
dirichlet_0670,728,72,0.4258241758241758,276,452,0.3317307692307692,345,0.9386431098047221,670,0.8112299733064154,0.08465456515679344,0.10411546153679098
dirichlet_0671,763,74,0.45609436435124506,275,488,0.3370998116760829,358,0.9513179435308976,671,0.7616802905940809,0.21626441738875238,0.02205529201716675
dirichlet_0672,765,98,0.3803921568627451,177,588,0.4674922600619195,453,0.9673173037858055,672,0.043087920411476736,0.20353336980516853,0.7533787097833547
dirichlet_0673,721,94,0.3800277392510402,172,549,0.5712656784492588,501,0.9724446265807889,673,0.1198378807616151,0.32401383651635024,0.5561482827220346
dirichlet_0674,750,89,0.39066666666666666,201,549,0.47639034627492133,454,0.951946991556879,674,0.2515267655676072,0.05077429643519685,0.697698937997196
dirichlet_0675,758,98,0.3839050131926121,178,580,0.49261603375527424,467,0.9686542923101034,675,0.06484861505789277,0.2316204846176496,0.7035309003244575
dirichlet_0676,719,78,0.37830319888734354,214,505,0.6093567251461989,521,0.9649660677909864,676,0.4891054783410448,0.2809967744278254,0.22989774723112988
dirichlet_0677,556,79,0.47302158273381295,119,437,0.37528344671201813,331,0.9615720291673239,677,0.15853777195703578,0.6706392702831091,0.17082295775985523
dirichlet_0678,746,91,0.3873994638069705,199,547,0.5366922234392114,490,0.960720024800645,678,0.23625609167385003,0.14443943778976467,0.6193044705363853
dirichlet_0679,716,69,0.44692737430167595,241,475,0.4067622950819672,397,0.9632891751464643,679,0.6391708227362115,0.3371006979900438,0.023728479273744642
dirichlet_0680,741,70,0.44534412955465585,251,490,0.3869047619047619,390,0.9598976567888587,680,0.6700519182913697,0.2973171058802665,0.03263097582836384
dirichlet_0681,548,78,0.4762773722627737,126,422,0.3600451467268623,319,0.9601871391518796,681,0.2184303441876154,0.7186159313638426,0.06295372444854201
dirichlet_0682,720,72,0.42083333333333334,271,449,0.3355965082444229,346,0.9381342460855452,682,0.806176950820421,0.0785099753192525,0.11531307386032666
dirichlet_0683,587,91,0.43270868824531517,123,464,0.4987951807228916,414,0.9678521098286343,683,0.1295882282465398,0.5626670416497118,0.3077447301037485
dirichlet_0684,536,87,0.48880597014925375,104,432,0.3389450056116723,302,0.9538538687828513,684,0.0675037967077014,0.7352772892812176,0.19721891401108094
dirichlet_0685,565,80,0.4743362831858407,129,436,0.3965714285714286,347,0.96469800036127,685,0.19834370824921027,0.6424974041139516,0.15915888763683803
dirichlet_0686,711,84,0.3558368495077356,210,501,0.6521739130434783,540,0.9607811407572722,686,0.3788235985481184,0.18788749485245348,0.43328890659942804
dirichlet_0687,720,76,0.37222222222222223,246,474,0.4838362068965517,449,0.9510402602395321,687,0.6216688646304797,0.16687085600948753,0.21146027936003273
dirichlet_0688,550,75,0.49454545454545457,128,422,0.3623024830699774,321,0.9621164708901018,688,0.26982391477297607,0.712093841923457,0.01808224330356684
dirichlet_0689,730,94,0.37945205479452054,177,553,0.6203271028037384,531,0.9700775837241956,689,0.20071767373988317,0.2632812182558048,0.536001108004312
dirichlet_0690,746,70,0.4584450402144772,253,493,0.36345966958211856,374,0.9588175427839666,690,0.6947785044296853,0.2928113983039043,0.012410097266410524
dirichlet_0691,667,80,0.41379310344827586,183,484,0.6386138613861386,516,0.9745493115543669,691,0.3237646943881966,0.4271597635004898,0.24907554211131355
dirichlet_0692,623,84,0.4012841091492777,148,475,0.610062893081761,485,0.9736888327586448,692,0.21976046676957686,0.4744476204673383,0.3057919127630847
dirichlet_0693,644,83,0.42857142857142855,155,489,0.5808019441069259,478,0.9738096203841039,693,0.2525918662335371,0.4833429667585343,0.2640651670079286
dirichlet_0694,598,82,0.45484949832775917,147,451,0.4712778429073857,402,0.9707823882201579,694,0.2588469370128016,0.5626938012008328,0.17845926178636565
dirichlet_0695,622,90,0.39228295819935693,136,486,0.6007509386733417,480,0.9720404202189891,695,0.12688625052595878,0.4720180827631678,0.4010956667108733
dirichlet_0696,708,90,0.365819209039548,176,532,0.6769041769041769,551,0.9719728208919826,696,0.2214871326930896,0.3016796922314625,0.47683317507544787
dirichlet_0697,534,77,0.49250936329588013,114,420,0.3382022471910112,301,0.9564984496234541,697,0.19021493059092925,0.7600620374300638,0.049723031979006946
dirichlet_0698,567,77,0.47795414462081126,136,431,0.4052812858783008,353,0.9663662391329552,698,0.2447235728500441,0.6353189791189128,0.11995744803104312
dirichlet_0699,690,76,0.3463768115942029,220,470,0.5681024447031432,488,0.9549989643597296,699,0.5292718076464146,0.1776645812425495,0.29306361111103607
dirichlet_0700,570,86,0.47017543859649125,121,449,0.38175675675675674,339,0.9605896356638864,700,0.11580780449091203,0.6649096681581457,0.21928252735094225
dirichlet_0701,580,92,0.41724137931034483,118,462,0.5012135922330098,413,0.9664660387600903,701,0.08288762615114331,0.5625984023374303,0.35451397151142655
dirichlet_0702,697,84,0.36585365853658536,209,488,0.5599078341013825,486,0.9533385332734311,702,0.3797431713408415,0.11263381798860407,0.5076230106705545
dirichlet_0703,740,91,0.3878378378378378,196,544,0.5574136008918618,500,0.962665453016788,703,0.23378911252696216,0.16657834455745263,0.5996325429155853
dirichlet_0704,738,95,0.3875338753387534,191,547,0.40766902119071646,404,0.9547909569602143,704,0.12411585806296108,0.02979564153555867,0.8460885004014802
dirichlet_0705,712,71,0.4002808988764045,253,459,0.392675483214649,386,0.9459605322553563,705,0.7107962587000463,0.13926611036229042,0.1499376309376633
dirichlet_0706,537,87,0.4897579143389199,102,435,0.34308211473565803,305,0.9539296201472645,706,0.05614534301377549,0.7286646437391662,0.21519001324705833
dirichlet_0707,710,73,0.3788732394366197,254,456,0.4136504653567735,400,0.944150430469319,707,0.6918164847303808,0.11566120045880292,0.19252231481081625
dirichlet_0708,755,73,0.4304635761589404,280,475,0.34861509073543456,365,0.9466343034357935,708,0.7635693811504074,0.16073797380981406,0.0756926450397784
dirichlet_0709,584,79,0.4606164383561644,147,437,0.4413472706155633,380,0.9695449634522095,709,0.27188068635852713,0.5904921786960712,0.1376271349454017
dirichlet_0710,705,85,0.3645390070921986,197,508,0.7711313394018205,593,0.9690598506326739,710,0.376959102107298,0.2917923018727838,0.33124859601991824
dirichlet_0711,686,85,0.3673469387755102,182,504,0.7647831800262812,582,0.9731745735898688,711,0.33695838309306997,0.3597666631190786,0.3032749537878515
dirichlet_0712,681,69,0.447870778267254,216,465,0.4356223175965665,406,0.9682726120512427,712,0.5822490803734066,0.40741625816339694,0.010334661463196466
dirichlet_0713,577,72,0.47660311958405543,149,428,0.4151376146788991,362,0.9694413913822996,713,0.3560322265305809,0.6134638459095773,0.03050392755984191
dirichlet_0714,746,93,0.3847184986595174,196,550,0.49893162393162394,467,0.9621186152043791,714,0.1665291303659213,0.14205365671726644,0.6914172129168124
dirichlet_0715,535,85,0.491588785046729,100,435,0.3244444444444444,292,0.9509102579985069,715,0.03129658138026546,0.7584327541988878,0.21027066442084688
dirichlet_0716,751,96,0.3794940079893475,186,565,0.5172413793103449,480,0.96618327898826,716,0.13027535040045896,0.19187117272792895,0.6778534768716122
dirichlet_0717,549,79,0.47176684881602915,122,427,0.3720136518771331,327,0.9619177220752372,717,0.18652371224469289,0.6783822360120102,0.135094051743297
dirichlet_0718,683,80,0.3484626647144949,209,474,0.5876777251184834,496,0.9543735072309109,718,0.4516147498680949,0.14598541061275877,0.40239983951914626
dirichlet_0719,750,91,0.384,199,551,0.47175732217573224,451,0.958180961355936,719,0.18153417291113705,0.09683956746759345,0.7216262596212696
dirichlet_0720,690,82,0.3521739130434783,210,480,0.5997624703087886,505,0.9552023286641704,720,0.4384840832363278,0.14989237663506513,0.41162354012860713
dirichlet_0721,606,85,0.4158415841584158,136,470,0.572851805728518,460,0.9719624199083723,721,0.17718460926546023,0.5044630279710098,0.31835236276352985
dirichlet_0722,554,86,0.48014440433212996,111,443,0.36990950226244346,327,0.9581967592547818,722,0.0647740075535009,0.6742289967328398,0.26099699571365936
dirichlet_0723,608,77,0.4605263157894737,158,450,0.47264260768335276,406,0.9723732838660362,723,0.347911727565066,0.5434993871001451,0.10858888533478885
dirichlet_0724,684,84,0.36403508771929827,206,478,0.5067415730337078,451,0.9464296113616314,724,0.3976224795792161,0.05198011229469558,0.5503974081260883
dirichlet_0725,577,91,0.41594454072790293,117,460,0.5030450669914738,413,0.9664426497437324,725,0.07688154064542964,0.5599242174026676,0.3631942419519027
dirichlet_0726,667,75,0.3538230884557721,245,422,0.4236559139784946,394,0.937260088990764,726,0.678420033385503,0.04648698723176156,0.2750929793827354
dirichlet_0727,753,95,0.38247011952191234,185,568,0.5359477124183006,492,0.9678000911158867,727,0.1392878873630796,0.21869853070366205,0.6420135819332583
dirichlet_0728,732,88,0.3866120218579235,198,534,0.5433333333333333,489,0.9596824564577943,728,0.2645622501372008,0.14104269011707568,0.5943950597457235
dirichlet_0729,744,74,0.41801075268817206,268,476,0.37893700787401574,385,0.9479684614623461,729,0.7225871275338271,0.16427589494364442,0.1131369775225285
dirichlet_0730,517,77,0.4758220502901354,100,417,0.2816593886462882,258,0.9466668714898027,730,0.06121846254424815,0.8372228666653017,0.10155867079045018
dirichlet_0731,732,95,0.3743169398907104,175,557,0.5519553072625698,494,0.9713235077001018,731,0.11080834436170188,0.2904340800894899,0.5987575755488083
dirichlet_0732,705,75,0.36028368794326243,226,479,0.5709342560553633,495,0.9580153259647365,732,0.5304522185353329,0.2109015757234745,0.2586462057411928
dirichlet_0733,761,73,0.46386333771353483,276,485,0.3352165725047081,356,0.9536511240720684,733,0.7524469770779396,0.24343838306335855,0.0041146398587019115
dirichlet_0734,659,71,0.44461305007587254,199,460,0.458980044345898,414,0.970235406614347,734,0.5449615209451988,0.4407365768891652,0.014301902165636187
dirichlet_0735,592,76,0.46452702702702703,150,442,0.4711425206124853,400,0.9717289667781671,735,0.31401737611513897,0.5560557787477436,0.12992684513711755
dirichlet_0736,702,86,0.36324786324786323,191,511,0.7558139534883721,585,0.968220315109214,736,0.33934288342669405,0.2657476474612031,0.39490946911210295
dirichlet_0737,731,87,0.3857729138166895,204,527,0.5560538116591929,496,0.9577610758601371,737,0.3077187008730111,0.13375337374388607,0.5585279253831029
dirichlet_0738,722,95,0.3698060941828255,176,546,0.5778032036613272,505,0.9715793736282974,738,0.13822276606680606,0.29303614688725615,0.5687410870459378
dirichlet_0739,736,69,0.46467391304347827,290,446,0.2686703096539162,295,0.9315220005715689,739,0.9432994628087913,0.02538667678539786,0.03131386040581098
dirichlet_0740,576,93,0.4166666666666667,118,458,0.49454545454545457,408,0.9656745380120847,740,0.055013506192603145,0.5613097002439675,0.3836767935634292
dirichlet_0741,670,79,0.3447761194029851,229,441,0.47117516629711753,425,0.9365019103101987,741,0.5799325066739729,0.017259286151165766,0.4028082071748613
dirichlet_0742,559,79,0.4776386404293381,120,439,0.38496583143507973,338,0.9627949223058002,742,0.1709207238698716,0.6586791551729713,0.17040012095715715
dirichlet_0743,747,73,0.4243641231593039,275,472,0.3670886075949367,377,0.946300723761061,743,0.7480102896958695,0.1526958917337285,0.09929381857040195
dirichlet_0744,708,76,0.3587570621468927,236,472,0.5033039647577092,457,0.9503767317701063,744,0.6064795640721334,0.15513145534169537,0.2383889805861712
dirichlet_0745,729,96,0.3676268861454047,177,552,0.5643340857787811,500,0.9714610297095386,745,0.12265497096222334,0.2921607199541643,0.5851843090836122
dirichlet_0746,712,78,0.4199438202247191,213,499,0.5771889400921659,501,0.9711639303629434,746,0.46241756812596824,0.3850287358008994,0.15255369607313243
dirichlet_0747,651,73,0.4485407066052227,188,463,0.45819397993311034,411,0.9716500662770448,747,0.507081330065949,0.48621607455195437,0.006702595382096487
dirichlet_0748,694,73,0.3804034582132565,258,436,0.38564102564102565,376,0.938020483077013,748,0.7275005321234366,0.06325000377424293,0.20924946410232037
dirichlet_0749,704,71,0.43323863636363635,224,480,0.48257080610021785,443,0.9673770114029877,749,0.5607039698426413,0.3664430802084199,0.07285294994893877
dirichlet_0750,621,83,0.4428341384863124,146,475,0.5196195005945303,437,0.9721599697281735,750,0.2305858945498685,0.5232656331213426,0.24614847232878903
dirichlet_0751,755,97,0.38145695364238413,188,567,0.4291497975708502,424,0.9596192094339856,751,0.10305482756300029,0.08937864158433338,0.8075665308526664
dirichlet_0752,592,90,0.46790540540540543,128,464,0.4193181818181818,369,0.9642189276457589,752,0.13705276907228622,0.6228253833094249,0.24012184761828884
dirichlet_0753,638,80,0.44043887147335425,163,475,0.5289256198347108,448,0.9732080785880284,753,0.29220998931423514,0.513063344311072,0.19472666637469294
dirichlet_0754,698,87,0.36962750716332377,176,522,0.7735602094240838,591,0.9724132705434564,754,0.2821736961381095,0.32128632089968606,0.3965399829622044
dirichlet_0755,696,83,0.35201149425287354,206,490,0.5936395759717314,504,0.9557331505120118,755,0.40355546208210186,0.14389110697536245,0.4525534309425357
dirichlet_0756,738,70,0.4444444444444444,284,454,0.29646840148698883,319,0.935781566640437,756,0.8809635907819312,0.06483963510849736,0.05419677410957152
dirichlet_0757,519,79,0.4605009633911368,101,418,0.2564102564102564,240,0.9401693546292081,757,0.015638218466573536,0.9163153680887204,0.06804641344470624
dirichlet_0758,686,96,0.3848396501457726,151,535,0.5226757369614512,461,0.9711063362333614,758,0.02423827875672251,0.4034163503359896,0.5723453709072879
dirichlet_0759,686,81,0.4008746355685131,194,492,0.6338199513381995,521,0.9731619685874403,759,0.3943181280561457,0.39701959531413833,0.20866227662971598
dirichlet_0760,709,88,0.36812411847672777,182,527,0.7182389937106918,571,0.9712326334508748,760,0.2564316094894773,0.2920145124349902,0.45155387807553254
dirichlet_0761,556,77,0.4784172661870504,133,423,0.39265212399540755,342,0.9648246388384719,761,0.25600292093493277,0.6639316608164911,0.08006541824857612
dirichlet_0762,749,72,0.4485981308411215,262,487,0.37037037037037035,380,0.9579444523824003,762,0.6954649668139773,0.2801354804790962,0.024399552706926533
dirichlet_0763,515,78,0.47184466019417476,94,421,0.267027027027027,247,0.9418047875675505,763,0.002473735415995842,0.8801257570755803,0.11740050750842383
dirichlet_0764,649,91,0.39599383667180277,146,503,0.6143386897404203,497,0.9726490628450712,764,0.1159307331882058,0.44035177303251594,0.4437174937792782
dirichlet_0765,704,79,0.40198863636363635,213,491,0.6125592417061612,517,0.9705157371828323,765,0.4471815998383559,0.35592821143332687,0.19689018872831718
dirichlet_0766,621,77,0.45410628019323673,157,464,0.514218009478673,434,0.9730274790275261,766,0.3023319534569859,0.5201543378448543,0.17751370869815986
dirichlet_0767,677,79,0.34416543574593794,212,465,0.5899880810488677,495,0.9553181601765474,767,0.471283440116857,0.16153068192095105,0.3671858779621919
dirichlet_0768,688,81,0.34738372093023256,210,478,0.5860849056603774,497,0.9536585560231051,768,0.44798776009006497,0.1378918976052516,0.4141203423046834
dirichlet_0769,724,89,0.39226519337016574,198,526,0.5043572984749455,463,0.9519355046093544,769,0.30229865986966675,0.0712395997068183,0.626461740423515
dirichlet_0770,561,78,0.4741532976827095,130,431,0.4016110471806674,349,0.9653003919525149,770,0.2240501670106503,0.6439478842772015,0.1320019487121482
dirichlet_0771,559,89,0.4364937388193202,108,451,0.4373522458628842,370,0.9613574567163988,771,0.04131228512502837,0.6192463205096814,0.33944139436529047
dirichlet_0772,679,84,0.38144329896907214,178,501,0.7283311772315654,563,0.9743551801295737,772,0.3065968119297346,0.39267037379737724,0.30073281427288817
dirichlet_0773,751,95,0.3848202396804261,186,565,0.5472527472527473,498,0.9686645140270848,773,0.1430534067601076,0.2336123020228242,0.6233342912170682
dirichlet_0774,635,83,0.44251968503937006,150,485,0.5417661097852029,454,0.9726704182832111,774,0.22999442327860983,0.5101901338414722,0.25981544287991803
dirichlet_0775,746,98,0.3873994638069705,167,579,0.4893842887473461,461,0.9705557157912009,775,0.03157107561950279,0.29068057250766666,0.6777483518728306
dirichlet_0776,687,79,0.3406113537117904,234,453,0.5033557046979866,450,0.9460436102865913,776,0.5853384924790088,0.10622523217998768,0.3084362753410033
dirichlet_0777,708,85,0.3700564971751412,195,513,0.714824120603015,569,0.9673532914427647,777,0.3256438182078314,0.2494216144475065,0.42493456734466206
dirichlet_0778,711,69,0.4542897327707454,232,479,0.41761658031088084,403,0.9657455745216222,778,0.6163740328940105,0.3709229691311181,0.012702997974871393
dirichlet_0779,700,75,0.35714285714285715,223,477,0.5687861271676301,492,0.9571837986369635,779,0.5324940453808142,0.20232279217992702,0.26518316243925877
dirichlet_0780,708,80,0.4067796610169492,211,497,0.6058823529411764,515,0.970982565724262,780,0.4481393449874968,0.36822637456523083,0.18363428044727237
dirichlet_0781,628,76,0.445859872611465,173,455,0.48212226066897346,418,0.972769378124988,781,0.4391297778664237,0.5035621590408077,0.05730806309276861
dirichlet_0782,528,79,0.4715909090909091,105,423,0.27145922746781115,253,0.9447752336506126,782,0.09371250385789456,0.8888615592135622,0.017425936928543214
dirichlet_0783,696,71,0.4410919540229885,224,472,0.4486081370449679,419,0.9674331456945353,783,0.5812979412213068,0.3837711029999186,0.034930955778774614
dirichlet_0784,746,96,0.3847184986595174,189,557,0.384995064165844,390,0.9558105678296098,784,0.06460519558451375,0.01713299772672321,0.9182618066887631
dirichlet_0785,699,77,0.3605150214592275,252,447,0.4364406779661017,412,0.942722572463138,785,0.6646748179046952,0.0949537199408632,0.2403714621544415
dirichlet_0786,719,73,0.4242002781641168,235,484,0.4653887113951012,437,0.9636459182906456,786,0.5911659783778355,0.315088292498519,0.09374572912364544
dirichlet_0787,738,72,0.4241192411924119,255,483,0.424923391215526,416,0.9585420899492408,787,0.6445191006444102,0.2653224941049282,0.0901584052506616
dirichlet_0788,681,83,0.35829662261380324,208,473,0.511864406779661,453,0.9459449450940521,788,0.4215257343969109,0.055943073791672945,0.5225311918114162
dirichlet_0789,639,84,0.40688575899843504,153,486,0.6260978670012547,499,0.9742844418930996,789,0.24326773484125114,0.45903966649369654,0.2976925986650522
dirichlet_0790,753,70,0.46082337317397076,286,467,0.3128491620111732,336,0.9445310772453136,790,0.8142463369220776,0.14948754591521066,0.03626611716271165
dirichlet_0791,656,85,0.3795731707317073,158,498,0.6985769728331177,540,0.9745440208252765,791,0.21679710025770388,0.4097479021711213,0.37345499757117484
dirichlet_0792,670,73,0.4417910447761194,202,468,0.5165714285714286,452,0.9714104355790281,792,0.49415883024625606,0.429436044687626,0.07640512506611787
dirichlet_0793,721,85,0.37309292649098474,197,524,0.6804878048780488,558,0.9665581307033209,793,0.29812527135252265,0.23115474876068184,0.47071997988679554
dirichlet_0794,552,87,0.44565217391304346,106,446,0.41735052754982416,356,0.9596825174830182,794,0.022380314574246538,0.6339574389113549,0.3436622465143985
dirichlet_0795,551,87,0.4537205081669691,104,447,0.4046511627906977,348,0.9583224026133521,795,0.0192324596801139,0.6513486406424178,0.32941889967746824
dirichlet_0796,712,72,0.42275280898876405,225,487,0.5077092511013216,461,0.967053127273804,796,0.5430298095879709,0.34690218547835494,0.11006800493367425
dirichlet_0797,614,93,0.4153094462540717,131,483,0.5443499392466585,448,0.9693605963934409,797,0.05219440799863082,0.49019578765042404,0.4576098043509452
dirichlet_0798,581,95,0.40619621342512907,119,462,0.5152998776009792,421,0.9671729688391778,798,0.06850056003713553,0.5431291229965503,0.38837031696631413
dirichlet_0799,724,73,0.40607734806629836,265,459,0.37412935323383084,376,0.9436191080423072,799,0.7409399924031319,0.12220132584954374,0.13685868174732432
dirichlet_0800,680,77,0.4279411764705882,200,480,0.5600933488914819,480,0.9724352991273446,800,0.44945329127375006,0.42322579513030867,0.12732091359594133
dirichlet_0801,528,79,0.49242424242424243,109,419,0.32996632996632996,294,0.9551215526319465,801,0.17019765563390873,0.7701749020304219,0.05962744233566944
dirichlet_0802,689,70,0.444121915820029,219,470,0.4758771929824561,434,0.968722941322503,802,0.5547533610319465,0.39549611661593714,0.04975052235211641
dirichlet_0803,557,78,0.4757630161579892,131,426,0.3970080552359033,345,0.9649329580072532,803,0.23430804597452676,0.65369199105278,0.11199996297269328
dirichlet_0804,601,94,0.39933444259567386,132,469,0.5550061804697157,449,0.970143104803293,804,0.10482317736024695,0.5062973240246976,0.3888794986150554
dirichlet_0805,580,94,0.41206896551724137,119,461,0.5103785103785103,418,0.9672064330411135,805,0.0785845151919121,0.5478990275864255,0.37351645722166243
dirichlet_0806,723,76,0.3789764868603043,250,473,0.4603174603174603,435,0.9493128579479547,806,0.6420743311022549,0.1549014602818041,0.20302420861594123
dirichlet_0807,641,80,0.43213728549141966,162,479,0.5733333333333334,473,0.9742251230479868,807,0.28964202717706605,0.4745190621564032,0.23583891066653057
dirichlet_0808,721,76,0.37309292649098474,250,471,0.46595744680851064,438,0.9491851778785703,808,0.6381470958243705,0.1523595707647505,0.20949333341087895
dirichlet_0809,591,95,0.3993231810490694,126,465,0.5256723716381418,430,0.9683498709673947,809,0.07296959678935121,0.5242752589318204,0.4027551442788284
dirichlet_0810,750,74,0.42533333333333334,273,477,0.37000973709834467,380,0.9482420035907025,810,0.7335361127220684,0.17057871347425999,0.09588517380367152
dirichlet_0811,756,69,0.4695767195767196,298,458,0.27297297297297296,303,0.9345269713731719,811,0.9241020528741274,0.05626688906808492,0.019631058057787795
dirichlet_0812,549,77,0.47540983606557374,126,423,0.3735763097949886,328,0.9618696349797934,812,0.207053062862821,0.6882834960244013,0.10466344111277784
dirichlet_0813,686,88,0.3673469387755102,171,515,0.7464239271781534,574,0.9732273814188388,813,0.25041198176652235,0.3352253775174959,0.41436264071598167
dirichlet_0814,701,82,0.3609129814550642,200,501,0.7060301507537688,562,0.9656224441411929,814,0.42309433628918924,0.26084558056836893,0.3160600831424418
dirichlet_0815,726,93,0.38016528925619836,185,541,0.5933179723502304,515,0.9668508552145755,815,0.22361647663639408,0.21756241176107063,0.5588211116025353
dirichlet_0816,713,72,0.43338008415147267,229,484,0.4668094218415418,436,0.9655965516411171,816,0.5807680024842014,0.34345343820891605,0.07577855930688254
dirichlet_0817,744,70,0.45161290322580644,287,457,0.3008356545961003,324,0.9396124754777531,817,0.8516090502914493,0.10205972926013607,0.04633122044841474
dirichlet_0818,680,74,0.36470588235294116,251,429,0.3927083333333333,377,0.9356811174626851,818,0.723539509427131,0.04013805121953971,0.23632243935332925
dirichlet_0819,694,85,0.3760806916426513,200,494,0.5145739910313901,459,0.9498532013896602,819,0.35962348280298745,0.07160774232932482,0.5687687748676877
dirichlet_0820,613,95,0.41272430668841764,128,485,0.5264423076923077,438,0.9686643548364502,820,0.03587565784911098,0.49504878917318007,0.4690755529777091
dirichlet_0821,685,83,0.3445255474452555,209,476,0.5659276546091015,485,0.9512551531977045,821,0.44509792147772914,0.1138654895081218,0.4410365890141491
dirichlet_0822,742,98,0.38409703504043125,172,570,0.5124324324324324,474,0.9706831611896888,822,0.062381318652523284,0.28329486579308644,0.6543238155543903
dirichlet_0823,752,94,0.38563829787234044,196,556,0.5199568500539374,482,0.9636901804703188,823,0.17180008470448618,0.1641345189491486,0.6640653963463651
dirichlet_0824,681,88,0.37591776798825255,171,510,0.7309184993531694,565,0.9740248725117163,824,0.24665889440383562,0.36106726416623125,0.3922738414299331
dirichlet_0825,755,98,0.37880794701986753,173,582,0.480083857442348,458,0.9690459893545779,825,0.04919275246992032,0.2416432080778065,0.7091640394522732
dirichlet_0826,720,80,0.38472222222222224,218,502,0.6276595744680851,531,0.9675551426067225,826,0.4618493646089411,0.30719675482340175,0.2309538805676572
dirichlet_0827,751,96,0.3808255659121172,189,562,0.3996023856858847,402,0.9573938726478813,827,0.07735018727036486,0.04702796358839215,0.875621849141243
dirichlet_0828,674,81,0.4035608308605341,191,483,0.6311274509803921,515,0.9740084107280104,828,0.36371003111713046,0.4153808913246633,0.2209090775582062
dirichlet_0829,761,74,0.4533508541392904,276,485,0.34026465028355385,360,0.9506752495948056,829,0.7581140480212953,0.20719070654184388,0.03469524543686068
dirichlet_0830,690,81,0.34492753623188405,207,483,0.6487148102815178,530,0.9604254013242157,830,0.4358483730629506,0.20321028599173943,0.3609413409453099
dirichlet_0831,741,72,0.42645074224021595,254,487,0.42507645259938837,417,0.9588247902983833,831,0.6455162032037902,0.2697098867665834,0.08477391002962642
dirichlet_0832,745,95,0.3865771812080537,188,557,0.44536082474226807,432,0.9590627954126332,832,0.13092733566081102,0.09094638811383453,0.7781262762253545
dirichlet_0833,680,80,0.3411764705882353,214,466,0.5655737704918032,483,0.9515108474854109,833,0.48110555443798736,0.1275820108727166,0.391312434689296
dirichlet_0834,529,80,0.4763705103969754,106,423,0.2766415500538213,257,0.9473743458675039,834,0.0954195553415285,0.8467507358832199,0.05782970877525151
dirichlet_0835,753,71,0.43824701195219123,281,472,0.3403041825095057,358,0.9454665037858712,835,0.779589169878156,0.15177816680637465,0.06863266331546954
dirichlet_0836,762,98,0.3805774278215223,176,586,0.46288659793814435,449,0.967819434920086,836,0.02855198881802441,0.21437506550615013,0.7570729456758255
dirichlet_0837,696,79,0.35201149425287354,206,490,0.652014652014652,534,0.9628688532534735,837,0.46521309103367436,0.2425039388743655,0.2922829700919601
dirichlet_0838,738,91,0.3902439024390244,198,540,0.4440993788819876,429,0.9507315668895491,838,0.23316460872103006,0.028476215692941946,0.738359175586028
dirichlet_0839,529,78,0.499054820415879,111,418,0.3281075027995521,293,0.9549300816669456,839,0.1735773117978507,0.7748793278058361,0.05154336039631331
dirichlet_0840,617,86,0.40842787682333875,139,478,0.5925,474,0.9726303616015319,840,0.18418339676059292,0.49032370581833146,0.3254928974210756
dirichlet_0841,723,73,0.4149377593360996,230,493,0.5148188803512623,469,0.9653844333093513,841,0.5502024740229993,0.32056211491577236,0.12923541106122832
dirichlet_0842,544,85,0.4797794117647059,109,435,0.3524774774774775,313,0.9567987856664392,842,0.1093352255196986,0.7148145365085645,0.17585023797173702
dirichlet_0843,756,96,0.37962962962962965,186,570,0.39762611275964393,402,0.9589021829659138,843,0.05080908553218197,0.05990650350912621,0.8892844109586918
dirichlet_0844,679,82,0.3446244477172312,217,462,0.5113122171945701,452,0.9434564780829964,844,0.471662576793699,0.04930490860718941,0.4790325145991115
dirichlet_0845,672,71,0.44642857142857145,210,462,0.47339246119733924,427,0.9695789574332977,845,0.5475564896688095,0.4155875996853855,0.03685591064580506
dirichlet_0846,707,78,0.36775106082036774,218,489,0.6028202115158637,513,0.9606804006024259,846,0.5048334115472363,0.2319441396433477,0.2632224488094159
dirichlet_0847,580,93,0.41551724137931034,117,463,0.49215922798552475,408,0.9653691048167227,847,0.03731986211564936,0.5571005292127855,0.40557960867156506
dirichlet_0848,728,69,0.4423076923076923,242,486,0.4161554192229039,407,0.9622910359594828,848,0.6355051923520898,0.3175032959994865,0.046991511648423544
dirichlet_0849,527,79,0.4990512333965844,110,417,0.31118493909191586,281,0.9521103160425095,849,0.16599746923613914,0.8142430905175034,0.019759440246357632
dirichlet_0850,612,82,0.4526143790849673,140,472,0.491186839012926,418,0.9706755789867875,850,0.20699044161689695,0.5462691039700853,0.24674045441301776
dirichlet_0851,703,84,0.3669985775248933,197,506,0.7280813214739518,573,0.9690518657019477,851,0.4045802184673706,0.3038415642567152,0.29157821727591415
dirichlet_0852,703,85,0.3627311522048364,199,504,0.7280813214739518,573,0.9667185052418595,852,0.4058830947954308,0.26879063616207055,0.3253262690424988
dirichlet_0853,552,76,0.48188405797101447,128,424,0.36610169491525424,324,0.9615789423153734,853,0.23579666762758525,0.7054277802889866,0.058775552083428224
dirichlet_0854,529,85,0.48582230623818523,102,427,0.3236607142857143,290,0.9522695579905769,854,0.07839668841987182,0.7631670732946138,0.1584362382855144
dirichlet_0855,741,100,0.37516869095816463,175,566,0.5228758169934641,480,0.9708965720353786,855,0.07667955864015151,0.28600514646350444,0.637315294896344
dirichlet_0856,527,80,0.47248576850094876,105,422,0.27175080558539205,253,0.9450003386863901,856,0.0856554466627043,0.8795693978755821,0.03477515546171366
dirichlet_0857,673,82,0.399702823179792,185,488,0.6604244694132334,529,0.9741864935174344,857,0.3427083472166928,0.4069624578831368,0.25032919490017036
dirichlet_0858,660,90,0.39090909090909093,149,511,0.6060975609756097,497,0.9731074869617165,858,0.11581910259545523,0.4091532465311235,0.4750276508734214
dirichlet_0859,619,85,0.40387722132471726,140,479,0.5989974937343359,478,0.9726498867097552,859,0.17341905787263162,0.48380479659996556,0.34277614552740293
dirichlet_0860,751,73,0.4380825565912117,262,489,0.388560157790927,394,0.957216726464384,860,0.6805557161686066,0.263091282320828,0.05635300151056535
dirichlet_0861,600,89,0.43833333333333335,129,471,0.49821215733015495,418,0.9691834441380223,861,0.15334965687627108,0.5507794190824213,0.29587092404130766
dirichlet_0862,701,91,0.38373751783166904,163,538,0.6128266033254157,516,0.9733474914613763,862,0.14189859126785848,0.3556357054310986,0.5024657033010429
dirichlet_0863,745,95,0.37986577181208053,191,554,0.5355969331872946,489,0.9650983974380671,863,0.1706265532730789,0.18303858190196298,0.646334864824958
dirichlet_0864,558,86,0.48028673835125446,111,447,0.37755102040816324,333,0.9586605343284997,864,0.06447417080858069,0.6677097162644636,0.2678161129269556
dirichlet_0865,653,78,0.33996937212863704,241,412,0.42391304347826086,390,0.9330076722709019,865,0.6622197202190866,0.004020031142739525,0.33376024863817383
dirichlet_0866,700,84,0.37142857142857144,193,507,0.7397435897435898,577,0.9718634894679007,866,0.37137598580518333,0.34253306001341755,0.286090954181399
dirichlet_0867,576,88,0.4704861111111111,119,457,0.39164785553047404,347,0.9603974045813216,867,0.08446103005997527,0.6529774965845531,0.26256147335547175
dirichlet_0868,702,85,0.37749287749287747,188,514,0.8168449197860963,611,0.9719864922413493,868,0.32523719969334464,0.3251452770732648,0.3496175232333906
dirichlet_0869,665,94,0.3924812030075188,141,524,0.5480093676814989,468,0.971420091053118,869,0.0576219526153257,0.4321799080823593,0.5101981393023151
dirichlet_0870,751,94,0.38748335552596536,178,573,0.45304437564499483,439,0.9634988019692428,870,0.08027942949878251,0.14087434595695378,0.7788462245442638
dirichlet_0871,746,95,0.3780160857908847,188,558,0.5468577728776185,496,0.9661979673522184,871,0.17454352831767264,0.19921907303109804,0.6262373986512294
dirichlet_0872,727,76,0.40440165061898214,224,503,0.5781071835803877,507,0.9665574191450204,872,0.4991422278060788,0.3109643688148338,0.18989340337908733
dirichlet_0873,745,94,0.38523489932885907,190,555,0.4394250513347023,428,0.9576093746986704,873,0.14024204911295787,0.07470305384602842,0.7850548970410138
dirichlet_0874,551,86,0.4519056261343013,104,447,0.4128654970760234,353,0.9592624925263021,874,0.02127620768606944,0.6393153477959774,0.33940844451795327
dirichlet_0875,723,75,0.38450899031811897,250,473,0.43600416233090533,419,0.9486313039415747,875,0.6609684767206365,0.15339731037699256,0.18563421290237098
dirichlet_0876,616,83,0.45292207792207795,152,464,0.49413145539906106,421,0.9719078470347183,876,0.2633867097199648,0.5399406469924818,0.1966726432875533
dirichlet_0877,714,73,0.43137254901960786,229,485,0.48698481561822127,449,0.9666841513826715,877,0.5623543500936389,0.3527035026914085,0.08494214721495272
dirichlet_0878,724,74,0.4171270718232044,226,498,0.5412946428571429,485,0.9670328879014906,878,0.5223559125520009,0.33313737154666223,0.14450671590133687
dirichlet_0879,704,73,0.43323863636363635,219,485,0.5206703910614525,466,0.9696625637216785,879,0.5156752346651158,0.3873644861437603,0.09696027919112407
dirichlet_0880,715,76,0.37202797202797205,255,460,0.4261954261954262,410,0.9439323128216992,880,0.6814179111958629,0.11092334445218918,0.20765874435194803
dirichlet_0881,750,95,0.38533333333333336,185,565,0.4415983606557377,431,0.9607080660390724,881,0.11297391404123604,0.10801539702884874,0.7790106889299153
dirichlet_0882,580,81,0.4706896551724138,134,446,0.4137142857142857,362,0.966924166528326,882,0.21679416972966967,0.6156337802088913,0.16757205006143913
dirichlet_0883,693,81,0.35353535353535354,210,483,0.6265060240963856,520,0.9581755504688398,883,0.4341379922063041,0.17854906205766696,0.38731294573602887
dirichlet_0884,591,93,0.4230118443316413,116,475,0.4839476813317479,407,0.9655551579127232,884,0.009332490333495617,0.5389684707976866,0.4516990388688177
dirichlet_0885,748,96,0.3850267379679144,192,556,0.452947259565667,438,0.9589087612724725,885,0.1469144191410083,0.09425570808986254,0.7588298727691293
dirichlet_0886,712,88,0.3862359550561798,198,514,0.5110375275938189,463,0.9516951366963516,886,0.3176691435326719,0.07453655878460003,0.607794297682728
dirichlet_0887,535,78,0.4934579439252336,116,419,0.3378226711560045,301,0.9562947055018195,887,0.19894959014712832,0.7677409839681949,0.03330942588467683
dirichlet_0888,753,96,0.3837981407702523,180,573,0.4461538461538462,435,0.9619998018471917,888,0.1045169383616771,0.12421698440535764,0.7712660772329653
dirichlet_0889,629,80,0.44992050874403816,156,473,0.5147232037691402,437,0.9728247497622934,889,0.2807480896173933,0.5217507679894929,0.19750114239311384
dirichlet_0890,712,90,0.3693820224719101,179,533,0.6634264884568651,546,0.9718460567324536,890,0.21477330929681082,0.2983851471511083,0.4868415435520809
dirichlet_0891,753,68,0.4754316069057105,295,458,0.2668463611859838,297,0.9340538694097158,891,0.9433345434331502,0.05294801579563849,0.003717440771211423
dirichlet_0892,679,74,0.36818851251840945,252,427,0.38589211618257263,372,0.9349933282213481,892,0.7310713627619271,0.034890066484475166,0.23403857075359782
dirichlet_0893,739,96,0.3870094722598105,192,547,0.40160642570281124,400,0.9540890238468033,893,0.11397901043008044,0.01503054199759534,0.8709904475723241
dirichlet_0894,672,81,0.3556547619047619,209,463,0.4783092324805339,430,0.940686642615628,894,0.4493593765001052,0.015484291086440108,0.5351563324134547
dirichlet_0895,678,70,0.43952802359882004,213,465,0.49162011173184356,440,0.9693608811295024,895,0.5375931743552664,0.3984175009791471,0.06398932466558668
dirichlet_0896,706,85,0.3555240793201133,203,503,0.6581508515815085,541,0.9620462271850357,896,0.36351907469390504,0.19687663923391385,0.43960428607218116
dirichlet_0897,679,84,0.3799705449189985,178,501,0.7328145265888456,565,0.9743374631412421,897,0.3052733965118886,0.3909158510548149,0.3038107524332964
dirichlet_0898,721,86,0.37725381414701803,207,514,0.582089552238806,507,0.9578821997605113,898,0.32824382961243337,0.14160753201429319,0.5301486383732734
dirichlet_0899,695,86,0.3899280575539568,197,498,0.47921225382932164,438,0.9458799191100691,899,0.3383436403426886,0.022582253800122395,0.6390741058571889
dirichlet_0900,664,79,0.34036144578313254,218,446,0.4977324263038549,439,0.9398466088402992,900,0.5254427945032065,0.03270214702851046,0.441855058468283
dirichlet_0901,734,93,0.3787465940054496,176,558,0.6006904487917146,522,0.9696575900451211,901,0.18865825277213255,0.2547300887953926,0.5566116584324748
dirichlet_0902,616,95,0.40584415584415584,121,495,0.4888888888888889,418,0.9677605379285446,902,0.0032706432790483362,0.49303027688337725,0.5036990798375744
dirichlet_0903,749,97,0.37783711615487314,182,567,0.4957446808510638,466,0.9661268684242971,903,0.10438431186604304,0.1871642757800998,0.7084514123538572
dirichlet_0904,628,73,0.4601910828025478,171,457,0.45361990950226244,401,0.9721174309433481,904,0.4597495574720373,0.5288144044261789,0.01143603810178391
dirichlet_0905,713,98,0.3856942496493689,160,553,0.5256124721603563,472,0.9719365841332476,905,0.05833340859933888,0.3432058009588716,0.5984607904417895
dirichlet_0906,527,79,0.5009487666034156,112,415,0.3229050279329609,289,0.954490533542766,906,0.17233208311642453,0.780904560091789,0.04676335679178656
dirichlet_0907,681,80,0.3406754772393539,223,458,0.5379310344827586,468,0.9479187957640219,907,0.5017626517399032,0.09997587791206845,0.3982614703480283
dirichlet_0908,546,78,0.4706959706959707,119,427,0.36704545454545456,323,0.9613975903922936,908,0.1767106873188936,0.6814789347319619,0.14181037794914442
dirichlet_0909,718,88,0.39136490250696376,198,520,0.4994547437295529,458,0.9511105521495322,909,0.3065281331719196,0.064157430710227,0.6293144361178533
dirichlet_0910,757,70,0.4702774108322325,283,474,0.3116883116883117,336,0.9469211316847431,910,0.8046756933188245,0.17513593397530988,0.020188372705865588
dirichlet_0911,588,70,0.47619047619047616,150,438,0.4212328767123288,369,0.9700539328904604,911,0.38569820472124666,0.6048164591119513,0.009485336166802107
dirichlet_0912,648,91,0.3966049382716049,144,504,0.5973072215422277,488,0.9725539457966046,912,0.10437967853343107,0.4323611859275233,0.4632591355390456
dirichlet_0913,716,76,0.3770949720670391,256,460,0.41985522233712513,406,0.9435362973366643,913,0.6868523589965689,0.1083144159042882,0.20483322509914292
dirichlet_0914,757,72,0.4570673712021136,274,483,0.34923664122137404,366,0.9547214333012536,914,0.7323284091343248,0.2503585011096737,0.017313089756001446
dirichlet_0915,711,72,0.4149085794655415,265,446,0.33724340175953077,345,0.9364464501065943,915,0.8055956286012474,0.061274814378304204,0.13312955702044832
dirichlet_0916,516,77,0.48643410852713176,97,419,0.29613259668508285,268,0.9464510963153002,916,0.010711703643562961,0.8122528565783715,0.17703543977806546
dirichlet_0917,687,77,0.34497816593886466,213,474,0.6076555023923444,508,0.9582007598616731,917,0.4864106386045656,0.19672239963183438,0.3168669617636
dirichlet_0918,695,73,0.381294964028777,258,437,0.3895169578622816,379,0.9386586062656964,918,0.7260675460674235,0.06909116584944185,0.20484128808313454
dirichlet_0919,690,79,0.3507246376811594,207,483,0.6347087378640777,523,0.9604737753139105,919,0.46895705377154073,0.21556034765055507,0.31548259857790417
dirichlet_0920,747,68,0.4725568942436412,295,452,0.26372637263726373,293,0.9320396015357315,920,0.9572076872523406,0.0318570548045947,0.010935257943064698
dirichlet_0921,683,80,0.33821376281112736,226,457,0.5331807780320366,466,0.9461764716455314,921,0.5066762541195026,0.08534480680681558,0.4079789390736818
dirichlet_0922,725,76,0.39448275862068966,235,490,0.5406911928651059,485,0.9624098560489328,922,0.5438214479183336,0.2713363832694594,0.18484216881220686
dirichlet_0923,748,89,0.3917112299465241,201,547,0.4773922187171398,454,0.9516292766204433,923,0.2565117014976927,0.049253779021343154,0.6942345194809642
dirichlet_0924,755,98,0.37880794701986753,175,580,0.4910242872228089,465,0.9695553953108145,924,0.05326750477341424,0.25373843548333785,0.692994059743248
dirichlet_0925,730,91,0.38082191780821917,195,535,0.6090487238979119,525,0.9655029540788551,925,0.2631792337908965,0.20862303842288515,0.5281977277862183
dirichlet_0926,747,95,0.37751004016064255,184,563,0.56,504,0.9674173930774048,926,0.18149982821393798,0.218186103678541,0.6003140681075209
dirichlet_0927,558,88,0.48028673835125446,110,448,0.37599093997734995,332,0.9569370528874376,927,0.040604703760214765,0.680118142032934,0.2792771542068513
dirichlet_0928,652,85,0.38496932515337423,155,497,0.6803594351732991,530,0.9746352893064701,928,0.2429933090819775,0.43049038226432135,0.3265163086537011
dirichlet_0929,718,86,0.3732590529247911,192,526,0.6912669126691267,562,0.9678178711909966,929,0.2910407379420809,0.24607748360258686,0.46288177845533224
dirichlet_0930,656,79,0.3429878048780488,225,431,0.4556541019955654,411,0.9347756506672222,930,0.5885793957724197,0.003680570317097098,0.40774003391048325
dirichlet_0931,686,79,0.3425655976676385,242,444,0.48233995584988965,437,0.9415674120728762,931,0.6147971935409628,0.07209200560495274,0.3131108008540843
dirichlet_0932,516,78,0.4748062015503876,98,418,0.2833698030634573,259,0.9465777280441335,932,0.04840169966691842,0.8312016736050342,0.1203966267280474
dirichlet_0933,707,85,0.3649222065063649,196,511,0.7420178799489144,581,0.9691551681109111,933,0.3946020654164277,0.30108345268462705,0.30431448189894517
dirichlet_0934,718,75,0.362116991643454,239,479,0.5076754385964912,463,0.9526319285897289,934,0.5944214919415716,0.17484569662328164,0.2307328114351467
dirichlet_0935,745,95,0.3812080536912752,188,557,0.5156756756756756,477,0.9645857444937759,935,0.1519136118703052,0.17204892951717693,0.676037458612518
dirichlet_0936,582,72,0.47594501718213056,149,433,0.4143835616438356,363,0.9694789067153091,936,0.3711536868952579,0.6154879346093433,0.013358378495398867
dirichlet_0937,747,96,0.3815261044176707,188,559,0.394240317775571,397,0.9562811184104258,937,0.07713738631812264,0.030185863532278773,0.8926767501495985
dirichlet_0938,524,80,0.46564885496183206,104,420,0.26040554962646745,244,0.9415867492333949,938,0.030147352704308916,0.9012285148249328,0.06862413247075826
dirichlet_0939,751,73,0.4447403462050599,274,477,0.3525456292026897,367,0.9501497182988901,939,0.7449790511832342,0.1965869212293564,0.05843402758740947
dirichlet_0940,585,90,0.4461538461538462,121,464,0.4838709677419355,405,0.9674308418594524,940,0.131977942246059,0.570907852512443,0.29711420524149795
dirichlet_0941,519,80,0.47398843930635837,98,421,0.279651795429815,257,0.945412020839464,941,0.037935602210812006,0.8432564086980371,0.11880798909115091
dirichlet_0942,567,89,0.4462081128747795,109,458,0.4332552693208431,370,0.961568297520773,942,0.060482394358314345,0.6252877027613527,0.314229902880333
dirichlet_0943,741,89,0.3940620782726046,201,540,0.5262008733624454,482,0.9579349769158102,943,0.2646862551112761,0.12181332752787613,0.6135004173608477
dirichlet_0944,709,86,0.36812411847672777,186,523,0.7557840616966581,588,0.9701034678572606,944,0.30473479421997424,0.2837645713221519,0.4115006344578739
dirichlet_0945,692,82,0.342485549132948,204,488,0.6633785450061652,538,0.9615192050794561,945,0.4336208170192899,0.21462766715521164,0.35175151582549835
dirichlet_0946,643,79,0.447900466562986,172,471,0.5330188679245284,452,0.9737004212699233,946,0.34288453876640407,0.4983503622890951,0.158765098944501
dirichlet_0947,688,74,0.42877906976744184,208,480,0.5353881278538812,469,0.9708556039373877,947,0.4939682473642472,0.40483823558876625,0.10119351704698654
dirichlet_0948,728,77,0.4052197802197802,224,504,0.5774487471526196,507,0.9669245371651615,948,0.49903591975658734,0.31712530945226775,0.183838770791145
dirichlet_0949,755,69,0.4728476821192053,293,462,0.2743682310469314,304,0.9363075827236962,949,0.9174613669849188,0.07513124046477714,0.007407392550304121
dirichlet_0950,704,76,0.3508522727272727,236,468,0.5122222222222222,461,0.9484117750957144,950,0.5948287743769737,0.13177912175362097,0.2733921038694052
dirichlet_0951,695,78,0.3424460431654676,230,465,0.5294117647058824,468,0.9498873324399407,951,0.5686075860262155,0.13843176200950433,0.29296065196428006
dirichlet_0952,745,96,0.3865771812080537,191,554,0.3799212598425197,386,0.9555263897809991,952,0.05872206569035455,0.009800959843929041,0.9314769744657164
dirichlet_0953,760,94,0.38421052631578945,174,586,0.4459183673469388,437,0.964727103675567,953,0.04081801279673342,0.1537346632332849,0.8054473239699815
dirichlet_0954,685,78,0.34306569343065696,239,446,0.4894561598224195,441,0.9436351145205045,954,0.60457128141134,0.08871805655942441,0.3067106620292355
dirichlet_0955,669,79,0.33781763826606875,219,450,0.49492671927846676,439,0.939896578867502,955,0.532178650937984,0.035195833423711645,0.43262551563830437
dirichlet_0956,675,81,0.3511111111111111,214,461,0.5,444,0.943291984808903,956,0.45338281162312327,0.04170844890948508,0.5049087394673917
dirichlet_0957,711,87,0.3909985935302391,197,514,0.4662379421221865,435,0.9460452259330229,957,0.3072616959380786,0.010134529467558766,0.6826037745943626
dirichlet_0958,742,71,0.431266846361186,277,465,0.3361986628462273,352,0.9426257578858861,958,0.7950393781189585,0.12379766559334837,0.08116295628769307
dirichlet_0959,725,75,0.3931034482758621,238,487,0.5253863134657837,476,0.9620494726913483,959,0.558170630855922,0.2733071663229177,0.16852220282116043
dirichlet_0960,532,84,0.4924812030075188,101,431,0.32405345211581293,291,0.9516858303174668,960,0.05598665388988605,0.7599572845504079,0.1840560615597059
dirichlet_0961,691,71,0.41678726483357453,267,424,0.3138401559454191,322,0.9297732320509042,961,0.8724412155496695,0.0022294712946097917,0.12532931315572068
dirichlet_0962,661,79,0.4205748865355522,180,481,0.6171779141104294,503,0.9745401031556749,962,0.3250768233001396,0.4391389464540513,0.23578423024580908
dirichlet_0963,751,94,0.38348868175765644,176,575,0.4279918864097363,422,0.9626546314117072,963,0.05732926466021458,0.12204908338691757,0.8206216519528678
dirichlet_0964,674,70,0.4465875370919881,213,461,0.46424642464246424,422,0.969200185576381,964,0.5597819393215027,0.41512152567074306,0.0250965350077542
dirichlet_0965,658,76,0.34498480243161095,241,417,0.4231601731601732,391,0.9353778356440341,965,0.680971464632658,0.029596405654902746,0.28943212971243926
dirichlet_0966,587,75,0.4684838160136286,149,438,0.45838218053927315,391,0.9711584735096318,966,0.3104760237008762,0.5684290548689389,0.12109492143018476
dirichlet_0967,622,84,0.40353697749196143,145,477,0.6027568922305765,481,0.9735046157020995,967,0.21563828274027644,0.4790582177624101,0.30530349949731345
dirichlet_0968,728,91,0.3804945054945055,196,532,0.5774487471526196,507,0.9623398898564358,968,0.25964033338447184,0.16960285446827908,0.5707568121472492
dirichlet_0969,757,92,0.3857331571994716,201,556,0.4806282722513089,459,0.9576622743151177,969,0.1940191428852101,0.09488130365664241,0.7110995534581476
dirichlet_0970,730,78,0.40273972602739727,223,507,0.5905963302752294,515,0.9668003255801086,970,0.49057307961953145,0.31017854509812026,0.1992483752823484
dirichlet_0971,689,84,0.37155297532656023,188,501,0.7345360824742269,570,0.972981940504244,971,0.3550012973303651,0.3632938434832759,0.28170485918635885
dirichlet_0972,706,85,0.3668555240793201,191,515,0.7253164556962025,573,0.9679238363065242,972,0.3208687740821801,0.2557794391445613,0.4233517867732586
dirichlet_0973,729,86,0.37997256515775035,201,528,0.5986159169550173,519,0.9619359081154563,973,0.2917363460817616,0.17426467974259702,0.5339989741756413
dirichlet_0974,653,79,0.4226646248085758,170,483,0.6152897657213316,499,0.974599825976819,974,0.29525317267035905,0.44942524710297194,0.25532158022666895
dirichlet_0975,710,72,0.3929577464788732,250,460,0.40205128205128204,392,0.9464656228714166,975,0.6944922743239532,0.1401649427990327,0.16534278287701412
dirichlet_0976,695,74,0.3539568345323741,227,468,0.5311438278595696,469,0.9523533022178681,976,0.5703338198627411,0.16384863522973828,0.2658175449075207
dirichlet_0977,740,96,0.38513513513513514,192,548,0.3997995991983968,399,0.9551894146943662,977,0.10505854397254723,0.02673155361232952,0.8682099024151231
dirichlet_0978,740,70,0.4540540540540541,287,453,0.2804766269477543,306,0.9330505859364653,978,0.9153813030540707,0.039572139390764455,0.045046557555164866
dirichlet_0979,721,75,0.39667128987517336,236,485,0.5277161862527716,476,0.9628581955419476,979,0.5530386191813165,0.2823334495141094,0.16462793130457407
dirichlet_0980,741,95,0.3792172739541161,181,560,0.5567928730512249,500,0.9697711009722877,980,0.14174476704139852,0.25363908212329145,0.60461615083531
dirichlet_0981,638,94,0.4059561128526646,139,499,0.56590084643289,468,0.970890154360932,981,0.07181626872681587,0.46466263513842815,0.46352109613475595
dirichlet_0982,580,78,0.4706896551724138,148,432,0.4383720930232558,377,0.9697572692485033,982,0.2929049559313628,0.5926426596314882,0.11445238443714889
dirichlet_0983,530,81,0.48867924528301887,98,432,0.30439560439560437,277,0.9485548801239664,983,0.03660761099725631,0.7948086265939044,0.16858376240883935
dirichlet_0984,727,93,0.3782668500687758,183,544,0.616822429906542,528,0.9680302087722679,984,0.22476946091508485,0.23445429943132337,0.5407762396535919
dirichlet_0985,724,94,0.38535911602209943,167,557,0.5675368898978433,500,0.9727933046271675,985,0.10826227679278276,0.3483537796916144,0.5433839435156028
dirichlet_0986,700,84,0.38285714285714284,198,502,0.69625,557,0.971653099862033,986,0.39172104911161454,0.34829957917264276,0.2599793717157428
dirichlet_0987,603,94,0.417910447761194,121,482,0.5017878426698451,421,0.9675080338878358,987,0.018272325043869185,0.5079093778062849,0.4738182971498459
dirichlet_0988,740,94,0.3864864864864865,191,549,0.4182741116751269,412,0.9539748287252467,988,0.14376188782106805,0.02769309336598435,0.8285450188129476
dirichlet_0989,672,77,0.42857142857142855,200,472,0.552570093457944,473,0.972356362379913,989,0.45594744692196926,0.4279341792244281,0.1161183738536026
dirichlet_0990,718,96,0.38440111420612816,166,552,0.5345982142857143,479,0.9720265030856603,990,0.0727980751939526,0.33301549995723967,0.5941864248488077
dirichlet_0991,762,95,0.38320209973753283,172,590,0.43623481781376516,431,0.9649694391245787,991,0.026442350338372916,0.15599370995714593,0.817563939704481
dirichlet_0992,733,93,0.3806275579809004,194,539,0.5885714285714285,515,0.9641990118971827,992,0.2510504926610131,0.18947810065404502,0.559471406684942
dirichlet_0993,701,77,0.362339514978602,250,451,0.4309799789251844,409,0.9431365508895786,993,0.6715794126739152,0.10064262858395061,0.22777795874213425
dirichlet_0994,714,77,0.38095238095238093,219,495,0.5886442641946698,508,0.9619903405698924,994,0.5148023353900962,0.2523430574722311,0.23285460713767264
dirichlet_0995,753,73,0.44621513944223107,266,487,0.35969141755062684,373,0.954229865336914,995,0.7194753674651622,0.23878883643890528,0.04173579609593272
dirichlet_0996,726,70,0.4476584022038568,243,483,0.38994974874371857,388,0.9617281464918498,996,0.6546752017678547,0.3187522345222812,0.02657256370986425
dirichlet_0997,734,89,0.3787465940054496,197,537,0.6118192352259559,528,0.9644206968709922,997,0.2741756716295731,0.1981371489724977,0.5276871793979291
dirichlet_0998,586,72,0.4761092150170648,149,437,0.42873563218390803,373,0.9702220689951644,998,0.3561955297438235,0.5970829297938014,0.046721540462375
dirichlet_0999,750,97,0.38133333333333336,185,565,0.5,469,0.9654280407684165,999,0.12297000061384192,0.17903518176019576,0.6979948176259623
