component_id,need_composite_z,residual_public_support_gap_z,canonical_2024_q75
1,-0.5428506548210359,0.6945729374719869,False
2,-0.3488124862407054,0.1599106441151364,False
3,0.3185412694813042,-1.5016574006196344,False
4,0.3695362691894607,0.3844138936095426,False
5,0.4353111193782644,-0.7918755876521044,False
6,0.8393612165091828,-0.9970866031094308,False
7,-1.376036160279931,-0.720952374017728,False
8,-1.01388954586726,-0.7872260799513723,False
9,-0.195213582106452,-0.7448992515188773,False
10,0.0612282113903423,0.4388083889471267,False
11,-0.0010827316820404,0.5094962477941762,False
12,0.7079206897747243,1.0582073725081682,True
13,0.5063352165167353,0.579952026436752,False
14,-0.2375060805106067,0.3938759144908112,False
15,-0.5292137960410281,-0.2716025025333001,False
16,-0.4244401403706856,0.3296653335520514,False
17,0.5541056056004434,0.4310717895898023,False
18,0.6662912611672589,0.8837815780025102,True
19,1.2969391329078803,1.0361687025059831,True
20,0.2887465620784686,0.7664991591554208,False
21,0.669213664879367,0.8233538601347177,True
22,-0.6121434228239511,1.604453951499122,False
23,0.7820654251522532,1.0269017227826789,True
24,0.1845086551691753,-0.5708152215644171,False
25,-0.2662582787302954,0.7348355913916379,False
26,1.7739218978694886,1.2150956971264777,True
27,-0.0512765192571425,0.3395447988071618,False
28,0.9017487688594084,-1.3043472657914503,False
29,-0.4031637589968823,-1.048509741160958,False
30,0.9875888742304392,-0.5586619506436945,False
31,1.2869777107446956,0.670643973841313,False
32,1.8742013551435408,1.8288143791498648,True
33,0.0212000454725292,0.1492029724513602,False
34,0.1821137001882647,-1.2650620548094291,False
35,0.0554796028725305,0.468478137377412,False
36,0.746592558124313,0.9749543820255616,True
37,0.6401403502708045,1.0854787529165195,True
38,-0.2289392014745484,0.7296893283116723,False
39,-0.4027729118464176,-0.7150992188435796,False
40,0.2822471472481251,0.816341713954054,False
41,-1.1096106682763762,0.3603730916310371,False
42,0.1420623762336541,1.0574756634017146,False
43,0.2372505534344005,0.4771370632309085,False
44,0.7642829724420682,0.7412531807714393,True
45,-0.4089591054669207,0.633127730683921,False
46,0.3091342951381853,1.481358467994897,False
47,0.1117100310968361,-0.182649450227931,False
48,1.3020007149792665,0.7901449070663249,True
49,0.0336560203437811,0.715313759799006,False
50,0.0038517207172386,-0.651401945861366,False
52,-0.0228346949904943,0.9994743011645092,False
53,1.2346294279166543,1.1788151418299426,True
54,1.5911786742158076,-0.87443631259105,False
55,-1.3339429150595898,0.9198258618157108,False
56,2.553671841832088,1.7138787678168583,True
57,0.2353162582333856,1.1571526271618344,False
58,-0.7046256698951303,0.8146354264598807,False
59,2.0510113416597067,-1.1249782593471007,False
60,-0.8621655551275563,0.7101127110983949,False
61,-1.3015275600738896,1.196781849124893,False
62,-1.5208904981458695,0.808822794125676,False
63,1.8490742267049696,-0.8135314451522146,False
64,-0.4873697596552483,0.8892654096759904,False
65,0.7250476389982885,-0.6709477342077803,False
66,1.9321593859630035,1.2055578008160623,True
67,2.184382951673239,-0.8065497466586227,False
68,2.4527374663722323,-0.3109223371579273,False
69,1.7376920495856598,-0.64290409517997,False
70,1.709775559508521,-0.7741304635936093,False
71,0.1871758012954896,0.7652084177318219,False
72,2.173219741139655,-0.3213540860070665,False
73,0.6521635854041615,-1.2821223659065062,False
74,-0.3160289804184046,-0.4674834094664126,False
75,1.6870974949509323,-0.6865964558764313,False
76,0.5974987834904765,-0.7429510319517165,False
77,0.2876195509900912,0.6134798296054887,False
78,0.0017581687341308,0.2738352853441191,False
79,1.661168812201382,-0.417517747596472,False
80,2.1266841042514537,-0.2384826548536222,False
81,0.4042178317065724,0.3777304468191612,False
82,0.8464456659016152,-0.6768538804671398,False
83,1.2981479444320507,-0.5819364165952725,False
84,-1.5509281591006367,1.4563749556754733,False
85,0.2772150613266005,-0.6733268592958286,False
86,-0.9270987686329836,-0.8702303608169689,False
87,1.4442381031381306,1.3625855305278545,True
88,0.5800057551315729,-1.273354568385931,False
89,1.6515081156591722,-0.972425481331327,False
90,-0.9806169777771304,0.9772357717991909,False
91,1.5679799067244873,0.9842321638877122,True
92,-1.7486420950230253,1.3099971616494082,False
93,2.0398822967696475,1.3187943451681683,True
94,1.8518229251602936,1.387427978201513,True
95,1.224382322788531,1.2929192136564127,True
96,-0.7685116887863392,0.4959965692106166,False
97,0.7229771303356888,-0.673698875418048,False
98,1.4951071055684406,1.1384365825100482,True
99,1.9732765454063512,1.3721447512430258,True
100,-1.476942925918843,0.0756080827293006,False
101,0.6168821536473587,0.6646993235434795,False
102,1.1762389768964177,-0.7136804804404007,False
103,0.8779073228190127,0.3616706191167306,False
104,1.4443916474046508,-1.063284223934995,False
105,0.388588197989718,0.8358635769973801,False
106,1.647094505491674,1.0422578584661433,True
107,0.3924350503315634,0.7388817136101014,False
108,0.3790759247318951,0.933918290695736,False
109,1.8168867448596209,-0.4123597419993581,False
110,0.6906945712072061,-1.0245865741800702,False
111,0.1708247282876816,0.5365322319959029,False
112,0.1778874306194729,0.0914506648186203,False
113,-1.161605616412181,0.243509358927521,False
114,-0.4862403649986819,1.5327665239805517,False
115,-0.6501723622253556,0.8473528267836985,False
116,-0.7086339459749863,-0.7360585107428906,False
117,-0.6701956414116435,-0.6988447921470493,False
118,-0.861776014317832,0.2918387887543481,False
119,0.7300703212581465,1.2216678557420555,True
120,-1.4594691141593683,0.8945311975395692,False
121,-0.8439742505893871,-0.8871597269161215,False
122,-0.2288688540191491,-0.7597495748340933,False
123,1.2191178093443067,1.0236294577235496,True
124,-0.7367421259093683,0.3924819094921857,False
125,-1.5212216405137342,0.9481567701764226,False
126,-0.078701852319363,-0.7996371586181639,False
127,-0.4790012615883811,-0.4102797374103498,False
128,-0.3278954539144229,-0.5047672497758456,False
129,0.3170071694616769,-0.4592347598348113,False
130,-0.2808628125366847,-0.1138126182083814,False
131,0.0300377008853457,1.0294288526530373,False
133,-2.321692702247824,-0.6225646349937839,False
134,-0.5139488381283036,0.8854348936875884,False
135,-0.4323080083136653,-0.0861855264656056,False
136,1.387656222870049,0.968361380495168,True
137,-1.279144265736563,0.4594497531648511,False
138,-0.195721663948259,0.4592073246716118,False
139,0.7594624578661712,-1.364715441004805,False
140,-0.5048752930905563,0.430204908759082,False
141,0.559520049300477,1.168584878332651,False
142,0.4027143114609903,-1.3186672188137336,False
143,0.1322633130052873,0.6474700871362576,False
144,-1.292938119860271,1.4980518135278378,False
145,-0.8727867513161907,0.6387432186670068,False
146,-1.102509158760322,0.7075829712879267,False
147,-1.0787378413843434,0.0719501936829951,False
148,-0.93282595001494,0.6000208718432456,False
149,0.562873548581343,-1.3433658273122009,False
150,0.3329507692336732,0.8930873373236555,False
151,-0.0630617198392391,0.4786053754983055,False
152,0.7702739466020107,-0.602635450493316,False
153,1.330030404490136,-0.8228592153110086,False
154,-1.3529023383234826,-0.5897668405184027,False
155,0.4634220742475317,1.6015194193823006,False
156,0.0544182103747267,0.5343223295047617,False
157,0.8264663752128452,0.9302647626075736,True
158,-1.5223801567771846,-0.2179061415619927,False
159,1.4398674944399277,0.9155438175140186,True
160,-1.4505502324303028,-1.356382667022724,False
161,-0.8284264803399523,0.7087216172718317,False
162,0.1956433755604106,0.9146750171779208,False
163,0.3302683811098746,0.4060376728205165,False
164,-0.2371514873582265,1.21054829035983,False
165,0.5194101439912551,0.0520809059531522,False
166,-1.4092361149789283,0.145731352423405,False
167,-0.0467986446578149,0.7783378859222387,False
168,-1.069042174306758,1.072295550090693,False
169,1.146895294264053,0.6120921850615453,False
170,0.0655213938712482,0.9098353470539609,False
171,-1.1511935288020887,0.4867603770808102,False
172,0.6173947915094886,0.7014050980525461,False
173,0.8786248543826374,-0.9351741899611148,False
174,0.485590352281058,0.6721320470529311,False
175,0.695678410223623,1.806098428271044,True
176,0.0271963244562802,-1.4207886064673718,False
177,-0.5341911842710972,0.7158033474224776,False
178,1.4567664408599097,-1.4606565230030797,False
179,-0.838259001494559,-0.8853330112072582,False
180,-0.3734854300171123,-1.4161632873560834,False
181,0.8232172873379556,-0.6899063764655191,False
182,2.3830178050740165,-0.913726178828721,False
183,0.7550299893281947,0.8568205574382775,True
184,0.4428760974285519,-1.3432188329065482,False
185,-0.3468490318019301,0.6494178447079939,False
186,0.458316639824862,0.728405046559758,False
187,0.73771315401992,1.293891753003735,True
189,0.988051059067894,0.3909585365314352,False
190,1.6179527095638455,0.8209612508768274,True
191,-0.414438776943661,0.1490903019035849,False
192,0.3230350918975774,0.5340784655209687,False
193,0.5344630718178599,-1.2717311279848298,False
194,0.2051736696293574,1.349339757411071,False
195,0.2846962686529443,-0.6560293653874247,False
196,-0.7181286755149915,-0.47940411558687,False
197,-0.9427752844987932,-0.8074820669000456,False
198,0.0321744620063691,1.046931668598806,False
199,0.3367787225554248,0.7125187065970708,False
200,0.3401510225556398,0.6177400886218963,False
201,-1.1896191888426433,0.3763865092774005,False
202,-0.4816102443220866,-0.9756246465475812,False
203,-0.7820792463740976,-0.5898855003831054,False
204,-0.0019773385896875,0.2335349316597308,False
205,0.090548160609214,-1.436568517917188,False
206,0.685026419641175,4.522037667156317,True
207,0.784597613495615,0.5884616137662849,False
208,-0.3662792832735245,1.671991885845858,False
209,0.6258315228698446,0.9936758255369598,True
210,0.1455473122385707,1.283487363970383,False
211,0.2211349122599445,0.4260563960377171,False
212,0.5210791929716906,-1.072424669368365,False
213,0.6660724939990428,-1.1842862927348352,False
214,0.0651225084385843,-1.1763819994596725,False
215,0.7689285046263084,-0.6006654661346027,False
216,-0.2612572231860194,0.5264292250184102,False
217,1.1742970910123969,-0.5439017797286922,False
218,0.0409193427284994,0.7135901447072968,False
219,-0.1145852443472525,0.7917567682376215,False
220,0.2152655994077612,1.6166580052597346,False
221,0.1141318484317839,0.8098043114516058,False
222,-0.9777463957498576,0.603476524044982,False
223,1.0240289089572494,0.9619456737942578,True
224,-0.3513817901015274,0.3572864124884557,False
225,-0.257793344230819,0.5731292170884148,False
226,-0.5162478054950772,1.6923573509162146,False
227,0.0864671738842314,-0.749839752762839,False
228,-0.4746739343337007,-0.5710572939741502,False
229,-0.3491741075949223,0.488778467726237,False
230,-0.9224835393930132,0.3076476771668154,False
231,1.8212623938451056,-0.3000115233892477,False
232,0.3703581272267174,0.8046530226419677,False
233,1.786935649316199,1.5064129860522857,True
234,-0.7831009684135111,1.5445792991176623,False
235,2.1948554201230133,-0.5468410475407284,False
236,2.003963679121099,1.5689820788647395,True
237,0.4737693532748216,-0.1020805606711026,False
238,-0.4457081295939175,-1.3716990852704214,False
239,-0.4324505209303255,0.5567430010949215,False
240,-0.7293400253647522,0.4275103695552309,False
241,-1.7949063951241782,-1.1121932737173978,False
242,1.6717786655018068,-0.4397014507566945,False
243,-0.8974416412841679,0.647718188372361,False
244,2.3706804143151303,-0.6252148141861442,False
245,1.3202109596652825,1.4903948264531204,True
246,2.1473445063462515,-0.3739950365378413,False
247,0.5825503948978443,-0.6455877967769763,False
248,1.4190276388497098,0.0935037159977085,False
249,2.06341837544371,-0.6148309434996908,False
250,-1.4309439064447371,-1.2989447025243537,False
251,1.8649291449054173,-0.2242404739150583,False
252,1.4454151228106502,-0.8886804587468078,False
253,-0.3709790469405214,-0.2514098020620424,False
255,0.8189815371041432,0.8477738441234783,True
256,2.028640923259729,0.3700373486312101,False
257,1.6826590964508648,-0.9905540416881524,False
258,1.4856199345662644,-0.0398510154675985,False
259,-1.43375879483235,0.3052583949964572,False
260,1.1116881148448234,-0.8665670892371449,False
261,1.4412484182729954,1.0049501163242158,True
262,-1.2303829189013975,1.4588551869623665,False
263,0.1959436235873221,-1.060290533987263,False
264,-0.9641079030083533,0.0890815022959109,False
265,0.5756549237255526,-1.0133795636481993,False
266,-1.493876341355356,0.4540291650910493,False
267,1.1590672196016514,0.4678856499269093,False
268,-1.470578982318499,0.0886288756302104,False
269,1.3429150040315605,0.8342312108829305,True
270,-0.4288484670154486,1.433478751954208,False
271,0.8225874512765606,-1.1743806337895466,False
272,1.5337819245951758,0.8978776724505546,True
273,1.2018346951348715,0.5380373448935963,False
274,-0.152966357362567,-0.6865823246684977,False
275,1.3581104426790471,-0.3810381365211548,False
276,1.6243247369142035,-1.1516225200264751,False
277,0.6040230054743504,1.36548390345425,True
278,0.7699924537408952,0.8032599658037486,True
279,0.3275086259021862,0.3708027505913187,False
280,1.1084457478705605,1.2343882743565178,True
281,0.6545658703892656,1.2229256495993055,True
282,1.3747560761118611,1.3139741434855057,True
283,0.0186928380666469,-0.042460143620403,False
284,1.2653886470172653,1.0987834052402214,True
285,1.1725011016835485,1.1211767602400868,True
286,-1.7360491568988687,-0.0799821715501358,False
287,0.3049007369417538,0.4494551163907808,False
288,0.2841454587173497,-1.4407367386184715,False
289,-1.6697348259755191,0.1758254944521424,False
290,-1.7161452595868094,-0.0042864214353968,False
291,-0.0464455178461764,-1.262102548617596,False
292,-1.058535234163091,-0.0460544923769928,False
293,-0.6811438048559699,-0.3263677921786424,False
294,0.9400683231708612,2.044671901051329,True
295,-1.352152815921813,-0.7152851931230868,False
296,-0.9474255858092848,-1.1827467324786498,False
297,-1.0105893535949426,1.4161835897754615,False
298,-1.2765008538932248,0.1787654363525623,False
299,0.3283485041730161,-0.6129445583422954,False
300,-0.5481616220720429,-0.4699073265304547,False
301,0.2915140279128833,0.3233178266189466,False
302,0.9768099150662964,0.2101394595386301,False
303,0.3331422655670776,-0.7473810902248437,False
304,-0.5970037896383374,-0.2988656173944722,False
305,-0.7321384401540977,-0.5429997003805774,False
306,-1.0319284651563527,-0.8667553002983165,False
307,-0.7951217133265627,0.4242720875959424,False
308,-1.1255084022481756,1.3539007028207446,False
309,0.5600563929372008,0.6107627459088908,False
310,-0.297367185450433,-0.307439822579281,False
311,-1.6113533814673613,1.351068452503846,False
312,1.2769159379280517,-0.6333751368458301,False
314,0.0774468767973675,-0.2944066255284633,False
315,0.6595976994991622,-1.1537067717920195,False
316,-1.6433454702980654,-1.2955524648995602,False
317,-1.3586814933934317,0.8633903657287536,False
319,-1.2720847658439054,0.0900685991232222,False
320,-1.2143616192841138,1.2904300576273968,False
321,0.2798733160800322,-1.2164086315408382,False
322,-0.2066230003946608,0.4798762162038524,False
323,-0.0707211449442356,-0.5678356371243579,False
324,-0.9293390591185466,-0.8426100002469132,False
325,1.1421082270622216,-0.6015158596371065,False
326,0.0595012400025063,0.7621059032850821,False
327,0.2381700555597522,0.8899927539962571,False
328,-1.4108887710906683,0.2109990994347619,False
329,-1.2074809178626034,-1.139323852831687,False
330,-0.1328689913501829,0.3848153313376421,False
331,0.2134383315396507,-1.1755851603069924,False
332,-0.0453915445460713,0.0997089832807878,False
333,0.1288990912956873,1.052034852262428,False
334,-1.2909101314397904,-0.374331525340965,False
335,-1.267772183326921,-0.7639764592904988,False
336,0.3970116850766021,-0.0155295705632094,False
337,-0.3160924399862582,-0.7294548338685515,False
338,0.2243463527081012,0.5304444423847652,False
339,0.0129049172368089,1.181628384234095,False
340,0.1969510744365527,-1.264641392065317,False
341,-0.4019416463649971,-1.231206240231115,False
342,-0.0464045419601883,-0.8821284570293502,False
343,-0.2353749402515327,-0.8499134483107497,False
344,-0.3274086823345134,0.8512019396112229,False
345,0.947903581046645,-1.6457147118504225,False
346,-0.3114906345887022,-0.5205479382134002,False
347,-0.7957101182767669,-0.9473627918014964,False
348,2.155691535480431,-1.505985266918722,False
349,2.1580851803838685,-0.4267644963926257,False
350,0.8432824707426814,0.4917563001533707,False
351,1.9394337092126497,-0.3971467929502326,False
352,0.3091375259757674,0.7274107022893181,False
353,1.2227781323923437,-0.4245591953363008,False
354,-1.5759663153954968,1.5736356111866598,False
355,-0.2153121898204797,0.3084629593085558,False
356,0.5495999449029633,-1.4643705549854549,False
357,1.1383560688693088,1.597778774506722,True
358,0.7963882051278341,-0.2550654887320163,False
359,-0.3655852214726537,-0.349407627936739,False
360,-0.6710631324616648,-0.814406582976082,False
361,0.4258385436364978,0.1318012101760697,False
362,0.5413718282630322,0.79969383267488,False
363,2.063922428198991,-0.7824259254747192,False
364,-0.5268103499749651,1.1810082926558665,False
365,-0.4743005573561783,-0.983508996391688,False
366,-0.2057074571663411,-1.2016879143048134,False
367,1.0468807958975348,-0.7412705895837098,False
368,-0.4853188876612538,-1.0992007858345607,False
369,0.6420790440748205,2.911855161269824,True
370,0.3384330969313788,1.0308029316919791,False
371,-0.4990005634334989,1.1051901714949586,False
372,0.6087966777713708,1.435111157962663,True
373,0.2772809903433726,0.97878134306391,False
374,0.0602045172091402,0.6395557865749423,False
375,-0.9202023482153622,0.351548263872117,False
376,0.4926217965867036,-0.8445754075595845,False
377,0.6469408413624074,1.2393001496973604,True
378,0.7151604636196466,-0.6857101910144225,False
379,0.4571454789570919,0.529250319064434,False
380,-0.5543308240341754,0.6841366163371452,False
381,0.0667213927995764,0.4044081220622972,False
382,1.2056941527196043,1.3405761048797369,True
383,-0.4157700346540305,1.4379791551533578,False
384,-0.8758048143273548,-0.7252497082819529,False
385,-0.2587337486864429,1.5572784522703376,False
386,-0.5479901936014105,0.2277028568586305,False
387,-1.0118113213831152,0.6868479931568382,False
389,-0.2958818503355268,-0.7520873357125414,False
390,-2.132936664091948,-1.5285240068995771,False
391,-0.4854060242275809,-1.2005211323114182,False
392,1.3871309693122735,-0.3485483147354216,False
393,0.2823739546589324,1.6968829153498488,False
394,2.296529903257317,-0.2335050848408963,False
395,-0.2533486149138962,0.6577751520088373,False
396,1.823069462705988,-1.0153025037858856,False
397,0.4391617670718692,0.715186605699384,False
398,1.4724364108262111,-0.7691288090405866,False
399,-0.5888791464050243,-1.340303873394913,False
400,-1.244929359660369,0.1869661602841055,False
401,-0.7165674920664329,1.4807011720848051,False
402,-0.8561966386222514,0.836020152606067,False
403,1.9632649246352205,-0.1469281085412721,False
404,-0.8749957532615701,0.8266777625233694,False
405,1.9978073969740204,-0.5304539356040969,False
406,2.3106541769778866,1.407152879317057,True
407,2.423382037743491,-0.2303321182599387,False
408,0.2806822339947872,-1.3731428616631347,False
409,1.5483763317385062,-0.3263018484724624,False
410,1.927652429910911,-0.3868204049780661,False
411,-0.1739335166849862,-0.6600323020823773,False
412,1.944145562901276,-0.7206735556345314,False
413,-1.1506651035964204,-0.5550162920328067,False
414,0.9571893030830004,0.9865188948694824,True
415,1.4048177395597488,-0.8649477137993864,False
416,1.9535103340608664,1.2056338855849085,True
417,0.9763172165167348,0.6584509769337513,False
418,-1.5311129796139218,-0.2499052855077116,False
419,1.9462979705576269,0.8962290151662814,True
420,-0.26774111058788,-0.271735395533644,False
421,-1.6091403354217129,1.0180770971095476,False
422,1.5765941546607751,-1.089729173551682,False
423,0.477117152445398,-1.3031539953334557,False
424,-0.6158991835969728,-1.0272698446660404,False
425,1.0678606165664657,-1.34638449263149,False
426,2.0132407833941475,1.352315685349913,True
427,-0.130786927337277,-1.7531140245252403,False
428,-0.5293706637276808,1.3967202968225387,False
429,0.3140211537535464,0.9107425483510728,False
430,0.4111634691938259,-0.4768031077136685,False
431,1.2975667052748483,-0.2958346433903334,False
432,-0.0599629576497141,-0.2804985153482541,False
433,0.6329899038802721,-0.8356827014758126,False
434,1.749718045298191,1.2669228467185605,True
435,1.8460574740369124,1.150694128336555,True
436,1.2967788509769769,-0.0340926326157076,False
437,0.426059023489599,0.2108318886172718,False
438,1.425973705284041,0.9176997968299996,True
439,0.3747090439874629,0.7101809041397038,False
440,1.2275271499608476,1.1876170143441689,True
441,0.2487629099013929,-1.0896396191688236,False
442,1.1205649485600635,-0.5439517051184399,False
443,0.0499736400131609,-0.045543273738844,False
444,-1.6515676816975842,0.2785300682763214,False
445,-1.4805220341212073,0.3459210944401775,False
446,-0.3911516968165621,0.6096972051528958,False
447,-0.513615578382539,-0.483047293558279,False
448,-0.8225279930511112,-0.4016584245324978,False
449,-1.8192182740758,-0.7989028043437943,False
450,1.3308821125671917,1.3942186137369734,True
451,-1.398979812870449,1.381792080988523,False
452,-0.8899268469706313,-0.7053599022378798,False
453,-1.3736533877979984,0.1450667667289052,False
454,-1.3650546505963943,1.2328457327086095,False
455,-0.8703886407063246,1.69093831267367,False
456,-0.6130236962877488,-0.8401475546829473,False
457,1.0672235101997387,-0.1078868667895514,False
458,1.3755139727673291,-0.0057914767658378,False
459,0.5697107674978509,-0.0389362748843548,False
460,0.1025022663517585,-1.3571275388481938,False
461,-0.1617621648173178,-0.8446126446381863,False
462,-0.8019689714842069,0.5664770070975672,False
463,-0.5127201235111725,0.1746188143627298,False
464,-0.1033069635639429,0.7539926881136285,False
465,0.3385549795775583,-0.1831975729390509,False
467,0.4898569689623384,-0.5771095676754108,False
468,-0.462859954848125,0.0391022589027654,False
469,0.8178007747649829,-0.6542477821764159,False
470,-1.6689314020168018,0.2954280809382083,False
471,-0.2719887713837884,0.8406801547042433,False
472,-0.7566615145055205,0.6208996977162095,False
473,-1.018271358982502,0.0795302401755548,False
474,-0.2961311609813852,0.6279355928472233,False
475,1.2468288169327766,-0.8056813292858251,False
476,-0.1814720505567977,0.250107842375989,False
477,-0.269789827197003,-1.2087790577494633,False
478,-1.2381662863509435,-1.2166062060976996,False
479,0.6483664290820492,-0.5876677210918533,False
480,-0.5049026806657223,-1.1144514349682315,False
481,0.8766131603644174,0.9117099924650668,True
482,-1.5791516611845449,-0.026881033224853,False
483,-1.264559986670718,-0.7925721102513568,False
484,-1.0766427911551726,0.5627286813738865,False
485,0.1539991426215896,-1.1396089321214746,False
486,-0.6429171100276295,0.6552096427609024,False
487,0.1751874279245455,0.7945776284230149,False
488,-1.0716902266530308,1.2440311080892617,False
489,-0.7597536989833231,-0.4947459557848322,False
490,0.2368541354507874,0.7630103766216078,False
491,0.2401169290143707,0.56470141972856,False
492,-0.6357218558657146,0.5628812954437201,False
493,0.2397526361682307,-1.315436018065698,False
494,0.2363115606866031,0.0735011894603885,False
495,0.6776700100345013,-1.1972074462091034,False
496,0.1158706097000125,0.4358356197610913,False
497,0.231628526939791,0.7052760942805402,False
498,0.6686595441950829,-0.6184542324510871,False
499,-1.0426798257449987,-0.7427162846524806,False
500,0.9655892190471436,-1.1260763637992603,False
501,2.0702133018595714,-0.5787018601210647,False
502,1.010019421674974,-0.0948902101128155,False
503,0.8767996880965179,0.3504598940324728,False
504,-0.8089790353147918,1.2664175106496165,False
505,0.8213541612095556,-0.8558590547600937,False
506,1.0505470233349086,-0.8660673506057853,False
507,0.7770531000047979,-1.3098878495640882,False
508,0.1303205154952409,-1.084789788085089,False
509,-0.3190274052150379,-1.2772777084610654,False
510,-0.7875080553822724,-0.722440394619631,False
511,0.365204976527393,0.5763100208051783,False
512,-0.0205227543534764,1.4038256260197464,False
513,1.1289488036705069,-0.5910313282721725,False
514,-0.5343053335771569,0.6692597747276818,False
515,-0.0270437537007018,1.0564917987764444,False
516,-0.3262810221546667,-0.9976490527610182,False
517,-0.3658569398358832,-1.158512645631677,False
518,0.9789123568500604,1.7327953883687006,True
519,0.5356036029285465,3.4029571442555326,False
520,0.7888890247931128,1.7166937059666725,True
521,-1.2710626092886068,1.100750776837372,False
522,0.1603214796946018,0.2239935274555758,False
523,0.275567400983235,0.4761598090614701,False
524,-1.7187533894060425,-0.5717843992143385,False
525,0.8704756989932338,0.6664558309012225,False
526,0.4576764831010612,0.6812839677961076,False
527,0.2095111488089823,-0.5350328599669008,False
528,-0.1440365454851236,0.5263288685259556,False
529,-0.5559271527972574,1.0734394192371148,False
530,-0.0039610894111939,0.8726745565752403,False
531,-1.0166323586726775,1.0311649400481038,False
532,-0.4527494223915358,-0.4233182774091719,False
533,-0.9208042696483916,0.3222420533952277,False
535,-1.2229850136001923,1.4976525300718635,False
536,-0.7833481014345074,-0.8567863956787828,False
537,-0.4690673648629454,-0.7387860429108671,False
538,1.068750950995906,-0.3793636045780639,False
539,-0.0110815081597171,1.2127591830782487,False
540,1.558255392356546,-0.3811657368646304,False
541,-0.519338919662914,1.5993506433815494,False
542,2.2856776529606955,-0.2680031949594648,False
543,0.8382103464137812,-0.3075958854381267,False
544,1.860878845050017,-0.2572092470104556,False
545,-0.335210191015464,-0.5029554665112959,False
546,-1.1759424827315996,-1.4023182858517929,False
547,-1.7651630634218174,-0.515177215660247,False
548,-0.7869069528538518,-0.8137781355336301,False
549,2.27842813379745,-1.0023958781290987,False
550,0.2504945518706703,-0.271036119832267,False
551,2.307955767930431,-0.661462546724279,False
552,0.8895771976210992,-1.0905847314544734,False
553,-0.3542981567696829,-0.6188513980728534,False
554,1.9914882954121376,0.6277457244583922,False
555,1.0776879594128803,-0.0694757406310619,False
556,-0.0764891478414762,0.4812883606022561,False
557,1.6703842907791813,-0.4515833690013777,False
558,1.9616287439017444,-0.6642727921826805,False
559,-0.0421320141477718,-0.988918068021612,False
560,2.032022535106501,0.7919767547225727,True
561,1.6548069955622131,-1.3246830516452115,False
562,1.5149866965457028,-1.0479284824039632,False
563,-0.4275163158772276,0.5452286491319713,False
564,-0.5884266883873722,-0.8289658767295178,False
565,-1.1568234515045954,0.738817388545713,False
566,-0.329456589711721,-0.3904650446524077,False
567,2.1185668128457285,1.27858461152585,True
568,1.5533350917113236,-0.7345240706473664,False
569,-0.1314395746918247,-0.0462070122484876,False
570,-1.8937139491525656,0.6336292874810012,False
571,0.4216147027981022,-0.6319396104596513,False
572,2.0438085080234107,-0.7211902819486984,False
573,1.399689198948003,-0.9155042401544736,False
574,-0.2812639980795838,-0.23869197278075,False
575,0.320655560150524,-0.2122026121834201,False
576,1.3265423821389273,0.7266099228317031,True
577,1.441301854285162,1.304862944055333,True
578,1.5825886613628215,1.2871060932857112,True
579,0.3285729676648172,-0.3249120601071668,False
580,-1.892976192927428,0.5125119510951225,False
581,-0.0180217410432934,-0.6219802440128313,False
582,0.734595464853695,0.4466418883891467,False
583,-1.2120277526792258,0.5784466948298411,False
584,1.0185124864561828,0.9248188587675434,True
585,1.0982583501960894,-0.1409218576242965,False
586,1.954388517802492,-0.5401777904889724,False
587,0.5312858650177004,1.2470212774607772,False
588,0.608685984661567,-0.8964765380191482,False
589,-1.1235564251806145,0.3241295141675009,False
590,1.173348435736732,-0.8129893643988486,False
591,-0.644216038431937,-0.7982088438018036,False
592,-0.904710393598094,-0.5748301982090892,False
593,-1.0891715317200104,-0.6829344044121874,False
594,-0.8845778429329009,-0.6422891317079854,False
595,-1.4991762695608828,0.7556933093551536,False
596,1.0149662824600147,1.111857081981367,True
597,-0.4724324196235153,-0.9693199968198248,False
598,-1.1881688927872784,-0.0468492223185104,False
599,-0.4280257254528968,0.2002971809889272,False
600,-1.1764492985409047,1.567616920738406,False
601,1.1576280386493625,-0.1039671514379638,False
602,0.445349053709419,-0.9247946649643872,False
603,-1.2012516977413108,-0.2317501325907833,False
604,0.3413831195858705,-0.241928114107377,False
605,-0.7293826856187077,-0.4409934305135166,False
606,-0.3553423765452714,-0.6177354642312571,False
607,-0.4166260043231054,0.2845360224077266,False
608,-0.6679881975027142,1.242492313857974,False
609,-1.153861943291631,-1.0586425220298823,False
610,-0.4530484666596006,1.0985847229984975,False
611,0.016754080054856,0.7229628779156452,False
612,-0.8753114094233861,0.2758117353536991,False
613,-0.0451614609134736,-0.5121833755085953,False
614,-1.305224026501295,-0.5040104026362158,False
615,-1.001376309034935,0.8581736491814429,False
617,-1.698147444770202,0.7066932965862132,False
618,-1.054885562704153,0.5679308059973305,False
619,0.1740976180791874,-1.4670691883290394,False
620,-0.7853615406946521,-1.5578000062286392,False
621,-0.3198843304320269,-1.2776271838962348,False
622,0.4884170998290941,-0.978771877251458,False
623,0.1471200546631838,1.084450951517362,False
624,-0.6291755998248091,-0.9377380731656112,False
626,0.0053913299112595,-1.5891872050969695,False
627,-1.1061231030760734,0.7113590795197495,False
628,0.7260438439098011,-1.3244905856021232,False
629,-0.4624278529467849,-0.2125992292813634,False
630,0.4031394937114873,0.7883652198628309,False
631,-0.3042785596172594,1.475340247795343,False
632,-0.0536790724418715,-1.0746344775892056,False
633,-0.3494800580775766,0.7545601076391927,False
634,-0.5281143149597991,1.2662029220450464,False
635,1.040593050293286,-1.1181633863367622,False
636,-0.2344544523335423,0.6820958228207951,False
637,0.1245031838276635,-0.8950193454963997,False
638,-0.3329317304962822,0.8162954959510136,False
639,-0.8565663471623444,0.498663832268987,False
640,-0.2864366872824765,-1.1816383758382272,False
641,-1.0723273079246156,-1.1560519563194958,False
642,1.8211570165620672,-1.089314513596812,False
643,1.2347743146160672,0.9146341262360348,True
644,0.4626588223670433,-1.0949593104656328,False
645,-0.2527239909627826,-0.6248612713394222,False
646,-1.7127192939167208,1.5840468302735768,False
647,0.0404053395515984,-0.3563613497436122,False
648,1.251161846319707,0.6871307602576879,False
649,-0.1566771251307233,-1.3981290760935892,False
650,0.359315870682846,-0.3251674517565976,False
651,0.4435553861548219,-0.9793484261283202,False
652,-0.6323382719455337,-0.5722556239177893,False
653,-0.0052397930666718,0.8847061811988063,False
654,-0.0252275196753625,0.5418530521512688,False
655,-0.4744370659556465,-0.6847521312551532,False
656,-0.4275742608896627,0.6375323906749558,False
657,0.529702736608304,0.4902533802593342,False
658,0.5561540614134546,-0.884864023272699,False
659,-0.0048480971766319,-1.686447998044957,False
660,0.6075326186608062,0.5641109660231728,False
661,0.5242324058452388,3.329805800231349,False
662,0.9111310583686776,0.7103087464681874,False
663,-1.005750281252162,1.4256002858410135,False
664,0.723676545854049,-0.2514359821068301,False
665,-0.4211209348627421,0.4297967241370839,False
666,-0.7486299904894298,-0.8326175121683301,False
667,-0.0391138448069313,0.1385558845999364,False
668,-0.1900854244011506,0.9600466499720536,False
669,-0.1705858651743509,-1.0550360274582404,False
670,0.4468497806083861,-0.7650861724684754,False
671,-0.7443765024674426,0.7571617833977986,False
672,1.3778123500324428,1.3912108341988103,True
673,0.57416499362655,-0.5472507204277639,False
674,-0.4752332445300679,0.1323303202463975,False
675,-0.7333560718832892,0.4210270137911635,False
676,-0.844964743471353,1.280316499572624,False
677,-0.7700193877209222,-0.7991507210854966,False
678,-0.322834128877693,-1.0298948503537146,False
679,0.752444008283332,-1.1137558010625423,False
680,-0.4812179315157361,1.073097379448333,False
681,1.3654689228792192,-0.5491670594612506,False
682,-0.3634642890811898,0.6911746411575077,False
683,2.361387141252289,-0.5747472895700716,False
684,0.2301679175266427,-1.547300355827085,False
685,2.1789887213135257,-0.0932482307479767,False
686,-0.5484027610073358,-0.8379605456600822,False
687,-1.575117172802604,0.5076907730217356,False
688,-1.778840374510977,-1.0100606018802876,False
689,2.1632348496066425,-0.2757223798130814,False
690,0.0193917505533723,-0.6213574150085638,False
691,-1.481190333036532,-0.7443899748699006,False
692,2.4124450134222326,-0.3672632553022774,False
693,2.420523446957913,-0.3145414655507212,False
694,0.0111457930231553,-0.7619829362835042,False
695,0.6450120388949947,0.8367448917096134,True
696,1.4041704822780054,-0.881862436364155,False
697,-0.5036882525602264,-1.1246792714526777,False
698,2.2957774647112146,-0.7266792962272675,False
699,1.3143381570461936,-0.6895429541948424,False
700,0.4471135803575076,1.5340048449517856,False
701,1.6904144828161292,-0.8903380896392012,False
702,0.306072319561387,0.7169039038017169,False
703,1.0375910564324868,0.9474713301844618,True
704,0.2699505722295211,0.6657442088969575,False
705,-2.2461085257620432,-0.2742277662927533,False
706,-0.1147753746068627,0.6758422773423548,False
707,-0.3320047016784563,0.6109466896151764,False
708,0.910144255368816,0.5330095555537262,False
709,0.8234600833315957,-0.6495490223064744,False
710,0.3866908019916116,-0.5912226690152241,False
711,-1.6887002999089806,-0.0243957144587792,False
712,0.4478448025003517,0.5706558830865753,False
713,-0.0599861966438407,-0.5899942638887655,False
714,1.296532659426966,1.0170697883814646,True
715,1.0506238505221503,-0.6983408334931029,False
716,-0.814407507132613,0.0987558949480529,False
717,0.6463544534695058,0.9691983725328694,True
718,0.8801210428813728,0.6794456668321998,False
719,-1.3819926513905982,-0.1462678402170921,False
720,1.4298793076737746,-0.0716154501985893,False
721,-0.493817870758817,-0.1894523965778629,False
722,0.1576472129080365,0.8080954312791149,False
723,-0.2393893179129196,-0.7927163859326863,False
724,1.4818882894009684,-0.5702811038783193,False
725,1.7929546746547114,-0.7748665052623873,False
726,0.4887782348691472,-0.7652877846340814,False
727,-0.4681369846746931,-0.2797321968921264,False
729,0.9164653335824492,-0.224896222356291,False
730,-1.4812993692573613,-0.3326951640417763,False
731,-0.9759641715040102,0.6326909498555129,False
732,-1.8062821266211293,-0.5414948046967606,False
733,-0.8815186337281636,0.2826728392335411,False
734,-1.4118309382021166,0.7988498439553966,False
735,-1.3693387175760676,-0.721430267588003,False
736,-1.270087558495128,-0.679603362204189,False
737,-1.24518642146422,0.2526745225484538,False
738,-0.2595388708523021,-0.511436335648037,False
739,-1.1553139002930417,0.1666333345572321,False
740,0.1115150360370941,-0.7206450577508853,False
741,-0.3794784847862011,-0.7779110117739274,False
742,0.6816725261111085,-0.1403771241258689,False
743,-0.8790775535317058,0.0313188796399509,False
744,0.5865670111774528,-0.9393878505277504,False
745,-2.31715919997662,-0.1439177470060303,False
746,-0.5690930092847426,-0.1526131864978035,False
747,-1.3258510666619672,1.2503132032930733,False
748,-0.2231979536175166,-0.558148473766571,False
749,-0.6295735752210321,-0.3653992644179402,False
750,-0.8638372064408639,0.4720287590472946,False
751,0.0692062277887689,-0.2442601793386428,False
752,0.3895122382396739,-1.320218316386833,False
753,-0.7899591293020819,0.6026426719979315,False
754,-1.1298479097442236,0.9006497250604586,False
755,1.515933104551951,-0.4254784502285899,False
756,-1.6090765305488366,1.3252843720823335,False
757,-0.8742664002630796,-0.9002428610584818,False
758,-1.2159507972179673,-1.4386789139929803,False
759,-0.2314576545162236,-1.018825032315433,False
760,-0.0774299771318754,0.7144572663897408,False
761,-0.2573200455558544,0.7660586508394588,False
762,0.725405815941377,-0.9024836232899474,False
763,-1.0451077673538314,1.6398749621649564,False
764,1.5384093186787906,-0.6784752016713201,False
765,0.6301861651047787,0.341436707149888,False
766,0.2008838146424908,0.0268003599443886,False
767,-0.2392393188604755,-0.5580611311032638,False
768,-0.8906301786271308,-0.6091942285949186,False
769,0.4306053494312049,1.3776385847928725,False
770,-1.1416535738821745,1.0300809679715432,False
771,-0.139892408881554,1.6090207025188965,False
772,1.026675198290015,-0.0653938699027084,False
773,-0.0981767271594167,-0.8899465707844633,False
774,1.5254516720240894,1.8451193575317943,True
775,-0.5552163104251401,0.1954696085572749,False
776,-1.8877873319391487,-1.9396785074568288,False
777,1.5873624987978558,-1.1253672720825894,False
778,1.720760276056991,-0.3667733506988962,False
779,1.781296435948805,-0.6196969670593186,False
780,0.0454208054515544,-0.4819488381997379,False
781,0.543473114525705,0.6651886199604793,False
782,0.5023553830615711,1.2039680686939522,False
783,0.0487099832701475,0.6989913827302416,False
784,1.842582653837274,-1.3610489436067297,False
785,-0.3029627334621388,0.5991660628289253,False
786,0.1293583988940917,-0.5585012048320239,False
787,-0.2517848434455702,-0.9081477922812804,False
788,-0.2541853667800458,-0.692832073138131,False
789,0.2331195829816104,0.4948249507564722,False
790,-0.790345884176065,0.696115828232228,False
791,-0.8317660125579335,0.8121632708144751,False
792,0.2009738136624103,-1.0053388468912865,False
793,0.6528315966087804,-1.0191560690594494,False
794,-0.2937731487686389,1.4396811424055058,False
795,1.2832487459139823,2.648021704795395,True
796,0.740692450857802,1.7525341744014526,True
797,-1.5326536895546234,-0.2164776050973251,False
798,0.8850839526155821,-0.774237125278106,False
799,-0.2524433468859523,0.4441505684416667,False
800,0.0777696868260875,0.3909563402473656,False
801,0.0840397456666888,0.6670222301497908,False
802,0.3401269851989513,1.0268808046131477,False
803,0.3822250079516193,0.1357025856577126,False
804,1.3576781395605284,-0.8924671231448053,False
805,-1.6839570308342244,-0.5455604987341818,False
806,0.6353861611416952,0.8717343273924258,True
807,-0.1530621888896487,1.7153471880980131,False
808,0.1721821923489219,-0.2907277685006606,False
809,-1.583920063896367,0.9906902327406556,False
810,-0.4577009914983027,-0.9945523615863,False
811,-0.7216878050307304,0.6878117629681662,False
812,1.1107034697551803,-0.1190986327456745,False
813,0.5676971709692439,0.4425173173959085,False
814,-1.188315542483892,1.1297243478536467,False
815,-0.8768095975912967,0.2371747257345874,False
816,1.7735393944414268,-0.1885086086940235,False
817,0.1559293550431298,0.9397954720464508,False
818,2.318536553766652,-0.2326475753889727,False
819,-0.1071601111147787,-1.269005782775062,False
820,0.3873742790364433,-0.9931599115451532,False
821,-1.89404655836824,-0.5279778003752864,False
822,1.6264264358088771,-0.848959127658132,False
823,0.494914580599311,-0.5083177880557935,False
824,-1.6622405810954115,0.0208884780004174,False
825,1.4799416896085285,-0.6557558638736156,False
826,2.255021831851879,-0.378341564065346,False
827,0.9013404966645449,-0.8507772367178342,False
828,2.1783370694485056,1.331043960576512,True
829,0.5688488460843165,-0.4424078323376741,False
830,-1.493819606616856,-1.484650337005747,False
831,0.3262867214307356,0.901583300306542,False
832,0.6949609251519449,-1.0164743858730392,False
833,2.203760261860796,0.6263595588292754,False
834,1.0874101867633623,-0.7567060233181284,False
835,1.008825795071029,-1.3441683372018705,False
836,-1.64592337588695,1.013351190112087,False
837,-1.5942855833131933,-0.4043528473381468,False
838,0.1837940737719472,-0.5069688370972534,False
839,-0.8233362407758344,0.0570766800872924,False
840,1.0375976891926704,-0.3131701767674644,False
841,-0.9178911161556454,0.1719795760347415,False
842,1.1595857545648034,-1.1739253443196782,False
843,0.2657244959762704,0.7136798080705004,False
844,0.3615987620748715,0.4117169342460675,False
845,-1.9124239199266884,0.1623820841475989,False
846,0.6167272727769653,1.072990277363293,True
847,0.8472246809757292,0.7564055069042692,True
848,0.5108404769080735,-0.3161612219860255,False
849,0.3254648254527855,0.2605973341913552,False
850,0.5750511487631362,0.670538726105766,False
851,-1.3764781162641433,0.9170148114191818,False
852,1.4051326849255763,-0.8543744674632487,False
853,0.4404562629658811,-0.3481701083932705,False
854,1.017771384070167,0.0220198430037561,False
855,-0.4819723645482943,0.5520819764523409,False
856,0.9862626843999605,0.909903473259394,True
858,0.5248430917731162,-1.002147363886427,False
859,-0.6153121043560417,-0.7031851744099508,False
860,-2.182652796334247,-0.3859675970869612,False
861,-0.5584574076086001,-0.1679182559783057,False
862,-1.4542957376439516,-0.6473754632838139,False
863,-0.8898056977901736,1.041277178884409,False
864,-1.6910065789365982,0.1838029891331486,False
865,0.1410399914114051,-1.0410134459534062,False
866,-1.4513449146443864,1.3310139299121075,False
867,-1.7016001995408585,1.3831223836865267,False
868,0.1770935878878138,-0.4696329540087824,False
869,-1.063998584868972,0.833372432057189,False
870,0.6218942669286792,-0.8659506962017837,False
871,-1.3004325647793056,0.3580529055712703,False
872,-0.049434826781267,-0.8562744222274571,False
873,-0.2103655264548657,-1.2643640457733905,False
874,-0.6115170013166247,-0.9106027259109148,False
875,-1.4681328081896825,1.30991255773445,False
876,0.6008097687786802,0.8460031794491794,True
877,-0.5470603461682453,0.6553231105781574,False
878,-1.3733633788318071,-0.4934731688102752,False
879,0.2963300063861377,-0.4920737094519353,False
882,-1.1617006548109703,0.1317657851898811,False
883,-0.945482684842074,0.5605855135914405,False
885,-0.499057517288053,-1.037763634740304,False
886,-1.043856252454394,-0.5913189479580412,False
887,-0.3452504582732139,-0.8082999417707847,False
888,-1.3723742670189687,-0.390467025233889,False
889,-0.4004738625844513,0.5630330863401385,False
890,0.7993205783833979,-1.017435998963885,False
891,-1.13364988687041,0.4507525785988033,False
892,0.7921044726711455,-0.6106464102523292,False
893,0.1499000195239022,-0.5505762955488218,False
894,1.0941800922990796,0.2972922010392794,False
895,-1.2703574235235893,-0.02977494072223,False
896,-1.3114016043851884,-0.2090149860081322,False
897,-0.3546701011343875,0.7055819490002767,False
898,-0.6038335892519443,0.278645824280521,False
899,-0.2195230479510595,0.6732101206154752,False
900,0.9176933538612176,-0.9744537480927398,False
901,-0.4147927794010505,-0.9005103584292674,False
902,0.7345671396510575,1.317735234903983,True
903,1.0076475901045203,0.6049178818556821,False
905,1.2575010339399038,-1.0452187836483622,False
906,2.0072303925032737,-0.9700904758013996,False
907,2.201883044582454,-1.018942723528004,False
908,-0.7926200544591341,-0.409369165368787,False
909,-0.2128838165472313,-1.2070167466033648,False
910,-1.7070080121360462,1.1380990505388069,False
911,0.2990537665608333,0.6761037020399573,False
912,2.181744454761401,-1.5755822709627345,False
913,0.5587274222711186,-1.0979826655905325,False
914,0.9201372546444794,-0.6128636550446416,False
915,-0.282304295186689,-0.8370279871104189,False
916,-0.3189626460229933,-1.1283230108523457,False
917,0.5646778412659686,0.92503886758002,False
918,-0.3777813294351387,0.7068621282900418,False
919,-0.7294085076429239,-0.7003264352847373,False
920,-1.153546067712361,0.5615347595822946,False
921,0.253849009346305,-0.7460664842999489,False
922,0.9164427196008909,0.8004386157708471,True
923,0.3788385973203673,0.5711638929929035,False
924,-0.6332689882163742,0.1801381220039863,False
925,-0.0163106330944651,-0.5394400156823089,False
926,-0.6264185412194386,0.563339648029891,False
927,-1.0634411240292,0.3480810448236175,False
928,-0.7161154472767451,-1.1964612929055265,False
929,0.6789823021079037,1.7602527135566717,True
930,0.2690489964549078,-0.7378322647051585,False
931,0.9371085552301311,-0.976481208268302,False
932,-1.7401262178056556,-0.8217634674169675,False
933,0.2854406586282054,-1.3790685819484028,False
934,-0.7217715546708421,-0.2216998943735162,False
935,-1.2343043848932018,1.6223216373836544,False
936,-0.4647732917814608,-1.0444155579115852,False
937,-0.8884801681940399,1.0018448833928866,False
938,1.973679047219372,-0.77621185311286,False
939,2.822947340115066,-1.0387343234805604,False
940,0.409025710247288,1.78870108088664,False
941,1.7954565803033904,-0.8957041845521984,False
942,-1.5585307545101972,-1.3991948322307837,False
943,0.5357980328365926,-0.6389191101639777,False
944,1.7734301070293248,-0.1613384146501373,False
945,0.0690124697313488,-0.5901131138574931,False
946,-1.5416769407318756,-0.6387588720429713,False
947,-1.1523535238173557,0.919355064379754,False
948,-0.1011873664187355,-0.6772564267805153,False
949,1.623156033223671,-0.0871907956410016,False
950,1.6739312720782764,-0.5434999796799902,False
951,-0.4488931397048746,0.2738350885532938,False
952,1.7363136895698486,-1.215332411802551,False
953,1.0723429034349157,-0.8450045574133793,False
954,1.1437008961127058,-0.6705481097226991,False
955,1.329186891241013,-0.4767725454227591,False
956,-0.1149041545539622,-0.6664767368274377,False
957,-0.5732051306452457,-0.687891357550587,False
958,1.6265785254340406,1.2197171264004605,True
959,1.8028004031614908,0.98053410014602,True
960,1.1457575388462249,-0.8724625845437364,False
961,1.4890131264960678,-0.846179445576382,False
962,-1.2243281124037884,0.1737983456034578,False
963,-2.4097179615880493,-0.3350685686323189,False
964,1.656063090778116,-0.0943864119194084,False
965,-0.7686945449049954,0.4346436681843817,False
966,-1.4179429809733786,0.1236704401588033,False
967,1.3600045055154193,1.2590095427030987,True
968,1.3267309307029382,-0.676590408258834,False
969,0.1805535584997332,-0.1510298600999733,False
970,-0.4261101326631242,-0.9983657481104268,False
971,-0.0535420275231092,0.2626275258995457,False
972,1.7611687089191688,0.9083113004426492,True
973,0.98537156338204,-0.5262839832281714,False
974,1.3791043686416504,-0.7532792517688606,False
975,0.8387985979032682,0.7582763845436649,True
976,-0.6483519763787905,0.1174799247429469,False
977,-0.9774714526086176,0.104716472328639,False
978,-0.314825686848692,-0.3877941348431433,False
979,-0.3363159765744062,0.6222822992806294,False
980,-2.083663252070313,0.1738934652770927,False
981,-1.7593695749458922,-0.7634760407394274,False
982,-1.5841344117270155,0.1009707670260497,False
983,-0.8323868146287834,1.485385526538586,False
984,-1.7900698602184817,1.0406091185383102,False
985,0.2534843314528838,-0.4275595547262591,False
986,-0.4413825863056023,0.5655111009522615,False
987,-0.5482942317963095,-0.1288889241075701,False
988,-1.619808292030323,1.406311503221286,False
989,0.707041332715175,-1.0816741885354726,False
990,-1.5512409968085974,0.1373702062703076,False
991,-0.9628795977572608,-0.3849940140409318,False
992,0.9911763448588704,-0.904211870077948,False
993,-0.9797187847128078,-0.593954619158913,False
994,-0.5283725222796121,-1.375942630546811,False
995,-1.2949892425821286,1.464335945157564,False
996,-0.4915540297598896,1.4190762988492815,False
997,-1.257263811656108,-0.7181445671171269,False
999,0.1816506436148502,1.0850111634282464,False
1000,0.2712572282015765,-1.0098032396427687,False
1002,-1.52635406126914,0.96468286945408,False
1003,-0.7909032265522936,0.4773758530846077,False
1004,0.5835172970781363,0.9920872849197936,False
1005,0.1721048348861767,-0.5462540373391401,False
1006,-0.3850138496985133,-1.3438740087767782,False
1007,1.3774183185263484,-0.7430978976762905,False
1008,-0.2379022661086557,-0.6972862469650326,False
1009,-0.9070980253870936,0.861598832031702,False
1010,0.0573329636581494,-0.3770479154707356,False
1011,-1.1111065156065871,1.19209014203698,False
1012,0.2931708482132635,-0.5343244171606761,False
1013,0.125449826091528,-0.046386927543627,False
1014,0.4227125938891679,1.441307653248671,False
1015,-0.0251129229631538,-0.4984916150945304,False
1016,-0.670413590882957,-0.3039483752293794,False
1017,-0.0608901503310442,0.8507465682388762,False
1018,-0.2412953411881711,1.220518030485766,False
1019,1.1297345168103468,0.3932398288581711,False
1020,-0.5150536509537182,0.5300001034795135,False
1021,-0.0554165904998752,-1.1754284370053925,False
1022,1.1797396278950771,-0.1870340977288386,False
1023,-0.7789395238777804,0.5603793425909496,False
1024,-1.0771429197486426,-0.7675176013151473,False
1025,0.3988725960008103,-1.409546610888618,False
1026,2.29706977302836,-0.1704037181002332,False
1027,2.047987432343235,-0.6175929361068533,False
1028,1.1573198837292993,-0.6263411313309979,False
1029,0.8770237701951905,-0.8006717856942556,False
1030,-1.3200851110472889,1.2554890498964224,False
1031,0.0953435410451859,-0.0097611623380973,False
1032,1.61722085794476,-1.4014272928967406,False
1033,0.9339495023375536,0.7214881511014022,False
1034,0.7414446964549901,1.395298314892217,True
1035,-0.8973259913823838,-0.91362800761111,False
1036,-0.4022139493252494,-0.9257183507121676,False
1037,-0.1450541125993596,1.2367714855580112,False
1038,-0.6635796029360581,0.2293687029172481,False
1039,-1.10977398107642,-0.4540729384921575,False
1040,-0.6748349181317813,0.2091965443870249,False
1041,-0.3736741478503744,-0.2658305984593476,False
1042,0.2976600981216039,0.9365459664377364,False
1043,0.7431545276960593,0.4660500785516143,False
1044,-0.5119181328732746,1.217556710147397,False
1045,0.3928713974030673,-1.1130818714397974,False
1046,-0.2230994451149165,0.3962106034381342,False
1047,-0.4255966386689521,0.36660237358616,False
1048,0.2834580977658202,1.6475595060271555,False
1049,0.8674234888360157,0.7948015917988707,True
1050,1.5073565993533342,-0.9501590771276855,False
1051,0.4601078532740894,-1.032677249603386,False
1052,-1.7203466783821073,-0.5380261325914544,False
1053,-0.8514268104244446,0.2635764277934,False
1054,0.3944901341054936,0.6512380320728632,False
1055,-0.5225588037022373,1.618645051505849,False
1056,-0.7742392416856914,-0.6664299334985218,False
1057,-1.2279005923133244,-0.8600295545552535,False
1058,2.5436132688014106,-0.9976972271371448,False
1059,1.5271372231532556,-1.3160496387743386,False
1060,0.0532572390564651,0.8506054383715131,False
1061,1.2949818103253423,-0.8428612873383379,False
1062,-0.2398880331016721,1.776277526275304,False
1063,1.1161551395824474,0.8082332618600472,True
1064,2.019324654305139,-0.3224922854631218,False
1065,-0.128220298479983,-0.8483760879241868,False
1066,-1.5152572001092308,-1.2653503922699418,False
1067,0.0051857220505069,-0.6843869434436768,False
1068,-0.1626596764209152,0.0443924861523946,False
1069,2.1484803096325487,-0.3748036868118343,False
1070,2.1259300067554903,-0.5318893197774957,False
1071,-0.5544206028986588,1.5676973010362871,False
1072,1.9671583492905225,-0.9638290007938388,False
1073,1.1542971088790177,-0.712089134478805,False
1074,1.9454362357625472,-0.582061140165286,False
1075,0.2257302681251469,-0.1132692097173848,False
1076,1.0605336581347002,0.6304173710080017,False
1077,-1.1452533837672965,-0.6141895792191583,False
1078,1.1615422967925404,0.7695934757476378,True
1079,1.4595451592423383,0.6627697820679765,False
1080,1.453923092256968,-1.0872935631732366,False
1081,1.2912405982218935,-1.0367087551623386,False
1082,-0.1218849686351126,-0.5894954824975878,False
1083,-1.0422658292283922,-0.4669394841029731,False
1084,1.439195978710297,-0.9036012009199468,False
1085,-1.530010610098692,1.3673589874568752,False
1086,0.2950464915114357,0.5289781701585704,False
1087,-0.0336135559427879,0.8232816517530368,False
1088,0.3495700120057965,-0.057849591161725,False
1089,0.6920489383557779,0.6737438388144293,False
1090,0.7624799471149484,1.068413897005355,True
1091,1.2306261995980732,-0.4704999898823228,False
1092,0.5045840454009801,0.9067916491028898,False
1093,0.9174694036297316,0.9434503494084564,True
1094,0.8169053146167433,-0.9208162196722024,False
1096,-1.575254996620189,-0.4186701660391251,False
1097,-0.5463118102908877,0.1465210320583739,False
1098,-1.932936672230176,-0.8185372321460028,False
1099,-1.3991587214153685,1.0821407398617933,False
1100,-0.5727554507421762,1.0853952932947388,False
1101,0.3408364159884312,0.0113904228877861,False
1102,-0.5601048142137798,-0.6526502422907081,False
1103,-0.6065479035683781,0.1689370684236059,False
1104,-1.3771573045220045,0.5853689515470618,False
1105,-0.0999267799683612,0.9737768429832948,False
1106,1.2163626800907987,1.2734546464322922,True
1107,0.1120755948520625,0.667185956994431,False
1108,0.3275779206808646,-1.082078359028948,False
1109,-1.1459348912688003,0.5656934245247744,False
1110,-0.9098699442075748,-0.6906170207615834,False
1111,-1.0585709938133463,1.343296577930141,False
1112,-0.209112073962656,-0.7125864163359907,False
1113,-0.3405074373210205,0.5116300057677223,False
1114,-1.5530411728964053,0.3636168908415677,False
1115,0.0697406833381461,1.4484194024276484,False
1116,-1.0656479808446886,0.6133691847860914,False
1118,-1.2320480873994255,-0.1924713496048259,False
1119,-1.5832278283089516,0.4997435744620745,False
1120,1.1287814938170742,1.053077004962474,True
1121,0.6925739953509904,-0.9392512035727906,False
1122,-1.026031645640041,-0.9102251030994872,False
1123,0.2010556552333209,-0.7143881849814866,False
1124,-0.2106527393613098,-1.04454793672585,False
1125,-1.4427281706265294,0.7587982864877794,False
1126,0.6450145091397587,-1.3228547132329604,False
1127,0.5041429465808294,1.0622981678337438,False
1128,-1.1923546182644198,0.8301979052576962,False
1129,0.8588218615324519,0.6763009344500706,False
1130,0.897874526640076,0.35484138306649,False
1131,-0.5132679489559576,-0.6045529956363223,False
1132,-1.194369045126658,-1.0925484808797723,False
1133,0.7698601701792999,0.2780115490102296,False
1134,-1.1824849640953454,-0.6511031754838532,False
1135,1.6742569967907153,0.7267602810481507,True
1136,0.2451913889004126,1.4136864978521493,False
1137,1.0905067494646552,1.483992971227723,True
1138,-0.0135181784377669,-0.3017380355208355,False
1139,0.6720599370128976,0.8839114843573422,True
1140,-0.9720049033870688,0.220033240898415,False
1141,1.186357738938253,-0.8359229038397701,False
1142,1.733988103763565,-0.6783622570947281,False
1143,1.1781505807195944,-1.132202864501796,False
1144,-1.1609739535939676,0.0282538189996256,False
1145,-0.5182526659572672,-0.9172277141082056,False
1146,-0.5822984081001684,0.3090480696470073,False
1147,1.0813650195384434,-0.4020617388607439,False
1148,2.4098786337852727,-1.4218994909777654,False
1149,0.3580489139037489,1.014300034541495,False
1150,-1.0446685660528103,-0.8227516548406743,False
1151,-0.7819795341126523,-0.927511401371889,False
1152,1.0922239384939931,1.1100759608257047,True
1153,0.1349656542787256,0.8490456806682878,False
1154,-0.4940024394866134,0.7398985361327385,False
1155,0.2103736308889725,0.3291212791445165,False
1156,-0.757668448495515,0.7781780597555719,False
1157,0.1136356376864923,0.5800663179117069,False
1158,0.4175785280199218,0.6533767226406411,False
1159,-0.3816648790615494,-0.3901663580863405,False
1160,-0.9533076879811556,1.4195407171428456,False
1161,0.682041835255573,-0.6050002172010013,False
1162,1.3729444519491758,-0.8190116246999743,False
1163,0.2779251339623655,0.8758144357344828,False
1164,-0.2865020076285843,0.8121430082990779,False
1165,0.3364325213779303,0.4541786568572552,False
1166,0.5297230666705672,-1.0261564055385304,False
1167,-0.0466912530132479,0.3048687177477154,False
1168,-0.5358508299170417,-1.0317328241153745,False
1169,-1.424968071291678,0.0781353511982028,False
1170,-0.9101932388940712,-1.116404112410165,False
1171,-1.2864753494294907,0.9428008657120454,False
1172,1.6998671400282843,-0.4067968272671012,False
1173,-0.114994819631622,1.126230304040629,False
1174,0.4931018425940159,-1.4235945561098675,False
1175,0.2041358472364754,0.8709656322360352,False
1176,1.522904300358504,-0.3437146614679978,False
1177,-0.7207969346759743,1.6150636051505136,False
1178,0.5228441362299501,1.498814255646611,False
1179,1.5196008766431743,-1.2745899253524262,False
1180,-1.00469320654626,-0.8404636129714308,False
1181,-0.9565249658225274,0.5268363263774195,False
1182,-0.7272936385998381,-0.5029106661589294,False
1183,0.3883248157944189,-0.5566783863143068,False
1184,2.1115059605201494,-0.2695083027049123,False
1185,2.0552664018876494,-0.0625125247455187,False
1186,2.207370830360595,-0.4766908154278437,False
1187,-0.811936630326826,0.2558373076880437,False
1188,0.295550046813357,-0.6834791989957094,False
1189,1.6287514402861991,-0.400670708458062,False
1190,-0.2939377403446914,-0.5081756166748408,False
1191,-0.1055117477986884,1.6815377681698551,False
1192,1.96026039575012,-0.9447247978732678,False
1193,1.629916364407207,-0.5073937911459631,False
1194,2.407597996812114,0.6716043407383798,False
1195,-0.979960079047669,0.5018071193492298,False
1196,-1.2926350598372598,0.4016656071531136,False
1197,1.3942653690896225,-1.0898989215002597,False
1198,-1.0822260187968986,0.366331267949415,False
1199,-0.0050286493809891,-0.407336102290583,False
1200,-0.6090228561972298,0.6296105173885562,False
1201,-0.4264131261734128,0.7116481480183272,False
1202,0.2578404019963419,0.8708760250868401,False
1203,0.4421038830546601,0.430383265551524,False
1204,0.2101623817967518,0.6305918707595928,False
1205,0.9461466767196745,-0.0206831455992388,False
1206,0.0741101669898458,-1.1522417351736804,False
1207,-1.3492013909960112,0.0131907504020249,False
1208,-0.694162061977551,0.1086297753479554,False
1209,-2.009956614952693,-0.9046091864157308,False
1210,-0.923541198246732,0.5508696580869648,False
1211,-1.511206156591512,-0.3830605902890016,False
1212,-1.2221420474513465,0.176576407456388,False
1213,-0.2965218139079008,-0.4395454899144981,False
1214,0.2737801586353945,0.2458246220006775,False
1215,-1.7755979616228474,0.9895375595989958,False
1216,-1.0449993364472312,0.6930433655664284,False
1217,-1.534887915886495,1.104297636332749,False
1218,0.434343738535595,-0.5884481690376805,False
1219,-1.28716050579896,0.8062758933485605,False
1220,-0.7312282855247217,-0.860373279205092,False
1222,-0.8165644144994729,-0.4365477546075699,False
1224,-1.4973233623688027,0.36356925552565,False
1225,-0.5608412288458909,0.0362561200043255,False
1226,0.3270548991178639,-0.8171755734588939,False
1228,-1.3985650760905657,-0.8272214339291672,False
1229,-0.0307599513244271,0.7411967539298646,False
1230,-0.8610302658884771,0.6253620791164163,False
1231,-0.7597057539310701,-0.9023757676872652,False
1232,-0.3533124581080589,-0.6048525305157892,False
1233,0.1312581607661258,-1.1870721260416064,False
1234,-1.039821156050352,-1.444682209529936,False
1235,-1.6373126735097971,-0.7100202059926097,False
1236,0.8245090337772591,-0.7890998497556911,False
1237,-1.1274054610895934,-0.0189887087570296,False
1238,0.2868839394167082,-0.2935333740320664,False
1239,0.127569595284866,-0.2738056386422918,False
1240,-0.3442062023758552,-0.6544532828512455,False
1241,-0.8980306895455786,-1.2283865810843535,False
1242,-0.46689192281606,1.037593499994599,False
1243,-0.4919852136779166,0.216787087441693,False
1244,0.4993663347974038,-1.4399260233100482,False
1245,-1.3484760552221229,1.466960060514842,False
1246,-0.031740563062701,-1.268586226906895,False
1247,0.2912336840325197,-0.7210976182751158,False
1248,-1.100284846423217,0.4474301514481875,False
1249,-2.053493627563426,-0.9041017870725836,False
1250,0.8195433525576997,-1.7207018623443424,False
1251,0.6866589898871193,-0.7934946771993878,False
1252,1.4188761535698766,-0.7572638326534289,False
1253,0.2156590559490232,-0.0400387563764899,False
1254,0.2883560182352606,-1.4227383644068037,False
1255,-0.555495347216258,0.3027534209227643,False
1256,1.310908998003709,1.3113986970541551,True
1257,1.6077360093222657,-1.5467797507250365,False
1258,0.666427267539355,0.7534864346984844,True
1259,-0.8870301053853081,-0.1515772458772806,False
1260,-0.6026513937008487,-0.8126992482832587,False
1261,0.4474256776386036,0.6362060565299834,False
1262,1.22451584048099,-0.583014900234281,False
1263,0.4219732186194921,0.5744615415722925,False
1264,-0.0290641024534946,1.358301957991816,False
1265,-0.4218197308794818,0.6791893159112359,False
1266,0.1532546810792297,1.439691803904119,False
1267,0.1978705187677037,0.3923139119638662,False
1268,-0.0779318194438305,-0.2739005856252398,False
1269,0.0878610981540906,-0.7362065423580062,False
1270,0.8491936673754052,-1.311311641443886,False
1271,0.6236567400331746,-1.0480988405783402,False
1272,0.3472059694667003,-0.5287535833405651,False
1273,0.1338179958117535,0.3660573714695631,False
1274,-2.0052359370430044,-1.5722585991763487,False
1275,-0.3682721382719145,0.7881581477578835,False
1276,-0.1167930323692776,1.4907691363838256,False
1277,-1.170040306473799,0.4057195963303559,False
1278,0.4814932360109403,0.4595714584549546,False
1279,0.0519219874413702,0.710546402004301,False
1280,0.3779160984093791,-1.1878335046556958,False
1281,-0.3548147042711689,0.6520077591165835,False
1282,1.645811565243584,-1.0472681670702275,False
1283,-1.193611500118246,1.6775534970285155,False
1284,0.7325262477232357,-0.4531947615616555,False
1285,2.4867193070228946,0.0856828018356166,False
1286,-0.5605506730566261,-1.0070304313166234,False
1287,-1.3534428269149703,-1.072726151486553,False
1288,-1.0384753445970976,-0.4493265806865016,False
1289,1.2039369560425726,-1.121414773635659,False
1290,2.3376666766737584,-0.5020143838016136,False
1291,1.8187261571155915,-0.9867983536978456,False
1292,-1.5081351240367271,0.5848664706036446,False
1293,1.5731040027988477,-0.2306824177677604,False
1294,0.0835356155219661,-0.908271252697124,False
1295,1.1301884332991885,-0.6512233334444544,False
1296,-0.6039620012442745,-1.1544295010709056,False
1297,-1.995629556225253,-0.2364327905428135,False
1298,1.5175627691777542,-0.5280475154956397,False
1299,0.614921743362488,0.5846929745525502,False
1300,2.036565980641985,0.5349237010166565,False
1301,-0.9664421220440462,0.5188928131994048,False
1302,-0.9412098314713632,1.4496148137930058,False
1303,0.887821759791095,-0.9423592099258356,False
1304,-1.6570136141776626,-0.0217186116318846,False
1305,0.2950986944379092,-0.9972224442454805,False
1306,-1.47197061174185,0.2504683139246881,False
1307,-0.1148538925151515,-0.4145547991865483,False
1308,1.44920446942733,1.065787168584177,True
1309,1.2115710931187575,1.0965152488491203,True
1310,1.534021791230101,0.0309375961181634,False
1311,1.0021976732282971,0.7606858381805883,True
1312,0.886831577603592,-0.9492113992619536,False
1313,-1.5140265488834797,-0.4327281050813283,False
1314,-1.4724675358400368,-0.0571231051719745,False
1315,-0.6595076392249609,0.5851179782307165,False
1316,-1.8221391493139527,-0.7684357480324939,False
1317,-1.8628620678404588,0.9819889566273892,False
1318,0.0725939326053265,-0.0958153010260155,False
1319,-1.484903414227566,0.011552090710724,False
1320,-0.0233953444517919,-0.0600176722878573,False
1321,-1.2262360331266344,1.430002584869313,False
1322,-0.4981808908874988,-0.1235664711121793,False
1323,0.0637968523810117,-0.8053638098048645,False
1324,-1.0060956800947105,0.048117657305446,False
1325,-0.4028020755126105,0.594261803631158,False
1326,-1.2461116382870134,0.0812431962728135,False
1327,-1.111390362426056,0.5782893643021952,False
1328,-0.9981702395435358,-0.4584156136963648,False
1329,-0.6729153098647923,-0.6944154420249611,False
1330,0.5319817706147729,-0.4418035264572075,False
1331,0.223937224564246,0.1216050690444721,False
1332,-1.4509673141428294,0.4483886216201618,False
1333,-1.428723594369122,0.4727095281267475,False
1335,-0.7844565396749309,-0.3717332807674701,False
1336,-0.1768786837123388,0.6026086436129434,False
1337,-0.844042922529473,-0.5154168519510768,False
1338,0.6320697773225328,-0.6967270936243894,False
1339,0.0193972470510608,-0.8047275758238416,False
1340,-1.1704125802008605,0.0781093052616066,False
1341,0.5202217498040053,-1.1626737257005788,False
1342,-0.781952966810758,0.2964551037383126,False
1343,-0.4043826143678841,-0.6420838606413966,False
1344,0.4063203664805413,0.7948714385028712,False
1345,0.7749924955106796,-0.6417254304331224,False
1346,-1.5430101116415649,-1.2726034653817675,False
1347,0.4718820945524379,0.6952156710185953,False
1348,-0.9092555381828532,-0.8470294314780351,False
1349,1.1227384180738111,0.7482647916581695,True
1350,0.2158429680887358,1.3171820247609365,False
1351,0.3997793474278194,-1.0977273665658915,False
1352,-0.2831144116349611,-0.0193703442404433,False
1354,-1.8599645365621784,-0.6471260663801297,False
1355,1.8288740522811773,-1.1355432572477628,False
1356,1.6611479852885618,-0.4982110218192784,False
1357,0.4505440532462888,-1.08667578661918,False
1358,0.6450150961222123,0.7016042345531466,False
1359,-0.7032882740312012,-1.0545810583141548,False
1360,0.8159334261940149,0.8282791652124886,True
1361,2.2460557606742304,-1.345851086666929,False
1362,1.050666809521328,-0.5390531746802808,False
1363,-0.8617241104043155,-0.5180367790274835,False
1364,-0.6617161135085539,0.1845064000149184,False
1365,0.5211485226013125,0.5000585581132688,False
1366,0.7445402181605397,-0.5425360137585996,False
1367,0.7547679786077022,1.0919138326626163,True
1368,-0.4320303446821452,0.3600740007722807,False
1369,0.9459115752075832,-0.8914168848302688,False
1370,0.5072384458870098,0.4413337469627879,False
1371,-0.7250002255428389,-0.057287459626932,False
1372,0.1174880089569562,1.1249978674262635,False
1373,0.5892132897029335,0.9572061013430448,True
1374,0.1393525235486943,-0.4638333389941088,False
1375,0.667491837928722,-1.0369562826019565,False
1376,-0.094041743983043,1.605078025783505,False
1377,0.1976262401845205,-1.6986806191132406,False
1378,-1.1329908741826016,-1.285327675156021,False
1379,-0.5179462336541037,0.194552794860646,False
1380,-0.5564238665105359,1.3329608990465347,False
1381,-1.4123425365050222,-0.6425263706630645,False
1382,-0.4782653706740762,0.6498756310407957,False
1383,0.8391234923404649,0.3902684896056638,False
1384,-1.0431545690477728,0.6554270438357575,False
1385,1.825126990921011,-0.1501912150067845,False
1386,-1.753073136030964,0.7404075830419512,False
1387,-0.4295050900108006,0.248693073121295,False
1388,0.9888618225157146,-0.4556569039264302,False
1389,-0.5823695925058079,-1.398665712809235,False
1390,-1.9278398237954144,-0.5679932650945676,False
1391,-1.3771013690876135,-0.6209081913567287,False
1392,-1.3707471278194656,0.5307027685062342,False
1393,2.953616193685189,-0.4937622837901383,False
1394,1.9697770348235168,-0.9344138944893786,False
1395,-0.6850093351945635,-0.0183500010197729,False
1396,2.053730435940185,-0.141850897982388,False
1397,0.028603795375841,-0.6912991808171256,False
1398,1.0589791627567329,-0.8991809631735115,False
1399,0.653224511977309,-0.5341615767999064,False
1400,-1.1728023608386022,-0.1341363152536208,False
1401,1.0320460999271512,-0.6283656633593225,False
1402,2.4035188894217643,-0.5010687648705725,False
1403,-1.2100196841049458,-0.4031374663369169,False
1404,2.67604800866196,0.5233807202322627,False
1405,-0.7731324859233017,1.5407575467054944,False
1406,1.8191614744183908,1.053081720007627,True
1407,-1.510684373703,-0.0898034629249277,False
1408,-0.0409189393941292,-0.7954623489594909,False
1409,1.825047318528386,-0.3422061524086437,False
1410,0.8527943873059098,1.0079079374524824,True
1411,0.0601122708735152,0.7168379267880726,False
1412,-0.553190822275328,0.900958866197496,False
1413,0.557129816061769,-0.975673350265914,False
1414,1.1011456035871638,1.030436400796856,True
1415,0.6956851046672846,0.00101117301892,False
1416,-1.4440325441063393,-0.0654784122955183,False
1417,-0.5826184088711679,-0.3093017198012618,False
1418,-0.4363596556133637,0.9645054670545928,False
1419,-0.7267213092756399,-1.1631140243070528,False
1420,-0.2643515344219591,-0.6781673537648581,False
1421,-0.6899241179963154,0.673332292819243,False
1422,-0.0300431191046234,-0.6194745071723162,False
1423,-1.4510165459574147,1.5705294302654862,False
1424,-0.0711126436573375,-0.4505478215031457,False
1425,-1.166748174845178,-1.5309797113539467,False
1427,-0.7595698399563725,0.5936063250071689,False
1428,-1.4901433222661764,1.4978621548162825,False
1429,-0.8582786886602745,0.2551807102336644,False
1430,0.0094953287042043,-0.3762301861393393,False
1431,-0.8678021516617175,-0.6636474726100855,False
1432,1.0132862474653308,-0.9007489379907194,False
1433,0.6578980975808953,-0.0033231161858963,False
1435,-1.3774939125526562,0.6016198177161379,False
1436,-1.557283320740684,-0.5428810364518418,False
1437,-0.8511446279274429,-0.5360018117211678,False
1438,-0.2238367808542821,-0.7093165903658571,False
1439,0.6984676873632735,0.2752052288375536,False
1440,-1.0983198727192454,0.7015752313863028,False
1441,-0.1991521828250748,0.0973774184288187,False
1442,-0.1570781698764606,0.4237109697097945,False
1443,-0.8421359557412847,1.189493518936682,False
1444,0.869168181451304,0.627945550188227,False
1445,0.8072780307391504,1.711668528965454,True
1446,-0.7789430804766936,-1.029258604859446,False
1447,0.8888469505356711,0.4779370510611337,False
1448,-0.8406543297081669,-0.8943078093224521,False
1449,0.8659026338010187,0.979348754261506,True
1450,-0.4125488127936581,0.836894128235489,False
1451,-0.5916299871698056,-0.2737187047204826,False
1452,1.4962847419494978,-0.6913445900958181,False
1453,-0.783630067447055,0.6686534661429563,False
1454,-1.8755012099940245,-1.1521126220354647,False
1455,2.026990828556668,-1.26547381674294,False
1456,1.628889556182952,-0.5172946291487821,False
1457,0.9968219707426405,-1.321887541666344,False
1458,-0.5055499553850337,-1.1465984044342192,False
1459,0.0193460937983507,-0.970928437069793,False
1460,0.1288452650887606,0.2397250173780619,False
1461,2.1459670760909897,-1.0277659380978754,False
1462,0.6268461805067511,-0.2689995107854714,False
1463,-1.6361053256332276,-0.0476725910848581,False
1464,-0.4547695415907707,-0.3855873421040596,False
1465,0.08266731692377,1.566208356393516,False
1466,0.1409869110839036,0.7550180253924638,False
1467,0.400277773982732,0.3696652311699551,False
1468,-0.3649141196137663,0.6406229526619532,False
1469,0.330176870155155,1.6190352401767862,False
1470,0.3358198197624663,0.2512016042198314,False
1471,-0.4276572181552471,-0.3757664978993472,False
1472,-0.5889345192893374,0.847685800652877,False
1473,0.1607747109744134,-0.9470745745467388,False
1474,-0.0590713988978129,-0.4477725719761919,False
1475,0.3921421815954534,-1.135284829634012,False
1476,1.076934968845202,-1.210706020895515,False
1477,-0.3216782045085567,0.2963879336233868,False
1478,-0.5701711741439193,1.0252326031157604,False
1479,-1.438465386656994,0.9207664096383829,False
1480,-0.8976617955668778,0.786211058417846,False
1481,-0.9092145032754948,0.3033116378206656,False
1482,0.8444054831738844,0.9338326045697938,True
1483,0.1571817731772455,1.3660411999999704,False
1484,-1.6935372072283854,1.0886879959624016,False
1485,1.5224939446009813,-0.7838931968128995,False
1486,0.0523460938441276,-0.2908256444799397,False
1487,-0.3422927146691586,-0.6507334690344266,False
1488,1.6462925040364955,-0.1496691284639251,False
1489,-0.7560524464528753,0.8614766280164337,False
1490,-0.6070995723580859,-0.8582672713237576,False
1491,-1.2456873516457103,-0.2730674919188904,False
1492,-0.8919671388442654,-0.1624750906751149,False
1493,1.6628511875261702,-1.0754959731119396,False
1494,1.8215364992118568,-0.3589825246613605,False
1495,2.4917148947114702,-0.3179411421900823,False
1496,-1.689173320752131,0.6421536962319249,False
1497,0.1021820723215012,-0.8804867811981751,False
1498,2.3258255218442003,-0.5375655702655247,False
1499,-1.1135629459486014,-1.8611645642373893,False
1500,0.327519519114013,1.1625371038466126,False
1501,1.125359309790548,-1.019272094237042,False
1502,1.9209067391005472,-1.3570526495878883,False
1503,-1.6034503218851826,-0.597476163790646,False
1504,1.885779907488249,0.7467366104998774,True
1505,-0.8782906002140568,1.3645936624523902,False
1506,-1.8445359211014272,1.1365813400819045,False
1507,1.5288467191002184,1.3120263701064443,True
1508,0.641965362853193,0.6712628402379706,False
1509,1.1564573532379745,0.9076335261066512,True
1510,-0.4740902252168288,0.9822764463550866,False
1511,1.0282688579297703,1.0473733231366595,True
1512,-0.4181279779528429,0.4401869064700131,False
1513,1.5321083466883734,0.150670163465499,False
1514,1.1991464367851912,0.6735489128169061,False
1515,0.3550083307843921,-0.8343116805651509,False
1516,-1.692370884625931,-0.0530667385020844,False
1517,-0.5824711456967341,-1.0263523131465306,False
1518,-2.0945505283962973,-0.2845534988821677,False
1519,-1.7584110467942706,-1.0508121494912743,False
1520,8.169862198045577e-06,-0.5586296207877127,False
1521,0.2085921646448465,-0.2623881824274185,False
1522,-0.6526944209537201,0.8131241017788096,False
1523,-0.4665785523798381,1.6572324543432528,False
1524,-0.0554049415486719,-0.6803023745403086,False
1525,-1.0305209272348843,-1.4149189230392305,False
1526,-1.3888487575494366,1.1852421814277092,False
1527,-1.4601548727012448,0.8519026059524198,False
1528,-1.554536742450032,0.7477103903086009,False
1529,-0.963977348271561,-1.1707971402506008,False
1530,-0.0856022814329537,-0.1774911317739191,False
1531,-0.0244466992107277,-0.5927111923915178,False
1532,0.0511973479899337,1.0648131826989116,False
1533,0.3578422431402224,-1.8205544909832936,False
1536,-1.6545374606025094,0.1677333141629733,False
1537,0.3615113830615685,-0.5309588094094158,False
1538,0.131853604653389,0.3967816853203868,False
1539,-0.7058003567557242,-0.7012656487099983,False
1540,-1.7139446848927982,-0.6201284340578737,False
1541,0.4695408247156596,-1.177303055077958,False
1542,-1.724196877956303,-0.9274509587582438,False
1543,-0.4637741863373217,-0.8197505991941749,False
1544,-0.7657806491264848,-1.124019827205876,False
1545,-0.9964341703397864,-0.8613277707699547,False
1546,-0.8237103952877245,-0.6161963053173711,False
1547,-0.5296581400250165,0.8708496805120928,False
1548,-0.6025864924397636,-0.9613945793991988,False
1549,0.3791472540822425,0.6138299184460472,False
1550,-0.6053858497384285,0.8532252016932206,False
1551,0.6149230041396796,-0.3647659153449675,False
1552,0.5229387043466636,-1.147797108749855,False
1553,1.0533171130415475,0.7903335584906253,True
1554,-1.844172627299028,-1.3092702921022978,False
1555,1.8962743633153247,-1.104845383038262,False
1556,1.7303395361284335,-0.4954242660085677,False
1557,1.033003915318684,-0.8682257345449587,False
1558,-0.7664409216783415,0.1529819021003777,False
1559,-0.2964934181849115,-0.904480668581506,False
1560,2.3508726011021857,-1.2340271594216263,False
1561,0.6032224247642812,0.5725810755976983,False
1562,-0.6268707233935714,-0.3011159718807004,False
1563,0.1431388699244163,0.4126381581614835,False
1564,0.5989109899566979,-0.9272940674681968,False
1565,0.0035772156134831,0.5015001777840052,False
1566,-1.2323321563184444,0.6654308123012123,False
1567,0.0969904682010859,0.4666250474936083,False
1568,0.0998630232590959,1.0700100511088246,False
1569,0.253394109755335,0.172256444840141,False
1570,-1.3781388684870008,-0.5908624127504749,False
1571,0.6793140324023985,-0.4632323219401175,False
1572,0.3127303657520255,-0.5264661653208298,False
1573,-0.3894086079017401,0.51695865852309,False
1574,0.5723109319417169,0.4583669664599125,False
1575,-0.4539649563070291,0.5425836259074284,False
1576,-0.3844488252933626,0.3193198120738875,False
1577,-1.6313659302733077,1.1276526527996906,False
1578,-0.3271745248440035,0.2735937605584793,False
1579,0.1584220853444354,1.7642699771569328,False
1580,-0.0545071246048118,0.6806893774314233,False
1581,0.9957313478644594,1.1709988526138866,True
1582,2.2734647186708985,-0.267640765380619,False
1583,0.6960617578918191,1.765879306296192,True
1584,-1.2721070533298315,1.5489547479997448,False
1585,1.764251892792972,-0.3095296851493101,False
1586,0.518468099338352,0.4488531367495794,False
1587,-0.6591464113887997,-0.9504419990963228,False
1588,-0.3207759103745394,-0.6180637351047508,False
1589,0.5629684921725832,-0.3130023126585521,False
1590,2.537659603270905,-0.4054676216285682,False
1591,2.570519100279645,-0.199962261687604,False
1592,2.4125448080212437,-0.4876169340253686,False
1593,-1.5443141393198043,-0.5136029082528313,False
1594,0.7632876960081821,-0.689959689859778,False
1595,1.1091734244616351,-0.2951141967347827,False
1596,0.3774399812595179,-0.3598484781537434,False
1597,-1.4847774949240795,0.3694889053285924,False
1598,0.8817089637873916,-0.2999476095286819,False
1599,2.3289975604186224,-0.2577072562456626,False
1600,-1.473041907603349,-0.2587472528038225,False
1601,-1.137281497081639,1.3783236470907674,False
1602,-1.978456934667995,0.3189357678997671,False
1603,1.6939797063857502,1.248159881342641,True
1604,0.8491583409670534,0.4656162271598115,False
1605,0.1284249089607695,-1.597090774390431,False
1606,-0.4598267611830263,1.040584619058012,False
1607,1.3759290694372848,1.1806375478018805,True
1608,-0.7298970569271154,0.3913515678490584,False
1609,1.5730874869135156,1.2119244618323948,True
1610,0.5138901329806952,-1.4437674376535654,False
1611,0.4873085888338536,0.556596449433875,False
1612,-1.5708402155696413,1.6128427540129529,False
1613,-1.2295275826041514,-1.2849674695474833,False
1614,-0.7159748245568857,1.0526191881754274,False
1615,-1.517681030147216,-0.5784208330395972,False
1616,0.2447476304923425,0.1163030750056504,False
1617,-0.4099377838583293,-0.9652724836859936,False
1618,-0.0700461713924712,0.638829034755187,False
1619,0.3698853734580656,-0.5115301542881766,False
1620,-0.4943364929787265,-1.1606859342045115,False
1621,-1.451409665183134,0.6166262776346383,False
1623,-0.5816726591551517,0.646596110064114,False
1624,-1.677256190589904,1.1239634465354602,False
1625,-0.0686046103031215,2.151788348489902,False
1626,0.257683454671579,0.69298234115365,False
1627,-0.9747338849502366,-0.411087314905645,False
1628,-0.8150288947199424,-1.326649161840577,False
1629,0.2889766591289106,0.6010561336315992,False
1631,-1.737274907350525,0.3662844093065063,False
1632,-1.3582132396866573,0.2309416792003906,False
1633,-0.4152745449234122,-0.7349408513662197,False
1634,1.6590545482379293,-0.2928244514877069,False
1635,0.2690936918912224,-1.1835393027724486,False
1637,-0.3626876209627334,-1.1229961635485932,False
1638,-1.176756846238918,1.4348982831249455,False
1639,-0.5734831757451126,-0.5266282182865388,False
1640,0.4334151723443454,0.7267697625442896,False
1641,0.5276717623415007,-0.7624677650370026,False
1642,-1.3728758121021711,-0.8289841828819705,False
1643,-1.542091971496642,0.0099541470736926,False
1644,-1.0940491583499503,-0.8860756993096476,False
1645,1.3055420545066867,0.7006031044149394,False
1646,1.2427757658163678,-0.7424059437132922,False
1647,1.088039328139231,-1.4716928627666237,False
1648,0.9487950865853164,-1.4528044885939218,False
1650,-0.6592282722640693,-0.4816302934520346,False
1651,1.4609776693338437,-0.9569858850022556,False
1652,2.242499712046961,0.6317591704877125,False
1653,1.637869372237671,-0.6620816095287586,False
1654,-0.2726989746227511,1.4523450963641846,False
1655,0.2879291569767815,-0.7576208790305903,False
1656,1.044127276440356,-1.0361740163976545,False
1657,0.91435214986834,0.5583975048596314,False
1658,-0.9481474528027904,1.355647956727318,False
1659,0.1234735467998932,1.4454787378300311,False
1660,-0.0331385913731275,-0.6503536935889735,False
1661,-0.6975456830604653,-1.1568024346589774,False
1662,-1.2106455895010135,0.7580228293392537,False
1663,-0.2991525006524739,0.8628231663353678,False
1664,0.4189141685715733,0.7061531685121707,False
1665,0.1884384718808183,0.3321361264208585,False
1666,-0.6776341994033562,0.7329501393592138,False
1667,0.5673888599258308,-1.0231188117311598,False
1668,0.9979297584713824,0.5002052757894637,False
1669,0.8812688172507714,0.8158322926865953,True
1670,-0.7735853557092547,0.1395504833867243,False
1671,-1.6780503078505968,-0.4308512553421632,False
1672,-0.4726979327123978,0.3890837018336626,False
1673,-1.1619924734099083,0.6049111697936652,False
1674,-0.1058040668039726,0.3717483191728468,False
1675,-0.8695608624007106,1.2406096899567556,False
1676,0.8965047286048073,0.9598116516465424,True
1677,1.120087726221941,-0.8569478039936361,False
1678,0.0612955495559319,-0.2852420659901981,False
1679,-0.2881954684886943,1.7652782632856987,False
1680,-0.1726065735026634,-1.0671122790345282,False
1681,1.7478590078489276,-0.383152292684356,False
1682,-0.6759634760201043,-1.0239655352509387,False
1683,-0.1522749973709307,-0.2789258907127389,False
1684,-0.0614431832641109,-0.1839967382184711,False
1685,2.443242385363485,-1.074679455416417,False
1686,2.3856108840873,-0.1033439192018343,False
1687,1.4492487725717071,-0.7843670397836677,False
1688,-1.4314561030518145,0.2979330395279895,False
1689,1.2332552776451398,-0.4859829746242663,False
1690,0.7725847168988169,-1.0112818492510631,False
1691,0.0796975905808809,-0.4513889602740655,False
1692,-1.0768652985804024,0.3501243983835128,False
1693,1.5224134953604236,-0.7937296306819446,False
1694,1.466174882631549,-0.2190483478677797,False
1695,0.3843699891535165,0.8065186047673059,False
1696,-1.066851280943693,1.4973277799419864,False
1697,-1.401733461168183,1.4222457669682886,False
1698,0.817273412570972,-1.8325176888593049,False
1699,0.4023227696213181,1.8828186509079592,False
1700,0.235457028002495,0.7401347235722605,False
1701,0.31139103584901,0.8129565435837773,False
1702,0.5514093966839972,0.4100067955286084,False
1703,-1.6799179928770906,0.468887987993714,False
1704,0.4401878178451286,-0.0839672587833879,False
1705,-1.5998656087624836,-0.2481519979169482,False
1706,-1.3152878169969795,-0.2737274777952364,False
1707,-0.2542911452281901,1.071573139707048,False
1708,-0.1167339508844704,0.2753706550241119,False
1709,-0.6804928467186219,-0.546152647927135,False
1710,-1.3420947218186203,0.1441294446055455,False
1711,-0.0381606057563237,-1.246624893888456,False
1712,-1.0331804370720372,1.4152451934632773,False
1713,-0.0436822874513726,-1.0174132539117624,False
1715,-0.5225957275631754,1.047097202985758,False
1716,-1.4068488190884156,0.4610958358917105,False
1717,-0.3805248076492065,-0.7561309739385549,False
1718,-1.6292223850317205,-0.2233560901328544,False
1719,0.6605605549796711,-0.4173497604772522,False
1720,-0.0688707679067091,-0.6224541912668655,False
1721,0.3446816771061066,0.1058141235556449,False
1722,-1.232632578351802,0.7161342954896734,False
1723,-1.0430498552839775,0.9908252963137706,False
1724,-1.9310064073633717,0.6785572256248797,False
1725,0.2451839522078086,-0.4243123849455935,False
1726,-0.2402210182684348,-0.6315642131562391,False
1727,-0.5893569602844794,1.2285066348344318,False
1728,-0.6574316774358363,0.8548790637721956,False
1729,-0.7225828842313692,-0.7388548959925015,False
1730,-1.3764460085589796,1.259165178302823,False
1731,0.1559425535158261,0.9988954865820212,False
1732,-0.3835981916938053,0.3467341943863936,False
1733,-0.7154422202855981,-0.8443205772658935,False
1734,-0.1183101057917478,0.6397322606290281,False
1735,-0.3260922092334958,0.606299116020279,False
1736,-0.2463336508283842,0.4664616518916693,False
1737,0.2934531136832424,-0.5721678421600424,False
1738,-0.1749917457763367,-0.6811417761733147,False
1739,0.8797998287640459,-0.975084675874867,False
1740,-0.2057713849254049,-0.6888067959221444,False
1741,-0.3046527471227724,-1.1334288645480923,False
1742,-1.7797128293909157,-0.6460416632769739,False
1743,1.873440649304517,-1.2050656296934903,False
1744,1.7584235837186846,-1.0457827071384374,False
1745,1.5203361023150452,-1.1033412093824997,False
1746,-0.0755348700464234,-1.3973584864865098,False
1747,1.3162094762651322,-0.6256880199658967,False
1748,2.289766166328709,-0.2327352610332502,False
1749,0.2876647366619318,0.884818601926148,False
1750,-1.3361489270647546,-0.1616721213077457,False
1751,-0.0293134110226882,0.7706479720286226,False
1752,0.6422314544385014,0.7038569538911246,False
1753,1.889140669210153,1.225188317905629,True
1754,-0.6700857444036332,0.6862494371193789,False
1755,0.5094030011787726,1.048907729874481,False
1756,-0.0031268487150488,0.2569572751589258,False
1757,1.508306423149237,1.7385808460601144,True
1758,-1.262137598621578,0.9120437893978148,False
1759,0.6525750477533265,-0.6934841963772461,False
1760,-0.8274497606809054,0.7098797549428195,False
1761,-0.68821222478033,-0.5911234642260601,False
1762,-0.1280981131588029,0.5873460611019984,False
1763,-1.1026575149070916,-0.2604127060906013,False
1764,-1.3351174048132048,-0.2142788499152539,False
1765,-1.09287175327878,0.6842386872672084,False
1766,-0.2600446621708287,0.5780685732806722,False
1767,0.1057019698865828,0.8362574528522511,False
1768,-0.1286574105411775,0.2737930272614468,False
1769,1.5060244011592894,-0.8156197567914053,False
1770,-0.0395173536195112,-0.2105726595512291,False
1771,-0.2611584809139362,1.5116946507755549,False
1772,-0.0790070620258858,-0.6853118141575119,False
1773,1.0657686664201895,-0.9760472511550088,False
1774,-1.9334377111094128,-0.7093666029483737,False
1775,-1.5100737227323198,0.5353150298791881,False
1776,-1.6267497838516538,0.0033684648981748,False
1777,1.500508976057674,-1.075051231601737,False
1778,2.6586926911454265,-0.2806546054485486,False
1779,2.268361435397713,0.1809211220288102,False
1780,-1.66144887902366,0.1896651762174093,False
1781,0.0056410284358794,-0.8054014190383376,False
1782,1.712398810885496,-0.7541523968717951,False
1783,0.1866744013879086,-0.8523901732238041,False
1784,-2.4831768565605925,-0.1408354940219567,False
1785,0.5455367381611695,-0.4645235107959455,False
1786,1.323566738385464,-0.8655113438615771,False
1787,-1.6107750792138813,0.744844968583714,False
1788,-0.7394534291654603,-1.25771244012908,False
1789,-1.6306277104063722,-0.0827101837032801,False
1790,0.6586341169018037,-0.6988980992773546,False
1791,-0.6980026617125498,0.4736753195913986,False
1792,0.5979248515322946,0.3226870294865025,False
1793,-0.0895599386342279,-1.011667340184813,False
1795,1.0828835464582085,-0.0819897789655247,False
1796,-0.6243633087793216,-0.3131674146123277,False
1797,-2.0337317374593797,-0.2169793071606352,False
1798,-0.8330430939570903,-1.0191077571452771,False
1799,0.1078021885703045,-0.074935742316712,False
1800,-0.6220730696967316,0.6844052205631489,False
1801,-1.925791070209238,-0.6420832305530692,False
1802,-0.3822106480513069,-1.149696381351175,False
1803,-1.7765779043072596,0.5604838668068264,False
1804,-0.6004907482246516,0.624449471401415,False
1806,-0.4789895825534108,-1.0336058180408767,False
1807,-1.5649436538975057,0.0083346908275684,False
1808,0.0026507740463736,1.0322052153662535,False
1809,0.115146090436887,-0.7292824451407932,False
1810,0.0024507171863013,0.8462452241872761,False
1812,-1.093462334891258,0.0569164402402589,False
1813,-1.3993979932629863,1.5783815580929217,False
1814,0.3087069665232652,-1.018679651500364,False
1815,0.1470834870434237,-0.9887473716190062,False
1816,1.445378035785793,-0.1588194858731362,False
1818,-0.0182330268269464,-1.2181840674520297,False
1819,-1.326068267525996,0.6748804103071813,False
1820,1.0335330117968984,1.5992280746868683,True
1821,0.3563120049877106,0.603708127138959,False
1822,0.7195772896341307,-1.3578039505937107,False
1823,0.5815055348345206,0.8208756131357033,False
1824,-0.1220280207791671,0.8221945344967074,False
1825,-1.714578492889821,-1.6804870893335786,False
1826,0.5911292975969274,-0.5339380346426689,False
1827,-0.0312189012004247,0.8365835400237555,False
1828,0.827608925199756,-0.6280265603806849,False
1829,-0.1350908757453723,-0.4911607975414019,False
1830,-1.7423087675352122,-0.9426103586781224,False
1831,0.0743912531249385,-1.0980491920155082,False
1832,2.2837099204717486,-1.044758249473286,False
1833,1.768350287217362,-0.5500087697282317,False
1834,-0.1646649605033364,-0.2642257089000246,False
1835,-0.1650911557361624,-1.003637437272722,False
1836,1.947402363886684,-1.351633254423986,False
1837,0.3141603172495011,1.327185741443916,False
1838,0.3943942025418524,-0.3531626072324088,False
1839,-0.0890420759251457,1.314699034666293,False
1840,0.3532877645478193,-0.2410292908785383,False
1841,1.2314496802609065,-0.6162840016543598,False
1842,-0.8601561234030145,1.4992149358033573,False
1843,-0.03877909338595,1.0476528891007826,False
1844,-0.3798215923180419,0.5025814911431568,False
1845,0.3628867622738621,1.05254566654049,False
1846,-1.9083043507470112,-0.0489868075037467,False
1847,0.6155675598772934,-0.818871737743341,False
1848,-0.3005854867332045,0.9909599492822186,False
1849,0.3488809993385467,0.8831845139366256,False
1850,0.1646091380057829,0.4199931369317549,False
1851,-1.1083700118430224,0.8157831263974956,False
1852,-0.8025112120431115,-0.2360226663839569,False
1853,0.0995477143180087,0.6311376654307217,False
1854,0.1322884435610196,0.930390701427882,False
1855,0.6162656582439455,1.3534822530903197,True
1856,-0.3191057073931641,-0.5309837659793558,False
1857,2.081134590534581,-1.0892693300365954,False
1858,0.2208146741678813,-0.13594017002706,False
1859,0.1435134582841667,1.8595774783999537,False
1860,-0.5878184049038758,-1.2345881684880478,False
1861,1.439222392336863,-0.2189367948130005,False
1862,-1.822745283881905,-1.7906516985705243,False
1863,-0.9027248425819372,-0.7812549141966125,False
1864,-0.9044108416774468,0.0509604451106344,False
1865,1.4358329969086667,-1.6468499686642477,False
1866,1.309622737513603,-0.9359473800853222,False
1867,1.7860439324279287,0.0136611512593365,False
1868,-1.6008334935451964,-0.0198647788442629,False
1869,0.8601854011248558,-0.6539329579635349,False
1870,0.4908207804347104,-0.5144336359970909,False
1871,-0.2212843924148638,-1.073465088069335,False
1872,-1.2514009497091494,-0.1990947743787229,False
1873,0.8092100295387854,-0.2954075482410976,False
1874,2.18280697495046,-0.925284955476189,False
1875,-0.130836107929032,0.84233378302444,False
1876,0.1861339973226893,-1.4055590572455354,False
1877,-1.5763124250193046,1.2009057731859636,False
1878,1.0085550868933653,-0.8116415635731165,False
1879,1.2261958117276284,1.1525201991717815,True
1880,-0.3732693962094497,0.9189810969581662,False
1881,1.195799014642435,-0.990181854899852,False
1883,1.4278192651637536,1.3911931273639708,True
1884,-0.8320843246898099,-0.1598908962283975,False
1885,-1.973435342153437,-0.0214724048538351,False
1886,-0.0581797237437809,-0.4790213506595722,False
1887,-0.732662296166715,-0.767170709892537,False
1888,-0.8311229883603544,1.036757922588856,False
1889,-0.161036200672849,-1.1829175100342388,False
1890,-0.097697647390532,0.2685581413382018,False
1891,-1.8463735316688945,0.3124950655259686,False
1892,0.4820531697686296,0.8082106482859749,False
1893,-1.306537395571756,0.8909354653213445,False
1894,-1.7233049633198547,-0.9724062124054658,False
1895,-1.935572535086346,-0.2316034603950675,False
1896,0.2698170873550006,-0.4260918279077126,False
1897,-0.1080141354556617,-0.2797578294825882,False
1898,0.6900036653198581,0.8054218471379073,True
1899,-1.0188661276684912,0.3840252409197532,False
1900,-0.6268444787700981,0.387555759277403,False
1901,-1.586754274136877,-1.5208789973398835,False
1902,1.3278761615851524,-0.8259624763353569,False
1903,1.1813197832916025,-0.4811727968491035,False
1904,-1.526138196183684,-0.5165015397923693,False
1905,-0.9677818187393616,-0.481779159441215,False
1906,-1.2724841391277173,0.5724213533377553,False
1907,0.2266203855415,1.0215399587903122,False
1908,0.7122555590780484,0.069464446519677,False
1909,-0.4316845522315945,-0.9566800601996884,False
1910,-0.7651385738318072,-1.3387680954569667,False
1911,0.1296615282686722,0.7417566434794869,False
1912,0.0616900561686158,0.7191373640104831,False
1913,0.1141912552750023,-1.59999237580297,False
1914,-0.0625302617472052,1.0376308702029973,False
1915,0.3191954923246033,-0.746579343931773,False
1916,0.7874499079433959,-0.6745668817445392,False
1917,-1.663010387368799,-0.7058805880945741,False
1918,1.6489457478053005,-1.1967858825907245,False
1919,2.209746487594336,-0.9174454699528268,False
1920,2.1886767711427795,-0.950323782403067,False
1921,-0.5676690230274187,-0.8830750373085713,False
1922,1.1660207159378695,-1.0890746245177891,False
1923,2.343731591335908,-0.1296949059327568,False
1924,-0.4472776876292374,-0.8888041186408187,False
1925,0.1513896829728915,-0.6374525262065769,False
1926,-0.3486276965379566,-0.0253252080975767,False
1927,-0.476071977321754,0.1767233101491891,False
1928,-0.1649650401099675,0.9211867115920904,False
1929,-0.3980800788579471,0.2683717248967631,False
1930,0.7390249351984496,0.5396022073649351,False
1931,-1.0928736986695664,-0.6855788223304284,False
1932,-1.8209804041002715,-0.4863255369272642,False
1933,0.197953607079379,-0.5805344179184162,False
1934,-0.3188478878311316,0.7225868530079456,False
1935,0.2070204750153042,-0.6918970955896327,False
1936,-0.3405499289684902,0.269377151603132,False
1937,-0.7628618192741229,0.829111767642175,False
1938,-0.5504754059103529,0.3536602907791802,False
1939,-0.9754908442896272,0.6140330458238998,False
1940,0.916075873721112,0.4682391602368564,False
1941,0.6930533838270924,1.286550691787978,True
1942,-1.2433631368155826,0.4795373223090809,False
1943,2.587958022351664,-0.7537500225923528,False
1944,-0.5229750192339366,0.5501227683815731,False
1945,-0.250212331056334,1.6492304205101846,False
1946,-0.3756168537120528,-0.7839279312608618,False
1947,1.6131299729956707,-0.9192390039786998,False
1948,-1.1545237058481133,-0.993078253326772,False
1949,-0.3056648254242444,-0.3789991076219901,False
1950,-1.3470790677612077,-1.1319139799677878,False
1951,2.5974403258158563,-0.3638068554648965,False
1952,1.848375055787572,-0.3637602255682087,False
1953,-1.8275524135765304,-0.7554576226757027,False
1954,0.0495415793894851,-1.2892583542575435,False
1955,1.6037478186079748,0.0893667166738838,False
1956,-0.9896965096517164,-1.1697855734906482,False
1957,-0.8205213468262527,0.8613150674533139,False
1958,0.5518382052132028,0.683825464608851,False
1959,1.5266807478978517,-1.1098953859819607,False
1960,-0.3873107410997048,0.250730933318541,False
1961,-1.2247606987293582,-0.6402559513438525,False
1963,0.7472333888448369,0.8111130361335934,True
1964,-0.1198974866338496,0.9423320975996856,False
1965,0.4910683131674632,0.8870903995225293,False
1966,0.1207558950574083,0.0198641208952394,False
1968,0.8660865477728042,-0.3354325092855922,False
1969,-1.5592621384619725,-0.8826407275863618,False
1970,-1.9642557083139336,0.2604106963964511,False
1971,0.0567143581888201,-0.6418770835182218,False
1972,-0.6071996547703705,-0.6457233831134224,False
1973,-0.3259486501590624,0.7435166535161039,False
1974,-1.2663550910409096,-0.5567969933664825,False
1975,-1.5764031599235162,1.221142698429574,False
1976,-0.8925174981777098,1.725820495838898,False
1977,-1.214652917051957,0.2685189402792111,False
1978,-0.3758200509579995,-1.0865556587775629,False
1979,-1.1637804594763492,-0.1252826764530787,False
1980,-0.6209153596806476,0.8005044332948517,False
1981,0.2258238545457427,0.183086388845349,False
1982,-0.1158738812524134,-0.2331519864248097,False
1983,-1.1821996945819229,0.5782667948727578,False
1984,-1.8736387223896664,-1.0829412310627349,False
1985,-0.970322919848202,-1.5343081550618969,False
1986,-0.1662529328047151,0.6581821983365101,False
1987,0.5078227595217409,-0.4891257428327169,False
1988,-0.9383170742390532,1.7398490643281703,False
1989,-1.0332075833432337,-0.6788076976920698,False
1990,-0.2015607866478106,-0.0803430914451706,False
1991,0.9735506871778312,-0.8406300919090004,False
1992,-0.2778010156067438,0.0823111066717416,False
1993,-0.9030355734667987,-0.759346382498611,False
1994,0.1668644837062629,1.201843221099752,False
1995,-0.2929364203380861,0.7310966605077093,False
1996,-0.9785613187932488,-0.2843665436408254,False
1997,0.4413647583713518,0.7693989090650838,False
1998,0.3553594870327788,-0.9865949566410912,False
1999,1.5060643950493395,-0.8996333705846958,False
2000,0.2247987262820662,-0.7918218395532435,False
2001,-1.3566777805570076,-0.3611870794385723,False
2002,1.9535272810893447,-0.3255126581605048,False
2003,2.395945686354053,-1.104413390389581,False
2004,1.003402167979435,-0.5713056062919677,False
2005,-0.3245683498536537,-0.8633775636834512,False
2006,0.5459651811657464,-0.9129213052182764,False
2007,2.752045499518764,-0.2622170820988638,False
2008,-0.303505571694009,0.6773032742322215,False
2009,0.0185132257021353,-0.6179922190895158,False
2010,-0.2156582297634389,-0.6334660627237616,False
2011,-0.7068377953148186,1.0161187307619557,False
2012,0.1277742227634633,0.3651261891187711,False
2013,0.8123691043510165,-0.9617122720375636,False
2014,0.3345697982240908,0.5017210882668706,False
2015,1.1326813685770232,0.5626509042865209,False
2016,-1.0180626502845642,-0.4770709735906948,False
2017,-0.8893037432478277,0.6315552093433296,False
2018,0.5212856731601586,0.8983147631217796,False
2019,0.4521442402360091,0.3818673284814793,False
2020,-0.7789519666347688,0.8280582644587932,False
2021,-1.1482513314779863,1.351629438695701,False
2022,-0.5285084036657108,-0.2794035314859102,False
2023,0.1567355729838767,0.8443170174930335,False
2024,1.056058917464544,1.1524891448211418,True
2025,-0.4861825874691859,0.2658295596740131,False
2026,1.758059303663393,-1.244355704339882,False
2027,-0.6916433813180153,-0.379008457866952,False
2028,-1.0602385765166855,0.1120252798977308,False
2029,-0.6062143677550152,-1.2341282477652986,False
2030,2.0306607357947466,-0.0797530833429673,False
2031,0.1150488772399816,-0.7227137065904479,False
2032,0.3629642654634823,-0.7399945261037293,False
2033,2.8396074564106284,-0.3813279681136072,False
2034,2.572548983875909,-0.6688519509180011,False
2035,-1.2568608443360751,-0.3142235962336017,False
2036,1.2670843362690214,-0.5576432096918333,False
2037,-0.8244725294273834,-1.6935432406901938,False
2038,-1.0205066355362338,-0.3112666528214114,False
2039,2.323299673549597,-0.8135445160865469,False
2040,-0.7214606613989704,0.3337658154649143,False
2041,-1.741896117067414,1.385826807498193,False
2042,-1.551630174057793,0.4442201512557868,False
2043,0.3963810939312305,-1.7419680829043789,False
2044,1.4095780955922377,1.152665082122193,True
2045,0.6697667978763453,1.2005883607913723,True
2046,0.8697532537200151,-0.2905543763139169,False
2047,-0.7752206769916027,0.1645941773900346,False
2048,0.7036241740111037,-0.3075279957957465,False
2049,-1.303578380842952,0.0949868312498438,False
2050,-2.0016848735372563,-0.5498720213652528,False
2051,0.007105381449325,-0.2646988330400363,False
2052,0.4364072213475979,-0.826401864754456,False
2053,-0.8668705573044667,-0.6444886041864855,False
2054,-0.7413145530299051,-0.6292215760700384,False
2056,-2.710552972290817,-1.5939867711155289,False
2057,-0.931966864654316,0.5853601724876178,False
2058,-1.344063719401149,-0.9506469256778828,False
2059,-0.3935747504689758,-0.5808322386133667,False
2060,-0.6478246123863689,-0.1164684753505394,False
2061,0.32880832007204,0.5353295038167133,False
2062,1.178973645865292,-1.0516604134833647,False
2063,-1.371255491647996,0.5165897468869568,False
2064,-1.290284256672956,1.4253588552918952,False
2065,-1.190318095153027,0.6456640017340856,False
2066,-0.9404071066108228,-0.8108355061498514,False
2067,-0.5521770832892363,1.544898402405863,False
2068,-1.4201927895244495,0.452649619712947,False
2069,-1.3785626748163762,-0.6089543405050059,False
2070,-0.7811735788200773,0.7787177745761032,False
2071,0.2045261212946829,1.0085478442286435,False
2072,0.8428942726153378,0.2826536801170389,False
2073,-0.921304872072364,0.8977751018073397,False
2074,0.1057437594771015,0.8004385797121978,False
2075,-0.4325386390665294,0.9542197943495228,False
2076,0.4292340712817689,0.1984312932104913,False
2077,0.722367307466277,-0.4884212586056734,False
2078,-0.2755347896425609,0.8249577614371161,False
2079,1.1711109389170704,-1.0988898029495855,False
2080,0.6502392347503502,-0.7675187167316965,False
2081,-1.727898652208897,-1.2606188472723436,False
2082,1.511876383435878,-1.7711108430860063,False
2083,1.1658222631322634,-1.0971362326703118,False
2084,1.1712934218519468,-0.4118562789674824,False
2085,-1.0082798877915498,-1.0549105619358548,False
2086,-0.4931694926954147,-1.3126089590590064,False
2087,2.349815240511869,-1.287070206121978,False
2088,-0.4443925137816232,0.7234367198504539,False
2089,0.5463275610082389,-0.9359732262813292,False
2090,-0.0696230829564602,-0.7560502641848926,False
2092,-0.2789775260739164,0.4599455656564193,False
2093,-0.4210666989846937,0.0732894861681871,False
2094,-1.0110490829662515,-0.0036918916207962,False
2095,-1.0530245109433305,-0.7362271987538467,False
2096,1.631483021052512,-0.8054200387415136,False
2097,-0.4397795874765312,0.086949845198205,False
2098,-0.2996823227221264,1.6192733203660354,False
2099,-0.3572475451239484,1.4545080304594886,False
2100,-0.8882715009515562,0.7910850324123488,False
2101,-1.0647281571392138,-0.262773049543544,False
2102,0.7924815378012698,-0.5181347012344503,False
2103,0.1912656737840465,0.964498483838637,False
2104,0.1024271911619148,0.7049663144177039,False
2105,-1.6188798401377162,0.7103320443202132,False
2106,1.6768294869675862,-0.8750399335826873,False
2107,-0.0325163280995458,-0.5044555624533594,False
2108,-0.3636026427639949,0.604439791946798,False
2109,-1.5349764683718403,-0.8956422110320847,False
2110,2.014644922364941,-0.2950188857582843,False
2111,-0.455494645761263,0.9615245246515562,False
2112,-0.3880725762400817,0.0127819407778021,False
2113,1.1903194418730396,-0.834162679338905,False
2114,1.509703160620273,-0.1621155882549885,False
2115,-1.1085237284212022,-1.0652592053382777,False
2116,1.342394440895582,-0.3835154926410249,False
2117,0.3266927299211767,-0.4508182066822142,False
2118,-1.276263836133618,-0.6873578220989295,False
2119,1.5482928553886888,-0.2941705782512355,False
2120,-1.598107743942104,1.2810022528384517,False
2121,-1.5687032828807288,0.6496385982351549,False
2122,-1.4983902149321833,0.0458375111548639,False
2123,-0.1460280810447399,0.3446652329605808,False
2124,0.3935123639763127,1.1091577470857217,False
2125,1.1606333092153216,0.019902684847966,False
2126,1.1943887238435462,-0.4181776402976727,False
2128,1.3521781078604362,0.1110598614057956,False
2129,-2.0570873029454564,-0.0673226513170629,False
2130,-0.6665932504500117,-0.1569521423732199,False
2131,-0.2529783835249565,-0.4867245758484881,False
2132,-1.4233700445255448,0.1555777652155613,False
2133,-1.7219891641571732,-0.1879399087492798,False
2134,-0.9248078454044172,-0.7581104360770466,False
2135,-1.7487784445188028,1.2831185455975471,False
2136,-0.751472701548802,0.4768982298998048,False
2137,-1.599120464263443,0.3276295156675077,False
2138,-0.4993685914712297,-0.64406534635483,False
2139,0.0400163361010769,-1.020656959531978,False
2140,-0.8512085843121906,-1.572150316040791,False
2141,-0.4644488553252046,-0.3961781843339418,False
2142,0.0886198070554789,-1.3923656441749386,False
2144,-1.6512542802665555,0.5334657256231975,False
2145,-1.1921947660101606,1.3214128009851356,False
2146,-0.4032965647887443,-0.3129813648421143,False
2147,0.5179099666695218,1.0807998523017868,False
2148,-1.5802410151635005,0.6826781379770176,False
2149,-0.6295630778700848,-0.8268468959291018,False
2150,-1.0556900870755386,0.5824039783415167,False
2151,1.1030316925852872,0.8903472577789661,True
2152,-0.0649101208015147,0.5509342964469235,False
2153,-0.9776183106376692,0.9391748898652912,False
2154,0.037172023914979,1.398107101844538,False
2155,-0.6047058199982739,-0.4986487034336631,False
2156,-0.0864450609412544,0.6842195411631757,False
2157,-0.0497634109659082,-0.9194426659658512,False
2158,-0.5346052102697211,0.6846712854435324,False
2159,0.3198416652183998,-0.7111384244636586,False
2160,0.4342390931581503,-1.0372379815031176,False
2161,-1.647788379511074,-0.8822300108914343,False
2162,1.342604337585386,-0.7565256655181657,False
2163,0.95686751368366,-0.7818279514907363,False
2164,0.5220530189072372,-1.4607053551983329,False
2165,-0.6511573153720747,-0.6620825822383304,False
2166,0.4235972106913229,-1.0489563597425495,False
2167,1.6399692200541385,-0.4508592549744279,False
2168,0.384291441535451,1.736541661900957,False
2169,-0.2256357606798573,-0.745824211856822,False
2170,0.3983782396617558,0.4467720773122659,False
2171,0.1028207435716775,-0.6095002908123897,False
2172,-0.1897645679367981,0.5897519828432854,False
2173,-0.0377153275323307,0.1566924451510016,False
2174,-0.1208402276807395,1.5388947043375498,False
2175,0.8417656807413479,1.7118887122733633,True
2176,0.9612179359945328,-0.7442044281326854,False
2177,-0.3970722636949491,0.9426939646746392,False
2178,0.8907630382182138,-0.5968422731309575,False
2179,-0.0119047644259405,0.1429567732074674,False
2180,0.0207225071835835,0.6310502446006698,False
2181,-0.8473011584605288,-0.7157130387329562,False
2182,-0.4934556419369068,-1.496440239603278,False
2183,1.1137993255339804,0.9620106472223432,True
2184,1.110713761128084,0.9224769792904604,True
2185,-0.8521180288593674,0.2373046812908814,False
2186,2.184841596305231,-0.2086421696681986,False
2187,0.0640900749570902,-0.3474757206506356,False
2188,-0.9030113232324688,1.3376636471145358,False
2189,0.7507343194705645,0.8320234223771509,True
2190,-1.523776257803999,0.752941370641374,False
2191,0.6227539639434646,-0.4031597899127501,False
2192,2.1601641394309805,-0.9146996702563686,False
2193,1.1666626290159612,-0.6001910793369464,False
2194,-0.9002834754774589,1.298746728787045,False
2195,1.849868788182644,-0.6135338651598703,False
2196,-0.4991478707638934,-1.1922207094641633,False
2197,-0.2480499125904321,-0.4192741734361304,False
2198,2.311767093969648,-0.6571897779794256,False
2199,-1.4059581938306454,0.7353985104720804,False
2200,-0.4957804833165871,0.1763069387468916,False
2201,-0.6334265077860013,0.2063294697716715,False
2202,0.4189233842182465,0.371697353711502,False
2203,-0.0504044721894273,0.8877987554538722,False
2204,1.3576951976285252,1.06523062754497,True
2205,0.2545637460384266,-1.0731666082543023,False
2207,-0.217626242566415,-0.7759624062911711,False
2208,-1.3318178623855952,-0.7632764130356916,False
2209,-1.3945183124345768,0.5049501216380337,False
2210,0.07749122510395,0.0472747171332772,False
2211,-0.0825816581687397,-0.4269973464160385,False
2212,-1.1857581351729356,0.7014879358118015,False
2213,-0.9445271887709794,0.1128160105285631,False
2214,-1.4609802000369994,0.8269945551178854,False
2215,-1.4323246042216506,0.2289903012399653,False
2216,-1.4328555823320863,0.7295171415660152,False
2217,-1.0618289494682445,-0.638186556619886,False
2218,0.2247187939181024,1.074700026274238,False
2219,-0.4178788072094126,-1.0480070740671354,False
2220,-0.5984924255872764,-0.5889771019008812,False
2221,1.2868371632850144,-1.0559408084652289,False
2224,-1.5613162484971803,0.3106693834785078,False
2225,-0.1849990737092096,1.5606817185472397,False
2226,-0.9580937988949852,1.1201533767460723,False
2227,-0.5917903005163191,-0.0969721345666307,False
2228,0.3719126670252257,0.3388797379575552,False
2229,-0.2925288786670041,1.0883091482883844,False
2230,0.1686822358206534,1.0802125116076562,False
2231,1.0776490808198438,0.1647385577460349,False
2232,-0.0346673897596909,0.8738572192975889,False
2233,-0.2600490698316275,1.124859917772831,False
2234,-0.6164886941841203,0.8897019854400956,False
2235,-1.024795983722647,0.7709443752368823,False
2236,-0.4982699916382228,0.0369488230166273,False
2237,0.0258482007178937,-0.984763838115654,False
2238,-0.4723542009659381,-0.372963043681473,False
2239,0.6420274970089662,-1.116968061294783,False
2240,-1.4118589353442588,-1.324140195827555,False
2241,1.4273861704744426,-1.3830191245985826,False
2242,1.5245213579130303,0.5228789476279866,False
2243,1.7538501789943437,-0.1771165880191196,False
2244,-0.5228544396867311,1.4049569779594355,False
2245,0.387987510214148,-1.087820311154544,False
2246,1.8499014988102995,-0.7980924896121939,False
2247,0.2050211661444979,1.6670077331458644,False
2248,-0.5913634447109278,-0.8447913602575224,False
2249,0.1419131483719647,-0.4688542662281949,False
2251,0.4135737351803085,0.4726348008137936,False
2252,0.3797386506421984,0.6782164356632918,False
2253,0.5451961427824368,1.131954110451675,False
2254,-0.9105781714985802,0.4828562919932665,False
2255,1.7124205092454992,-0.3746623063505252,False
2256,-1.721599199587826,-0.7627098522508837,False
2257,-0.1662332270622716,0.716995530901409,False
2258,-0.5389749684993737,-1.675275760484301,False
2259,-0.8611427613200945,-0.2290750199335156,False
2260,-1.6620926282998223,0.626172130951912,False
2261,-0.1176024617496179,-0.9378084428661416,False
2262,-0.3386492100120821,0.8841387449631275,False
2263,0.8424520687231711,0.4660250232024588,False
2264,2.296365577723219,-0.230945506457189,False
2265,0.1639938184530036,0.1216079149806859,False
2266,-0.8878594454109813,0.6062027911360259,False
2267,-1.6701051423567674,-0.3148336194849386,False
2268,1.966784993046513,-0.7752472150502687,False
2269,-1.1830328813610278,0.7632332288594562,False
2270,-0.4954060755609554,-0.6912605186929672,False
2271,1.7159665816958718,-1.0447787056483353,False
2272,1.5942125237736129,0.2318168845872612,False
2273,-1.5121018644746511,-0.6342792039230617,False
2274,1.2930973741296656,-0.0822362944044643,False
2275,0.0096525077707021,-1.2159560928615596,False
2276,0.5635775860941228,-1.195788931547134,False
2277,1.3820221844828169,-1.051045924451954,False
2278,-0.2180317953230064,0.2451981529525911,False
2279,-1.6359551425786765,1.4775671982109544,False
2280,-1.3629614913412826,-0.1394638677591533,False
2281,1.4508373892678617,-0.8530915387216513,False
2282,0.839338676811535,-0.1796645860360484,False
2283,0.9738185735920196,1.3585583019221623,True
2284,0.1623057747354612,-0.9168346735955748,False
2285,-1.450937122279106,0.5582474061659951,False
2286,0.9430943342360688,1.0545753828009647,True
2287,-2.0032120279224777,-0.1893131359664397,False
2288,-1.681759153265905,1.4442677323439317,False
2289,0.18903583453358,-0.4300122179328169,False
2290,-0.577006727793254,-1.2707620514391769,False
2291,-0.8040549003782328,1.4915751178721812,False
2293,-0.5602830516734097,0.4343672499441118,False
2294,-1.505363824671052,0.7017938536548642,False
2296,-0.8877779561283269,-0.5817250074627205,False
2297,0.633796664295615,-0.1984978871580062,False
2298,0.2176648352598041,0.6679935787856139,False
2299,0.4879137377927424,1.3692037743127616,False
2300,0.9258369887250546,-1.057220486176132,False
2301,-1.264802517725436,0.2634217673536283,False
2302,-1.0346469154944191,0.6624066346021689,False
2303,0.0922326455091588,0.7008006571152445,False
2304,0.6156803257077578,-0.9544552163875384,False
2306,1.22318201980339,-1.0990312150030404,False
2307,-0.4554169036893991,-1.0067688238897363,False
2309,1.081526856321369,1.1114813319934742,True
2310,1.083893365669894,0.2829048658721543,False
2311,0.2076219816555065,0.7738658420177257,False
2312,-0.6177262909900987,1.202747819365039,False
2313,-0.0882381128766697,0.8844476765539975,False
2314,0.4461696209446294,0.528937303947814,False
2315,1.7113554567010851,-0.9321463729381436,False
2316,-0.3213716535382869,0.0192415115427228,False
2317,0.9632784534733312,-0.6599241096624618,False
2318,-0.1164892680169752,-0.1076665429288605,False
2319,-1.6619248742946315,-0.915635983558317,False
2320,1.0744446946654431,-0.7031086238855297,False
2321,0.8082660606509932,-1.0662119537672563,False
2322,1.6825541076988335,-0.3463345508747286,False
2323,0.5776552516792871,-1.1569638073250623,False
2324,1.0980280008061072,-0.9595261228466296,False
2325,0.896589165615828,-1.1940296375909023,False
2326,0.5269612818856232,1.8122643743578608,False
2327,0.0323020172712216,-0.3424011099281103,False
2328,0.072398699155681,-0.929033337828371,False
2330,-0.259555227999517,1.4851409990895403,False
2331,0.0110001371470588,1.1292619666997483,False
2332,-0.2624928945830642,-0.7290584400375575,False
2333,1.938109588682749,1.1412819668939471,True
2334,0.1968917185610529,-0.3224895551985036,False
2335,1.0127748306775837,-1.2525125614310784,False
2336,-0.2874654307761414,0.7906856150264234,False
2337,-0.734609836920443,-0.1009782343357026,False
2338,-0.6755227215486995,0.3295647909216422,False
2339,-0.2199866974355221,-1.1718396099916133,False
2340,-0.0620334093071177,0.7642684177831557,False
2341,1.1393057819581285,1.6200583744106651,True
2342,1.755263544637913,-0.7181276104776462,False
2343,-0.5557629358120459,-1.005361668203017,False
2344,-0.9387600503319028,0.7936471496162947,False
2345,0.2676530089766515,-1.095784971687911,False
2346,-1.426776854368644,0.4256008227017835,False
2347,-1.0844066180865533,0.0976821510764591,False
2348,0.1904134958373014,-0.6396151826163929,False
2349,1.8899220021729228,-0.2772126115887412,False
2350,1.5453053267179455,0.1122311774818269,False
2351,-1.4726368615472711,0.8286996806162584,False
2352,1.087685464134603,-0.6078538387671448,False
2353,0.1367813462802546,-0.9891228220023196,False
2354,0.2741438305312972,-0.7258775597128592,False
2355,1.0781926226288183,-1.1518248090041725,False
2356,-0.3557470572908028,0.7142213596609245,False
2357,-1.7783015406912943,1.4371431505373329,False
2358,-1.4052159543731395,-0.0503973079932058,False
2359,1.371635069819145,-0.8640535039466464,False
2360,1.1697688288459518,-0.4675035248582161,False
2361,0.5433222350087841,-0.77016156124151,False
2362,-0.5514681094255315,-0.3218019984655882,False
2363,-1.5274192772799269,0.4839091294809935,False
2364,0.5928740932012373,-0.1209999703806424,False
2365,-1.6277637291266576,0.1309316352872395,False
2366,-0.6348515876074161,0.6036678880866335,False
2367,-0.5909505483476687,-0.361218936122049,False
2368,-0.604363914924471,-1.2401632008023364,False
2369,-0.363862251176341,0.4387035141003106,False
2371,-0.94068309493217,-0.0291905817250985,False
2372,-1.6621826279130758,1.3130119368803084,False
2373,-1.1710072876126023,0.8375044780157819,False
2374,-0.72983257639166,-0.117140052442108,False
2375,-0.1383088638698768,-0.8637313631593806,False
2376,-0.3686961683125164,0.289438421400419,False
2377,0.6910454425090444,1.098151665550899,True
2378,-1.2841652694870904,0.5666299848984234,False
2379,-1.3082602394755365,0.5624921267693117,False
2380,-1.6681635049898134,0.5259330682479914,False
2381,0.0615557353448401,0.0312452131613902,False
2382,-0.1669285549566604,0.179308084425025,False
2383,0.3769724157857766,-0.3039859660991711,False
2384,-0.4694207223053985,-1.1224027328222224,False
2385,-0.7969395241425125,0.0668804668080412,False
2386,-0.905151060349858,-0.8201688938785185,False
2387,1.4296757752704818,-1.113198732612087,False
2388,0.2621861329133589,1.1807015273707622,False
2389,0.5084509243368744,0.0770232277554757,False
2390,-0.8231630756702868,0.3559557581340845,False
2391,0.5701005344226412,-0.8924566058500466,False
2392,-0.4772382762808403,-0.39580217162832,False
2393,1.0503939633111496,-0.2181401002332738,False
2394,0.3909631898263809,1.7853791063887376,False
2395,-0.8428474895703146,-1.3822212467688468,False
2396,0.944198842415543,-0.912921870950426,False
2397,1.2506944126847466,-0.7517755272474764,False
2398,-0.3090034362693391,-0.4834703020993935,False
2399,0.4443726735014925,-0.9777839757316472,False
2400,1.5750241051059524,-0.6825952515094114,False
2401,-0.3278767379422628,-0.6792180578176342,False
2402,-0.5140518012102385,-0.6759835423112472,False
2403,0.1019956400086937,-0.4323788965228842,False
2404,-0.0613249646390295,0.3607897985904332,False
2405,-0.2939412730461741,1.2889686967292406,False
2406,0.713886555018754,0.3392367195348252,False
2407,0.7562656602418413,1.5239911023924235,True
2408,1.72829204324423,-0.3883436385114605,False
2409,-0.6484410010761239,-0.4797783801637031,False
2410,0.1275124713473335,0.6424054253397949,False
2411,0.3792083023073002,0.9550051440828324,False
2412,-1.1747680680203951,0.8443492578102344,False
2413,-1.4279154156524867,1.0428246366587808,False
2414,-0.0173424876071826,-0.9243448055775804,False
2415,0.3362794419703837,0.8952793391503305,False
2416,0.7923377456758749,0.3735210045351402,False
2417,1.6680120261572382,-0.7740237338157978,False
2418,-0.9273728892975196,-0.1073548913578328,False
2419,-0.3373826223176103,0.5967571402801047,False
2420,0.9212575135402318,-1.4300846343639724,False
2421,-1.4214545038738498,0.75451906688088,False
2422,0.1540037698849939,-0.9233064255324944,False
2423,2.606550296060843,-0.1331192515187977,False
2424,1.9611074851418484,-0.4545084425753989,False
2425,-1.3476969736026734,0.7662321856595128,False
2426,1.7308337666362026,-0.1449128582708647,False
2427,-0.9234408135786734,-1.9062803775146249,False
2428,-1.1263086071428663,0.2776931329697245,False
2429,1.5068335295147053,-0.8957495489858414,False
2430,-1.7717868382941335,0.977993984048872,False
2431,-1.1790024583704335,-0.0572422903180063,False
2432,-1.65446819619427,1.272958454252605,False
2433,0.4032514662695339,0.668530007741595,False
2434,0.2404237529830006,0.5435638445791167,False
2435,1.0545479914543612,1.237122285484219,True
2436,-0.3943991312425466,-0.7493985012267395,False
2437,-1.4791607183168585,1.36182441106991,False
2438,1.3982663016659096,-0.9752147490819836,False
2439,-2.0904877353974256,-0.0123205569024947,False
2440,0.1192996365213104,0.5996594292022028,False
2441,-0.4450978979539026,-0.2750626835871026,False
2442,-0.69832845279622,0.5756273872079569,False
2443,-1.6490521042722357,0.5183198491434138,False
2444,-1.3691736923793894,-0.2672261748805126,False
2445,-0.9502100419786426,0.3960870004512304,False
2446,-0.9873538406975496,1.4178327249607037,False
2447,-1.4715607816183671,-0.7588151066097799,False
2448,0.1750514896300365,-0.3369233323602313,False
2449,-0.0764873177839801,0.6226483696444274,False
2450,0.3053902099200885,0.6484105157781086,False
2452,-1.1442980968318497,0.5193427437574223,False
2453,0.0517480376677849,0.8685514644064487,False
2454,0.9725307299818944,-0.5956770984439137,False
2455,-0.90592399862461,0.3040757339983145,False
2456,1.0375373449607863,-0.4842788070245374,False
2457,0.4052111810935467,-0.7129640613679477,False
2458,-0.3449890511690107,-1.426759996041839,False
2459,-0.4142667813098929,0.1461072519603919,False
2460,-0.4163373933270862,0.8264561021037037,False
2461,-0.6500338013531193,-0.5518398326107763,False
2462,0.9199812126889204,0.5254379435468916,False
2463,0.0244933990886782,-0.9163614142851272,False
2464,-0.640349344610648,-0.5878061513259787,False
2465,0.5559597144136879,0.441030957234831,False
2466,-1.5100010173425014,-1.4969799412651743,False
2467,0.9717993267552154,-1.4283737027571763,False
2468,1.9271941884160155,-0.9549746003172892,False
2469,-0.4218466381037951,-0.2413244624594085,False
2470,-0.3487644529743683,-1.4286998201499244,False
2471,2.431323397223978,-0.9157484735983336,False
2472,0.8375607556426197,0.8278665822605384,True
2473,-0.0212269996932043,1.039433485981245,False
2474,0.3574967228637848,-1.2100995346803771,False
2475,-0.2212254172202808,0.1799109229986209,False
2476,-0.0414383711741809,0.5830860102117025,False
2478,-0.732684031883022,-0.1206993745629282,False
2479,1.2531844572052209,-0.2821271376638721,False
2480,-0.1385473243815623,-0.6336265382319811,False
2481,-0.4235563124693264,0.8754873874964287,False
2482,0.2688875477942852,0.7753915078532629,False
2483,-0.3544929286931193,0.4485445191327826,False
2484,-1.659402721558243,0.8762781637122219,False
2485,-0.908562622906822,0.7747038403335451,False
2486,0.5430094972369162,0.8453904368762181,False
2487,0.7900077270936662,0.6275416950407305,False
2488,1.5533784614078572,-0.3591014267259003,False
2489,0.257815099327778,-1.595207116053512,False
2490,0.1120265902708303,0.6519578067823009,False
2491,1.4736809014162455,-0.6427634350384828,False
2492,-1.1365821741063793,0.4399823412008313,False
2493,-0.6431265576570019,0.6410893649176433,False
2494,2.355826572647547,-0.5040697371541014,False
2495,2.9479337222130826,-0.1584438246868817,False
2496,-0.8118907726807482,0.1649419244541388,False
2497,1.6968790800300284,-0.2946777348262717,False
2498,0.4244923778525124,1.2103768143297973,False
2499,-0.8659021873548048,1.6475866251863325,False
2500,1.0967155453184094,-0.8738777880297952,False
2501,-1.5800610077670951,1.5231980721290848,False
2502,-1.7527179619036242,1.1204462124462866,False
2504,-0.0976730254599652,-1.8255261295292995,False
2505,-0.0032036957437012,-1.0039826571494352,False
2506,0.3443930002485572,-0.3331292337624066,False
2507,-0.725322013270011,0.3826780401725028,False
2508,-1.5229875193633031,0.3868173802104993,False
2509,0.0750304420612297,0.639071177182534,False
2510,-1.8724067320925548,-0.8574276703085599,False
2511,-1.683277929419155,0.6747692239761944,False
2512,-0.2738349557700534,-0.4116197625461452,False
2513,-0.6864657505046792,0.8256977244741914,False
2514,-1.807014874580028,-0.0685893359633617,False
2515,-1.001441686971154,1.7660317248869446,False
2516,-1.419606513449026,0.6360341545340569,False
2517,-0.8450116288178873,-0.949517321973952,False
2518,-0.0161910492798036,-0.7695968404290243,False
2519,0.1249170679660718,1.4789501803803249,False
2520,-0.1827658275869673,1.0905364719726651,False
2521,-1.4117580626982842,0.674619754277523,False
2522,-1.2198952392958782,0.1527316226533679,False
2524,-0.3362195894426074,-1.289945803003194,False
2526,0.7939250514513703,-0.7340294463760606,False
2527,-1.388190212824026,-0.9091111641320248,False
2528,0.0881555123267432,-1.0830108391773443,False
2529,0.8643203820330986,-0.8439548571612652,False
2530,0.0454589334053521,-0.1871421962735903,False
2531,-1.3052787846474838,-0.5592735278433897,False
2532,0.8292262474307264,-0.597554083681008,False
2533,-0.421520407051678,1.048825427947429,False
2534,0.6522956963779423,-0.5802787016990559,False
2535,0.4657912252519608,1.175024986624682,False
2536,-0.9062724243144687,-0.8901165983761873,False
2537,1.2196969167778902,-1.0421798930935935,False
2538,1.104081461607332,-1.3219990928074183,False
2539,-0.124309551007649,0.7680206625949159,False
2540,0.3149188655112659,0.7812007312667165,False
2541,2.2141089003058214,-0.9659859320997616,False
2542,1.0661100819349083,0.8916201868463269,True
2543,-0.0910666342186728,1.5492349963958618,False
2544,1.6769739622642696,-0.4312770788373185,False
2545,0.5240990813089415,0.7331104752406647,False
2546,-0.7771184246772684,0.3920938906950222,False
2547,0.1812534023171331,1.0339804406043545,False
2548,0.6133814987557404,0.4475447653056171,False
2549,1.3276941770173023,-0.6549726911485105,False
2550,-0.7802492001247215,-0.5519479254193211,False
2551,-0.5813414187484924,1.4807918711214048,False
2552,-0.0562242740886173,1.314755625480338,False
2553,-0.893939172674854,0.4304965751682988,False
2554,-0.6709917744998377,-0.2618010390771332,False
2555,0.1572464653963127,0.3157292353030052,False
2556,2.2684148241752164,1.4241834260795838,True
2557,1.112289320128718,-0.2494029741854364,False
2558,0.1484405653793633,0.894481877662259,False
2559,-0.1246701213536302,0.6466370975645225,False
2560,0.7265513654822834,-0.3437868285685053,False
2561,-0.1210363647679829,-0.2912058353185224,False
2562,2.262660166013017,-1.2623431167529544,False
2563,1.7007655560127215,-0.0313973616694305,False
2565,1.3565989317120544,-0.0896206963137862,False
2566,-1.6261427337641925,1.5321563591405511,False
2567,1.837276071210704,-1.2071462960806234,False
2568,-1.635313588963013,1.581740049593945,False
2569,-1.6817321068135018,0.075299123036987,False
2570,-1.5972554043458074,1.517079176188266,False
2571,0.7864247306503291,-0.4136260427696354,False
2572,0.432812298481556,-0.3116235317714543,False
2573,1.3954050925753376,-0.2336580420940286,False
2574,-1.6029706655918627,-0.4591607992303487,False
2575,-0.8665964893965888,0.4471438830363066,False
2576,1.6846333487779044,-0.7000964824352209,False
2577,-0.463168372640439,1.1140931978585018,False
2578,-1.5801459828921354,0.4717197670404809,False
2579,0.1934037437132968,-0.2849865148862444,False
2580,-1.898434287020431,-0.881774353766739,False
2581,-0.6831729007512524,1.6932328146675846,False
2582,-1.4626331698987618,-1.2086478328374954,False
2583,-1.0727377425764786,0.5590228926832692,False
2584,-1.8671212092530287,-0.5025219749634097,False
2585,-0.3347089764665549,-0.7028973145452546,False
2586,-0.8902793191209406,0.6110930186245671,False
2587,-0.2408437030145726,1.0659258437089572,False
2588,-1.5498300551592816,0.2977621356514264,False
2589,-0.6871770954871019,-0.6361007619285592,False
2590,-0.4066260840231995,-0.6043858107513015,False
2591,-1.6628179029609482,0.6533767837787563,False
2592,0.9778724440001776,-0.5585161752177713,False
2593,-1.0624380679384071,-0.4509838365990573,False
2594,0.6459410036102814,0.6024279429671282,False
2595,-0.0733395907375971,-1.2224624263783426,False
2596,0.0397095031561835,0.6611107174436502,False
2597,-0.4589628912111095,-0.6763457013361545,False
2598,0.7320563390026941,-0.8753968182547551,False
2599,-0.4144143460352538,1.5328604533578196,False
2600,-0.2212546866075612,-0.6641897893855914,False
2601,0.7615042405102931,0.7690001142130304,True
2602,-1.4773969859511162,-1.5329662682116352,False
2603,1.1053238556160976,-1.0833028255128654,False
2604,1.9905596820624951,1.501363659772256,True
2605,-0.7724697150785518,0.7205608993976713,False
2606,0.5679944296771511,-0.916092409076646,False
2607,1.1715654840863094,-0.6974448272344653,False
2608,0.4269668627256856,0.7721508883624087,False
2609,-0.3503519785733929,-0.6387035161078941,False
2610,1.300689662901149,-0.3952025995281043,False
2611,-0.1994976356382992,0.7406452541515949,False
2612,-0.88167267922633,1.494805764878956,False
2613,0.7263169342517474,0.6186100601888269,False
2614,-0.1092462329151127,-0.7426848993281372,False
2615,0.9154155052644604,-0.950921098631567,False
2616,-0.0734519386707563,0.2750793230820098,False
2617,1.338980034604993,0.9036081723407255,True
2618,-0.2335987623472903,-1.2697147928368349,False
2619,-0.2720357115415542,0.275189250887864,False
2620,-0.4272627916398744,0.737264830635807,False
2621,1.0733283172057455,0.7291351220654907,True
2622,1.837413296064507,-0.4052949428728194,False
2623,-0.0242131167124034,0.6903306140293625,False
2624,-0.3631647521311521,0.6666085876825701,False
2625,2.152992386665721,-0.3793457443485277,False
2626,-0.2618862238362627,-0.3222014546896063,False
2627,3.022514093662567,-0.4325149350720632,False
2628,2.8325787836213663,-0.0411782888618257,False
2629,-0.7435815181385544,1.2107572248377476,False
2630,1.4755877281973289,0.2907439167665946,False
2631,-1.7094594999181798,0.7623108673597642,False
2632,1.1577948488528425,-0.7221812098073319,False
2633,-1.1968520727433447,0.8331127799262087,False
2634,-0.8269215545665688,0.4733549059303022,False
2635,-1.156226103530513,0.0538843085740059,False
2636,0.0830634241292856,-1.958265337191881,False
2637,1.4296707517911469,-0.4655998225479731,False
2638,1.0125716437665695,-0.1345166481355049,False
2639,-1.508378337602601,-0.2375369678234626,False
2640,-1.627502182049016,0.6750809903588603,False
2641,1.7849233260347694,-1.1671457201141744,False
2642,-1.8220727736348024,-0.260088994562017,False
2643,-1.670365358273102,0.3198473343734345,False
2644,-0.3524479141904404,-1.271035536230917,False
2645,-0.4925559570895372,1.2530887759670035,False
2646,-2.341820376977902,0.2362055219567147,False
2647,-1.5115089085584998,0.6014985763653695,False
2648,0.7066149788315489,0.7872650257972994,True
2649,-1.6209985401835596,1.501817963918043,False
2650,0.1537875893284307,0.531242902856976,False
2651,-0.6774525784517914,1.1977628813823724,False
2652,-1.1503661482488654,0.5944741583395783,False
2654,-0.3174039556667222,-0.3614620365111499,False
2655,-0.0212166892799937,0.164735053398941,False
2656,-0.2960290357249629,0.5930677098627268,False
2657,-0.8057814877807904,0.6985422510523803,False
2658,-0.4157192010183926,-0.7056398611513938,False
2659,1.5562292910003337,-1.2220130671828473,False
2660,0.1400569234022,0.1380801437791748,False
2661,-0.439050465659054,1.0751850523207662,False
2662,0.8812632826814156,-1.161245275033059,False
2663,-0.4335673397113534,1.4469957983533148,False
2664,0.1537025186873125,-0.5253619980182922,False
2665,0.840159603084165,0.8839705651761958,True
2666,-1.3695548687673875,-0.6495118047088982,False
2667,1.2399781033705142,-1.2180006970945327,False
2668,1.861760692850088,-0.1887586403188131,False
2669,0.990349733472862,0.6168694552915106,False
2670,0.3582530219735635,0.6577156578245071,False
2671,2.1272026854845785,-0.5620456226161474,False
2672,0.861268736230153,0.7486939957043777,True
2673,0.1523450873572191,0.4615404416102645,False
2674,0.777166590711859,-1.3119312255687172,False
2675,-0.7435850148555542,0.9665159161151168,False
2676,0.8325247729120382,-1.3649359401241958,False
2677,-0.079005636210623,0.4296893310982695,False
2678,-0.0698420559354499,-0.4997820297031179,False
2679,1.1628557460044977,-0.3603928397025133,False
2680,-0.2384834402485657,-0.8817191054381763,False
2681,0.2942626535707848,1.7662450516225243,False
2682,-0.144723535997039,0.4011165233537244,False
2683,-0.6288840381405973,-0.5822474486451062,False
2684,0.5588279259939505,1.546222776630914,False
2685,0.4436296587693351,0.6603215144498774,False
2686,1.6459012020148291,-0.5134467725340974,False
2687,-1.0189900323648056,0.4784924787423387,False
2688,1.3268925061353434,-0.9041310624724784,False
2689,-0.7349808157184293,0.7963417081419313,False
2690,0.1965456728856973,-0.428573155701202,False
2691,2.611863513412221,-0.2107699386978856,False
2692,2.1343729398075757,0.2732860286873434,False
2693,-1.069144649356598,0.6917285617197154,False
2694,1.863558363277262,-0.6460822471305959,False
2695,0.0995426831832054,0.4050371149376309,False
2696,1.9231766091486868,-0.9562065705573416,False
2697,-1.3259691911543614,0.3836213882449747,False
2698,-1.3049160568999294,0.1976390743976596,False
2699,-0.7313536295077971,0.096459573071864,False
2700,1.6483763853786446,1.1604953897400383,True
2701,0.1527035648870712,-1.402159255843742,False
2702,1.1616061587268944,1.3250666798593578,True
2703,-0.9846230940158054,-0.4251523499989396,False
2704,-1.660104340275271,0.393479463347042,False
2705,1.6364782477153748,-0.9836066044412484,False
2706,-1.8517182875818936,-0.7443514454646882,False
2707,-1.6413357117775424,1.4349578887712129,False
2708,-0.052732671023301,0.0035222781018083,False
2709,-1.444497640146943,1.0912237683131312,False
2710,-0.9126135001072252,0.7720711899704747,False
2711,-1.3723969777558709,0.6811166494014309,False
2712,-0.4007910215396377,-0.6413134297425798,False
2713,-1.7374350537211671,1.089086686447536,False
2714,0.1152075712910524,1.3845673222197774,False
2715,-0.1790604125458335,1.2606367794656892,False
2717,-1.5128115704443574,0.8330952834013409,False
2718,0.0654556732537163,-0.8971075657600689,False
2719,-1.650403062519182,0.3313813253280671,False
2720,0.7866139896899903,0.8772170565763193,True
2721,-0.9243202718998458,-0.6788520335867421,False
2722,0.1892570141150109,0.7930685402723148,False
2723,0.9034774353172964,-2.37019942394961,False
2724,-0.2313963628958038,-0.3023964284452322,False
2725,0.0545043211158012,0.3630847366714506,False
2726,1.1925690003505984,0.9279887349575522,True
2727,-1.064487675904504,1.191053074317776,False
2728,-0.9310919733027758,-0.8256057904519258,False
2729,0.5884460666926566,1.2171102338891893,False
2730,-1.59568724700168,-0.9742587244313148,False
2731,0.2883335606042873,-1.4598542025978989,False
2732,1.848862974767592,-0.7266218211302586,False
2733,-1.3594868988247302,-0.912705983963693,False
2734,0.6511472176934555,-0.9642972128489506,False
2735,1.6021687007287255,-0.8012925671615831,False
2736,0.5651853678160307,-0.6028817779037878,False
2737,-0.385055195236687,1.5715689088714593,False
2738,0.0584845409464075,-0.2813487857471137,False
2739,-0.2447155339384484,-0.8924984724882673,False
2740,-0.7811649922556686,1.257086435639962,False
2741,-0.8212152245634727,0.4618334531233637,False
2742,-0.0668128940831594,-0.4043011346043727,False
2743,0.4025841440206743,-0.4411360549581959,False
2744,-0.6417588682726979,-0.973033919783306,False
2745,0.6336850204350544,0.9921211207628368,True
2746,0.9184932132404848,0.542184921725122,False
2747,0.1570935932150162,-1.0869222821443216,False
2748,1.1282019311267282,0.8908970456789835,True
2749,1.820491855989092,1.8675251288422137,True
2750,1.548794186945687,-0.447188928637809,False
2751,-1.1304325600096403,0.4798170300908384,False
2752,1.5188717220235408,-0.4131178889362712,False
2753,-0.8374698486686882,-0.358412809592443,False
2754,-0.6435884148626537,-0.190305533804347,False
2755,2.319144206748725,-0.1651678103101097,False
2756,0.969688078476209,-1.3290485109910988,False
2757,-1.4436229870427597,1.2004908345665906,False
2758,1.0379112014906868,-0.4508094920400806,False
2759,-1.4189778151702772,0.6492272210960451,False
2760,0.8258020034791219,-1.1468791700303913,False
2761,-1.1291170877213152,1.548174609725444,False
2762,-1.820688339755785,0.3579763943446195,False
2763,-1.7049188862601818,0.0431312680733272,False
2764,0.9050557417512044,1.1431488499112428,True
2765,0.6128265177508448,-0.1504566014008974,False
2766,1.1542902587922477,0.8421500105118656,True
2767,-1.773586649999794,-0.6993042797080081,False
2769,-1.3033880452985718,-1.2453816227523506,False
2770,-2.120236978473935,-0.0172929139069586,False
2771,0.1232314251811747,0.7158980925949705,False
2772,-0.2954169651069452,0.2969632226003719,False
2773,-0.4131923619072824,1.5220734189782084,False
2774,-0.3622843763700291,0.53366145789448,False
2775,-1.0590023481688784,0.2539782963386773,False
2776,-0.6536555467551961,-1.1211429379572362,False
2777,-1.6479910181456632,1.5891669297271296,False
2778,1.3186534773595282,1.0675315442601967,True
2779,0.1475932838387727,1.7313138777634784,False
2781,-0.6454852811812201,0.2978093360771023,False
2782,-0.066407684356621,-0.7285284096455472,False
2783,-1.6876126452691274,0.3728427485992849,False
2784,1.765081994799064,0.8593669394166088,True
2785,-0.9166535644455964,0.3332707587033005,False
2786,-1.0059558352300806,-0.796145311104314,False
2787,0.331341342804527,-0.3835076971386089,False
2788,-0.4129670360781673,0.6878842107970569,False
2789,-0.2181417604859257,0.8985056650032427,False
2790,0.5195182724553473,-0.4100762332561425,False
2791,-0.9722633499888892,1.3613497754923776,False
2792,-0.014724746175196,-0.8190147418598581,False
2793,0.3526318104264345,1.1143716240036912,False
2795,0.7250484838422764,-1.917442123872383,False
2796,0.9630893852354347,-1.0182246832395907,False
2797,0.3584221262813608,0.5875129200790459,False
2798,0.6970996281379485,-0.7604772147902404,False
2799,1.6888089254303729,-0.8373119195592615,False
2800,0.7415198288383381,1.378100849430328,True
2801,0.0570755518967679,0.4530655065221486,False
2802,0.2474055307793352,-0.8827687728525926,False
2803,0.0947599099757877,0.6754204010881917,False
2804,-1.1870715256491429,0.695121453339693,False
2805,1.330608424498626,0.8137261148597665,True
2806,0.5643488036061403,-0.3003248535441631,False
2807,0.354452556302987,0.817152445900799,False
2808,-0.0644124717962226,1.5686310669259111,False
2809,-0.1590562862130322,0.8256711653830212,False
2810,-0.5197535784200468,-1.002065604761967,False
2811,0.4650268258083025,0.3000130905209608,False
2812,0.6859062413371967,1.262445445778042,True
2813,2.440783788097116,-0.0233749684899253,False
2814,0.4985609989570067,-1.070517082614428,False
2815,1.595235492419134,-0.1606039112987043,False
2816,-1.0270415459684352,0.2572160124762868,False
2817,-1.4824062558407147,0.2101202985486521,False
2818,2.630337571147381,-0.2126296881236127,False
2819,2.87691350396165,-0.7001475000264825,False
2820,-1.904158962859576,-2.065185266416462,False
2821,1.4888701893944254,-1.221793249202628,False
2822,-0.5448547904082061,0.4470336240879418,False
2823,2.3104196537986343,-0.0182199604608821,False
2824,-0.7943412142295453,1.453905988776682,False
2825,-1.880916136500299,1.06538212627559,False
2826,-1.7042808783809158,0.0024433330896258,False
2827,1.0920643744117433,1.120425755711141,True
2828,1.048663158711863,-0.6090805517781405,False
2829,-0.1914533433595268,0.7723185749992357,False
2830,-2.05391594699949,-0.654193535045183,False
2831,-1.7951302878192046,0.5825302325247881,False
2832,0.6475265335935195,-0.7943243644933553,False
2833,-0.7655317914608423,0.7144125190036216,False
2834,-0.843329537213531,0.6601015941320577,False
2835,0.1538023339546114,0.7504050852125952,False
2836,-1.6702275810873806,0.8924559340326701,False
2837,-0.5796547617299023,0.4790789214188085,False
2838,-0.4709922360785356,0.2818159602092029,False
2839,-0.1569815820250844,-0.9116073520789172,False
2840,-0.7464113520675995,-0.3313781337363748,False
2841,0.6983298368704302,-1.9342683562499576,False
2842,-0.4432615479316588,1.1033216121512155,False
2844,-1.5988165093518636,-0.9390794655112292,False
2845,-0.8295218106004167,0.6125079311545517,False
2846,-0.4240160950054727,-0.7768896279844315,False
2847,1.3229594495472596,-0.5326698980472877,False
2848,-1.1187403921159995,0.6265522053536123,False
2849,-0.3085380365864127,-0.8426383164240971,False
2850,-0.346772498225582,-0.0332475309125657,False
2851,-0.4346678259984637,-0.2754278007281912,False
2852,-0.805144155788182,-1.01171889080153,False
2853,0.8268029597337307,-1.0239857560515144,False
2854,-0.1483070202389246,1.1445803448705134,False
2855,1.2302747834614578,-0.4875200175897281,False
2856,1.033067634413401,0.5286466051434625,False
2857,-0.8908102200696949,-0.5379135046330972,False
2858,1.0330856127817605,-0.9879736172952284,False
2859,1.9915499161208663,-0.3595214812712599,False
2860,-1.1045225557318206,-0.6492293030643068,False
2861,-0.3239261031672966,-1.1016293394563836,False
2862,1.909588076719904,-0.9154118634649078,False
2863,0.8488981231818254,0.7757759865953233,True
2864,0.0207712879689025,1.4568021386987524,False
2865,0.2415587624030218,0.6534905869311763,False
2866,0.5268282190733087,1.341957113941376,False
2867,-0.5728997556776247,1.5401736965594828,False
2868,-0.9312255725332724,-0.6322134889238706,False
2869,1.190716601426526,-0.6973218094054243,False
2870,-0.2699772624622901,0.4721213692051699,False
2871,0.5238815094398424,0.9154497906963196,False
2872,0.6837808617441355,-1.092176889872898,False
2873,-0.3956243288510095,-0.9359639814457756,False
2874,0.6205081347978093,1.8231521877309875,True
2875,0.1631871098028016,1.5947347990162646,False
2876,1.7613691943360217,0.050838599577683,False
2877,0.4917091107097358,1.366756099132348,False
2878,2.177789821917333,-0.7233502830155834,False
2879,-0.7440484000564959,-1.201669664509046,False
2880,0.3658147716763752,-0.713974259097473,False
2881,2.3359612143590547,-0.1586908353420513,False
2882,2.16566788110286,-0.6982673107957975,False
2883,-0.5298638213307052,0.0277926043873593,False
2884,1.8201380976319117,-0.5634862410446912,False
2885,-0.4366640257506706,0.5530766338000515,False
2886,2.326304709528137,0.5789330247744882,False
2887,-0.4196255287071054,0.2111650596215048,False
2888,-1.7013472288141993,0.8859265089248867,False
2889,-1.0100642862453348,1.0424800586537777,False
2890,-0.037313369748247,-0.7755015469280109,False
2891,0.095569128312138,0.1967158341942788,False
2892,0.736530469010207,1.253803571750992,True
2893,-1.6896623750231152,0.0473082328838831,False
2894,1.4448495167362156,1.202281556957561,True
2895,-2.110532040602856,-0.2042439208441677,False
2896,-1.5636561027720977,0.361919367538229,False
2897,-0.6613490937301595,1.0151760707763473,False
2898,-1.111443993731539,0.4910207243592182,False
2899,-1.8314218271285472,0.4854279511535235,False
2900,-1.6760437039701392,0.3675699979722937,False
2901,0.7327846131073558,0.8531345680311899,True
2902,-0.5227385876956545,-0.7806378432376917,False
2903,1.508512052676635,0.6955146403926878,False
2904,-1.3370802545189835,0.3136281923373889,False
2905,0.5745141724341801,1.1999547181117285,False
2906,-1.1867134798021175,0.417346059861147,False
2907,1.1807382675223892,-0.5517935783823402,False
2908,-1.3792913639789697,1.1525266039682878,False
2909,0.6023803818693131,0.5458457960709012,False
2910,-0.8502483993252474,1.3425201857238294,False
2911,-1.0092715447490153,-0.6581892079453338,False
2912,-0.2633568905845715,0.2879849271354091,False
2913,-0.0502946405158909,-0.6977364509278966,False
2914,0.5603512468152994,0.950270078119252,False
2915,1.3214053543944284,0.8732403751116139,True
2916,-0.3907231006684518,0.3805270824825499,False
2917,-0.0743980113576504,-0.7498906009206289,False
2918,0.4591654311683564,-1.2018642556920414,False
2920,1.0249880256309387,-1.716243060494951,False
2921,0.8190122755547642,-1.061394903146846,False
2922,-1.0872666494917882,-0.6689098030704729,False
2923,-0.3007579938372957,-0.7735802392231628,False
2924,1.421294009395131,-1.1819181729896373,False
2925,0.7706655083320121,0.4858398480977896,False
2926,0.3324786392672552,0.4921126837024669,False
2927,0.1033264887680387,0.3415250495492694,False
2928,0.8637287334712974,0.7146784492232297,False
2929,-0.7517616724075394,1.7260096344353302,False
2930,0.6723455672706208,1.7601877087455409,True
2931,0.2782950387741411,-0.5718394389437937,False
2932,-0.2478762830882696,0.5714866270379246,False
2933,0.2786405965189211,0.604718836913091,False
2934,-0.0877946384751796,0.9452759537825548,False
2935,-0.4175704097739935,1.2715522871824818,False
2936,0.3897863362234283,0.857188374016043,False
2937,1.269188001605703,1.387327823590777,True
2938,1.842242564296408,-0.3816473804034914,False
2939,-0.3234832554768436,-0.4819883998552402,False
2940,1.316980321102544,-0.6981728443694477,False
2941,-0.3201040501883325,-1.3245126429320762,False
2942,-1.472465988098543,0.178380977152931,False
2943,2.838557404721737,-0.5549745806895481,False
2944,2.281890443388693,-0.1134366577746588,False
2945,1.5441867724507958,-1.2142932311467611,False
2946,-1.209026127505921,0.091668725078922,False
2947,-1.3597638702781858,0.5682324936763304,False
2948,2.001902497629141,-0.4004586301868332,False
2949,-1.877806603293965,1.0958402668472471,False
2950,-1.9026945151364167,0.9179015914756766,False
2951,-1.8487726471764023,0.6601085207387063,False
2952,0.5764265851594661,1.3820885340585125,False
2953,1.0020398025186816,-0.4340685601561995,False
2954,0.6978392280030641,1.136171053063165,True
2955,-1.6605236031794957,0.2772881886771283,False
2956,1.9277575555466304,-0.4967629682865258,False
2957,-2.0333814652717592,-0.4824801428424377,False
2958,-0.3751848822592642,1.3293355537254612,False
2959,-0.4211634959543585,0.6281651491662044,False
2960,-1.1912808034343754,-0.7293139917116234,False
2961,-1.558364993973116,0.4623311004939643,False
2962,0.084964475960182,-1.1152019127088797,False
2963,-0.5981437704432744,0.4979634362059438,False
2964,1.6516257669333334,-0.9207608668116164,False
2965,-1.4531878356465504,-0.3392019565239142,False
2966,-0.2363469249525178,0.8800263716923027,False
2967,-0.664404625035697,-0.9769742352312548,False
2968,-0.795192853888163,-1.535581839756925,False
2970,-0.4905925440089057,0.4959849719506548,False
2971,0.0165285406753405,-1.9654388876586228,False
2972,-0.543808858243873,-0.563715835257816,False
2973,0.5778153403162184,0.0066931267266759,False
2974,-0.4009135690326952,0.9651727907736074,False
2975,-0.1884824615181651,0.9149416313155287,False
2976,0.5705387821887665,-0.7547777708525181,False
2977,-0.7449414510201374,1.1771387785094618,False
2978,0.017871722354078,-0.7790732256681165,False
2979,1.0591277234897372,-1.1624235280954005,False
2980,-1.4486030218673875,-0.9668273792015252,False
2981,1.024047489270783,-0.983426096001088,False
2982,1.5934032185839495,-0.2234814923761945,False
2983,-1.026910937853248,-0.6619255951250315,False
2984,-0.1064828993587575,-0.8247077698949408,False
2985,1.2469619596698729,-0.3501413249769098,False
2986,0.0109627837909454,-0.6316383090769313,False
2987,-0.3629778704680832,-1.206142621353988,False
2988,-0.3553210991539113,1.2259637645269927,False
2989,0.2989975340596998,0.3458397587085647,False
2990,-0.3053753864931729,0.8550522149394092,False
2991,1.1923785683317598,-0.3316409712184172,False
2992,0.073952095003614,0.8544987763627045,False
2993,-0.0894688673917894,0.558027068329892,False
2994,0.5123626504592345,0.5319868736808128,False
2995,-1.0789129753699274,-0.0729040966983397,False
2996,0.8894235693416926,-0.3980403424676965,False
2997,1.170600217079428,-1.1773476269900347,False
2998,1.4175090386496492,-0.4007651217268253,False
2999,-1.2344220804658703,-0.4930569430279754,False
3000,1.8640870594577508,0.1544216351025226,False
3001,-0.801960290965954,-0.2981171769479692,False
3002,-0.8831100478143304,-0.1955447367243901,False
3003,2.4419554346341683,-0.7836615893557877,False
3004,2.3399993460049107,-0.7162675173122869,False
3005,0.990703589828335,-0.7211326080452081,False
3006,-1.373049938593756,0.277667009034876,False
3007,-1.1073171160407318,0.8220831285557355,False
3008,2.566486704270412,-0.2238670007935594,False
3009,-1.699186790794118,0.4426360464058405,False
3010,-1.59516680478253,1.4531095841993131,False
3011,-1.724864345363427,0.7822889098763303,False
3012,0.3948994258403827,-0.5027309009239529,False
3013,1.0444575099521338,1.181062289756403,True
3014,-1.4712501824502542,-1.0506587415469673,False
3015,-0.9774134910948992,1.0417549096160723,False
3016,2.004113173516029,1.949928268744994,True
3017,-1.652303625716235,-0.6172716525150765,False
3018,-0.0791345570637662,-0.0149532998220096,False
3019,-0.9912304795757402,0.7503794457782739,False
3020,-1.000851576812691,1.4567915067583568,False
3022,-0.1043155301541331,-0.3853164591643889,False
3023,-1.23971143405462,-0.5417268188894201,False
3024,0.7178890306177482,1.011821471283756,True
3026,0.1566317424313518,-0.7007005669889639,False
3027,-1.8090467151002487,-0.8067349153936954,False
3028,0.5007863219478191,0.0026393291030738,False
3029,-0.5497230022099333,0.5235397007570743,False
3030,-1.0909285070780828,-0.6381716917787313,False
3031,-0.03870600137978,0.1571853184475281,False
3032,0.6969025614174462,0.2250783950880956,False
3033,-0.3263066119069351,-0.2099376430513558,False
3034,-0.5978233116103318,-0.1074037828805138,False
3035,-0.4191070015235575,1.066004417014825,False
3036,0.6027670846588716,-1.0792514825152049,False
3037,-0.5988704496811872,1.3950961402521054,False
3038,-0.8070259333685225,-0.816602644503158,False
3039,-1.3266971618823329,0.5581494870574706,False
3040,0.8810514894056108,0.4960493838440379,False
3041,1.2278293281780712,-1.1325517263442482,False
3042,1.390252137082013,-0.9134460582453858,False
3043,-0.2171391766097503,1.6018408583713466,False
3044,0.1018335765704942,-1.325428570122099,False
3045,2.0612182429299937,-0.5753247075290779,False
3046,0.189231638407062,0.973277874124826,False
3047,0.387798121727973,0.4193954282579586,False
3048,0.4401085420713531,-0.9116523361319616,False
3049,1.0797232965459516,0.5943473867211884,False
3050,-0.2098916665869132,-0.0875788567179184,False
3051,0.5286241880668289,-0.4247958141874015,False
3052,0.7874173787719904,0.7177890840914742,False
3053,-0.0438839734100303,0.7894138589714144,False
3054,-0.3234694917456738,0.2884825897448278,False
3055,0.4645356268582123,-0.941623949207959,False
3056,0.9081516209577124,0.8646475791554302,True
3057,0.3193836934964052,1.0727445241269946,False
3058,2.53218282015505,-0.6399056877823517,False
3059,-0.2535455070924793,1.2102555175343543,False
3060,1.5373716261437564,-1.219886867426558,False
3061,-0.9572967419264408,-0.2624252362046967,False
3062,-0.9114345677950536,-1.1677120263022416,False
3063,2.114541309992501,-0.4579409088282393,False
3064,1.8649535870624272,0.0356803469222886,False
3065,1.3772496077134615,-0.8691049466552295,False
3066,-0.9615879546867542,0.3982006459614049,False
3067,-1.5801856804339651,1.134820011663042,False
3068,1.2127321290861086,-0.7515792863019921,False
3069,-1.1477230763442527,0.6227352603988063,False
3070,-1.988946211488873,0.7585954332137259,False
3071,-1.855315025108231,-0.4462677020399019,False
3072,0.2848400095686584,-0.0024721849770189,False
3073,-1.5370243216468704,-0.7276780383248206,False
3074,-0.1638167093252775,0.5628489094403133,False
3075,-1.810899231494768,0.6246578210606257,False
3076,1.578462573229789,-0.6465420782021156,False
3077,-0.3999886497337405,0.9516201326833622,False
3078,-0.6351747086577739,0.3717502904448174,False
3079,-0.3100944755299321,0.5553645901189277,False
3080,-1.1483327894612787,1.5670712632373387,False
3081,-1.2276444380221454,0.5270578554038885,False
3082,-0.6806045049990656,-0.7086015263296007,False
3084,1.009106474212362,1.0060164477156404,True
3086,-0.3490488000634228,-0.449179930193226,False
3087,-1.5003991891423512,0.3738852133906118,False
3088,-1.457959778110944,-1.0545559192136638,False
3089,-1.8119590349471144,0.2450639721576204,False
3090,-0.4414337440851064,-1.3134362291144337,False
3091,-0.4431660535670523,-0.841589013594985,False
3092,-0.3668223671325941,0.1742890586748103,False
3093,-0.1549660913711265,0.7775314716152366,False
3094,-0.733375527362331,0.1258356026156321,False
3095,0.5091398327163991,-1.1253849100085656,False
3096,0.1639334680658162,0.3506013339959366,False
3097,0.3484688475186623,-1.30313023610032,False
3098,-1.5042366730243184,-1.1150620941227816,False
3099,0.6214900484704844,1.0492977802481676,True
3100,0.9358910946075256,-1.4041329938461908,False
3101,0.9124391751058292,-0.5742354842877344,False
3102,-1.2324825035279066,0.2008541458723484,False
3103,-0.0924741444018279,-1.5707633509523684,False
3104,1.4688989809328854,-0.4381750548858225,False
3105,0.5153863544535914,-1.0614904307940511,False
3106,0.59226665076503,0.491363725393841,False
3107,0.1586887758077856,-0.5256816210565955,False
3108,-0.483288506768382,0.7410965956052287,False
3109,0.1389696865050049,-0.6680271035637942,False
3110,-0.8068162139953083,-0.6425508811010614,False
3111,0.8039830023477764,1.3279742332890208,True
3112,1.2000567001833258,1.2710242775928289,True
3113,0.282420847482092,0.762891693773009,False
3114,-0.9518934293526292,0.7738730752361365,False
3115,1.2587858036589958,1.0965183821874582,True
3116,0.8510750215069912,1.0295637860363454,True
3117,1.5629861012201722,-0.4564073331198794,False
3118,-1.2310889942986207,0.0253330205277437,False
3119,1.043928586693989,-1.236000765736684,False
3120,-0.0205842710148625,-0.8864654211144726,False
3121,-0.0587611462355905,-1.3312347446893833,False
3122,2.381784386810284,-0.3230810900340763,False
3123,2.3781141154914582,0.0225829430143345,False
3124,0.2121877279727292,-1.0848035951534472,False
3125,-1.4852903692640882,-0.0340198387716019,False
3126,-0.8833200065447706,0.6909511002361758,False
3127,1.7735050105686938,-1.188931343107766,False
3128,0.3353474256014214,0.7536503578264012,False
3129,-1.2346565892620602,-0.0164073851840927,False
3130,1.117401401839285,-0.6527230739737386,False
3131,-0.298160420320946,-1.0349325507676923,False
3132,0.2782408712272138,-0.4652898522270144,False
3134,0.3013900330737104,0.4526599111242809,False
3135,-1.699621204245762,-0.100139974011404,False
3136,-0.6173710065691161,0.0220493641441617,False
3137,-0.4455828068693067,1.3980783909181622,False
3139,-1.372754235207591,0.214092275439324,False
3140,-0.4101132471152709,-1.8480714407549583,False
3144,-0.7773365439543588,-0.4667629313292579,False
3145,-1.6955735996213857,-0.0315856356115475,False
3146,-0.4261996475665268,-0.4134707665787198,False
3147,-1.4904542645574446,-0.1443193415780723,False
3148,-0.9662884614485086,1.262256483520288,False
3149,-0.3543613728858927,1.0192187373795916,False
3150,1.0600894769469538,0.7939477571389262,True
3151,-0.7648366227274795,-0.1069990093856541,False
3152,0.2437130750409281,0.4171971982192631,False
3153,0.7153993011317984,-1.1002453808004813,False
3154,-0.3191067009022856,0.4923987832418608,False
3155,-0.4034787566580639,-1.3227424291448249,False
3156,-1.117501304303356,0.9675439214584908,False
3157,0.5372702939582589,0.8025120695295342,False
3158,2.1669552494727906,0.9630730965677304,True
3159,0.8003881411709984,-1.149336257584062,False
3160,-0.6394428644067367,0.0520539957254435,False
3161,0.416391863392813,-1.0339316611963545,False
3162,1.388704886818502,-0.8736950348840904,False
3163,-0.1316748265911896,-0.9893289199538156,False
3164,-0.153116048952319,1.7418729493388558,False
3165,-1.225195992661259,0.5489548928779826,False
3166,0.8715848622428078,0.6031633550120894,False
3167,0.734365645770777,-0.4348156631025219,False
3168,-0.3940878361601614,0.7801823333081382,False
3169,-0.0531600977643317,0.6489579559978232,False
3170,1.1315522424188509,-0.920178777114068,False
3171,0.2575866686554283,-0.9385499911182064,False
3172,0.833996067191951,-1.5485740181825836,False
3173,0.1525201346415068,-0.4202374888257069,False
3174,1.634161916213403,-0.2119014840875095,False
3175,1.3321061054857797,-0.794296700208101,False
3176,1.6969424141106035,-0.3598982081781412,False
3177,-0.0135892993751963,-1.3021482140472318,False
3178,-0.6924291935460272,-0.4202892205730611,False
3179,2.7951894337858865,-0.3429152432707152,False
3180,2.6404293111239525,-0.0599427235601375,False
3181,1.739883155102586,-0.5445871622906566,False
3182,-1.4640798680896474,0.2880766215550769,False
3183,2.5794616143062825,-0.7722605859723188,False
3184,-1.1514056234789103,0.4612814978779367,False
3185,-1.4708889838951769,-0.3794206137337531,False
3186,0.3981753276758574,-0.7853373258488342,False
3187,-2.423593550706297,0.2446129915901243,False
3188,0.4836932777520863,-0.833008702725772,False
3189,-1.721072154264618,-0.2557637953171068,False
3190,1.2017478207070185,-0.4185609191628183,False
3191,-1.8423667673097543,-0.8650049414134623,False
3192,-0.6280343511079567,1.6196116040149922,False
3193,-0.9872275406058384,-0.960229403482998,False
3194,-1.480022213797845,0.6081325090176245,False
3195,-1.4488058079083836,1.5758393300727676,False
3196,-0.4200850706288749,-0.8338970601760748,False
3197,-1.0043487758368057,0.454402723346665,False
3198,0.4535541647328337,0.8136842115278842,False
3200,0.0089177099428784,0.4474645921993099,False
3201,-1.827656871902094,0.0088487980544114,False
3202,-0.7743146465787426,-0.981160739520627,False
3203,-1.298671485745713,0.5247517757966171,False
3204,-0.8782439929796966,0.4133925539597257,False
3205,-0.64993945740105,-1.132831270079864,False
3206,-0.3437383915742099,0.0609175001413663,False
3207,0.6709006094245585,-0.2485650836682202,False
3208,0.2136263803916404,0.4978788214127196,False
3209,0.7090401767433152,0.3716546596736202,False
3210,-0.8238785595731516,1.1882572463577603,False
3211,-0.9326638564835068,-0.6050253676237346,False
3212,-1.1760562041415383,-0.4874780171820043,False
3214,0.6171684820738111,0.7327083053787242,True
3215,1.227543606056844,-0.6781542229053215,False
3216,-0.6881909511725198,-0.6799779010868477,False
3217,0.2706959975543938,-0.7242995470620225,False
3218,1.7780230540281576,-0.8082281643927589,False
3219,1.1271560246734875,0.6079068040805303,False
3220,-0.2504756125538874,1.1724644055632365,False
3221,-0.2748235435652637,0.4869027956436383,False
3222,-0.43583543356905,-0.8211923757445745,False
3223,0.9591851004250496,-0.6904035797092509,False
3224,0.8782651627174508,1.5436101283694674,True
3225,-0.1492319970154261,0.6718793229081457,False
3226,0.4669434248659581,0.7112189051027659,False
3227,-0.901310284724792,-0.1230176588296884,False
3228,0.6954541403540234,1.7612526914644304,True
3229,1.663174177430492,-0.8657073047870929,False
3230,1.269702392422033,-0.2431967842036562,False
3231,-0.1545858581415379,-0.5003965699430022,False
3232,2.231715368541355,-0.389164447464975,False
3233,-0.8331103288916961,-0.9076157962564512,False
3234,-0.429388370741125,0.4612904881700975,False
3235,2.612020246450176,-0.2039249915723955,False
3236,2.124117697067119,-0.0620425752892488,False
3237,1.5507057020203563,-1.1387328284555835,False
3238,-0.1285066569933568,0.813273123182597,False
3239,2.6555984271636133,-0.7068470803012363,False
3240,-0.6183521461438096,0.7737300822196934,False
3241,-1.842134317859511,0.9947079982016904,False
3242,0.2661719205241837,1.6291516221508506,False
3243,-1.6187428131294015,-1.0993157359805883,False
3244,1.01355380679634,-0.5242198208622383,False
3246,1.189579783769774,-0.663759506960265,False
3247,-0.3859962941337707,0.7178191023618052,False
3248,-0.844378070289472,1.273827706114647,False
3249,-1.0495386289816633,1.6787264209607853,False
3250,-1.329577794928507,1.57756344757167,False
3251,-0.9448646850467628,0.4460280359630104,False
3252,0.15737965266441,-0.9948357392207838,False
3253,-0.374264505730584,-0.8821837386899034,False
3254,0.3810366618127476,0.7535952269620728,False
3255,-1.3940618009159074,0.1890676335183918,False
3256,-0.2710166983551011,0.5939015429641814,False
3257,-0.9100243935860812,1.4681609062261507,False
3258,-0.5151734408963341,-1.1881457124606278,False
3259,0.6052029024201098,0.7711618250566944,True
3260,-1.3463812836747886,-0.6460158928170484,False
3261,0.1016158139296138,0.7570493810407105,False
3262,0.698549662182658,1.3930059523384504,True
3263,-0.5387658810651543,0.9817276907995724,False
3264,-0.2101388472144596,0.6895113084511127,False
3265,0.589355081180783,-0.9450639338532414,False
3266,-0.9899064359376812,0.8623290320962147,False
3267,-1.0598546103462785,-0.195593837370733,False
3268,-0.7793426716551773,0.2226994809420891,False
3269,0.6354006453347077,-1.1380784808606228,False
3270,0.4146417800188072,0.8949212855800674,False
3271,1.374033073016293,-0.9354890061575863,False
3272,-0.8654750344732033,-0.1631679248574673,False
3273,1.872616283088117,-1.0066565537560113,False
3274,0.7572594344599101,1.0669574054142958,True
3275,-0.1149659537138735,-0.8256112727552198,False
3276,-0.5908172399570749,0.7512508351225518,False
3277,0.7896718686512963,0.7099062688227729,False
3278,1.5274874709810884,-0.815924047087647,False
3279,-0.2318423936558063,0.57920445511527,False
3280,1.0262762521001667,0.7765554976674072,True
3281,0.1581929074076911,1.5602028491856816,False
3282,0.0600232884127535,0.4675126652651518,False
3283,0.2682463029500133,0.1883737033477709,False
3284,0.2573410875429332,0.1901400999128911,False
3285,1.9836589951431296,-0.5007407172706675,False
3286,-0.3761784863706831,-0.4218177242937272,False
3287,1.3555675208934723,-0.1892093907430718,False
3288,-0.0570047145130067,-1.208668678507646,False
3289,-0.1027722004866493,-1.2835863511022092,False
3290,1.893135249326084,-0.3103462658304847,False
3291,2.191905529292048,-0.1283417331842291,False
3292,1.4347398084942498,-1.3159542293375783,False
3293,-1.2590553957716568,-0.9584617391119632,False
3294,2.2846833298607714,-0.2439557657428177,False
3295,-1.3477478843316115,1.0704639478664224,False
3296,-1.965583950770128,0.8846069189929274,False
3297,0.8572831158597798,-0.5569480172745986,False
3298,-1.7101023935367572,-0.6714839401091934,False
3299,1.148159278053953,0.6450267490589434,False
3300,-1.719705975494842,0.1171871139736235,False
3301,1.0693229707276193,0.8750256284752636,True
3302,-1.833763883526454,-0.3532862233893787,False
3303,0.0176699176225852,1.0568170268388073,False
3304,-1.4535552891328876,0.7837879407670986,False
3305,-0.7981185567868568,-1.3755505063211655,False
3306,0.0603176148131639,0.5474596933743974,False
3307,0.7876571058953065,-0.3854554352932411,False
3308,-1.684077072226907,1.550800825928369,False
3309,0.1996065398073387,1.3719001770045232,False
3311,-0.4387929708505294,0.4049483915859947,False
3312,-1.5112341099027635,1.424120636886557,False
3313,1.4355750887611916,-0.592707853330152,False
3314,-1.6932243000762792,0.7346332176544426,False
3315,-0.7163582011774132,1.556501099908063,False
3316,0.5672397992109645,1.1201770218810634,False
3317,-1.1222508141225078,0.1280960789977939,False
3318,-0.1265462893164169,-0.0954139471257674,False
3319,-0.709289545400067,0.6215746533816854,False
3320,0.4975943443022634,-1.185042811850225,False
3321,-0.4351121369946147,0.7116305027895884,False
3322,-1.3315843892830244,-0.5785454796185524,False
3323,-0.9877059561364324,-0.2886283160811991,False
3324,0.7380329870170986,-1.2375282360550883,False
3325,0.7219597862578163,1.0125487578826462,True
3326,1.2615846200910594,-0.914827887756464,False
3328,1.943340427725224,-0.5284860370994101,False
3329,0.1799809239457319,0.2203300138150873,False
3330,0.2195967571050035,0.7098638320182294,False
3331,-0.2529932055442621,0.3528732938075862,False
3332,0.9061476712357572,0.3328713696470989,False
3333,0.8115227673869423,-1.0867913138997118,False
3334,0.218828933607111,0.739843954961087,False
3335,0.3160824536527645,0.7719438152732059,False
3336,-0.5004054430173623,0.278055925380714,False
3337,-0.8922370925707354,0.6128358083076139,False
3338,1.6978321485395067,-0.8796757841039307,False
3339,0.7187240542981906,1.2300772570943947,True
3340,2.1686830987508383,-0.6570128074833474,False
3341,0.5316567725999557,-0.7005229769041426,False
3342,1.234330971225953,-0.0330754349016897,False
3343,-0.2543658875609043,-1.1075386289241635,False
3344,-0.7290929039284756,0.5573337958780603,False
3345,2.1140303403720955,-0.9141268091108246,False
3346,1.6456372430841673,-0.1893070637308336,False
3347,2.035352949255297,-0.5886337726639654,False
3348,-1.2734756258801707,0.0724272383246004,False
3349,0.9176470050443782,-0.3883455064091861,False
3350,-0.7229469469869018,0.4664256397605114,False
3351,-1.7761353490194671,0.7746329812180421,False
3352,0.6032648469676059,0.4477510869834929,False
3353,-0.4076591874711721,-0.8606171647969125,False
3354,0.3270513627527606,0.835295670324909,False
3355,-1.989221252668908,0.1740323810512669,False
3356,1.7931732296958955,-0.5374660841506504,False
3357,-1.950129184134784,-0.5688176155096759,False
3358,-0.8171047479459775,0.4344237879028694,False
3359,-1.6056151013873514,1.1703663309733692,False
3360,-0.5607120221030713,0.5556836237047118,False
3361,-1.048499899785163,1.7060799953800554,False
3362,0.3164020069629115,0.9776747260632764,False
3363,-1.5289209456635542,1.4517682432209444,False
3364,1.0445504577697864,1.417881629408483,True
3365,-1.374087803823382,0.0855311899967012,False
3366,0.2313646236493438,0.4882292099501018,False
3368,-1.494968761232711,-0.2807780048455379,False
3369,-1.389725522517419,0.6804661587787413,False
3370,-0.7161389073068412,0.058307271947793,False
3371,1.2772396092347122,-1.0573853451025228,False
3372,0.0803360115823836,0.4511483402223539,False
3373,0.0568823561500932,0.4665537213640852,False
3374,0.4482508046508617,0.2865522648633104,False
3375,0.5316271590117362,-0.9296112133892176,False
3376,-0.7078129586080042,0.9803013897398892,False
3377,-0.634782104861084,-0.1602404351505434,False
3378,-1.376429583906996,-0.4068715566519619,False
3379,0.3221182557069113,-0.3841132586522109,False
3380,0.5081620991397862,0.4783991444944674,False
3381,1.5540504506639594,-0.8374894205622603,False
3382,-0.2322614942145756,-0.6741393746877259,False
3383,2.298158976862006,-0.2020145781925177,False
3384,-0.6763710713131221,-0.1428790641172573,False
3385,0.1255846002526756,-0.2188346722519234,False
3386,-0.2354730674961873,0.2169031486042105,False
3387,-0.5686346373181511,-0.9253165925936152,False
3388,0.1647313560791491,-0.4774665491734885,False
3389,0.8664424148372304,0.9233316798815404,True
3390,1.30112164648991,-0.1858348161904204,False
3391,-0.6154410292867724,-0.8603324247098407,False
3392,-0.6441193452545027,-0.6800799151059447,False
3393,0.109238287725186,-0.5412388567991095,False
3394,1.601056490351744,-0.2021062481836295,False
3395,0.3924410013027939,-1.304189269589757,False
3396,1.2625937487547685,-0.219850608243199,False
3397,0.1787989984836679,-0.5543671899376624,False
3398,-1.4716816573186442,0.7386467838415853,False
3399,2.1195576390045736,-0.9257313822469057,False
3400,2.6486851956270434,-0.1669416648748705,False
3401,0.4043793941729693,-0.8888881464388017,False
3402,-0.6203932934183385,0.3616036114104915,False
3403,1.3332322290938354,-0.3587534977107249,False
3404,-1.478932226651675,0.6302392621830798,False
3405,-1.7885742743250552,1.373205763063336,False
3406,0.6971969771323447,0.7574558476827834,True
3407,-0.7654188988785839,0.6270161822769336,False
3408,0.3171425922219548,-0.759612884476204,False
3409,0.1837636750633252,0.4228192514254275,False
3410,-1.563047175650219,-0.2464636728394016,False
3411,-0.370335973357446,0.4377783175345132,False
3412,-0.9249311647694044,-0.6772213013959376,False
3413,-1.5775889473116074,0.3719861191334711,False
3414,-0.6065096316740163,1.421901123574731,False
3415,-1.004435376771854,0.7832960366702516,False
3416,-0.0838410143159848,-1.4307108979948628,False
3417,-1.826155742731835,1.1149836612311173,False
3418,-0.6887683794987054,0.7666651576467656,False
3420,0.0166015759414216,0.2175436884181854,False
3421,-1.1096545896010344,0.2706858636122279,False
3422,0.6504651097348435,0.5532162316718648,False
3424,-0.9920107885095624,1.0421922485568955,False
3425,0.183181086032736,-0.9522095413872028,False
3426,-0.3243381137792099,0.8866415712047311,False
3427,-0.9158806225056472,0.2303027939873767,False
3428,-0.4415227099372807,0.7168134166370312,False
3429,1.2605415911945748,0.7326756133327867,True
3430,-0.4011313291771595,0.4557597594139149,False
3431,-0.39963083049833,-0.8348748924996923,False
3432,-0.4776475809291355,-0.210367121430948,False
3433,0.018711681500706,-0.914847448453984,False
3434,0.0323115120710317,1.7076821900304298,False
3435,1.6919118884321176,-0.5121387743156618,False
3436,-0.3657598296295768,-0.2059300113780144,False
3437,1.9627056586242728,-0.9060769882252416,False
3438,0.5187510598136692,1.6223941702758762,False
3439,-0.0452673069263505,1.6963124341707734,False
3440,0.0912859991603435,0.6604962279077637,False
3441,0.8045047705975872,0.4105254268191711,False
3442,0.5309414110746331,-0.7087565528566537,False
3443,0.6630166707121725,-0.9975350841252304,False
3444,0.179488054511034,0.3512940048599685,False
3445,-0.7576266395648679,0.4205828164744633,False
3446,0.1477555279731408,-0.4669124572003809,False
3447,1.5244413337976028,-0.2348878471131261,False
3448,-0.2450833171490338,1.0426570835901194,False
3449,2.4157097338791336,-0.2325401953814263,False
3450,-0.5884046823921475,0.7661277875931699,False
3451,0.3608371225502532,0.3368090366727571,False
3452,2.7139732598965325,-0.1617201139938939,False
3453,2.050046911478928,0.0759153839926989,False
3454,1.8707613489198711,-0.6287384050807225,False
3455,2.521531164141348,-0.3082333155063985,False
3456,-0.6039226684612117,-1.1940608125758685,False
3457,-1.604565542989019,1.5484597893400798,False
3458,-1.0829330228269205,1.6816630466890066,False
3459,1.109458280371001,-1.3768904289937738,False
3460,-0.7949360035785621,-0.5975458527248675,False
3461,0.4895329164997773,0.5921850554695812,False
3462,0.6377699315995782,-0.320594483780207,False
3463,-1.4447909885595682,0.0529048516429162,False
3464,-1.7589499811607363,-0.5104968286116864,False
3465,-0.9088724336670052,0.4783937526077649,False
3466,-0.8151376811207939,-0.420666890837459,False
3467,-1.346978077590608,0.832244617819228,False
3468,-0.3879087050411862,-0.904463577683404,False
3469,-1.716006060838569,1.2588556304652334,False
3470,0.6647036818773924,-1.3151847322839294,False
3472,0.0175220254363731,-0.568864766465007,False
3474,-1.571729223861117,-0.2504226129468869,False
3476,-1.1670196341465302,-1.3545241742830785,False
3477,-0.0452720761052036,0.6043610090935365,False
3478,0.0309208840568637,-0.2655601882278088,False
3479,0.3882320046674112,0.3186341433796065,False
3480,-1.210953137199026,0.7134543239754217,False
3481,-0.1530741905504386,0.0187145342128353,False
3482,-0.3784347620847219,0.9079023203346868,False
3483,-0.7724028002417889,-0.1404032269263599,False
3484,-1.4057188858244367,-0.9423844774313016,False
3485,0.5038084797802732,-1.5191516691394118,False
3486,0.0656485472787724,0.455942905877025,False
3487,1.6703078314820103,-0.3831518959404945,False
3488,-0.6064478113103435,-0.8991109072180297,False
3489,1.0041218060773829,-1.118137038486288,False
3490,-0.3149945101875836,-0.523210432210664,False
3491,0.5906093410975565,-0.7570769673881768,False
3492,-1.0676392718385828,0.5940933845842262,False
3493,-0.6388502212627635,-1.2900515189105586,False
3494,0.5452677800957053,-0.9832864786050616,False
3495,0.9673207797224486,-0.4678154113132891,False
3496,0.1752440555406827,0.7442108702294846,False
3497,0.0372233871780823,-1.0237573159616074,False
3498,1.6155817900702032,1.300693173075706,True
3499,1.809848363563924,-0.6703496780538805,False
3500,-1.484826641681657,0.5300493024081405,False
3501,1.8783186743480351,-0.6186937997955587,False
3502,-0.6911409635052291,-0.4386253933656767,False
3503,-1.8025036996963868,-0.1760169103939418,False
3504,1.8207962282614487,-0.1254999484433459,False
3505,2.2762036028161168,-0.7907030997617249,False
3506,1.0914149421088604,-0.8230220688406154,False
3507,1.604610996371848,-1.348324900365588,False
3508,-1.8414557668538136,0.5262292861247091,False
3509,-0.5366112171215678,0.5249476801592802,False
3510,-1.3427628158841796,-0.1292260777488317,False
3511,0.7220772192869872,-0.9659105445233638,False
3512,0.1350690947753553,0.6915317602922302,False
3513,1.0662605494226272,-0.243726334371106,False
3514,0.4066775136938482,0.897939593167355,False
3515,-1.4636876230431777,-0.7893474241924913,False
3516,-0.3558955099625263,1.3215640340040289,False
3517,-0.4171561929131138,0.3866905360504615,False
3518,-0.8035602705063966,0.0119406809929335,False
3519,0.1846720458026085,-0.6235353672491469,False
3520,-1.5322798487133276,0.4410565697489312,False
3521,-1.1202236659708298,1.4166272464300331,False
3522,1.2486716487424878,0.9963143006245012,True
3523,-1.5002866038418396,-0.0601122719464278,False
3524,0.0854516455428588,-0.8055401602902165,False
3525,-1.4846523532149234,-1.3497660165268952,False
3526,-0.917614919144176,-1.3704211300540543,False
3528,-0.4892243528711577,0.0533187431718785,False
3529,-1.124645333634414,-0.5957531614651093,False
3530,0.0168414174291303,-0.5264982631711355,False
3531,-1.164361727934624,0.7475318291858093,False
3532,-0.730872638927652,0.5733671027733924,False
3533,0.4935158169474288,0.6325452892315404,False
3534,0.3264989684268437,0.8800180096428931,False
3535,-0.6458613403364452,-0.5131261708022679,False
3536,-1.106560717043779,-0.7657757786814812,False
3537,-0.6204836633091972,-1.5029898425607833,False
3538,0.3618913592307292,0.7181812713224387,False
3539,0.8067093517615157,-0.8940886221808876,False
3540,-0.7495598237772856,-0.6676111115380475,False
3541,1.494501747491263,-0.8117649408380465,False
3542,-0.1336178484263098,1.698108917511651,False
3543,0.2105471350453493,0.5222534150639416,False
3544,-0.688951912206761,0.3872084624087346,False
3545,-0.5942715164567328,-0.8168908813980817,False
3546,0.8825832501413564,-1.1184070186248765,False
3547,1.0989926607971323,-0.4960642998917888,False
3548,-1.020053802007234,0.1472772915913963,False
3549,-0.5735358763100981,-0.1911360298064585,False
3550,0.4718400853451097,-1.566292655172628,False
3551,1.4290475080817533,-0.4216142197446086,False
3552,-0.6435819601118109,0.3429233561548784,False
3553,0.5142181405414862,-0.8691684631556946,False
3554,-0.586590415800333,0.5958073692097937,False
3555,-0.2929049241024571,-0.6717843603531368,False
3556,2.394288716660021,-0.4442744786650372,False
3557,2.288219207362724,-0.092403907561301,False
3558,1.433380590913354,-1.1225339804773342,False
3559,1.4403786923667334,-0.8561499633027021,False
3560,-1.5574643115690214,0.1432887076625579,False
3561,-1.4074710917411817,1.5672025282755078,False
3562,-0.7267614661839051,0.3275496065025345,False
3563,0.9368122254106592,-0.8244795027026398,False
3564,-1.1051987196419442,-1.3095445169062043,False
3565,-0.0596237349666438,0.1677055071977118,False
3566,0.0664401991549822,-0.0185036769469025,False
3567,-0.9718902796966228,0.0185519105093849,False
3568,-1.937722284835364,-0.3040959328224448,False
3569,-1.1686818952360034,0.6779745783022287,False
3570,0.0700992868791772,-0.6475671601287168,False
3571,0.3629779333056365,-0.939183616748065,False
3572,-0.7001136166936361,0.3107452059683457,False
3573,-1.1402616435890711,1.2262845046479631,False
3574,-1.3236517664722816,0.3398937067708034,False
3576,0.4014115739393883,-0.9099402971432816,False
3577,-1.4923211846394864,1.337220372476695,False
3578,-0.8657422719258455,-0.199418868765441,False
3579,-1.17397981971844,1.0348563877185424,False
3580,-1.035146091902195,0.6408821280250468,False
3581,0.0472713497463645,0.7612593048709344,False
3582,0.388757975770338,-0.5765170711264708,False
3583,-0.4836220735539325,-0.7685867203866954,False
3584,-0.1673386348938097,0.9500079300127512,False
3585,0.5040120487834746,-0.7233643129731353,False
3586,0.7371535701824146,0.3495899155810465,False
3587,-1.0885505469983587,-0.691299041488769,False
3588,-0.5770076698386376,-0.3020956344566228,False
3589,0.279462085214861,-1.1263212334431825,False
3590,0.3040243783710424,1.7969755373592495,False
3591,1.75635009678212,-0.8394820487274381,False
3592,-0.5766341519866305,-0.9176740301395104,False
3593,1.4820380680738958,-0.823315457259311,False
3594,0.4088855760455518,1.5901311683574173,False
3595,-0.2063776840364587,-0.6944851588790133,False
3596,-0.9514129546012784,0.3854389884666832,False
3597,-0.7223864003536672,-0.7656807037206453,False
3598,0.4041624547667653,-0.5443976356828024,False
3599,0.1192837241181352,0.6546788033566026,False
3600,0.6101046909414236,1.6565062697604436,True
3601,-0.5175096260531709,0.7725142591781733,False
3602,0.60532031811849,0.4336258423314932,False
3603,1.4186528689832174,-0.7554434684030844,False
3604,-0.6058915134151631,0.1598314989474776,False
3605,2.1414939317293618,-0.379150613784202,False
3606,0.215124827792378,0.4926997799608882,False
3607,0.0786577234165797,-0.4748764013399399,False
3608,2.7190662900231257,-0.3268486297258348,False
3609,2.259653445630743,-0.1479575457395623,False
3610,0.8425256948189022,-1.1010504548404167,False
3611,0.9812286816544176,-1.6043579733624973,False
3612,-1.1716748010840314,0.2289272482872785,False
3613,-0.9944742962106208,0.1920834646530453,False
3614,-1.922970535032397,0.4270979484149116,False
3615,1.4277473883691223,-0.5198957061396934,False
3616,-1.4781720074981748,-0.7143371176312396,False
3617,1.4804232568425055,1.1029171120313568,True
3618,0.923092983453578,0.4323293044000476,False
3619,-0.2689255895722415,0.7405599821175222,False
3620,-1.7837403122544324,-0.2804749881053658,False
3621,-1.512799090922822,0.6454647119655285,False
3622,-0.9804960832606254,-0.4827187901015695,False
3623,0.0620122885982741,-0.8907596921775786,False
3624,-0.3842222494696183,0.3999882560276909,False
3625,-0.9447599305949528,1.564710746520642,False
3627,1.6684756897096855,-0.6754477400546748,False
3628,-0.0452613447096728,-0.3657448215912044,False
3629,-1.0353570453657692,0.8163428274509229,False
3630,-1.434001341662464,-1.3733675688952964,False
3632,-1.1795914621855288,-0.8065669268877045,False
3633,0.1503611267725425,-0.576482752467173,False
3634,-0.333013826551778,-0.309514634109608,False
3635,-0.2931445199340363,0.6444039091571973,False
3636,-0.2114569216157862,0.6191654460749503,False
3637,0.4215308232791005,-1.3621495582929617,False
3638,-0.058955530376524,1.4837194934616436,False
3639,-0.8759643282529871,-0.9810905193428412,False
3640,-1.321010860668303,-1.0455450731671792,False
3641,0.2726025768136114,-0.9525100567868656,False
3642,1.686411842686656,-0.5784362881596745,False
3643,-0.0434762443614708,1.612930559981694,False
3644,-1.1271600449509964,-0.4160147807555693,False
3645,1.8072217867432767,-1.3728408998469424,False
3646,-0.0347202587034018,0.6791694038936622,False
3647,-0.3883394592993986,-0.5905772518490569,False
3648,-1.1294217718695418,0.3289232149078943,False
3649,-0.4023148468443915,-1.1143864191870403,False
3650,-0.4914246750220655,-0.7778505522864316,False
3651,0.688577286194589,-0.9084767618729928,False
3652,0.3349626216486351,1.2249857655620957,False
3653,-0.6239316891608481,0.8839390046314102,False
3654,0.9751310340588762,-0.5864410031152988,False
3655,1.9376124377835875,-0.6207899605420981,False
3656,0.0517191604141156,-0.4045473121077333,False
3657,1.771647199516979,0.1795886308952801,False
3658,-0.6790574081568205,0.6979851168601512,False
3659,-1.1866464074996406,0.207605453155999,False
3660,1.0553436052999947,-0.3791676912225465,False
3661,0.8479417872911387,-0.9698665391016398,False
3662,2.75195421193968,-0.0715897569886789,False
3663,-1.3017680083870398,1.385279112365752,False
3664,-1.3277778067483872,1.4782776329985288,False
3665,-1.8288612253868737,0.8787795354661295,False
3666,0.7172002245076715,0.9211073732732772,True
3667,-0.8005562038623459,0.8131462678767026,False
3668,0.9692670246839288,-0.4994352475034376,False
3669,1.8834362314145976,0.242755036731441,False
3670,-1.223372772744821,-1.0783039112990498,False
3671,-1.676770040718205,0.6108568723556868,False
3672,-1.495559471377507,0.5376723362097072,False
3673,-0.3597942158577057,-0.6290364672595166,False
3674,-0.2945832770304434,-0.7393448243074844,False
3675,0.1975605667190696,1.6626818872059284,False
3676,-0.9886955547031752,1.4634957290269583,False
3678,-0.049322988027679,0.8602068260378963,False
3679,0.2541110992735836,-0.737611830215612,False
3681,0.0215920319910185,0.9822407551091334,False
3682,-1.694320851736724,0.3841084415660712,False
3683,-1.2103258144563644,-1.0328660021397569,False
3684,0.4167414042155714,1.1295098588327732,False
3685,0.3788121405756472,-0.1588470148563555,False
3686,-0.740358268100623,0.9701548128837928,False
3687,0.4417806549192861,0.7908026753411979,False
3688,-0.1477489978716268,-0.607924648129191,False
3689,0.8128778575742532,1.6524162881332154,True
3690,1.265068417098784,-0.5937127557352313,False
3691,-1.1485985195285329,0.7417642596733779,False
3692,-0.7174256264453858,-1.2119804786510369,False
3693,1.2278585056466178,-1.0476084384215203,False
3694,-0.6886074930341601,-0.5271846848936134,False
3695,1.0767232666459985,-0.8869509410412295,False
3696,-0.5127797287264103,-0.9152861418706862,False
3697,-0.492740251323543,-0.7652769556852559,False
3698,-0.2965740435953717,0.4895712875490536,False
3699,-0.8947298060009776,-0.4428587330723664,False
3700,0.9521620366042512,-0.6107257858548325,False
3701,0.5687709812088477,-0.9272995094165924,False
3702,-0.0930663192530719,0.8442906419618708,False
3703,-1.0301994694897012,0.4214344010784682,False
3704,0.2610754885544166,-0.9698570485084476,False
3705,1.161614805082743,-0.7274087225408951,False
3706,-0.9756199287022448,0.5640742684415759,False
3707,0.5152178590505319,-1.0704696054843068,False
3708,-0.2324785455397769,-1.0947721528256724,False
3709,-1.0237794619815617,-0.5236217423382605,False
3710,1.959243792662463,-0.4320155459513644,False
3711,0.974828018509531,-0.4874474522742005,False
3712,2.237671767396648,-0.5583631906488721,False
3713,-1.1072577903152738,0.1430717854573034,False
3714,-1.7440372925068728,0.7326096808848076,False
3715,-0.242287204243083,-0.6776815347611738,False
3716,-0.5341647271418668,0.6658159090957697,False
3717,0.2503696858209313,0.105305257437598,False
3718,-0.007944248305296,-0.3952460706940057,False
3719,-0.6141142047962794,0.4408952161604358,False
3720,-1.0272289307841196,1.4391594367113825,False
3721,-1.449059632652546,-0.2829911825531426,False
3722,0.2626265801787624,-0.6507268703155091,False
3723,0.0187687819190065,0.8710735565364345,False
3725,-1.4205654676615385,-0.1661173174931725,False
3726,0.5263946156115522,1.6945029266626748,False
3727,-0.1068570376123796,-0.7879286512342387,False
3729,0.1800686671612902,-0.3106337853679931,False
3730,-0.3266179891901236,0.464209950164171,False
3731,-0.5723886794424492,0.9054024699700772,False
3732,0.9383212014417192,1.0153350016023035,True
3733,-0.8074400509150474,0.6598646827115406,False
3734,-0.3898138859804398,0.7824369473774195,False
3735,-0.8091287078742324,0.8932530402283319,False
3736,0.2672305655955528,-0.4359424740989144,False
3737,0.3277206531773378,0.8468506867960165,False
3738,-0.3989404460091102,-0.9059249401164065,False
3739,-0.4873546844921426,-0.9013583353094144,False
3740,0.1439732157772467,-1.2766032034517247,False
3741,1.1400146445093189,-1.2955151987048366,False
3742,-0.2698639880277019,-0.560064039021178,False
3743,1.6803843795951006,-0.809126252358402,False
3744,-0.1969611669135163,0.7046709758790409,False
3745,-0.0589448472182224,-0.5124033839225552,False
3746,-0.5215343309804208,0.4956077106487396,False
3747,-0.4636768613671226,-0.4852612635683291,False
3748,0.5328074886639266,-1.0022367371226282,False
3749,0.4914745736765809,1.7788078150358737,False
3750,0.350658107357341,1.8276949779702312,False
3751,-0.837862183256878,0.8798504319846361,False
3752,0.3998634701344097,-0.9535693373131608,False
3753,1.4068420889232955,-0.0148478658363724,False
3754,-1.1650877092920595,-0.1851438341470124,False
3755,-0.111043737546767,-0.4099493514365795,False
3756,1.2636270971782189,-0.7565533464518288,False
3757,-0.8401017323913862,-0.1471575742961323,False
3758,1.606438435304461,-0.0918241723639203,False
3759,0.7069021218441138,-0.9383276204395846,False
3760,1.5998503015641532,-1.1997006919101296,False
3761,-1.3612022096855858,1.4020210746702668,False
3762,-1.4550285761518684,-0.0879056614637289,False
3763,0.4511086993428012,0.5839893747156627,False
3764,-1.6292166099463494,0.2982163596756828,False
3765,0.1682212568792009,0.9965301602937688,False
3766,1.3990592949378913,1.6468778356128824,True
3767,-1.0496743771029822,-1.1847958335068598,False
3768,-0.7514333062932548,0.6009052348041237,False
3769,-1.6466539078784257,0.4911824806480381,False
3770,0.0184967147928039,-0.7239317762146995,False
3774,-1.2201780485381062,1.2585754029809828,False
3776,0.2589415078771228,-0.6180537578849244,False
3777,-1.3042397293293384,-1.4119972693463143,False
3778,1.2778717373411188,0.1079488458141857,False
3779,-0.6270248931381729,0.945732503840848,False
3780,0.8545631339732641,0.9680456118620132,True
3781,0.1545989808580566,0.4326325874587737,False
3782,0.6794581184058944,0.4343558623998333,False
3783,0.1757006834804197,1.299302768835978,False
3784,-0.4313603002119254,-0.7404934482951039,False
3785,-1.216237003853372,-0.6822517319185142,False
3786,0.7173938225256391,-1.0248388313925545,False
3787,1.225969657272293,-0.3143491735227535,False
3788,-0.7439271890068815,-0.9622802091907232,False
3789,1.6715254389024363,-1.3389269144945484,False
3790,-0.3078422958270037,0.2051116647445842,False
3791,-0.4582626467630218,-0.5796928700739423,False
3792,-0.235557304718133,-1.206832228163292,False
3793,0.7048380295713856,-0.5549057814976057,False
3794,1.0741043350229225,0.9259794745673756,True
3795,0.6767331320172272,1.8124615285878456,True
3796,-0.6099357566571454,0.5514534076455657,False
3797,0.4737563918607151,-1.301390217350499,False
3798,1.4055074825177587,-0.8359944135932282,False
3799,-1.0124984424813956,-0.7575878849459368,False
3800,0.0471522809788532,-1.12602495782335,False
3801,1.2678017380047808,-0.4777254505316879,False
3802,-0.4988064056096182,0.8617736864910668,False
3803,1.711214224080763,-0.7653970145248292,False
3804,1.3918929829785591,-0.794258124538233,False
3805,1.4858267518304171,-0.3017221018628966,False
3806,-0.4855909790104822,0.1917654914253164,False
3807,-1.8732296499228456,0.7563825986196324,False
3808,-0.2544574075392292,-1.5573991417034057,False
3809,-0.8434871854464515,0.2488315304539277,False
3810,0.4005419742362994,0.6521236025934845,False
3811,0.5753104563499141,0.000169510677737,False
3812,-1.071455492753281,-0.8254484323801701,False
3813,-0.7419111305869859,0.7238411589116469,False
3814,-1.6112785084230934,0.8576659320791479,False
3815,-0.0583375430280551,-0.9411727455509468,False
3816,-1.4033170082849296,1.374956872236539,False
3818,0.5774220311403344,0.6757558873601963,False
3819,-0.6348075452028689,0.0431061084041743,False
3820,-1.4782257631842233,-0.5737987391284818,False
3821,0.1455286821765976,-1.0266691692764802,False
3822,-0.7201308305122159,0.5853155315784331,False
3823,0.7493005145188869,0.5520325384435574,False
3824,-0.2686432036525272,0.69279321071542,False
3825,-0.4607428887821882,0.6594389381672288,False
3826,-0.2515548824766615,0.8489353601359051,False
3827,0.1481398743294975,-0.9518173727680324,False
3828,-0.1505757943454325,1.5709517460840865,False
3829,0.3669218145866419,-0.6929151842826058,False
3830,-0.7661967390909511,-0.8390310054852015,False
3831,0.5489189629881601,-0.593526804929621,False
3832,2.0110324923404894,-1.074891273845533,False
3833,-1.6245064227162955,-0.5820530764071745,False
3834,1.8529369674626124,-0.071377846933877,False
3835,-0.4635116224511949,-0.8701071153688176,False
3836,-0.6093354365244238,0.7439600031367991,False
3837,0.0533662150661045,-1.0572321548147854,False
3838,-0.0195732523354739,-1.1892833853425222,False
3839,0.736088332429766,2.0309826823085397,True
3840,-0.2040325213303946,0.5481878885201796,False
3841,-0.7495691598921042,0.5368822491988018,False
3842,-0.088762323677641,-1.4117619625069515,False
3843,1.848773250317208,-0.4840759965165111,False
3844,0.0904326701861635,-0.8017492757396701,False
3845,0.4523735198409776,-0.5779636554659513,False
3846,1.5884072807842493,-0.1931255560913705,False
3847,-0.2702907814289901,-0.665665269235538,False
3848,1.553328227487136,0.1193984351351166,False
3849,0.3322129369456768,-1.1921001243133311,False
3850,1.5824863056560037,-0.2943961215662598,False
3851,-1.98850365620108,0.5985327722031325,False
3852,-0.7814930382316096,0.7868936420915879,False
3853,1.173598545134395,1.3793644203864766,True
3854,-0.5005292537598319,0.561689754075466,False
3855,0.66385065812723,-0.2869106519310787,False
3856,1.1599651930875612,-0.1988950266848769,False
3857,-1.7382365325889206,-0.6071720373203816,False
3858,-0.2818736058274187,0.587626100885709,False
3860,-0.6608726337790569,-0.9761317509884824,False
3861,-1.9107886184263112,0.9212161719767012,False
3863,-0.2866773418424577,0.2534857505533601,False
3864,-1.3060391583336977,-0.1106720721155125,False
3866,-0.3025043374040211,-0.3087155394953085,False
3867,-0.3376811261404047,-0.7986884744745143,False
3868,0.1771299052799416,-0.2830098413264383,False
3869,0.4954483518338629,-0.6811320696608355,False
3870,-0.4075830927107946,0.4392545000036902,False
3871,-0.2110655451397827,-0.3141061934160922,False
3872,0.3332542183741882,-0.4757381022379937,False
3873,-0.7573745511873589,0.7835113306640175,False
3874,1.4392468318364993,-0.7791654513682715,False
3875,-0.1799674199570654,-0.1116602351010756,False
3876,0.0791277947471572,-0.8312906406757283,False
3877,-0.2437616812080349,-0.8671228573063694,False
3878,-0.4020791512756135,-0.3105697710738584,False
3879,1.064761750775649,-1.1293582478234776,False
3880,0.3605221947245648,-0.896367114875225,False
3881,0.8407116362365594,-0.5912034956164127,False
3882,-0.6191962963968236,-0.2621191370526458,False
3883,-0.4916543061725727,-1.3163995344452593,False
3884,0.1644161097420494,0.3342941679664971,False
3885,0.7778074278559483,0.5200379033240392,False
3886,0.5350579945463271,0.8658614143355956,False
3887,0.4339517710148051,-0.067467759004664,False
3888,2.228557651919692,-0.5811756693585841,False
3889,-0.9033787009989024,-1.1504156417191431,False
3890,-0.3717945516484632,0.0537783312350861,False
3891,1.9456407777838471,0.1011448201133187,False
3892,-0.7828217293521547,0.0102800902257,False
3893,2.115940915063556,-0.3642579075381558,False
3894,0.8598494240295814,-0.3671202681311611,False
3895,0.8613294924770359,-0.5635463882838767,False
3896,-1.0048770946449443,0.3497564069139879,False
3898,0.0634132859817975,-0.8711771398113786,False
3899,-1.1066002401083888,0.5665397560652059,False
3900,-0.0229688345284489,0.2226953332515179,False
3901,1.8338774301946144,-0.9668416360505752,False
3902,-1.9194767750047208,-0.3204674581381428,False
3903,-1.6989793284503314,-0.7711163788427351,False
3904,-1.8678101715774549,0.5877953554002423,False
3905,0.2897622081280412,-0.538590567364478,False
3906,-0.761928763643129,0.3848884383226105,False
3908,0.830656065546648,0.8047141093018632,True
3909,-0.8480502210544448,0.8009284340712377,False
3910,0.3938293586450875,-0.530792154786776,False
3911,-0.8342066776017784,1.7066585713545102,False
3912,0.2313826214914366,0.8266614535845289,False
3913,0.3529279802474817,-0.6140302925636318,False
3914,0.2932691202584998,0.6684459882442848,False
3915,-0.8282917382719073,0.8695724296239341,False
3916,0.9380295154421654,0.5585131918848725,False
3917,-0.136560357072924,1.356003549759964,False
3918,-1.1659850345081206,-0.7679613331493917,False
3919,-0.9246744431746472,-0.4411157240109252,False
3920,0.7300006804738066,-1.268033496148958,False
3921,1.4951269952404018,-0.486984552720305,False
3922,-1.5750652521037631,-0.6461200825050525,False
3923,1.5251735683783612,-0.8983004176641898,False
3924,0.5460751090633613,1.6776433809657112,False
3925,0.0523774179537774,-0.5102292835140262,False
3926,-0.6556380560239174,-0.7654073733874979,False
3927,0.0608743727922505,-0.6868125904672155,False
3928,-0.4961478877835273,0.6607741314800841,False
3929,0.6675668192825462,0.7727420865508247,True
3930,-0.5879340088828506,0.821292297914386,False
3931,1.4020261471246436,0.6731266439557593,False
3932,1.818981869287494,-0.9421185064978816,False
3933,-0.3956157462610891,0.4572931308500705,False
3934,-0.1832897245358715,-1.0110140653083133,False
3935,0.8826143313337813,-1.2079423049268925,False
3936,-0.3600354579150984,-0.0408762047865308,False
3937,1.2058929588938774,-0.6304622356467342,False
3938,1.5622183440498492,-0.4986284284478484,False
3939,0.98013022993056,-0.7198358803070943,False
3940,-1.7453209348666183,1.4912527907779976,False
3942,0.0571376087214862,-0.590575706515018,False
3943,0.3678909946845185,0.4979594150337079,False
3944,1.732563944176238,1.151700284088394,True
3945,0.7780294411616359,1.0282121621224811,True
3946,-0.4850430825619478,0.428961321509714,False
3947,-1.2109503308385374,0.585862074246337,False
3948,-1.7895184736990115,0.7244872889560272,False
3949,-0.9624970043640456,-1.1774396143250507,False
3951,0.1057101447831562,0.8911527832302164,False
3952,-1.0403383066400191,0.331789119484577,False
3953,0.0307015121808977,-0.3311676908534855,False
3954,-2.050044236805709,-0.3149795459987246,False
3955,-0.1465831807835467,0.7912423209398282,False
3956,-0.2780038611020113,-1.4404880978675598,False
3957,0.2501538112526693,0.4022282703661851,False
3958,-0.9452985900310438,-0.7230516819247577,False
3959,0.8350037326746247,0.3492990239624498,False
3960,0.0143849910163686,0.458597700335422,False
3961,0.937066325169884,-0.7067185508754474,False
3962,-0.6523592133417909,-1.3345764532484583,False
3963,-0.722289511629383,-0.9042328991643712,False
3964,0.6731719492803355,-1.1464985930494014,False
3965,-1.7521794004111213,-0.9254599603873296,False
3966,1.5875111352234124,-1.1747935464501231,False
3967,0.3284886053511476,1.5503034064407364,False
3968,0.1961602580146278,-1.039847376066564,False
3969,-0.714665624707875,-0.6747607956122967,False
3970,-0.4296047119741323,-0.8748022485528594,False
3971,0.2198366559024631,1.69490979955771,False
3972,0.1560988576335295,0.61741244231572,False
3973,-0.8137565597194419,0.5520137903577265,False
3974,2.1068706082327124,1.4098300368920862,True
3975,1.2740962815992742,-0.1440635142902044,False
3976,-0.2916728479793204,-1.3506663916140895,False
3977,-1.0508064561007056,0.6746320511339801,False
3978,2.258176002737147,-0.7962242794684764,False
3979,-0.3191691688530551,0.0512472896549529,False
3980,1.2913629755988334,-0.6253603705639765,False
3981,1.723831132169403,-0.399163722299664,False
3982,1.4778702324075494,-1.264550328299884,False
3983,-1.1032081941043057,1.6877542976855482,False
3984,-1.8988279794641223,0.8671852754170033,False
3985,0.1954824961516872,-1.1196433803236123,False
3986,-0.2141628965456697,0.3449038880795751,False
3987,-0.1422647805580054,-0.1919100373792271,False
3988,0.6216813324259511,0.813520683248177,True
3989,-0.2682021230316008,0.5638149227238852,False
3990,-0.5716517994390377,0.2489591577967143,False
3991,-1.5242932367915865,0.2578354007864853,False
3992,-0.7947683237084238,-0.6919150437716626,False
3993,-1.1076918299950669,0.5909406856221575,False
3994,0.8133321995443307,-0.268347909668182,False
3995,-0.6407473093026836,0.1086072472148559,False
3996,0.2056758697931157,-0.8551045310307385,False
3997,-1.053104412768533,-0.9629260218453048,False
3998,0.916340711746009,1.2841059209003705,True
3999,-0.6479197056500419,-0.0615520800604131,False
4000,-1.122486421770185,-0.7368752464495443,False
4001,-0.2905213531017401,0.5830587834790366,False
4002,0.1484098693820258,0.3278571314546614,False
4003,-0.4769161648705805,0.789128748321474,False
4004,0.3135583687261961,-0.8850161669258185,False
4005,-0.9290303707106728,-0.9533062189793896,False
4006,0.601879794293917,0.5129736985867511,False
4007,-0.9487369722951904,-0.5465281305891487,False
4008,1.7316073395536098,-0.6412863164051897,False
4009,0.0872802085578108,1.504085582126392,False
4010,-1.3834207294041845,0.8740769459284841,False
4011,-0.6370891729388808,-0.2581128104985253,False
4012,0.9008494994087176,-0.7289875238918893,False
4013,1.1925247145759372,1.2175818034283326,True
4014,1.1343942004856409,1.2747232315039936,True
4015,0.0122970853185771,0.9198121759386534,False
4016,1.0860130788732258,0.6795788830945514,False
4017,2.7699350804415968,-0.4044057047076204,False
4018,-1.2785481834530783,-1.5744944471738371,False
4019,-0.188481702758471,-0.9620485902090368,False
4020,0.8172513364641009,-1.1245608822547688,False
4021,-0.2265613909573224,-0.1229346378979911,False
4022,2.1569213925569164,-0.1335088596578288,False
4023,1.461425748751386,-0.9850056627466626,False
4024,-0.3626646115847587,-0.6484834620658069,False
4025,-0.7668552457410115,0.2185211054392155,False
4026,-1.2524442265924876,1.567443814559934,False
4027,0.317457019903773,-0.8840747492158622,False
4028,-0.7086152517972905,-0.3249716916218481,False
4029,0.0696928996382531,-0.2109566083979121,False
4030,1.1482549211652255,0.6320194154481953,False
4031,-0.4044873804017829,0.1944340686565602,False
4032,-1.6129091590955955,-0.6965816566898169,False
4033,-1.8190704668061517,0.9744314397166088,False
4034,-0.104032108449276,-0.8223553015828179,False
4036,0.335680524812239,-0.5686846771464503,False
4037,-0.4398416795793096,0.4860206188287428,False
4038,0.920121847941886,-1.0099669357306391,False
4039,-0.6462708580743607,-1.504850767895976,False
4040,0.2499859851764654,1.3746172752332748,False
4041,-0.6941185470264937,-0.1901164988296227,False
4042,-0.4293704480240251,-0.6669853305190308,False
4043,-0.7466528550220967,1.0262588465394806,False
4044,0.9762974123225838,0.5265831411594258,False
4045,-0.3879966417963619,0.2968768706049508,False
4046,-0.8528085872619311,-0.752102497829892,False
4047,-1.422069431014761,-0.7625502068607863,False
4048,1.9922262332828808,-1.314118944601863,False
4049,-0.0693047710344594,0.5208414162463133,False
4050,1.584156137952648,-1.0332521695254302,False
4051,-0.9705561349030336,-0.094451886911745,False
4052,-0.2098549268737847,-0.0324468299305598,False
4053,-0.3383108774451413,-0.3591129800801447,False
4054,-0.1632889668385382,1.0156387549703985,False
4055,0.6912041411500297,-1.043911362164382,False
4056,0.3241435943773333,-1.1659212521159017,False
4057,-1.1432359322785384,0.6488900820572941,False
4058,0.901028976221383,-0.9499462009608468,False
4059,2.200669421118961,0.1904218758343929,False
4060,-0.4794138930837281,-0.9442602397185688,False
4061,-0.2973366114434988,-1.1573796707932216,False
4062,1.4083179512569337,-0.5015074294948874,False
4063,-0.6546060099614576,0.8522558402050632,False
4064,2.535386336117313,-0.3007418063058995,False
4065,1.575706215003416,-0.7806172473638349,False
4066,-0.0135051660454226,1.0393603759270615,False
4067,-1.7388325967352498,1.4518449364193036,False
4068,-1.6948798689423563,1.1945682237947135,False
4069,-0.2185463338997441,-0.1015524027734917,False
4070,-1.4451780623410462,-0.59462121245473,False
4071,1.2282301305457397,0.1382436009350366,False
4072,-0.5703204040165218,0.5749621802913971,False
4073,0.477862085250307,0.7284805377387927,False
4074,-1.836509207227829,-0.7497602525422165,False
4075,-0.8058251847514439,-0.5904918797381055,False
4076,-0.6724076851975613,-0.1519034235163514,False
4078,-0.5367296368544171,-0.7815014791833981,False
4079,0.265451690831251,0.8257581476097928,False
4080,0.2398793053303652,-0.8650170982537426,False
4081,-1.2298141474432576,-1.3890362725980538,False
4082,0.2701508700905837,1.1082598227259832,False
4083,-0.63064649456602,0.0726315935059825,False
4084,-0.0405854703123078,0.7916395316937485,False
4086,-0.40831483879868,0.6927333870886854,False
4087,-0.408776924484839,-1.4573763365319514,False
4088,1.3287530753944805,0.5566388784464824,False
4089,-0.6286545469040905,-0.8586843891150322,False
4090,2.2337728406075184,-0.7157543397893953,False
4091,-1.692416847686962,-1.3751367589449386,False
4092,2.4036527178523435,-0.6283604570166068,False
4093,-0.00711375549691,-0.1086513987908989,False
4094,-0.7476247339704347,-0.5976630227716763,False
4095,0.7626280387856796,0.4281708485979674,False
4096,0.0588320394468244,1.6908077858962882,False
4097,0.0415015624488062,1.170963247716856,False
4098,1.0779738364586955,0.948818931847904,True
4099,-0.3356664532217489,1.3434529187876163,False
4100,0.6602336626738126,0.8552112497974044,True
4101,1.2838067171520795,-0.3207224721310444,False
4102,-0.0698512229346121,0.2831797844793771,False
4103,1.004249297405881,-0.828152360370389,False
4104,-0.6894415873901089,-0.1439679961923814,False
4105,1.974475767671903,-0.42971327143472,False
4106,1.1374626825852592,-0.0361050585070359,False
4107,1.7068521115846798,-0.588368147463149,False
4108,-1.3112815132572164,1.3989253383022553,False
4109,-1.403344165030977,0.6364362409654306,False
4110,0.5166536020362963,-0.8100468507620596,False
4111,-1.4290934951585423,0.1454360815504543,False
4112,1.376378495610585,0.9841012800966736,True
4113,-0.7072100649569308,0.859131306476001,False
4114,0.5912379031432828,0.8426652882608934,True
4115,-1.2491648439106156,0.3813889864446849,False
4116,-1.1707949457721245,1.0203034778365536,False
4117,-0.2814661113789029,-0.4354389628239452,False
4118,-0.8203064151518182,0.373555628277751,False
4119,-0.3595921728988446,-0.3701331117550166,False
4120,-1.3331957368978165,-0.0466844157138514,False
4121,0.4090704785620309,-0.6250986730430335,False
4122,-0.6069146750064435,-0.6043601255772024,False
4123,0.3616006835535015,-1.2395552700489645,False
4124,-0.0019641849672784,-1.0849095821056671,False
4125,-1.6011038418212176,-1.3180066588057886,False
4126,-0.5690553808578119,0.7077302437864338,False
4127,-0.5391312374384332,0.5804510002317846,False
4128,1.1218213339031304,0.8179521506168205,True
4129,1.380162798412074,0.0373585219366787,False
4131,1.334098614851972,-0.6486737653415111,False
4132,-0.5936138011833695,-0.6040599165419839,False
4133,1.720017449258298,-1.0495620519604174,False
4134,0.3312178369694185,-0.8529014746471532,False
4135,-1.0534199824515522,-0.0514003626907662,False
4136,0.6640885194194954,1.7017715239551032,True
4137,-0.611693396163036,0.7005481505244952,False
4138,0.1422589481013627,0.3783095765709323,False
4139,0.0896120419828398,0.4880004183010824,False
4140,1.5100262516384115,-0.8572534476422597,False
4141,1.1712090102532493,-0.185559311638223,False
4142,-1.1199415363977565,-1.779919400399038,False
4143,1.142709750279978,-1.300188081150905,False
4144,-0.2198721632315662,1.6764718792861908,False
4145,2.150144047251469,0.4244346167429224,False
4146,0.3485048875008305,-1.184533763714261,False
4147,1.294186451214672,-1.6826010951800376,False
4149,-1.0347478510373642,1.6556280226028677,False
4150,0.4541498603920753,-0.9295142370068676,False
4151,-0.7391115343871404,0.8902394396120171,False
4152,1.5934558164618404,0.7503165924731964,True
4153,-0.7169976045972364,0.8268844192340256,False
4154,-0.1371625728269529,-0.1718962766238563,False
4155,-0.6070909664724856,0.7143839100102995,False
4156,-0.3131113197027567,0.5461962699145624,False
4157,-0.3893073616806395,-0.9349543282027224,False
4159,0.2817040518243248,-0.8261216925509698,False
4161,0.3593684292308664,-0.7069315052779254,False
4162,-1.397123602889704,-0.7223388278054674,False
4163,-0.100276664085753,0.6722852636367496,False
4164,-0.6443297078253052,-0.1840707703284174,False
4165,-0.8128502111328646,-1.548549006919476,False
4166,0.0070073928667808,1.1193819785835235,False
4167,-0.3149456076722357,0.188496302390233,False
4168,0.612526876202738,1.5731789664126812,True
4169,-1.205354537261701,-0.6284647146773651,False
4170,1.319454049666677,-0.1541437623926025,False
4171,-2.0851732216383736,-0.6497308048375551,False
4172,1.5764258106086282,-0.8559418830786315,False
4173,0.598320019360322,1.671293796803381,True
4174,-0.92156470235808,-0.4512753409642173,False
4175,1.2699118864150083,1.1130097290037395,True
4176,0.658264677883183,1.04396431433118,True
4177,0.3916521223742262,0.4356914178940381,False
4178,0.3331160098943567,0.6267278671798474,False
4179,1.036396364193179,-0.920856094126156,False
4180,1.3247838972399006,-0.337930352330936,False
4181,-0.9599154746956766,-1.5117914825930552,False
4182,1.8296894520075928,-0.5142118311021406,False
4183,-0.4358564675361174,-0.4311743514149766,False
4184,2.5838945081608538,-0.4022315758596544,False
4185,0.5254906498073123,-0.4892469292546497,False
4186,0.6280300868885661,-1.1003256780397188,False
4187,-1.6065085656852087,1.176079411084774,False
4188,-1.5689845357570946,0.1530435404257573,False
4189,0.0996065622784509,-0.5480171791037579,False
4190,-2.2280344174122235,0.3800392074866851,False
4191,0.1452364196157876,-1.2924146164799435,False
4192,-0.6205584111728469,0.8206261657901388,False
4193,0.4907871869245387,1.3008585035402882,False
4194,-0.6637089242757641,0.8842410854682542,False
4195,-0.9733854836230498,0.735379862538914,False
4196,-0.1458983192458264,-0.6961029375303365,False
4197,-1.2737954937866791,-0.3634290765394291,False
4198,-0.2843163879356667,0.7148390526111683,False
4199,0.602578699499164,-1.0621203744733618,False
4200,-1.0158912793409054,0.6303879668081508,False
4201,-0.5410491964961113,-0.5061194034532747,False
4202,-0.2166068831454883,0.994642501489627,False
4203,-0.2895835924286567,-0.1529691485141394,False
4204,-0.7667291065771746,1.4180409294274052,False
4205,-1.7183902515597245,-0.4059952285073832,False
4206,0.0127536222590374,0.8794109760024278,False
4207,0.6996629110752732,-0.450910403370201,False
4208,-1.146801946075012,-0.3375002837178329,False
4209,1.1069427952104962,-0.4677096812581511,False
4210,-0.3160368357768045,0.2545774790838037,False
4211,1.2918243878652975,-1.1532137475168796,False
4212,0.2693594444462144,-0.7779423925911434,False
4213,-1.3861291628873336,-0.0981164885517634,False
4214,0.921836872606932,1.797781331605494,True
4215,-0.1890340849647203,1.5790234193067914,False
4216,-0.1078469093326534,1.1789044540909408,False
4217,-0.4059941738851059,0.6766969270713055,False
4218,1.478001874478962,-1.1838229739858463,False
4219,1.319491468462466,-0.3649630915744455,False
4220,-0.5833490049752085,-1.095855269315575,False
4221,1.423725238868832,-0.4358869495159576,False
4222,-0.6803569592882073,-0.2840204162967026,False
4223,1.820005564045195,-0.4546694967801944,False
4224,0.5617302191033277,-0.4068715514625213,False
4225,1.4513857304788464,1.6535643809653215,True
4226,-1.9012038025880629,0.8863408620580131,False
4227,-0.4031670353564592,-0.7134859041783322,False
4228,-1.0302559439202228,1.1840360884222672,False
4229,0.348346948312813,-0.4377756531336746,False
4230,0.3834753038244075,0.9239997612030312,False
4231,0.8029199224374911,1.997503852723774,True
4232,-1.6145936509182817,1.1963238368622628,False
4233,-1.537768828394044,0.3168952554434969,False
4234,-0.7907427561792796,-0.8563403824319964,False
4235,-1.3237569988632143,0.3417732225408242,False
4237,0.3841519126011304,-0.4765116639507252,False
4238,-0.5354973550735744,0.8745072831145753,False
4239,-0.9672711410492656,1.1258782050390728,False
4240,-0.1012079305087496,0.615479600733712,False
4241,0.3838757952866858,-0.3001321289621463,False
4242,-0.7300395175077434,0.6052977673659066,False
4243,-0.6107341314943412,-0.4198206655974049,False
4244,-0.8083853613953403,0.7774396875944056,False
4245,-0.822906197689176,0.8868978396571242,False
4246,-1.3538298524471213,-1.0577446461282811,False
4247,1.138897039166637,-1.0799770422547232,False
4248,0.0115251212869873,1.86126709687936,False
4249,2.007920072240297,-0.9198840327466192,False
4250,-0.7376458364400159,-0.7188576202196729,False
4251,-0.9648512821668436,1.3235934271742402,False
4252,0.6743303381534241,0.9684564097184152,True
4253,-0.1140622625259833,0.7494121458500519,False
4254,1.0809544239997328,0.8656111836677121,True
4255,-0.6046148644894176,0.5825597541127712,False
4256,2.5233323138484764,-0.8390678072675659,False
4257,0.4627529518576734,-1.026718031825916,False
4258,-0.8415793813356124,0.6847779889173068,False
4259,-0.2209534126049606,0.1084687721561056,False
4260,1.0658672523443184,-0.7073194941245331,False
4261,2.080826580584996,-1.2600541117842714,False
4262,1.002941151441297,1.516636462816129,True
4263,2.088819564008978,1.3500475541652472,True
4264,-1.6939015888324986,1.1941765009790166,False
4265,0.3986865594152752,0.6939377459712839,False
4266,-0.701614847987639,1.2885576869803348,False
4267,-1.755043760201461,0.0088557493083949,False
4268,0.1955846870871167,1.5444622601567977,False
4269,0.5319456558915944,0.4149985318153908,False
4270,-1.1614497183892951,-1.0838387320729397,False
4271,-0.9645494329737538,0.4501877102950208,False
4272,-0.1396248314275906,-0.7786348125275971,False
4274,0.4744942203956691,-0.9171314857408692,False
4275,0.7196507127568815,-0.6295550325727068,False
4276,-0.97636428416373,0.4895267322588015,False
4277,-0.3434402355681099,-0.8712621446643927,False
4278,0.1789861432183428,0.4394149138281601,False
4279,-0.6684833376923967,-0.0907242015942686,False
4280,-1.5225395740084902,-1.3195648719969926,False
4281,-1.5229940808761966,-0.7873826147561397,False
4282,0.0183686953028132,1.47042664629425,False
4283,0.7121523229682984,0.6880647087409982,False
4284,-1.437761926124169,-0.787544509679205,False
4285,0.4458077706396574,-0.5132349495993844,False
4286,-0.6895348721693035,0.1158631478780625,False
4287,1.634940754276007,-0.6632801282601233,False
4288,-0.2550699430867042,-0.3142823377047787,False
4289,0.5892959425340333,0.7789560175322414,True
4290,0.6487725844181766,0.8152020878569668,True
4291,0.4193651572381582,0.8359028850264623,False
4292,0.4801045211050933,0.7171945439943952,False
4293,-0.1438112797998722,1.1920241703971672,False
4294,1.6771341646443811,-0.6152388883073554,False
4295,0.3311727508123392,-1.3536233986495805,False
4296,-1.1391681474710522,0.8274321451096743,False
4297,-0.5659818728234686,0.9580262483951604,False
4298,0.2052237236786854,-0.9042418907537472,False
4299,0.4799532705678503,-1.4793658508298906,False
4300,1.1514750265345528,-0.8891757180868545,False
4301,1.4733794824068696,-0.4509606370639267,False
4302,-1.9329280290077344,0.4406230662800328,False
4303,0.4921691037875382,-1.1569452953676207,False
4304,-0.3583374210591234,0.5650815279462618,False
4305,-0.4508005157628428,-0.8945548707129003,False
4306,1.837260747831407,-0.2430594395002132,False
4307,0.5718068183419369,0.7774467099126712,False
4308,-0.9481608473530746,1.1572925515004846,False
4309,-1.5384641072690353,0.7881167523059115,False
4310,-0.6449512703327511,-0.745751019608218,False
4311,-1.5505087327984208,0.496924590123889,False
4312,0.3680790071185974,-0.2177381579309201,False
4313,0.9744216268570092,-0.6681581521436031,False
4315,-0.8476408437286549,0.7435715577989892,False
4316,1.2272063044042467,-0.9740814658363076,False
4317,0.3654988507544779,-0.5205093426205324,False
4318,-0.0550966070081186,1.490094364652521,False
4319,0.2056600359481655,0.2981440667971076,False
4320,-0.2153232162760442,1.5616673371130974,False
4321,-1.41813260789522,0.0670518301054846,False
4322,-1.158789227370984,0.5329639596794328,False
4323,0.9668176711339288,-1.0509680067942302,False
4324,-1.1623409020517037,-1.1194982199513714,False
4325,0.9240697595802434,-1.1091191536085343,False
4326,0.5496262357958835,-1.3116080306613842,False
4327,-0.7154488417724558,-1.0303463794832703,False
4328,1.238000689282886,0.773656199298226,True
4329,1.391043153681205,0.026927824714752,False
4330,0.2950533037679718,1.5770303503188434,False
4331,0.372510883498763,-0.1612798199569665,False
4332,2.5949404780466216,-0.357773172525893,False
4333,1.6712513071676127,-0.7418816942168849,False
4334,-1.320123631503427,-0.819427108133119,False
4335,-0.5276666208051997,0.983980230513664,False
4336,1.809288927193316,-0.5312370081932778,False
4337,1.923236018079616,-0.5193555342145699,False
4338,1.2548196834790857,-1.4432549482482022,False
4339,2.027847687537088,1.2696984670728897,True
4340,-1.699771269491645,0.3689984853088529,False
4341,0.4344795297519234,-0.8600957246678252,False
4342,-1.643292522454228,-0.7359109181594757,False
4343,-0.6275722838508847,-0.7827949040214784,False
4344,1.6563270931504253,-0.1775229743626948,False
4345,-0.0099550750917312,-0.0582073444946173,False
4346,-1.169540248860407,0.9405947749757632,False
4348,-0.3513230782899476,-0.8317747486011853,False
4350,-0.2215269277780829,-0.8626183437081518,False
4351,0.8359931752274261,-0.6475349785596918,False
4352,-0.828526919042334,0.4923069607819171,False
4353,-0.4946817030682977,-0.6657289321722601,False
4354,-0.3016055390680733,0.1007323130866066,False
4355,-0.331861401477589,0.9358839099479505,False
4356,-0.4166604053546261,-0.5213868508260089,False
4357,-2.1098886435618227,-1.0250422696749248,False
4358,-0.5447135573549826,1.2926986318379654,False
4359,0.2247710400679319,1.4014469841989998,False
4360,-1.029763135580403,1.143338660720026,False
4361,0.9614500332838128,-0.941468469599502,False
4362,-0.1398719992963762,0.4894688085749057,False
4363,1.2708601055494335,-1.1384186453867178,False
4364,0.2686382293740812,-1.237344095213771,False
4365,-1.5392704886682629,-0.6073568442225245,False
4366,0.9929857745435136,1.2427733047711156,True
4367,0.1511996327206458,1.185191838840836,False
4368,0.2872074619509298,1.591482119405442,False
4369,-0.8148682297789718,0.6947846775675504,False
4370,1.3751362192305936,-0.5080592106350101,False
4371,0.0398050861872399,-0.6748458385832964,False
4372,-0.785817027003495,0.5487587386930508,False
4373,-1.20719882320149,-0.2097166670226191,False
4374,1.2366847370787135,-1.0354415986051455,False
4375,2.12760381523735,1.283499668493838,True
4376,2.495586111463728,0.0587351521959659,False
4377,0.6339400031404412,0.1381366294148504,False
4378,-1.660907927508369,1.4149732477563917,False
4379,1.326610357886486,1.7206995296915917,True
4380,-1.0435605755551776,-0.5050559442062555,False
4381,-0.559787062842514,0.4183545993591794,False
4382,1.090179341277928,-0.5667172001152266,False
4383,1.626628402811658,1.57982382452125,True
4384,-0.568152296503254,0.7653208102386397,False
4385,-1.2488193409018482,0.3921606115905338,False
4386,-0.4818044819445083,-1.3744664275914371,False
4387,-0.7850558577272889,0.6018963576067777,False
4389,1.044959989390537,-0.896925241952005,False
4390,-1.4261514413968068,-0.8887196209860706,False
4391,-0.9916334444477484,0.6092580131131106,False
4392,0.0629698648030052,0.6484045465730799,False
4393,-0.5911751334795531,-0.014892604824624,False
4394,-0.2426244367839674,0.0699802155280857,False
4395,-1.2465116461477306,-0.8150579291253452,False
4396,0.7839839335346823,1.5599472457862549,True
4397,-0.4239419300424839,1.2402820249667947,False
4398,-1.356954460018612,-1.1711081561517376,False
4399,1.9742772228770784,-0.7138818411287381,False
4400,-1.1565975383090437,0.5510730895301892,False
4401,0.888842400578074,-0.6103401545184793,False
4402,0.1316356160142131,1.9307044071084831,False
4403,0.1983401899520452,1.6733852398332605,False
4404,1.028128190412226,0.7551953988814768,True
4405,0.860869622311721,-0.353498129699133,False
4406,1.162715824717223,0.562205553615081,False
4407,-0.4190266044968216,0.7813746255519555,False
4408,1.636528533689487,-0.2535340915830673,False
4409,0.2854016553284791,-0.9696278920245964,False
4410,-0.7679137134147844,-0.0055057459540106,False
4411,-0.7272531691871296,0.1933360659360964,False
4412,2.021084302961959,-0.6887492300471141,False
4413,2.0238404819239464,-0.5757924587666781,False
4414,1.8409438960154525,-0.278351743060973,False
4415,0.7392484427693978,-1.0313691594527308,False
4416,-0.8567478929000202,0.3314251750065934,False
4417,0.526008951581165,-0.7759780019621481,False
4418,-1.429309387498387,-1.024819419451955,False
4419,-1.6459195834597735,-0.4781140261784998,False
4420,0.3496888675989994,0.2004809413040847,False
4421,1.0686040134413075,1.5988857695407996,True
4422,-1.3549184294987195,0.7916731832258301,False
4423,-1.2589764275652469,1.4791296586926048,False
4424,-0.7391364543854362,-1.2144891578356036,False
4425,-1.3086673088047087,0.2406507017542145,False
4426,0.6966396709268045,-0.8872945033641617,False
4427,0.3975266869837439,-0.7318238141116354,False
4428,-1.555754461890448,0.610116793062173,False
4429,-1.3737310036698474,-0.914471000979296,False
4430,0.7891715894380591,0.0432417679013817,False
4431,1.0169781275698273,-0.3227728213329699,False
4432,-1.0874146280363417,0.8860662633939771,False
4433,-2.009828513079376,-0.4327552156447775,False
4434,-0.3345672512952354,1.008966920182803,False
4435,-0.257867221068089,-0.5827711124572231,False
4436,-1.2926306212384633,-1.791700332568919,False
4437,1.7290528392167288,-0.4360370283342158,False
4438,0.7361353469508701,0.6584829587247152,False
4439,0.663061273972537,-0.7341527740460057,False
4440,-0.7199657676883416,-0.8619498294020668,False
4441,-0.6544306022789784,-0.7356518680655578,False
4442,0.5692471622661329,1.6261205889128114,False
4443,1.3863321536376714,-0.8878973005674422,False
4444,0.1982693554970982,-0.6077295177259705,False
4445,-0.0494130836372525,0.6910988005922648,False
4446,2.511200155569444,-0.5477363163237174,False
4447,0.0983572612487324,-0.870089229671564,False
4448,0.6551301950750287,1.2093323481846667,True
4449,-0.6141978093554487,-0.1074945543392298,False
4450,1.595442706978052,-0.5983513021464371,False
4451,1.8849349504276736,-0.0698432056242051,False
4452,1.3708769591403969,-0.5747370968433692,False
4453,0.9380530674546428,-0.0075861235272248,False
4454,-1.6853620381103769,1.3507617385120272,False
4455,1.181871677828702,0.1263675297767804,False
4456,-0.9646357561322184,0.4849547906945769,False
4457,-0.843851752461312,-0.781457975569146,False
4458,0.8203448577714328,1.5535860474859216,True
4459,0.5922166604705847,-0.9534154358159348,False
4460,-0.7756898605546599,0.0827497003718056,False
4461,-1.2002687550074054,0.8992235524649967,False
4462,0.4306408951402377,0.0878191572766854,False
4464,0.8525759915898657,-0.7318625580229121,False
4465,-0.2125445394358608,0.647680850398463,False
4466,0.3849079883989204,-0.2932470637983499,False
4467,-0.1326851371388028,-0.7334357610346314,False
4468,0.6307970980984744,1.1179258017821794,True
4469,-0.6364568617545582,-0.4023220572451947,False
4470,-0.2655755574800701,-0.6428391329504373,False
4471,-2.018909695460925,-1.0788922538597698,False
4472,0.0653486658553258,1.5209865251069408,False
4473,0.1873847546459406,1.4538449773839917,False
4474,-1.3552707734859657,-1.2361493072623009,False
4475,1.31650307026498,-0.8224233716202346,False
4476,-1.2246403116261044,-0.8999652851315685,False
4477,2.171721161978511,-0.7577487788431757,False
4478,0.0379780699164778,-0.6882003548098079,False
4479,-0.1655236080316171,-0.5400833585048355,False
4480,0.8599656205571885,0.8482892039906789,True
4481,0.4702662297332873,-0.711353023387331,False
4482,0.3237986099609861,-0.1277082520638233,False
4483,-1.103049859051202,-0.9077083023525347,False
4484,1.9990979818205632,-0.134480580932256,False
4485,0.4475868835645264,-1.1021181887263127,False
4486,-0.565736730847807,1.186215928251506,False
4487,-0.8339413786366415,-0.6241208374364562,False
4488,0.5913510351537775,-1.528696425222221,False
4489,1.843862546922188,-0.4983636743972612,False
4490,1.6810150403929154,-0.6300843061503321,False
4491,-1.984241150008129,0.7814580687024041,False
4492,0.1268606086134828,-1.026503881005121,False
4493,-1.1035021031050127,-0.5463836730468222,False
4494,-0.9984031778985134,1.1343250278639925,False
4495,1.170283127300126,1.6044930199543423,True
4496,0.8842286190567141,-0.5369411200862898,False
4497,-0.8523565327364285,0.6018473043559779,False
4498,-1.6652789136273165,0.3422788271425343,False
4499,-0.6960399892528782,-0.7008629464449998,False
4500,-1.4091285968734475,0.6270766547165632,False
4501,-0.4613799005638652,-0.0495133283573528,False
4502,-1.641400556270134,0.6769372799764805,False
4503,-0.0446690760487096,-0.3799913204723182,False
4504,-1.2330196629531898,-0.7635967715085659,False
4505,0.8188235490976613,-0.0359108278583882,False
4506,-0.5875948004829024,-0.1935049234255255,False
4507,0.0343140157207708,-0.0570606665738138,False
4508,-2.1363343775498667,-0.4953555029470974,False
4509,0.4928610680776906,0.3518814232705752,False
4510,-0.2580922869821492,1.391880364760266,False
4512,2.4172548784483503,-0.9724100891150484,False
4513,-0.8095508964688197,0.6033131786388899,False
4514,0.911807320811514,-0.8226537316163544,False
4515,0.2343177746478926,-0.8229973675997093,False
4516,0.5648803326077682,1.8714836296124169,False
4517,0.7486617156826755,0.9174927946872036,True
4518,0.4236207025357378,0.8932839683934968,False
4519,0.8357644761923918,-0.7461387242785701,False
4520,-0.4238463643274904,0.4609344026940536,False
4521,1.3947686569867137,-0.381682379379195,False
4522,0.997156250521824,-1.102567265687714,False
4523,-1.2218700224765018,0.9155113096830452,False
4524,-1.2561752100274826,0.113051865158265,False
4525,0.8476400476505535,-1.043658021494705,False
4526,1.4548850437574496,-0.679362884511334,False
4527,0.2774605672420403,-0.729617403651021,False
4528,-1.3670277647173548,0.4769973892517776,False
4529,1.1735348840700552,-0.4897283365298713,False
4530,-2.074637651641396,-0.6973856685826422,False
4531,-1.2214516167968286,-0.7516502411639611,False
4532,0.1259846103557501,1.5422274249033077,False
4533,0.0819108577561272,0.1090291917834786,False
4534,-0.9647678674926128,0.6830662834357208,False
4536,-1.027177181190811,0.2628981360570597,False
4537,-1.0873870546254187,-0.1315818831793106,False
4538,-0.0209542956051927,-0.7715937741892236,False
4539,-0.4356798174103287,1.0685305085295722,False
4540,0.6955856852135219,-0.4806630312410973,False
4541,-0.9573358283511588,0.8602713619386122,False
4542,0.6541756564207434,-0.6990455645780063,False
4543,-0.4665281588594018,-0.1230411040267297,False
4544,-0.6143002701731889,-0.2434644928596162,False
4545,-2.1577011226108325,-1.0244291121043552,False
4546,-0.4485166974480594,1.097105151115879,False
4547,-0.2284376186626319,1.2877308547897868,False
4548,-1.184596029350613,-0.5454265863609502,False
4549,0.9779067379287972,-0.7453516518303294,False
4550,-0.9950449718628882,0.9378134494011494,False
4551,2.3746618864221705,-1.3599598489572815,False
4552,-0.1066561916821387,-0.3272613832837105,False
4553,0.1598135213586171,1.1460876927079289,False
4554,0.5206082944798128,0.4876761413174793,False
4555,0.256678596114322,-0.712510344843846,False
4556,0.1640775103883333,0.6453468795216368,False
4557,-0.4543422708621032,0.1294096933098324,False
4558,2.2842381717987883,-1.096679740654772,False
4559,0.0971772614375638,-0.4570400388290279,False
4560,-0.7522742503919657,0.8076451920158477,False
4561,-1.20806784731012,-1.0236482086242575,False
4562,1.84835835343475,-0.9022587663533352,False
4563,0.5811378924600225,-0.4216351338341981,False
4564,0.8221347304734484,-1.250573176806067,False
4565,-1.5113242402344096,0.3055522402792356,False
4566,0.5204592953784671,-0.5110852757775675,False
4567,-0.7457463063087483,-0.940012036633662,False
4568,-1.806557055995258,-0.3025283338331566,False
4569,1.2950407774657458,2.293135191174287,True
4570,1.321830043224443,-0.7308841086476855,False
4571,-1.0791793202878726,1.017917284020757,False
4572,-0.946255496063631,0.9715185498140432,False
4573,-0.9678621566027068,-0.6518467530330387,False
4574,-1.52212672392099,0.0993003695844071,False
4575,1.2094573798502974,0.8198050449712071,True
4576,0.5086385057430023,-0.7748337558591918,False
4578,-0.7198059301511581,-0.4687986235137997,False
4579,-0.2856559246630664,0.6578535166876941,False
4580,-0.2173661893653171,-0.5203814081996876,False
4581,-1.0585262345442994,0.0074344974668289,False
4582,0.5520632547895674,0.2624199159052966,False
4583,-0.247484042126749,1.0856412230440542,False
4584,0.6117908091043288,-0.3603072167783337,False
4585,-1.340833579355875,-0.9465718496009708,False
4586,-0.0854211419684107,-0.622869883439112,False
4587,0.6760304173254292,0.5255423248015126,False
4588,1.5652844956540672,0.8112174877090317,True
4589,0.4513871254339284,1.272737276226587,False
4590,0.2809243857246252,0.6557898570805453,False
4591,0.3841147487180946,0.5666166527006009,False
4592,0.6407989448992993,-0.421190852932604,False
4593,0.0919936140334301,-1.6393593411329626,False
4594,-0.1144406187432465,0.7816786788084805,False
4595,2.475683091297584,-0.851727449817472,False
4596,0.8241852882661111,-0.9446856663183758,False
4597,-0.7255904720837092,0.8282767452664642,False
4598,-1.180112587472347,-0.2179535077858798,False
4599,1.3658911171404498,-1.4365515301224945,False
4600,2.184467647546252,-0.3623276939747271,False
4601,0.7405720706741339,-0.469684553253036,False
4602,-1.3245460460753016,1.3995301184502908,False
4603,0.6028812461130032,-1.0714016162936264,False
4604,-0.5843170259678,-0.8460017256243269,False
4605,-0.0341038852325307,-1.2115391830073994,False
4606,1.4601873511532328,1.6828285593690522,True
4607,0.6010036005571873,0.949696229782478,True
4608,-1.1167958063963113,0.5553059854417358,False
4609,-0.5686893264425733,0.2645627918086495,False
4610,-0.4033668674959019,-0.8438387563882543,False
4611,-1.5098274166012051,0.7709882080051018,False
4612,-0.1776157252285421,-0.5895920030667805,False
4613,0.4996090620243921,-0.8440505955426462,False
4614,-1.3073062525619388,0.6434664709027245,False
4615,-0.2451595137170261,0.76390340145464,False
4616,0.6593636042297066,-0.6659244878438451,False
4617,0.4210853447658019,-0.1188084374713634,False
4618,-0.6991591947328889,0.428121253750488,False
4619,-0.7750797937317968,0.5860308730815116,False
4620,-0.2230710628839389,1.023387351612906,False
4621,-0.4296118090530814,0.0098667431851867,False
4622,-0.5380665005429149,0.7941471612769753,False
4623,1.579138954297125,-0.7370237288627229,False
4624,-1.000568485708929,0.9922487698877293,False
4625,1.898466423583268,-0.954805341150982,False
4626,-0.2003432663126654,-1.0491410732875337,False
4627,0.379609464105836,0.6673204492278055,False
4628,0.9713189655787224,1.2630953460649992,True
4629,-0.5378785744161566,0.6700347024023331,False
4630,1.2104876680593526,-0.659712370009466,False
4631,-0.5621186949798817,0.0087924328538239,False
4632,1.567876964602774,-0.1822439138263358,False
4633,-0.5277119999335508,-1.0540227987356738,False
4634,-0.1090678253388387,-0.1121431317232913,False
4635,0.1000863985799273,1.0103067397514192,False
4636,0.9901061914167474,-0.8238917748324751,False
4637,2.182821628162873,-0.423899049156867,False
4638,0.909477593994448,-0.9523246556416272,False
4639,-1.777486307266413,0.966655157478778,False
4640,-0.0418939850569629,-1.9863241255749933,False
4641,-0.7821679915216863,0.8431090523456383,False
4642,-1.8305582600467656,-0.3862546423561915,False
4643,0.9284429737257897,1.8540140430465823,True
4644,1.602475363468608,-0.3890264847282315,False
4645,-0.9158851425025634,0.7478711603126711,False
4646,-0.4392205057780307,0.5152206324097257,False
4647,-0.5324449566120592,-1.4398223753333592,False
4648,-1.3599603604468995,0.6892469011796204,False
4649,-0.696198418045743,-1.3357671043899102,False
4650,0.0124427848798611,-0.7699341068091013,False
4652,-0.1865047355399407,-0.3665899783953965,False
4653,0.0388079547427381,1.4423324627874423,False
4654,-0.7027720383861207,-0.3721932723469935,False
4655,0.0393321345173424,-0.8864813096603384,False
4656,-0.4968965161024676,0.2453585599645775,False
4657,-0.25774577090584,1.619186948500551,False
4658,0.0776957390229418,1.3561607398706104,False
4659,-0.1530973691881952,0.1729365335882328,False
4660,1.4655345709258274,-0.7731198629184002,False
4661,-0.9142229834363677,0.6505254571348573,False
4662,1.1837694908346397,-0.861953295946992,False
4663,1.4335976755604067,1.2435066241996413,True
4664,0.0485054498353426,1.758731990781078,False
4665,0.7124519594678141,1.5473710500466475,True
4666,1.425646789373737,-0.3495855400740076,False
4667,-0.0667031155476333,0.4422540315517577,False
4668,0.2235172263690641,0.6088888849295082,False
4669,1.5824148179778237,-0.2900947035303218,False
4670,0.5805748995914954,0.9100888756093608,False
4671,-0.8816072623105579,0.0029661535711323,False
4672,0.2030604490844242,-0.7224082832751693,False
4673,1.1272133846465302,-0.5961774058082898,False
4674,1.852888700186408,0.0574925871785489,False
4675,1.0449380454333173,-0.703708692952493,False
4676,-1.7667951032086824,1.0510782071907805,False
4677,0.6043569267384389,2.249941198628325,True
4678,-0.1145191698502999,-1.0802060592631195,False
4679,-1.3328338349318527,-0.2507058067694394,False
4680,0.8614413885466862,1.7192593390008335,True
4681,1.494593428793544,1.299035381251806,True
4682,-0.2171378260036399,0.8352722849121001,False
4683,-0.9483912997941462,1.265390825401943,False
4684,-0.2034969666265528,-0.6007074214096169,False
4685,-1.4735615675409426,-0.8737976901290903,False
4686,0.2952230294704793,-0.5114468951532264,False
4687,0.4905840649813744,-0.5187931865751206,False
4688,-1.396082121074052,0.7719489456182828,False
4689,-0.339404966406881,0.9990456614495412,False
4690,-0.4214141663829987,-0.0811075847327755,False
4691,-0.6621403468671946,-0.5983286514156883,False
4692,-1.6985251011707678,-0.4350141343424502,False
4693,-1.9816892291828945,-1.8726635561127696,False
4694,0.3247406793597616,-1.2675688507497334,False
4695,-0.3330443974984192,-0.7825705747908942,False
4697,0.6574974783826703,-1.1445179974668367,False
4698,0.8807828100046261,0.358111708593174,False
4699,1.709065251532098,-0.5673378509984737,False
4700,-0.0091680319051885,1.2134953259569297,False
4701,0.6590164902037529,0.8501635052186636,True
4702,0.6064674451843081,1.749254132159745,True
4703,1.0609011180898391,1.5364398925486324,True
4704,1.0088146849791957,1.952904897406465,True
4705,-0.0998353056882418,0.954392524134016,False
4706,2.0839728815415426,0.2264625599120607,False
4707,1.271026774481821,-0.877959303994639,False
4708,0.04503051174498,0.8426528535937858,False
4709,-0.1041761636641595,-0.6876565464925987,False
4710,1.0294348085908698,-0.4307095570429466,False
4711,1.9319499686956547,-1.3646434233353426,False
4712,0.6742896721250242,-0.7933666801914725,False
4713,-1.7403233092836046,1.376186709966321,False
4714,1.799923746616138,0.1409090071353129,False
4715,-1.480672627036768,-0.3107295027567235,False
4716,-0.6551591734340751,0.7047227275958947,False
4717,-0.3969674724785919,1.0134400437579905,False
4718,1.6108677742985658,0.7541571212261483,True
4719,-0.7917452123131952,0.4160322770676953,False
4720,-0.8253021922950627,1.4391346466337105,False
4721,-0.8850548108369337,-0.5077191800894589,False
4722,-1.4851203087203635,0.7339579951053601,False
4723,-0.1151677951136551,-0.0305209102882045,False
4724,0.5524110030063413,-0.9291601419927464,False
4725,-0.7409675587830312,0.4015190548232956,False
4726,-1.004959457379911,-0.7867957112884848,False
4727,0.3167931522721025,-0.6870272846301612,False
4728,-0.4744377080822929,-0.4655719573561963,False
4729,-0.4025548688115559,0.4673630492292077,False
4730,0.4343654175339033,0.3961138537990728,False
4731,0.1211640510053108,1.2501108287356923,False
4732,-0.0392322284232707,-0.2167614948860983,False
4733,-0.1849928094387423,0.1035462815117287,False
4734,0.7808215276715722,-0.8450806446127582,False
4735,0.1987820090825513,0.6963271874281787,False
4736,1.5031428949406391,-0.6908637570316156,False
4737,0.5304045779340547,0.1411803056695905,False
4738,-0.1867570931154288,0.8673795368205538,False
4739,0.5225452545997996,-1.4918034569494325,False
4740,1.1643129715022782,1.1025211456998252,True
4741,-0.5362754032559626,0.6725927909215703,False
4742,2.375376984790675,-0.247371499193812,False
4743,1.4775543469583334,-0.6170746257411613,False
4744,-0.2343412296593601,-0.2615905379788004,False
4745,-0.1244009558436222,0.6130034002763652,False
4746,1.0982618019281454,-0.7151325007304491,False
4747,2.2750209095560257,-0.2193106663779587,False
4748,0.0483972999818082,-0.6031096087868919,False
4749,-1.850379821642598,0.6482924903162706,False
4750,0.2428496963981002,1.616548627919281,False
4751,-0.9994658526918224,-0.2405243100643488,False
4752,-0.4262986903906559,0.6955377410141,False
4753,1.829924191649208,1.636360256103787,True
4754,1.5692090824065232,0.7470469608047848,True
4755,-1.2498304211158555,0.2589359506194648,False
4756,-1.4438293464501095,0.7001520722094818,False
4757,-0.7894629126644901,-1.007660000702031,False
4758,-1.1523016898345393,-0.1666446911233157,False
4759,-0.0375904180241124,-0.7940592221827211,False
4760,-1.218416597774084,0.0828030332917377,False
4761,0.2928746967287274,-0.6093927947333755,False
4762,-0.5220140334863784,-0.5126605236783079,False
4763,0.2083639460590274,1.1663499358650895,False
4764,0.6567517051106557,-0.7390935660049167,False
4765,-0.6739887086227684,0.9264632953017576,False
4766,-0.3435217094988008,0.3033762839443014,False
4767,-0.6227813143564008,-1.316575261305705,False
4768,-0.3089895403816804,-0.844643936214897,False
4769,-0.9854520964187492,0.2349085207213451,False
4770,0.7568797805183832,-1.0846226192149433,False
4771,-0.0895186086489502,0.2174744484473705,False
4772,2.328948438988681,-0.718835539824746,False
4773,0.6214445386453076,-0.7181196775505541,False
4774,-0.1930698274262398,1.7639532044767283,False
4775,-0.5089563797090272,-0.710650440033723,False
4776,0.4947680027938153,0.5015623854805437,False
4777,-1.2272064659185942,-0.2190049486142698,False
4778,1.8005803172014674,-0.7770628232493472,False
4779,1.0996049056788118,0.8474594032491791,True
4780,0.354448287148602,-0.1511197343142319,False
4781,-0.8644390951942957,0.35660528161046,False
4782,2.0228970861799587,-0.5242558345434845,False
4783,1.9835286398314167,1.2892197171796769,True
4784,0.5400400634082008,-0.940323486118256,False
4785,-1.994373336860227,0.6793977980096526,False
4786,-0.4485356386636968,-1.411961041032238,False
4787,0.5695221903528676,-0.4596256511058284,False
4788,-0.4990709757126225,0.6893285145193642,False
4789,1.171888872033903,1.4234648324999903,True
4790,0.955757145676358,-0.064665842577251,False
4791,-0.5153042064472527,0.1763880466140624,False
4792,-1.2706968959908702,0.5998949583074665,False
4793,-0.1162373389635531,0.6459788044503343,False
4795,0.1743356587089534,0.2194840063206777,False
4796,-1.1920842190995826,0.1996083108593297,False
4797,0.2918569004528081,-0.9950969439859636,False
4799,0.4340542832499954,0.7405253437572334,False
4800,-0.6528758501651285,-0.4052219952657397,False
4801,-1.5836314476534543,-1.1049394382534878,False
4802,-0.8106110224191649,-0.7068291280444764,False
4803,0.1445648532251012,1.211945765756504,False
4804,-0.1944178012654848,-0.6497523064826423,False
4805,-0.9350265982380468,0.3077487179973803,False
4806,1.010624130031054,-0.7812575704671358,False
4807,-0.4488514926273434,0.1536931151987856,False
4808,0.9815942368510274,-1.4866361756565425,False
4809,0.4226140771982576,-1.2056536180206463,False
4810,-1.2953076521615716,1.5131230315058342,False
4811,0.0687334102973215,1.659661010753652,False
4812,0.3898904697628738,1.3053315321552754,False
4813,-1.078271799581083,-0.4177212291110199,False
4814,1.4582474613457777,-0.2594379711429313,False
4815,0.2039199646534847,-0.5431166991474927,False
4816,-0.5013465503967919,-0.6624338177153772,False
4817,-0.0356939432447716,0.7280796327517646,False
4818,0.7719241242470146,0.7593198024360241,True
4819,1.7939068723213851,-0.3623040661158754,False
4820,1.2362516767090823,-0.486312639005245,False
4821,-1.1893221132710403,1.3512050917667813,False
4822,0.7496975088733443,-1.0483026809334222,False
4823,-1.6925292899826718,-0.612634976822871,False
4824,-0.0100619746765892,-0.8013455392232732,False
4825,-0.1696718765013853,0.7456848900080195,False
4826,0.0768700067101272,-0.3957447613871218,False
4827,-1.0321828474046335,-0.1916913986979065,False
4828,-1.398790518698432,1.3777352296685277,False
4829,-0.1862684636792203,0.4816592015997675,False
4832,-1.0936927669075809,0.585650942987479,False
4833,-1.9634250461174192,-0.2345272645246921,False
4834,0.7678997309978547,-0.6018082151673694,False
4835,-0.5234387410466257,0.3941275422252758,False
4836,-0.744175517790931,-0.633757094927237,False
4837,-1.930632798044993,-1.26853355940767,False
4838,0.3001446270141375,-0.7713132063111917,False
4839,-0.3237854151019184,-0.8381055210434105,False
4841,0.9026371329607208,-0.3416461341675736,False
4842,-1.161782155686235,1.7218436657179228,False
4843,1.3156576297022606,-0.8536491540549502,False
4844,0.4152218968563129,1.4768808124790604,False
4845,-0.2989913003647926,0.1877545426740112,False
4846,-0.0432323851152666,0.8984158614148782,False
4847,0.0287582757060212,1.610942846386807,False
4848,1.4332458903770344,-0.1774716116968486,False
4849,0.9357676882882322,-0.413655572328071,False
4850,-0.0520534832014968,-0.9237410206224902,False
4851,-0.7751762041434955,0.7972942729844186,False
4852,1.307976114084713,-1.4778423735403954,False
4853,0.8005511260956995,-0.9746174476819724,False
4854,-1.595158522904561,0.7486587503141638,False
4855,-0.389987576493847,-1.3559310264736355,False
4856,-0.4690757180486933,1.1784391006354178,False
4857,-0.8509848322396923,0.3904177452725975,False
4858,0.1434600575526892,0.3059880456057397,False
4859,-0.3693824495154588,-0.1740921692688394,False
4860,-1.442352559495508,0.3792516368345437,False
4861,-0.145247024327883,0.6558972848306678,False
4862,0.1666834877520127,0.0034379721935691,False
4863,-1.478087749071416,0.7093923197182533,False
4864,0.6379009258235224,1.8341969043039936,True
4865,0.4494323912419899,0.552753117776766,False
4866,-1.2662162000420332,-0.8264462640456389,False
4867,1.1032953427329866,0.4893194255528809,False
4868,-0.2250017657813905,-1.1342254547410322,False
4869,-1.1487040102507202,-0.4531641868099462,False
4870,-1.6100589648479913,-2.003491267360922,False
4871,-1.574459699603281,-0.8020515600403385,False
4872,0.5526088469687511,1.1429723867754913,False
4873,-0.9811888140853428,1.0037272898155176,False
4874,0.2708113864338841,-0.4997991739233092,False
4875,-0.654238702357167,1.1896353836882765,False
4876,1.019006456728035,-0.7549381856678672,False
4877,0.2103427195054784,-0.5561229450823932,False
4878,0.4778915883870814,0.5310480804411333,False
4879,1.806145705698192,-0.2748220616617093,False
4880,-0.4186480712938226,-0.8633504682956062,False
4881,1.486586911182483,-0.4949764431277798,False
4882,0.1801776707272456,-0.7640613585226844,False
4883,-1.2433498623773398,-0.2776505337199034,False
4884,0.2149014688665754,0.6782397348693859,False
4885,1.1369868480648997,-1.0007226652598984,False
4886,0.3122375297796205,-1.1585460560180396,False
4887,-2.0275067524857646,0.5172875437005802,False
4888,0.2146630961087215,-0.820470377038973,False
4889,0.191532572677147,1.152722348830402,False
4890,-0.4799207832395401,-0.7764404797889589,False
4892,-0.0507644340393761,0.6819117308603272,False
4893,-1.4889169672419542,-0.0240373829976378,False
4894,-1.578408813069524,0.6854851995964105,False
4895,0.2673834798603528,0.5531480269039933,False
4896,-1.6747928760118675,-0.0704052383869555,False
4897,0.3053620617736708,-0.0065779665151554,False
4898,-0.6710591949225128,0.9070565943878832,False
4899,-0.8438825086935104,0.9380555609300842,False
4900,0.5089873313455505,0.7964692709311028,False
4901,0.5574531605898071,-0.6509805973242874,False
4902,-0.6089537102236031,0.54777010288892,False
4903,-1.1954275475666882,-0.562919438057344,False
4905,1.0648317835347454,-0.5410531120196513,False
4906,-0.7418832785352537,-0.5129912266101688,False
4907,1.6406477561986343,-0.6576909750422388,False
4908,-0.8209585916793486,1.257226305703966,False
4909,2.279841578957621,-1.198386765480021,False
4910,0.5184460039350131,1.2858615690986497,False
4911,0.2084785532481899,0.3425304434008441,False
4912,-0.2285190541234695,0.8478365500330562,False
4913,0.3707780518928043,0.949333304264706,False
4914,1.1551409337289091,-0.5389161171754,False
4915,1.0924273421808677,-0.3039314090036635,False
4916,0.3407692446230291,0.6253282370851858,False
4917,0.1952591084208343,0.5817536344923135,False
4918,1.982613002410448,-0.2359672492281699,False
4919,1.0729369513986886,-0.6488369130571119,False
4920,-1.2306860531688717,1.1572499752032863,False
4921,0.9066002334927422,-1.158402719852652,False
4922,-1.0256807721016326,-1.0256250132801614,False
4923,-1.1941855620912978,-1.253989072619153,False
4924,-0.149597910475702,-0.0721954935309728,False
4925,-0.3044094754497245,0.6342436042055348,False
4926,-1.671373029596529,0.501838757748149,False
4927,0.2709199066570739,0.6223556038046418,False
4929,0.0883697783579299,-1.2426532276216935,False
4930,-0.9395795280195908,0.6224556101258,False
4931,-0.8614434057843852,-0.3906276857928295,False
4932,0.1220770658727497,0.715277455350219,False
4933,-0.4721831402759684,-0.6868953243758038,False
4934,-1.4084565731430212,-1.60172142570837,False
4935,-0.7063785611771295,0.4892077577964899,False
4936,-0.9474792457562304,0.8698712273685365,False
4937,-0.0210065091122428,-1.140068143116041,False
4938,-0.1846070104430054,0.6336234580622515,False
4939,-0.5392297036939425,-0.8673407232157594,False
4940,-0.8597233515699126,0.5222096386232056,False
4941,2.6416072639350223,-1.05113617594502,False
4942,0.8877052833276559,1.837504380823704,True
4943,0.7715512782693023,0.8183788720329026,True
4944,0.1086397094001065,0.681833270945363,False
4945,0.281393783430364,-1.0465292642446395,False
4946,1.7050730473878015,-1.0338717770707029,False
4947,0.996740569549933,-1.111878932110588,False
4948,-0.7845049207137766,0.8953233784192027,False
4949,-0.862535737360337,0.6061408723364191,False
4950,1.79865857552449,-0.4572020363882916,False
4951,0.8012165176882066,-1.1445381361474332,False
4952,-0.8630681026689031,-0.1074510778349717,False
4953,-0.0563907266638449,0.1275319909375298,False
4954,-1.5176728477487678,-0.6969078287625549,False
4955,-0.0719115365804116,-0.7878688752308342,False
4956,0.5308976436935641,-0.7397335799754368,False
4957,-0.80636994521939,0.0202193695026237,False
4958,-1.3787504512707016,0.9622226996284816,False
4959,0.6708023554780809,0.4508537319834629,False
4960,-1.63730702810922,0.4376816447401861,False
4961,0.1456991118870062,-0.8514774357759404,False
4962,-0.7058974929829395,0.5261440544876229,False
4963,-1.420875514702875,-0.8330683873792295,False
4964,-0.0698744295342352,0.3002235292161591,False
4965,-0.0813398712810316,-0.1206235148661764,False
4966,-0.5293192607622951,0.0700865697786672,False
4967,-0.7439987012384188,-0.6481136596897894,False
4968,0.66082399214032,0.4327109290430816,False
4969,0.4166784898617439,0.9004286517166317,False
4970,-1.3209982499139423,-0.7117556499836467,False
4971,1.045111536454315,-1.3007174827547907,False
4972,-0.4452575304893085,1.5529759320883627,False
4973,0.6249130791041654,1.6027672890580142,True
4974,2.4548909842838453,-1.1458979749338942,False
4975,0.2524774246336445,0.3211391490892775,False
4976,0.1780986266073457,0.999513073306348,False
4977,1.8290792306278203,-0.1308576632445093,False
4978,0.731502540760653,-0.8758865554099861,False
4979,-0.446858362074738,-0.0924498583772961,False
4980,-0.6423725167243913,0.6068329698567707,False
4981,2.099591689673373,-0.5120303616988511,False
4982,1.0277839030336982,1.3168882911693591,True
4983,-1.922132009223948,0.4182828662403044,False
4984,-0.1515898211474273,-0.7230193987850787,False
4985,-0.6138056256484495,0.6470931740659251,False
4986,-0.5894222552582421,-0.5161066075384917,False
4987,1.344581626670185,1.6086594783777772,True
4988,-1.26283583908515,0.1893231799488953,False
4989,-0.6083286577383249,0.62447717947117,False
4990,0.5131696525472755,0.9955713812162722,False
4991,-1.5709840614784538,0.5080982875636904,False
4992,0.4661900358873322,-1.0038617478212877,False
4993,-0.2652211248121415,0.1490396955968586,False
4994,-0.6787870223325058,-0.4125774978213117,False
4995,0.169786023439396,0.593496725832111,False
4996,-0.8897089720083591,-0.6286063083568478,False
4997,-0.4666826783711205,-0.405553796325926,False
4998,-0.8026198574926818,-1.1216496057749468,False
4999,-0.5906342260376409,0.4339899717804822,False
5000,0.5309477333007855,0.3617228549518646,False
5001,-0.9022594854369828,-1.178786739232824,False
5002,-0.1348185744967381,-0.6125304149042311,False
5003,-0.2740156177604603,-0.6366471907826283,False
5004,-0.148408148452527,0.0128680232118876,False
5005,1.404468345590565,-0.8777370305582184,False
5006,-0.9092784858436854,1.439771372863392,False
5007,-0.7574956731002764,-0.6603383576624546,False
5008,1.505965051552708,-0.0170352840306502,False
5009,0.9270523066400184,-1.0248533965423277,False
5010,-0.9414194721395976,-0.3649948076331187,False
5011,-0.0142818125045979,0.7947267267290418,False
5012,1.8408767885159203,-1.1697700185938968,False
5013,0.9816197285082204,1.5129764816417457,True
5014,-1.7638486166873248,0.4883038849465546,False
5015,-0.1336018391878388,-1.4495521439515553,False
5016,-0.7180991358114461,0.7828867620085367,False
5017,-1.4102143213198317,-0.6905517730259879,False
5018,-0.3182951882186046,-1.418141210275364,False
5019,-0.9547230863106672,1.4836453370404032,False
5020,-1.3445075428638595,0.598252749907612,False
5021,0.2323802732036826,-0.6165154123979222,False
5022,-1.421682922009938,0.4972539570337609,False
5023,0.6837801848012612,-1.2924451771208956,False
5024,-0.7280024551277515,0.9993316229806865,False
5025,-0.211682892562934,-0.8865896582797299,False
5026,0.3696394579293635,0.2328317199492519,False
5027,-0.4065926153506924,-0.4261794502824637,False
5028,-0.8015047628571222,-0.4887483821130307,False
5029,0.1302559747443857,-1.1726429918847845,False
5030,0.0308027726393583,1.070079881113556,False
5031,0.7932082414042276,-0.6070088530177342,False
5033,-0.0145658059304198,-0.6616824342565446,False
5034,-0.9699531157015596,-0.3956124384454462,False
5035,0.966734702547679,0.3310848961639586,False
5036,1.240533235224517,-1.3387153238143468,False
5037,0.2365477912891192,1.662143487708356,False
5038,0.1735032378579298,0.2925662308891857,False
5039,1.3779221383106206,-0.2982626712722636,False
5040,1.368166851197625,-1.2637961357646537,False
5041,-0.7140049279103672,-1.1276848672052644,False
5042,-0.2914297090839722,0.4871802637414231,False
5043,2.1397628246002536,-0.5857698408525789,False
5044,0.5541850211088513,1.403392961193363,False
5045,-1.671983455894972,0.1062957674146065,False
5046,0.2860866987164228,-0.2530646637818126,False
5047,-1.3186798915872946,-0.547665041232948,False
5048,-0.4474267671608554,-0.5576307347913333,False
5049,1.126143590669465,1.8142489291586168,True
5051,-1.81872547237363,0.5520606196751284,False
5052,-0.1428266163190139,-0.3449654770548785,False
5053,-1.2881823804927242,0.1153301823715616,False
5054,-0.2308019181432812,0.915792021215129,False
5055,-1.0791052274690098,0.1756224962781535,False
5056,-0.5744403673996373,0.5751190491108797,False
5057,0.4888451835847983,0.9439871379219624,False
5058,-0.5819746516107847,-0.4183951046220219,False
5059,0.5256038694180456,0.4597397633259458,False
5060,-2.305227444365542,-1.1735487855446214,False
5061,-0.0302446338809521,-0.5640113535626219,False
5062,0.2335688655693996,-0.5353828697689993,False
5063,-1.5993494707711624,-0.4449926410291219,False
5064,0.1979700249979812,-1.0804649612240742,False
5065,0.0006091331220245,-1.374917980362903,False
5066,0.7574955526710777,1.6105621156280394,True
5067,1.205917163170156,-0.9770318032920172,False
5068,-0.4596260104117062,1.0445146090279285,False
5069,0.5351020124769416,0.5422830858274312,False
5070,2.5223995802142003,-0.4220272757701966,False
5071,1.7647168103313713,-0.6138289070955337,False
5072,-1.3815685927553485,0.6433243440851052,False
5073,-1.0839029274405558,0.7625314049817203,False
5074,1.8004934956260068,0.0426991120638662,False
5075,0.7033027095683083,1.1701461835735285,True
5076,-1.826883782903952,-0.1089223949609509,False
5077,0.821919117796965,1.3987172455919672,True
5078,-0.745620779678553,0.9289956202660794,False
5079,-1.2944255721721345,-0.7677630787456694,False
5080,1.6867696214223622,-0.3084947346968556,False
5082,-1.2922612722786262,0.5233557785119456,False
5083,-0.4206871744717965,0.9102009900546288,False
5084,-1.1748064032314771,0.6424477811365181,False
5085,0.3034694967825446,-1.130980881702106,False
5086,-1.0344235035705227,1.0218687633983912,False
5087,-0.0697072407101954,0.69565073265819,False
5088,0.3213856674971113,-0.0627589389570885,False
5089,-0.5290943638529061,0.9149170505035766,False
5090,-0.3228165435176897,-0.4889035438211553,False
5091,-0.2684986046006961,0.2823890351907945,False
5092,-0.1003215658535856,0.7902774937285744,False
5093,0.5753147832511601,0.6430649733705707,False
5095,-0.3188383372396188,-0.401526444528882,False
5096,-0.3358388115497174,0.5709911433971371,False
5097,0.8284742431212008,-0.1120602637380537,False
5098,2.3751040308605917,-1.36342618679676,False
5099,0.132184730771401,0.3206178261788124,False
5100,-0.0031269794334426,1.5940589612690927,False
5101,1.8036497650603247,-0.2717598363446707,False
5102,0.2246321658101966,-0.5802089676051899,False
5103,-1.3643327640434169,1.1398424665392752,False
5104,-0.7348394519468132,0.5511618685698044,False
5105,1.842858775500196,0.0881476653341524,False
5106,0.379335907573073,-0.7845898245525161,False
5107,-1.724174824755344,0.5468606398964039,False
5108,0.9961904081040592,-0.4313680329952452,False
5109,-0.0950587059945006,1.242104094231834,False
5110,0.4881083749065249,0.2769267857410717,False
5111,-0.1060845311235511,0.4286857963739003,False
5112,-1.2146592936585427,0.6436880363672302,False
5113,-0.4406654119683614,-0.0372524802789557,False
5114,-0.4657080083774361,0.4663225941064188,False
5115,0.041582429975384,-0.978443582934315,False
5116,-1.1224474309246657,0.7201488735434057,False
5117,-1.3602069942897694,-0.654467047935889,False
5118,-0.6713090198217829,-0.9754780126877532,False
5119,-0.2678899556651595,-0.5573672532186649,False
5120,-0.9139787965278516,0.1527915252921323,False
5121,0.0519967277247717,0.3238569780831057,False
5122,-0.159859874528646,-0.8734277855024357,False
5123,0.9015950761376302,-0.964937945720582,False
5124,-0.798905698084784,-1.60646127381881,False
5125,0.9170779651341328,-0.6077311167492935,False
5126,-0.082293369223091,0.4033599512579354,False
5127,0.682729480982175,1.4179386902778357,True
5128,1.3699056496007076,-1.4832365403577694,False
5129,-0.3979804297270163,0.2649066181909347,False
5130,-1.011015425534453,-1.3229928861468658,False
5131,2.549184032435573,-0.3294675586618691,False
5132,1.0867251547502623,-0.1698083314745679,False
5133,-0.4142393277795676,-1.059018466718059,False
5134,-0.8779238820186778,0.6794064983560012,False
5135,1.8120970603153848,0.1814844575488214,False
5136,0.6954201862515644,0.7996184697363042,True
5137,-1.6519275412623058,0.5863288170307511,False
5138,-0.4984615165399761,-1.8200006339265336,False
5139,-0.6732090182558573,0.8095554985468482,False
5140,0.8473492298322216,0.4570353466562175,False
5141,-1.0433603912842286,0.071975156911525,False
5142,-1.7005865029165266,0.4479433635208101,False
5143,0.4061424791730637,0.9709295823979964,False
5144,-0.451254967422186,0.6986354124590572,False
5145,-0.0541036843958233,0.5751697673526266,False
5147,-0.438487279762185,1.645935330309345,False
5148,1.5430662021315396,0.5329226903136746,False
5149,-0.6581571144034932,-0.5588513958062533,False
5150,-0.8822586100682682,-0.3064542008461115,False
5151,-0.5587098379704666,-0.9810907282193242,False
5152,0.5723048131167123,-0.8345581405941768,False
5153,0.6482876043696253,-0.670774484929639,False
5154,-1.92207629873216,-0.5009640688362782,False
5155,1.7647175342027748,-0.2257344682173665,False
5156,-0.9554761218201578,-0.9239879582571868,False
5157,0.3147007200512579,-1.0457019532755605,False
5158,2.1740763430722705,-1.185609266622821,False
5159,0.1967190572124993,1.4603652213764788,False
5160,1.4835166752817963,-0.5204482828286818,False
5161,1.5310458540324867,1.1101901903882327,True
5162,-0.5148783080612993,1.2920918083082418,False
5163,0.2517395091506975,1.144223081279958,False
5164,1.982993403520111,-0.4306602745145391,False
5165,1.5362921513312415,-0.4876917959716076,False
5166,-1.808546700754396,0.4944995068218306,False
5167,0.1864500965600594,0.7939917425490248,False
5168,-1.138218670051644,-0.7719158887585027,False
5169,0.4843854484663327,0.1511091024936995,False
5171,-1.6401405587247604,0.737416077365657,False
5172,0.1135208403856821,0.8916430203608491,False
5173,-1.5092494288888567,0.8632585417628281,False
5174,1.286489682214278,-1.1720235740421023,False
5176,-0.668597681254492,-0.232086672247833,False
5177,0.7375560550218039,0.7531280987453651,True
5178,-0.705769162517601,-0.2304761925006351,False
5179,-0.0447988550995139,0.8939570686529383,False
5180,-2.1983820691690137,-0.5743119102986045,False
5181,0.9727095315159624,-0.854967794328238,False
5182,0.6400165293159593,0.9162799845828165,True
5183,-1.0820507703669706,0.4957789698191731,False
5184,2.155091352487565,1.349742963361196,True
5185,-0.4765009154295008,0.5003179378990626,False
5186,0.2530569422196441,-0.2270760595882003,False
5187,1.565822703594851,-1.061225927782026,False
5188,-0.0041918931579452,0.5031858092949416,False
5189,1.6841933717735391,-0.3195654194076818,False
5190,0.8167358198837961,-0.8248696868651774,False
5191,-0.8476751731804523,-0.4534055745552038,False
5192,-0.4615282341418911,0.8121621208062791,False
5193,2.2964395005795564,-0.6561892733675041,False
5194,2.138532957972055,-0.450064592239511,False
5195,-1.4046527398816215,1.2764083511522903,False
5196,-0.3330724564855219,1.1592386864083255,False
5197,-0.0895667795527404,-0.8040939140334067,False
5198,0.6650419099304261,0.4238138735688332,False
5199,-1.306854608260916,1.2761732070763216,False
5200,-1.6601360231456597,0.7358612603318444,False
5201,0.8047440079724577,-1.1242076716272584,False
5202,-1.0324225767666249,1.1082678450961243,False
5203,-0.0787166913738455,1.0221693496309634,False
5204,-1.5152955916327613,0.6320560175720024,False
5205,-1.144194949743075,-0.7322128941973658,False
5206,-0.147588409307013,0.8121814132937765,False
5207,-0.1831943224776636,-0.4998523526183818,False
5208,-1.0417804127261567,-0.6499170553860545,False
5209,-1.0766203566110546,0.1493634867931506,False
5210,0.3555637950357951,-0.3869689423915943,False
5211,0.5304161506177841,1.0222200095742942,False
5212,-1.8873373385353835,-0.4592390107594638,False
5213,2.075634829089736,-0.5780688352153438,False
5214,-0.477571531743878,0.634592118208273,False
5215,0.8975170884274882,-0.5108521391463499,False
5216,2.587049099688642,-0.7363521779577873,False
5217,0.5021573729501666,0.6301572751320889,False
5218,2.275479798777936,-0.208971885056181,False
5219,-0.5418059606016248,-0.4679559269351962,False
5220,-0.1925063494554612,0.9171096695107908,False
5221,1.9309190826432072,-0.327853688398519,False
5222,1.4676916258326975,-1.0844336290144718,False
5223,-1.785720164857716,0.8011078102533726,False
5224,-1.4844292365183307,-0.4753596555554956,False
5225,-0.0096164343072836,-1.7722762293965733,False
5226,0.0798378662556947,0.6274186625887588,False
5228,-1.225401314491367,0.7751879034261746,False
5229,0.396512851124482,-0.8301059424125181,False
5230,-1.5137877835696338,0.2122012921688469,False
5231,-0.12537738327359,-0.5215337511735905,False
5232,-1.1071297026303988,0.0051715135634186,False
5233,-0.3316672272129168,-0.7454734317731921,False
5234,-0.0368979134307098,-0.7285983775686024,False
5235,1.012960308142589,-0.6221134032169898,False
5236,0.8394768793575113,1.0431796494157837,True
5237,0.5427635277564736,0.5290680908384138,False
5238,0.3442851220973095,-0.7749732231972284,False
5239,1.5118383004275733,-0.8762578361022988,False
5240,-1.0939413667379898,0.3633751471953225,False
5241,0.7063503646567441,-0.8040249638742393,False
5242,-0.8117184811085173,0.6519557830663465,False
5243,0.7263976604125537,-0.924264261618507,False
5244,2.0057387807757343,-1.457282009983329,False
5245,-0.4327675381215544,-1.0861306920742315,False
5246,1.692219741527202,-1.068293397616521,False
5247,-0.6137014618679624,-0.6624931451401089,False
5248,-0.6593155771417949,0.9166336373011724,False
5249,2.8316237788599,-0.9168456831250756,False
5250,0.8023156230850332,-0.7738054831764409,False
5251,-1.4600460578093677,1.0503784017298885,False
5252,-1.70738916485227,-0.6344459527850662,False
5253,0.9222662825816056,0.6180502925809479,False
5254,0.1312636748633939,0.0990960470900328,False
5255,-1.5644470144060705,-0.4620410512203313,False
5256,-0.8095094905516574,0.4806676602032064,False
5257,0.335648694341875,-0.2814764662104778,False
5258,-0.8550321538784628,1.7748642109138473,False
5259,-0.4789165829982914,-0.3359250818968374,False
5260,-2.452509608150917,-1.5008975202794586,False
5261,-1.0067895276697898,-0.9359072700134043,False
5262,0.1524805422489981,0.8182361756371461,False
5263,-0.6605812318350017,-0.236434407805002,False
5264,-0.3581482377404181,0.7701649464998356,False
5265,-0.4342602043810323,1.4894965471817243,False
5266,-0.4671951731469186,0.5845948548255295,False
5267,0.5049203319677575,-0.556846382173112,False
5268,-1.4549947634083438,-0.6676723494841942,False
5269,2.039436863049827,-0.3588497042077248,False
5270,-1.098606860219152,0.5672590070929325,False
5271,-0.2679891184240652,-0.8252915999191839,False
5272,1.7034854419897112,-1.1576124366038667,False
5273,0.8348984961987431,1.1823356758953374,True
5274,1.7002839757964336,-0.4496588930042722,False
5275,-0.4870855335682355,-0.4491436510243229,False
5276,-0.5167922884494408,0.4993412711003879,False
5277,1.2423709072508589,-0.6836997387974547,False
5278,1.0490530091666714,-1.016986026525048,False
5280,-0.7566782020555292,0.9348970085358472,False
5281,0.3112714489998286,0.0746378337238485,False
5282,1.0284165697133243,0.7520869900721092,True
5283,-1.7586078303845163,-0.2506904678283701,False
5284,-1.405296848633364,0.6547450294349597,False
5285,-1.2803718436730276,0.7476921306967437,False
5286,-0.0189188968664917,0.785826646750081,False
5287,-0.7804050133735901,0.7461308151846374,False
5288,-0.4404757407890391,-0.9165254347981387,False
5289,0.0366985847221607,0.8584424042469617,False
5290,-0.1162882619473414,-0.2503469944730919,False
5291,-0.4090207007969907,0.1011414824368386,False
5292,-0.1774242614884704,0.787805691927341,False
5293,-1.2587487804126682,-0.0256373731179663,False
5294,0.8581440843622582,-0.9188914334226228,False
5295,-1.267187328208058,-0.916884932485586,False
5296,1.4505746517187696,-0.0978799448895713,False
5297,-1.1247981275225922,0.8380275466676473,False
5298,0.7984885138261533,1.9489093952745853,True
5299,1.082862217473186,-0.95683437339417,False
5300,-0.8284847512084001,-0.8487576740601019,False
5301,1.7470438800867478,-0.8845078956924872,False
5302,-0.804251913062834,0.3868689231731976,False
5303,0.1655468209727705,1.3274752351695782,False
5304,2.1998907043214,-0.4017103477651971,False
5305,-1.64614913472074,0.9753701646441512,False
5306,-0.7225112818842409,0.8644937369195691,False
5307,0.3766527570401632,-0.2870274315563675,False
5308,0.2227603908894943,-0.4777020151845652,False
5309,-1.6108293028370808,0.4320492195356313,False
5310,-1.3688497380971167,0.3388682833998484,False
5311,0.0946586283388149,-0.8104343741287761,False
5312,-0.6833346099565574,0.2765473342381076,False
5313,-1.2638405447350458,0.5496250198140273,False
5314,-0.5738182733953072,-0.6531727565995662,False
5315,0.3816151219111897,-0.5185179313626919,False
5316,-0.0231822653936013,-0.4477083319381343,False
5317,0.8187595512369449,0.5066047334433649,False
5318,-0.3555509589490404,-1.0352307791329156,False
5319,0.0449560900876605,1.4199768022811854,False
5320,0.8811611228470443,0.7423379987986304,True
5321,-0.8547423299763814,-0.5909116915435011,False
5322,0.5704554640668424,-1.2806963444435242,False
5323,-0.7714426770082821,0.294165724646443,False
5324,0.2557717102674292,0.0106713905684284,False
5325,1.9461441025533173,-1.1549114976044077,False
5326,0.1493401828687199,-0.9827083734821606,False
5327,2.516675527076887,-0.2232879172092268,False
5328,-0.2971074369573423,-0.6019877627580712,False
5329,-0.5129535794549547,0.4597479945593012,False
5330,1.7119604054295796,-0.2440527376817396,False
5331,-1.5034861080667776,1.3282254771332134,False
5332,-1.294952072798904,-0.8920408684273089,False
5333,-0.2745729167334407,0.9785454307639896,False
5334,-0.0755690450859609,0.28620482054894,False
5336,-1.7150145414065188,0.8307712178629416,False
5337,-0.0119623277848759,-0.9655960006152488,False
5338,-1.023074475597439,0.7908963565619263,False
5339,-1.2373364143476169,0.4589947453010919,False
5340,-0.9542085542079898,1.2513046511307542,False
5341,-0.0412539847116246,-0.4414291599405473,False
5342,-0.9286685767181464,-1.835703810179071,False
5343,0.4536659657229903,0.3695413723491828,False
5344,-0.8365834566202703,-0.6778723501729221,False
5345,-1.5529979898204278,-0.1507534497970117,False
5346,0.7372557662795258,0.9553715469426368,True
5347,-0.7878593425736562,1.0749740740902547,False
5348,0.7736893289147063,-0.6931459062133255,False
5349,-0.5886723798929271,0.7885942658493794,False
5350,0.0641354830546026,-0.839786490330495,False
5351,2.183864806087961,-0.5434577237002679,False
5352,-0.1007327405572725,0.435002458755675,False
5353,0.0066658619067322,0.1150468412981837,False
5354,-1.0688679511992214,0.5357400336008996,False
5355,-0.7103717629717813,0.5521305242134115,False
5356,2.735223926848199,0.1509642606356755,False
5357,-1.455463034202895,0.1621435357102082,False
5358,-0.6244139394177831,1.1255529054372857,False
5359,0.0871445469179194,-0.8347732148964353,False
5360,0.9770810284661376,1.1874800513158226,True
5362,-0.9085340457233796,0.4994069219009691,False
5363,0.2303475373888209,-0.0873479429976059,False
5364,0.2118784017919479,0.3452039774966297,False
5365,-1.3505705968750477,0.5661848380806217,False
5366,-0.2070073288084826,1.5194018819150907,False
5367,0.0014254717225442,-0.4470198559542545,False
5368,-0.8155203796428165,-0.5024793973515593,False
5369,0.715264038942238,0.7900700566612525,True
5370,-1.0641510440306017,-0.8481653749593656,False
5371,0.7618545152364105,-0.7863407752183791,False
5372,-1.1010814002391462,0.8087336394284357,False
5373,-1.3057335489974748,-0.7222843936691559,False
5374,1.1662489849974866,-0.7409758551409272,False
5375,-0.8705235347838404,0.0662225528731324,False
5376,1.6846133268400465,-0.457508128268651,False
5377,2.3502243017479705,-0.6288528339366,False
5378,0.6232450652976557,2.005805150226252,True
5379,2.162009218314433,-0.849272989998001,False
5380,-0.4587693525574657,-0.4805199470864194,False
5381,-0.4877567135613869,1.3199482788259649,False
5382,1.548795446283205,-0.072234256651134,False
5383,-1.3409076522875656,0.6825937864444925,False
5384,-0.2989392050004205,0.7807270381957555,False
5385,-0.3434511453469679,-1.279129321121076,False
5386,0.5476588518589849,-0.1925733404271076,False
5388,-1.8175330306023687,-0.1350570324362616,False
5389,-0.6567519648447437,-0.9044756816791544,False
5390,-0.3491502719130353,0.3996442492711608,False
5391,-1.4523904657069977,0.3822079420672045,False
5392,-1.0807458239490224,-0.364890409792403,False
5393,0.0586166441305914,0.7020920465490169,False
5394,0.3285897479257212,-0.594585348379735,False
5395,0.036238014805898,-0.6192616108847762,False
5396,-0.495238974205653,-0.2665515628984143,False
5397,-0.0352856606855196,0.3947664119813886,False
5398,0.4652135131695742,-0.5574661152365437,False
5399,-0.6220629857304969,-0.913334499228928,False
5400,0.9012211613727348,-0.4559503985959608,False
5401,-0.1815585807816069,0.5433130239156717,False
5402,1.7118094333064386,-1.0866536865195546,False
5403,1.7655618233851087,-0.933374987569385,False
5404,-1.2336228339989692,-1.0338264922681788,False
5405,2.0453893853214544,-0.1844095650437391,False
5406,0.1423756527160308,0.8000593558009269,False
5407,-0.5062371744931782,0.2155588274668243,False
5408,0.1935354037335575,-0.5494688443655735,False
5409,-0.9111463095659548,-0.0248638933029001,False
5410,-1.697991053847053,-0.5897629658792094,False
5411,0.5434849077756803,1.1306671250591065,False
5412,1.692216764601912,0.7296697907475467,True
5415,0.6712574084072085,0.5603167005806642,False
5416,-0.8972856860719851,0.5801517220045054,False
5417,-1.4625116267484115,-0.1997031632425144,False
5418,0.211379762186337,0.7418007566771182,False
5419,-0.9198363607205003,-0.8862148222917644,False
5420,0.6880045563533232,0.5052280752648624,False
5421,-0.8771650780898683,0.194474845088399,False
5422,-0.0264888690340274,-0.4330987851787917,False
5423,-0.993169443719691,-0.6442795725356921,False
5424,-1.3049168615461375,-0.806950206821436,False
5425,0.2570915620484941,-0.9819644074008618,False
5426,-0.7884594429854207,0.0666802560229144,False
5427,0.4801431129747379,1.4020325800942337,False
5428,1.2861714877038126,-0.9218801786645744,False
5429,0.538546099200908,0.8040755655679488,False
5430,2.427507491382729,-0.2175498328956173,False
5431,-0.6332348610137741,-0.4217206615301569,False
5432,0.6773033514264726,1.4382353097273075,True
5433,1.7648731144680103,-0.5451026111074853,False
5434,-0.4418639731258743,0.6027577049681567,False
5435,-0.5028664945332284,0.7668285678508411,False
5436,0.0509651929806193,-1.0157992230199782,False
5437,0.5686514683390227,0.0770213860970628,False
5438,-0.5483248015189388,0.9163356178674856,False
5439,-1.5748436200565474,0.6967656288643335,False
5440,0.0116102062154352,-0.7584654704665288,False
5441,0.1053242217266632,0.8349227383516384,False
5442,-1.1741070595579466,-0.7594127927954826,False
5443,-0.7070166834523474,-0.4059866282013175,False
5444,-0.5003338402736266,-0.817942716770839,False
5445,-1.0815303988286027,-0.410490643242526,False
5446,-0.7244506841508894,-0.9287639028839236,False
5447,-0.6752154351959464,-0.3355377342781478,False
5448,0.1358412405314544,-0.7098433389912524,False
5450,1.0721401441081015,-0.4959169039902056,False
5451,-1.739036700719063,-0.4622398023992774,False
5452,0.8647003680138178,-0.1455380940564561,False
5453,1.7760482723250806,-0.9341317133627928,False
5454,0.0055593231090377,0.987918704507594,False
5455,2.1034689929855275,0.1151606847500563,False
5456,-0.3705598228438452,-0.8092272375149178,False
5457,-0.9162987457088864,0.541752760059139,False
5458,2.0401812043886203,-0.3893861047461235,False
5459,-1.950552121982588,-1.0830794661595329,False
5460,-0.9914001718632957,-1.0449328107480274,False
5461,0.9702206373228136,0.1050110616518402,False
5462,0.4532196090380683,-0.14299928951563,False
5463,-1.481801144061917,-0.4994837210996133,False
5464,-1.3825229391445242,0.3173893327661692,False
5465,-0.5506942521701618,-0.5247453436451806,False
5466,-1.0074873489510283,0.6443584789759982,False
5467,-0.9844561652483156,-1.151143772959945,False
5468,0.0759897787467574,0.8469923252180065,False
5469,-0.2209454339990077,-0.8321666284483672,False
5470,-1.7301485829334204,-1.4152859425767963,False
5471,-0.7299915479426371,-0.5896538333839495,False
5472,1.4682015369303691,-1.1550886254509107,False
5473,0.5187670449621914,-0.6693332768835902,False
5474,-0.977299762169936,0.9680234559865878,False
5475,0.2634812869913508,-0.2996830611271446,False
5476,-0.5699085757208721,0.9617128772489532,False
5477,0.6019614579606889,1.211405392031586,True
5478,1.128106557461182,-0.6911582176650908,False
5479,0.2413226053296007,0.3387327727986444,False
5480,1.8883502739788471,-0.0945996899264212,False
5481,-0.5101329330534432,-0.5449618140603227,False
5482,-0.9489158890431476,0.3969666574884159,False
5483,2.591020636648704,-0.4356185515826383,False
5484,-1.9416277342703985,-0.0143400733482657,False
5485,-1.2772450696411168,-0.7981384317922888,False
5486,0.5267782224247315,-1.069945610905822,False
5487,0.6828875052214118,0.6719564459425035,False
5488,-1.4048431087531104,0.3393763559477387,False
5489,-1.6695904024529171,0.1935878453179758,False
5490,0.3923308105834242,1.609113074993581,False
5491,-1.1134638910973826,0.921441760897002,False
5492,-0.293281571510962,0.853728920294458,False
5493,-0.674832685235434,-0.606338662726894,False
5494,-1.1174860286878834,-0.8710421478414551,False
5495,0.1466257879962987,0.7872120334121345,False
5496,-0.7961896052224601,-1.310152359920317,False
5497,0.1125215578869022,-0.5484532222514711,False
5498,1.011142756316453,-0.4260258746592817,False
5499,0.2765285406570238,0.8987762409763482,False
5500,1.3636216201509008,-1.0676619997701946,False
5501,-0.0485642821376647,0.3436130005544346,False
5502,0.5826574804562729,1.2368820099325477,False
5503,1.956262942713109,-0.6933383691577206,False
5504,-0.1159485493548674,1.5196232516057906,False
5505,1.6695462040155156,-0.7622636782143795,False
5506,-0.4664616104351634,-0.1978289687080437,False
5507,-0.82073530983738,0.991423984803706,False
5508,1.1793028591316723,-0.1347489567022513,False
5509,-1.5779404572390066,0.3921388751638871,False
5510,-1.6210082574537523,-1.272627526286572,False
5511,1.4085514557914205,0.7914296490729202,True
5512,1.0479543717848434,1.0845987733743503,True
5513,-1.4298474825134022,0.3347630548660609,False
5514,-1.5281052792339973,0.4017057939605175,False
5515,-0.0555513175615411,-0.9263407847725856,False
5516,-0.2909671804342955,1.0157963224613338,False
5517,0.1561790680223511,0.758120196534642,False
5518,0.0118986325081836,-0.932097678939579,False
5519,-1.0863646652279837,-0.2828459280166743,False
5520,-1.1920919196517474,-0.9903958337289992,False
5521,0.7031998954676382,0.4616968764299529,False
5522,-0.8187434664779034,-0.7307679553364579,False
5523,-0.8824281376344061,-1.171473152059206,False
5524,0.1685475546623336,-1.2036980747477612,False
5525,0.2850282949190417,0.2058404025997236,False
5526,0.0967581154651568,-0.6837198246460341,False
5527,2.0088585456329664,-0.9895428208852656,False
5528,0.5444623807502754,1.7405896699204837,False
5529,1.6881698634278732,-0.5835359528042372,False
5530,0.3264970331884668,0.8145107737148305,False
5531,-0.0956223743904253,0.460949557421454,False
5532,2.17444048904537,0.0816103834317982,False
5533,-1.821260106089639,-0.2011012789903425,False
5534,-0.6401982083126083,0.8742699443706607,False
5535,-0.0935266916131477,-0.9342885182215016,False
5536,0.8755332072172249,2.229087222560536,True
5538,-1.2581409307228533,0.6148629246141459,False
5540,-0.977259142737631,-0.7519701033230348,False
5541,0.0963824338022135,1.3331073133229916,False
5542,-0.4697656885561849,-0.9068590991349356,False
5543,0.2043404051809772,0.3747031183079649,False
5544,-0.3723029527601806,0.7465685397505418,False
5545,0.7728359810311952,1.0211987211556484,True
5546,0.4783822904266502,0.418485003449929,False
5547,-0.9268368131697744,1.1245404912800718,False
5548,1.2208780476509489,-1.0526706332437337,False
5549,-0.7596753358265645,1.0759690562019508,False
5550,0.0299079483567331,-0.7345411621897266,False
5551,1.838899995662572,-1.3676717141274126,False
5552,-0.6736524262613967,-0.6070073570587796,False
5553,1.6045916060968313,-1.2197832395690718,False
5554,0.4700806088979045,-0.2488717163593584,False
5555,-0.3582417605676151,0.4407534053495267,False
5556,0.9242401139137032,0.7067154828679791,False
5557,-1.307265954532494,1.0134384371724867,False
5558,-0.7386452525859802,0.8666025627065008,False
5559,0.4937513931852815,-0.7179384810173157,False
5560,-0.5598304658177656,-0.5788948807271913,False
5561,-0.7534264385380162,0.8101739464305027,False
5562,-1.0166923114137274,0.5396157239591985,False
5563,0.3323445614185646,-0.8153265868337605,False
5564,-0.8785752474185734,-0.6920708067217027,False
5565,-0.0518737232596273,-0.4993326196762064,False
5566,-0.6179086888995298,-1.1476321949752617,False
5567,-0.3629812090955275,0.444519901982322,False
5568,-0.3406794218760857,0.2436766502637695,False
5569,0.3246027928009043,0.8866211955368659,False
5570,-0.1628225983360807,1.5777220163711008,False
5571,-0.5004987006521019,-0.7509107406697725,False
5572,0.1352642785102262,-0.9030438236449216,False
5573,-0.4693215549407975,1.0219082906431878,False
5574,-0.7793138767564306,-0.9599912376590032,False
5575,1.823223074739749,0.8494120324089038,True
5576,0.4203239150153991,1.777956559715509,False
5577,1.5527620359840628,-0.6444075891597518,False
5578,-0.4333803335551527,-0.2889741088196974,False
5579,-0.1576457097296098,1.0239897086320306,False
5580,-1.6112385616993277,0.7954386473090501,False
5581,-0.5445645628972029,0.9843459958102916,False
5582,1.2660173378972357,1.1652595304737376,True
5583,1.2592020383572404,1.1527887544986235,True
5584,-1.4893815771735357,-0.3687066831704085,False
5585,-1.3905760336237132,0.4159954234215939,False
5586,0.0556832417033357,1.0805253614032813,False
5587,-1.1135086881687832,1.2821087212571154,False
5588,1.1650527557250796,1.452289008384574,True
5589,-0.6130559743615145,-0.8261690216540204,False
5590,-1.562294884267508,-0.9661301189668164,False
5591,-0.2796986177464812,-0.2428396961905986,False
5592,1.4904313838980172,0.5739402864298082,False
5593,0.2348832510070253,0.6732976442831762,False
5594,-0.8407175356346203,-1.3883675628986625,False
5595,0.9933337370192156,-0.3453895381177196,False
5596,-1.09188352309762,0.6875871865649844,False
5597,0.1344118771278801,-0.6453515327598598,False
5598,1.625012403376947,-0.8990257891375878,False
5599,-0.715674467683369,-1.2913827998713958,False
5600,1.5376597770911125,-1.220088417573562,False
5601,0.3404095226584143,-0.5511800927888721,False
5602,-0.257554358274455,1.2430076953935765,False
5604,-1.5195952986379335,-0.3780827149609486,False
5605,-0.2674204869156938,-1.7091273560586444,False
5606,1.3202316577775213,1.8385519551069835,True
5608,-1.0501541794919054,0.455578033362092,False
5609,0.9390330753188836,1.5816744204464217,True
5610,-1.0175580971481857,-0.9470278913970888,False
5611,-0.0958257484411607,-0.4357202661565244,False
5612,0.3633771742667431,-1.5275726598935688,False
5613,-0.7758492798042437,0.73274736736961,False
5614,0.3868970008850521,0.99035418658206,False
5615,1.0156409135987277,0.8020419350466805,True
5616,-0.111572514238008,1.702196433675655,False
5617,-2.0233839352881526,-0.4140061436173596,False
5618,0.9109903387603956,-0.657741239962461,False
5619,-0.0395228320200196,1.2708337902954665,False
5620,0.5491567994156747,-0.0018061251561458,False
5621,2.00645575754206,-1.1201119993204125,False
5622,0.4273834111807904,0.6038728187535951,False
5623,1.8208211000167307,-0.3089833332196361,False
5624,-0.3535816111223078,1.6018128381219197,False
5625,-0.7283236302734155,0.5894446142309099,False
5626,-1.6494597209846766,1.2620338693432238,False
5627,-0.5597399919663562,0.126436280046975,False
5628,0.256576989578141,-0.7185593774296792,False
5629,0.4939957289730169,1.0753879222172928,False
5631,-0.5208943745801163,0.650671122209668,False
5632,0.4577937460014903,-0.4156246354800593,False
5633,-0.7283949669946611,-0.6807671881330789,False
5634,-1.0359182390669337,-0.5537453024314655,False
5635,0.0186648849195084,-0.5923084099793157,False
5636,-0.3054657476244806,0.0787426740349584,False
5637,0.5678658188136235,0.7571063599949206,False
5638,0.7996287600965438,0.5951118855195213,False
5639,0.3435127483435733,-0.8480776162042651,False
5640,-0.2473603229248165,-1.939507962802489,False
5641,1.1425825847175446,-1.1953437122859687,False
5642,-0.2710029851787354,1.363034838849218,False
5643,-0.121551547019398,-0.0762633666961507,False
5644,1.661538468089489,-0.9546106862004732,False
5645,0.4645939494512984,0.5900097403470222,False
5646,1.420944524539234,-0.0865516360395151,False
5647,-0.995542567763833,-0.500018365531439,False
5648,0.6342831430057704,0.7481976077211736,True
5650,-1.7283260644716594,-0.782425941578608,False
5651,0.8124609251338701,0.8131939314153216,True
5652,0.1695978872796275,-0.523080170382568,False
5654,-1.4739252587885454,0.3267765178039654,False
5655,0.1460246815107466,0.651087687251258,False
5656,-0.8399418591884784,-0.5470131972343056,False
5657,-0.2538591699776507,-0.0115184953984342,False
5658,-1.2006404046208397,-0.5377244052900445,False
5659,-0.5572768448712593,0.5408916461463581,False
5660,0.1819634016662917,0.8606065750183467,False
5661,0.9514511857077068,0.4741129893446912,False
5662,-1.1340804412790575,-0.72143940396501,False
5663,1.5147663729847982,-0.6045148742328164,False
5664,-0.5953900511891317,1.433220195856622,False
5665,0.2338368402176606,-0.5605147101218656,False
5666,1.7588070910155231,-1.0148047929462043,False
5667,-0.1916918145569907,0.3953503917422974,False
5668,1.6416812881649918,-0.7260409823822732,False
5669,-0.2008931579135757,-0.6057472731772492,False
5670,-0.96173754963215,0.7522556567790241,False
5672,-0.6208888550143005,0.6005459055199974,False
5673,0.8202092951923611,-0.266451610622553,False
5674,0.3490013113215416,0.8066406352870756,False
5676,-1.332476860669301,-0.3463647675188142,False
5677,0.0019792833461349,1.3505493155105202,False
5678,-0.5780285235505991,-0.9587975940305148,False
5679,0.0034279549475331,0.0546253878156812,False
5680,-1.0257017447123975,-0.6139918850788288,False
5681,1.3682656971572624,0.3558162582348503,False
5682,0.4119826763495882,0.299507987164067,False
5683,0.4968165952469768,0.9544271989490458,False
5684,-0.1285596278114868,-0.5224512486363926,False
5685,1.4815318473680266,-0.7412518482726305,False
5686,-0.8414597381082338,0.033293977008732,False
5687,0.8064192646836793,-0.5949852196460017,False
5688,2.4620151974609925,-1.0773115135161688,False
5689,-0.8433430782907427,-0.910571612707309,False
5690,1.526711220499565,-0.9922156512003296,False
5691,-1.583302488935833,-0.642826554913905,False
5692,-1.2200655040870918,-0.1344984959896563,False
5693,-1.7501981903599897,1.0752831933679183,False
5694,-0.8313140251211301,0.7898140450112532,False
5695,0.911070730722762,-0.573947239777422,False
5696,0.0201131964341092,0.7811318917025399,False
5698,-1.5138927014194343,0.4495722052086258,False
5699,0.0894649581664225,-0.483804622461507,False
5700,-2.003565122810385,-0.3798141836161662,False
5701,0.8092570581825803,1.509932717129347,True
5702,-0.4868041292788861,-0.3867707589240987,False
5703,-0.1270199094831353,-1.0822170686865606,False
5704,-0.2397730703603955,0.809256900863891,False
5705,-0.831487712568984,0.6213609274581497,False
5706,-0.1619278526805855,-0.0795644522339799,False
5707,1.840104357451383,-0.0183129929077635,False
5708,-0.5237800779152786,0.7241791679998526,False
5709,0.3959754109349105,1.755721205775746,False
5710,1.487888885082007,-0.861204181216381,False
5711,-0.6416054654019328,-0.5270209835801815,False
5712,2.481125828691543,-0.822024003783806,False
5713,-0.8533009465702479,0.3814820993203258,False
5714,-0.2109923840829168,0.4447727061885619,False
5715,-1.8818827704183727,-0.2159504207802074,False
5716,-0.8985555259009032,-0.9147126791046064,False
5717,0.6817401102337006,1.2400937856098893,True
5718,0.4879881732171734,0.388276843540318,False
5719,-1.0866230525738367,0.65933576419881,False
5720,0.4876740966543043,-0.6061493587429224,False
5721,-1.7138379725049977,-0.6977401414037444,False
5722,0.3757355985213966,0.9198189055340982,False
5723,-0.5266731226247449,-0.7893397028324293,False
5724,-1.1051052355865274,-0.1588870487506557,False
5725,-0.1847491687373513,0.8979201125886822,False
5726,0.1168308016523046,0.7081755423115821,False
5727,-0.1759886174872555,-0.3405433618503019,False
5728,2.023034187937173,-0.5583844724919973,False
5729,-0.5281114228153648,1.141021696217752,False
5730,0.1432770833350112,-0.401510070047215,False
5731,1.9666522660811376,-1.0691038775762016,False
5732,0.0589202580219791,1.266362572964383,False
5733,1.8480449703491748,-0.2882771899124694,False
5734,-0.4395800618156256,-0.2266917621868887,False
5735,-0.3358520733391335,0.3614373889338546,False
5736,-0.7847136027727518,0.4205254062832707,False
5737,-1.350389523821184,-1.1461282721070345,False
5738,-0.4430950927279876,-0.8393678298317983,False
5739,-0.5276833892536251,-0.4426295258675399,False
5740,-1.8213039335156824,0.5669085926580261,False
5741,1.2123176992997222,-0.2919646578285715,False
5742,-0.5617632798405063,1.3289914747950855,False
5743,0.2933642260589615,1.0290808284042412,False
5744,-1.2380724355200592,-0.944311403350662,False
5745,0.561594009796125,0.5387558212853589,False
5746,-0.273622095655913,0.1652758775553254,False
5747,0.3467734369082413,0.94771357855574,False
5748,0.2567273069500049,-0.6877631330326046,False
5749,1.1010019730823937,-0.3844684075007862,False
5750,-0.8716033454538126,1.3109966305125889,False
5751,0.5335951566279145,-0.4771413239414043,False
5752,2.06602109675421,-0.1772884345393234,False
5753,-0.132064257750047,-0.6586663627732454,False
5754,1.878944093098557,-0.1151994145731385,False
5755,-1.1211208925074223,0.5701887148100769,False
5756,-0.2015969843555392,1.0326377163233864,False
5757,-1.780852056691995,1.267727744095769,False
5758,-0.461290249053451,1.4041201183294183,False
5759,-0.7503787117783319,-0.8598497139964232,False
5760,0.8324175714154136,1.7332664759975358,True
5761,-1.4132765651598995,0.5535061611261897,False
5762,0.4700563773162158,1.5280267847189262,False
5763,-1.2214692403436969,-0.4701639615507333,False
5764,0.3074765386799891,0.3374404795666312,False
5765,0.0787897303019909,-0.5013566080688421,False
5766,-0.9718910435822292,0.610114898759627,False
5767,0.4332610023451583,0.5478322889379035,False
5768,0.4382992486686505,0.7321806897343826,False
5769,0.3207272280078126,-0.3843636829397673,False
5770,0.6375544470630142,-0.8552692386116831,False
5771,-0.219434145146818,0.4273864846154301,False
5772,-0.0460871900292603,-0.3274286386418934,False
5773,1.873251235149331,-0.8931760779977962,False
5774,-0.4306360503787471,-0.8973178302054393,False
5775,1.5462380107010922,-0.7821603070896294,False
5776,-1.340957974783738,0.7713711502628863,False
5777,-0.891814304354863,0.6704285792502249,False
5778,-1.4426494822391789,1.1988093599340208,False
5779,-1.32643209275164,-0.7973882265798995,False
5780,0.4862398574681539,1.8684691464719656,False
5781,1.482583249603063,1.342852624211323,True
5782,-1.446533603620218,0.3456446802244002,False
5783,1.157158161381777,0.8946672026318871,True
5784,-1.2917327849423768,-0.6842325298280376,False
5785,0.6050349581075967,-0.485512339388905,False
5786,-0.9588795594236078,-0.7706716454839135,False
5787,-0.5363374413328348,1.045463405702955,False
5788,0.2180857791208571,1.475728787272964,False
5789,0.7141620746681229,0.6216237818081819,False
5790,-0.7088050049985751,0.889301928631834,False
5791,0.5994956802478892,-0.3991904703497155,False
5792,-0.6875397409875647,0.9615976832436224,False
5793,0.2313043296229952,-0.9395959543347544,False
5794,2.7519554949747462,-0.7784024497060631,False
5795,1.4102366958616035,-1.0939229585136665,False
5796,2.30553764515166,-0.514854075550663,False
5797,-0.7928286635397394,0.2950394405789984,False
5798,-1.4401318705088468,1.072560243630711,False
5799,-0.8223605055896811,0.4290496753646886,False
5800,-0.8245092651697038,-0.8405460570689461,False
5801,0.1277279586648825,0.9370424436362704,False
5802,-1.1613570206425252,0.3957988095651542,False
5803,-0.2638022451780835,-0.8768787868846738,False
5804,-2.239870729089361,-0.2744651639253413,False
5805,0.2247892142656067,0.0233963205202309,False
5806,-1.13308154491323,-0.4554358639191078,False
5807,0.6270827920026923,1.361806878586999,True
5808,-0.4719086986435784,0.8518877195438467,False
5809,0.4021409563357379,0.533259341389854,False
5810,-0.7570588901184482,-0.3552348430567377,False
5811,0.912225167405373,-0.7907999351808139,False
5812,1.102353433134332,1.0346767604903977,True
5813,0.2662989762064129,-0.6798422338058165,False
5814,1.7626764343796235,-0.8142937705021893,False
5815,0.3701857789701523,1.0250043071638577,False
5816,2.006753234898929,-0.8276666332981186,False
5817,-0.7391894732850971,-0.4888433356307935,False
5819,-0.8719817792851227,0.91438569546123,False
5820,0.122150059550824,-0.0573179806801707,False
5821,0.5886416254928234,0.7756351737188886,False
5822,-0.1645150301465343,0.8562328421337722,False
5823,0.2933951916782364,-1.1793832479054476,False
5824,-1.2752693487904143,-0.910621751344444,False
5825,0.6843279587517992,1.4739919669087878,True
5826,-0.1924675877300701,-1.162582135112424,False
5827,0.1562417883410639,-0.0409206723420359,False
5828,0.3440458710147655,0.4914228120417766,False
5829,0.6231690098013988,0.8935488284388746,True
5830,-0.4916080577752227,-0.3644829405169515,False
5831,1.955228799543904,-0.9034228868106524,False
5832,-0.0866015921313526,1.4949849021225865,False
5833,-0.1251873018429623,-0.3951112842683795,False
5834,2.089292331227033,-1.1610342302456873,False
5835,-0.9851652952385264,-0.8485549488508027,False
5836,1.7262036040559967,-0.2043853434203615,False
5837,-0.9039288111199028,0.7030932532282694,False
5838,-1.8975701907514484,0.4490346476607203,False
5839,-0.6014097980751598,1.3621515391192276,False
5840,0.1861896069531432,0.0284246584345633,False
5841,0.6181808589742733,-0.3686201833107505,False
5842,-1.6041860021363232,0.5281417428064581,False
5843,0.1506998420865464,-0.6696961968243019,False
5844,-1.9865503960895112,-0.100910161533743,False
5845,0.5983957736338769,-0.1153945809938754,False
5846,-1.1920126370120376,-0.7245883546958518,False
5847,0.339561501996503,-0.5652815607340478,False
5848,-0.9251686299788184,1.4363666305492104,False
5849,1.8849983072873933,0.8847618780369453,True
5850,-0.5455101879186274,1.0141448687493213,False
5851,1.2951773160963804,-0.8672361835566641,False
5852,-1.0375050794358855,1.124293651359081,False
5853,1.3383898166535113,-1.1364733734161327,False
5854,2.0726227923026137,-1.2976566218406766,False
5855,-0.004757377900535,-1.0383046040081292,False
5856,1.5979389323657431,-1.1070673252412415,False
5857,-0.72465443826449,-0.5696110880973932,False
5858,-1.197795759098422,0.9222712037791718,False
5859,-1.723364259602745,-0.6239501752347966,False
5860,0.0368802873727201,1.0181486661358958,False
5861,1.01051024361513,1.1254100638804236,True
5862,-0.392767784083479,-1.2625221939213962,False
5863,0.6006587724745938,-0.0868642224486597,False
5864,-0.8091614569165093,1.4726856627284317,False
5865,0.2101116906420154,-0.6288211455211588,False
5866,0.0529228896400927,-0.812220820394878,False
5867,-0.3782010743634354,-1.2521826119893855,False
5868,0.5569289703866395,0.5304944403266716,False
5869,-0.4548732501670947,-0.5271398825258465,False
5870,0.0064111991287595,-0.1660863717585101,False
5871,1.0355556116242235,-0.897656139530403,False
5872,0.1373422261246178,0.2405218219458393,False
5873,1.3412318269435908,-0.2338319303850345,False
5874,2.3132174040404,-0.2010380711608278,False
5875,-0.8061437243133982,-1.5951186509410231,False
5876,1.855205337078616,-0.4177090929033722,False
5877,-1.2273041734933097,-0.3526899090218085,False
5878,-1.7648967739478871,0.4625198995191709,False
5879,-1.502821334771342,-1.2205135466381185,False
5880,-0.0026798892417695,-0.9441703112048148,False
5881,1.1037258495961006,-0.5249150491511465,False
5882,-1.485694227822744,1.4745974300876274,False
5884,-0.5130261030450468,-0.5256987356546672,False
5885,-0.0257842758612994,1.1875998437593889,False
5886,-0.0243916269799799,-0.794616798707504,False
5887,-0.1262908229879027,-2.1762234814304264,False
5888,-0.867440806151545,0.4598513233440637,False
5889,0.3053214663429451,0.7071955977650527,False
5890,-0.5245590312438445,-0.062909923027644,False
5891,0.6651780962896368,-1.1065905124480295,False
5892,-0.6868048830342868,1.444913829418527,False
5893,1.131087607562554,0.7410624524947876,True
5894,1.4779068686824477,0.9540611932997952,True
5895,1.2199309174791275,-0.5898299572056747,False
5896,1.154982453625373,-0.9358076927450129,False
5897,-0.9056256757893923,-0.0618131213551667,False
5898,-1.925695743909858,0.6100254058572001,False
5899,-1.8187514254381536,-0.4479397465962504,False
5900,1.1736679235851104,-0.5326381509143668,False
5901,1.659592220958244,0.002251209626532,False
5902,-1.6892298319472,0.8618992993593825,False
5903,0.6151837683803044,0.5024966311287087,False
5904,-1.1170079558806816,-0.716360340844516,False
5905,0.1739998002665846,0.9709912884636264,False
5906,0.0897699723534469,-1.0453024123633998,False
5907,0.1713083282780862,0.0981782987815581,False
5908,1.6381211666050512,0.3928724056449925,False
5909,-0.8133541063835058,0.8665421132211568,False
5910,0.4835824514674477,-0.7372195395314887,False
5911,-0.2299380338330103,0.8598855623087529,False
5912,0.5239768633323587,-0.5991559685650623,False
5913,2.260738865054569,-0.9637543320932224,False
5914,-1.0004186263679746,-1.1586947528897018,False
5915,2.4085968853115447,-1.3768756700661389,False
5916,-0.217575383885606,0.4797624344736194,False
5917,-0.6411532103362214,1.2063792034490062,False
5918,-0.8138759806531757,1.1584912218043062,False
5919,1.0520523563040387,-0.4872396727555692,False
5920,0.8162948506653289,1.1633159124836785,True
5922,0.4151531553216439,0.7374696682515626,False
5923,-2.502870485364049,-0.2805198684505406,False
5924,0.2141738310620099,0.2868874821365361,False
5925,-1.1231900170316609,-0.1531422293299237,False
5926,-0.2670355144826619,1.1361939215991153,False
5927,0.5315062868646193,0.951598374962091,False
5928,-0.5589537982715742,-0.42174926801808,False
5929,2.604583932375127,-0.6013006344830492,False
5930,-0.3702486502526192,1.1147391241306652,False
5931,0.4668944862188456,-0.9271916155141322,False
5932,2.590736443416448,-0.8575917185240416,False
5933,0.908935429029206,-0.2346744448341848,False
5934,2.4398020426159097,-0.2469385035868228,False
5935,0.6153198295294406,1.8156010796330428,True
5936,-1.6194038493238507,1.2758182331396049,False
5937,-0.2112314630258034,0.5434661291225645,False
5938,0.1536553413415623,-0.2862084985847442,False
5939,0.7298626164705388,-0.7284793335031955,False
5940,-1.2718036028364346,0.3821451584394542,False
5941,0.5761526779348711,1.478730247533236,False
5942,-0.9143628364225028,0.8575154889415271,False
5943,0.1676807963142769,-0.322527457613777,False
5944,0.1065670334323238,-1.638580024340791,False
5945,0.2719530966616919,0.2105237185497472,False
5946,0.6611645467410922,0.2114417609565321,False
5947,-1.070601275340923,-0.2875073196426004,False
5948,1.1547789707201404,-0.5630667963860436,False
5949,-0.8715480679135745,1.580997489113286,False
5950,0.7302129064555161,-0.6217431495385886,False
5951,2.729869596057012,-0.8891700413136869,False
5952,-0.8403524257885332,-1.4782530760152417,False
5953,1.2632303954163124,-1.0641420178258654,False
5954,-0.1950591696802775,-0.0962584419477522,False
5955,-1.5826921034868873,1.2498757425214146,False
5956,-0.7482147212679572,0.9231620494930672,False
5957,1.1840028611612212,-0.5550698574456958,False
5958,1.8042449530401568,-0.3688845624159271,False
5960,0.0494947347998703,0.6002281886539433,False
5961,-0.7769602365098267,1.2081010410462762,False
5962,-0.2752875786950736,0.9702526494000314,False
5963,0.5066858273922428,-1.609850001869766,False
5964,-0.4365993895352871,1.339469040140189,False
5965,0.6579542459939212,1.1555116076248997,True
5966,-1.153670091423471,-0.0903378217111293,False
5967,0.9606858386141732,-0.3029957283893312,False
5968,-0.8275073429991423,1.302864352500258,False
5969,0.3614834082619877,-0.7261241826372946,False
5970,1.9175457333583883,-0.929112104668404,False
5971,1.4952217932031304,-0.696524205072539,False
5972,1.9506623868123107,-0.1750981402087923,False
5973,-0.9560751662119156,-0.2572942394507785,False
5974,-1.6257049194182869,1.0101473343843226,False
5975,-0.6241075314207549,1.026648101424211,False
5976,1.3053210045737538,-0.8205338669529162,False
5977,1.2513264282425272,-0.4331913952574758,False
5978,-0.599086168860401,0.6392845162043806,False
5979,0.2512071205301454,-1.2234914444566505,False
5980,-0.3681186748790899,0.3506108889383737,False
5981,-0.4928447108357727,-1.7022260324373315,False
5982,0.3458873977030128,-0.7217426543078707,False
5983,-0.5250880840915773,0.8337695379230186,False
5984,0.4838041238344753,-0.7332255189564816,False
5985,-0.246973620349868,0.4194419220483263,False
5986,1.9000065841413585,-0.696178361304707,False
5987,-0.2336716553265662,-1.5827655077952911,False
5988,1.83756874808778,-1.4616874251033538,False
5989,-0.4222950899660786,-1.2926761407361904,False
5990,1.663808078062142,-0.5451278749315642,False
5991,-0.594759123091687,-0.3451535245780488,False
5992,-1.604368485012288,0.0112908899730551,False
5993,-0.6700226553143176,1.0118454161093122,False
5994,-0.3616350837486528,-0.6049012509748819,False
5995,0.5105034531667181,-0.320173647365093,False
5996,-1.4957770929913623,0.7152323215523466,False
5997,0.6650958210549689,0.901667776866464,True
5998,-0.5417483249991472,0.7558239428305209,False
5999,0.8778751764609452,-0.0516189349348933,False
6000,0.9400403733585908,-0.6428664765335586,False
6001,0.4686983080890773,0.6887512972804548,False
6002,0.9398599415003448,0.625220717979608,False
6003,-0.8801093505684529,0.948172280007664,False
6004,0.6237308696402553,-0.3567255293855822,False
6005,1.2467447473310604,-0.3060811217419458,False
6006,1.626235250741174,-1.3742999801212683,False
6007,-0.5333540547154152,-1.0030246905507592,False
6008,1.6613822079662643,-0.7888548734614352,False
6009,-0.3841421520281327,-0.5381547309209085,False
6010,-1.93476025152646,1.0558304982924356,False
6011,-1.0468472334326426,-0.8628189036550724,False
6012,0.984691853038562,-0.7976505708025743,False
6013,1.3661373258408325,-0.3316530789136461,False
6014,-1.0009029811630457,-0.6019830559710934,False
6015,-0.0214849826532261,1.0743414029328977,False
6016,-0.4282802219082934,0.5638792738695797,False
6017,0.2489916340252561,-0.3323050417607025,False
6018,-0.0788214706982965,-0.7153623003195339,False
6019,-1.2260487462229774,-1.3244899734997715,False
6020,1.2444401489478245,0.5868372741021992,False
6022,0.8568252659088454,-0.1847442742533508,False
6023,0.7750025076689038,1.1684317465707033,True
6024,1.93676464548278,-1.376823984641361,False
6025,0.1902529309954854,0.4074885827265403,False
6026,1.5051559491892716,-1.0901460739763815,False
6027,-1.149110735464692,0.843801331624733,False
6028,-1.4262773426262585,0.2817323824479963,False
6029,-1.252304267208822,-0.7404200040413413,False
6030,0.0101509046852715,0.7884746292780259,False
6031,0.9182003383774758,-1.0970422254636965,False
6034,-0.5708856491693929,-0.6710661808014173,False
6035,0.2024013571319675,-0.910489759866328,False
6036,-0.3860574083029418,-1.0715037136923589,False
6037,-0.2083605378627506,-0.4560694854480555,False
6038,0.5110687517821422,0.5522796848181277,False
6039,0.3379119402163253,0.60915477366272,False
6040,1.422686263443909,-0.8299950764091655,False
6041,0.0282384566300202,-0.5138142244790219,False
6042,1.2228302145839876,-1.3811045439694265,False
6043,-0.4374397576771217,-1.0973510809832772,False
6044,1.6046382340315657,-0.3224933733400217,False
6045,-0.5870592478851807,1.1343811073641474,False
6046,-1.3829284054885955,0.7365536518142661,False
6047,-0.5710593851963771,0.4086812310379489,False
6048,0.5810233780012185,0.1615174301116142,False
6049,1.981814649513419,0.1418758766061624,False
6050,-1.4785292994615653,0.513709256262059,False
6051,0.3572885387815425,1.582985255554877,False
6052,-1.008653054726068,1.3209133997640996,False
6053,0.1134037206894114,0.1175599764747785,False
6054,0.0477226861581061,-0.6332683141415725,False
6055,0.1914511550131402,1.3394674676407703,False
6056,0.1095770562708303,1.1572400493604054,False
6057,-1.1231358610173785,-0.6068269886394394,False
6058,0.9947953705086504,-0.3996302462528616,False
6059,-0.303381536439208,-0.2729208608823078,False
6060,1.5421319220297525,-1.0257269975024172,False
6061,0.364818146086046,-0.3923793682389881,False
6062,1.644691127366961,-0.1643274352669115,False
6063,-0.8389889186111466,0.913779605433176,False
6064,-1.3681503252529623,0.3331201557309328,False
6065,-1.3473695942536088,-0.8254992045116106,False
6066,0.422549028892658,-1.177506735771671,False
6067,1.230436879962184,-0.6908739399672812,False
6068,-1.611421506174616,0.1225697573202027,False
6069,0.4591754499705426,1.94522808386016,False
6070,-1.2936657363827,-0.1182737966681405,False
6071,0.9216531872729272,-0.649907703136426,False
6072,0.860913177746178,-0.4503949373789454,False
6073,-0.9403999046203056,-1.075839119044696,False
6074,0.1838783342054121,0.3315604962012761,False
6075,-0.5541284858958764,-0.5776365707176707,False
6076,0.8247639537056054,-0.8561221366277383,False
6077,-0.1640849062687646,0.2102086044852255,False
6078,2.0338363417474885,-0.8672254738348519,False
6079,-0.5466764395920263,-1.2875840586935017,False
6080,1.810615471993096,-0.4693962268658425,False
6081,-1.391798148470078,0.6190360472775244,False
6082,-1.6974807605435769,0.7825383467323459,False
6083,-0.4385707536681857,0.0690961850491415,False
6084,0.9831298882152796,-0.3123894756029258,False
6085,0.1163522334473709,0.9808938967206856,False
6086,-0.8347002687396904,0.2107207160204753,False
6087,0.836256317161297,0.7211157106662291,False
6088,-0.7395744932336802,-0.4157453074546663,False
6089,-0.2907342042322524,-0.373103601198474,False
6090,0.1368903975942544,-0.4406198222204256,False
6091,0.0300638906428838,-0.189979963095745,False
6092,1.0406930526766376,0.8624424784809737,True
6093,-1.509775343340062,-0.4640428828723639,False
6094,1.2040464244843327,-0.6778440465215988,False
6095,1.224261794592501,0.890478802693404,True
6096,2.3325674970655763,-0.4759906097047395,False
6097,-0.68784463538762,-1.0355048795725603,False
6098,1.2544795282755192,-0.6389888600888118,False
6099,-0.913841045894304,0.9549562167889772,False
6100,-1.9523888154788325,0.9301349413658504,False
6101,-1.5593662361373897,-1.022637544485978,False
6102,0.9521478596482732,1.210083422753671,True
6103,1.1768701106999602,1.5065079906571324,True
6104,-1.246354403681403,1.3594399059587938,False
6105,0.335842211414611,0.6570796325260878,False
6106,-2.0516324897845863,0.1487419079439286,False
6107,0.6702915289192862,-0.6083180650508841,False
6108,-1.2832907198690024,-0.977492036236241,False
6109,-1.098546396209238,-1.8505217463516872,False
6110,-0.080573094752713,1.1678474907574012,False
6111,-0.9434443517339391,0.0002817077339103,False
6112,1.676256560907236,-0.1248488431421661,False
6113,0.4354935181897921,-0.8589628352551057,False
6114,2.3466304678003502,-0.8023668309815386,False
6115,-0.5332024586243506,-1.245786051015419,False
6116,1.5716611322868983,-0.6741030964906953,False
6117,-0.890988474563449,-0.4623312949691965,False
6118,-1.7522477229112647,0.5751596655636144,False
6119,-1.3422782147228731,-0.928445190208992,False
6120,0.1988650100007092,-0.0424331919935502,False
6121,1.427449722225612,1.0839750165093676,True
6123,0.7624872775441545,0.5193609931921773,False
6124,-1.7988938698276735,-0.1310509494835346,False
6125,0.3040116542827323,1.775133643731636,False
6126,-0.7564399191865586,-0.765880605885183,False
6127,-0.4614922564770364,0.5759907303304092,False
6128,1.0344336678097783,1.0034012789198348,True
6129,-0.887246389698333,-0.5445973381294062,False
6130,1.7157536487369651,-0.6449527433929456,False
6131,1.3697447418403503,-0.925564097528376,False
6132,2.1230846843322784,-1.2762554248062732,False
6133,-1.256807461681264,-1.0094005272726096,False
6134,1.8741259412458229,-0.693756657070655,False
6135,-0.8658280598138683,0.790576575169072,False
6136,-1.8661138267428088,0.3693097092032948,False
6137,-1.3504493029760651,-0.8384474424245183,False
6138,-0.1233435714174177,-0.7002368171038256,False
6139,0.7878132696250794,1.400917231685623,True
6141,0.8498070480156675,-0.813944333190703,False
6142,-0.484516450838063,1.4422124600819852,False
6143,1.15763504461752,-1.2111684792562447,False
6144,-0.4789483419583644,-0.4077992107377735,False
6145,0.1931915233514184,0.9630365091761958,False
6146,0.4786144737102774,0.8451482573592705,False
6147,-1.2178891058042782,-0.0981604562073932,False
6148,1.8318784177035887,-1.0676063673202931,False
6149,0.5394532461789783,1.7574908138815712,False
6150,1.972625543972008,-1.2231249821598702,False
6151,1.2519231873436965,1.1352993794170665,True
6152,1.4814979848786929,-0.7047829762754223,False
6153,-0.2765320406168183,0.912606073706867,False
6154,-1.897675006477505,1.113241999506443,False
6155,-0.3626792088744926,1.0885338128864317,False
6156,0.1699320940473035,-0.642187721433066,False
6157,0.2832283995166216,0.7499599965084841,False
6158,-1.4374314531915189,0.5308879081541794,False
6159,-0.3005693001197554,0.481697418145884,False
6160,-2.4256636684445683,-0.0645861389313051,False
6161,0.3868095283076735,-0.4982696258079153,False
6162,-0.6690654539081972,-0.6803511716909324,False
6163,-0.7832818744436354,1.2203759448164373,False
6164,-1.0467794611951162,-0.4160011624684596,False
6165,1.3752329366194815,-0.7941220935047726,False
6166,-0.5844857083796071,-0.3470650201023034,False
6167,3.4300069435420197,-0.7085106523794205,False
6168,-0.6020475456411857,-1.269999145823115,False
6169,1.3727917867753148,-0.1856071637644549,False
6170,-1.4875761478403284,0.3308316610642159,False
6171,-1.7444227687915794,1.3392754669877305,False
6172,-0.0379346444003392,0.7658156329835739,False
6173,0.3530342887207505,-0.509855496103973,False
6174,0.3729932886092747,-0.4271576258029358,False
6175,-1.4702582443176906,0.7094275578699706,False
6177,-0.938895090050028,-1.1814931704538716,False
6178,0.1962285787321429,-0.925821456478332,False
6179,-0.1896312682189638,-0.7339338363663808,False
6180,0.6867900068891564,1.0124717769364435,True
6181,-0.4697818294614348,0.0734488258719554,False
6182,2.477504226112798,-0.6825898906303944,False
6183,1.2394790943967595,0.7081813217426591,False
6184,1.6778945938587708,-1.4505212276444,False
6185,-1.1724988862347434,-0.52191737876918,False
6186,1.9223606627112355,-0.1331695716058076,False
6187,-0.9602109260873612,-0.6531812761982638,False
6188,-1.9035097485612988,0.3166562691924972,False
6189,-1.634137723092604,-0.8605770967950583,False
6190,0.7918797165594424,-0.8829044659412262,False
6191,-0.2587326356512482,-0.3165292820144685,False
6192,-1.650583078085488,0.3900957320464828,False
6193,-0.2092768833534273,-0.0848801082147335,False
6194,-0.8155545767519191,-0.4177100137496096,False
6195,-0.1670503987053449,-0.8874502370513603,False
6196,-0.0966171131810656,-0.2885096198428827,False
6197,0.6688872912406213,-0.9158930536870208,False
6198,-1.3713675843480655,-0.3128696616918071,False
6199,1.5674225502660712,-0.999168415712392,False
6200,0.4654298145035726,-1.0329981844502802,False
6201,2.085696324233419,-0.8172403331008613,False
6202,-0.7301261471326475,-1.2388435359861132,False
6203,1.6388279548843965,-0.9866431540279628,False
6204,-0.8873685105508424,0.3486759189940691,False
6205,-1.5834607521446329,1.005165369032021,False
6206,-0.4495095955506563,0.9129844185202648,False
6207,0.6689848076248556,-1.513368650021257,False
6208,0.7464211619561337,1.179061281000314,True
6209,-0.7395258000054669,-1.0553913334128109,False
6211,-1.5953776927033323,-1.9683409492564912,False
6212,0.3496171437269822,-0.1247609272687312,False
6213,-0.2224014394391712,-0.4098464970448721,False
6214,-0.3703801306502841,-0.3704158445949826,False
6215,-1.303773325287925,-0.3864523136673788,False
6216,1.558716285204235,-0.7048850020533244,False
6217,1.3585508294534243,0.7701780843419705,True
6218,2.7347292170016098,-1.0950880576694546,False
6219,-0.0735360855951138,-0.5318288424828431,False
6220,1.609158413440566,-0.3069116479695499,False
6222,-1.1937252101291445,1.5827098734371634,False
6223,-0.3680714176075058,1.565002107368119,False
6224,0.112231925297336,-0.8388093308087097,False
6225,0.7209388756253461,0.7796998476255009,True
6227,0.5596424057455999,1.752274637315553,False
6228,-1.0773531245570669,-1.3383534091815217,False
6229,1.227422549745084,-0.5624599731634358,False
6230,-0.7312254640063647,-0.9656472809162682,False
6231,-0.3536681446556841,0.7801672477947885,False
6232,-0.1670777708680566,0.6923465218027698,False
6233,2.2307268298297163,-0.6638522068012833,False
6234,0.5598581707497863,1.7188424112318064,False
6235,2.0804645811204456,-1.0143505374837851,False
6236,-1.1263630508815266,-1.6954706506486144,False
6237,2.189027877514383,-0.4081370090597633,False
6238,-1.5075896566094686,-0.2553505481360361,False
6239,-1.810514907165896,0.4263007668135025,False
6240,-0.0410409219017088,1.094279402057942,False
6241,0.3441846256249227,-1.1279347301745657,False
6242,-0.1750090521436343,-0.5723983121842011,False
6243,-1.6400719345285104,0.4941847887830352,False
6244,-0.6905266372211887,-0.7659581168551518,False
6245,-0.4034009946690444,1.5153074376262738,False
6246,0.3687170192442958,0.920332256756063,False
6247,-0.7478059748486141,-0.8446211044672802,False
6248,-0.099358252999672,0.7537003847458617,False
6249,-1.530900775435619,-0.2276935304931152,False
6250,2.398031302841997,-0.0971244294566545,False
6251,0.8846795564142061,-0.6977426986193133,False
6252,2.532608974384784,-0.6646122357154953,False
6253,-1.3149546947640038,-0.8192188457833882,False
6254,1.511911558151413,0.0129657360283612,False
6255,-1.0992064662515248,-0.3973674587507128,False
6256,-1.3297103493344735,-0.6972916335725088,False
6257,-1.2753815128124666,-0.3004079729617022,False
6258,0.231813992186769,0.8905252909648655,False
6259,0.9789544885527556,1.145953107780065,True
6260,-0.4322627946084215,0.9788943954918796,False
6261,-0.418465147010789,-1.0466393709377373,False
6262,-0.1644762108547013,-0.2403952494839974,False
6263,-0.9348664159392048,-0.135583245795439,False
6264,0.6731002345381749,-0.9325521711398924,False
6265,0.5172123960824814,0.4472441323053827,False
6266,-1.2269789237496451,-0.0799284251910349,False
6267,1.670043711036453,-0.4660435367099118,False
6268,0.3260867629229552,-1.3293681928090149,False
6269,1.9305098887104115,-1.144362004440305,False
6270,0.2958379452202404,0.0799989568891228,False
6271,1.216413567968005,-0.7478323559363114,False
6272,-1.842060688557257,-0.4712505124977483,False
6273,-1.458875392905311,0.0260175538651689,False
6274,-0.6716134205373007,0.9895841927078682,False
6275,0.8425435266634922,0.5745121908064607,False
6276,0.6076664313049408,0.5941233737871671,False
6277,-0.6803527251415158,0.9772960898517284,False
6279,-1.3195066689739632,-1.0957526727369802,False
6280,1.618848824085166,-0.5158948216460979,False
6281,-1.2648070311541366,-0.6156600091077424,False
6282,-0.6799866483895031,1.5399430479235912,False
6283,-0.7338866905181453,1.0777185879638744,False
6284,1.0674644456865454,2.322844697251345,True
6285,2.442097699377592,-0.6339817014190376,False
6286,-1.4107701730965234,-0.4590441722227377,False
6287,1.3549212060537208,-0.9323969652114192,False
6288,-0.6891954038527235,-0.7015721572998384,False
6289,-1.4884542649819137,1.1276744663762188,False
6290,-1.4694331408288728,-0.9280061970571972,False
6291,0.6743114361535141,0.2921192101515504,False
6292,0.3194770223437181,0.9457553354065072,False
6293,-1.6707148502353162,0.585270052333054,False
6296,-0.4447337005381025,-0.7247934894219059,False
6297,-0.1354841091466486,1.5043839520757345,False
6298,0.2265778788450456,-0.7181407901004864,False
6299,-1.043108774354422,0.1200374074032893,False
6300,0.7307870074738715,2.022866483852384,True
6301,2.216079540165976,-0.8573134627811991,False
6302,-0.8929349557208682,-1.4834607407341602,False
6303,2.37436593615113,-0.1179134895371265,False
6304,-1.3945221012254865,0.7476755417163665,False
6305,-1.8408299443797007,0.7580726861502642,False
6306,-0.7474290465395853,0.7613675279648319,False
6307,-0.3611475978090769,0.8586461398289161,False
6308,-0.0508061046119432,0.4111131527791633,False
6309,-1.342790119688418,0.2691716662208299,False
6311,-0.2399326855260855,1.0226454226231196,False
6312,-0.0916452142487365,0.8071305540954568,False
6313,-0.4005089894856649,-0.1488159235711045,False
6314,-0.9245174263804904,0.5315486103112883,False
6315,-0.7319119931214678,0.9562122925759756,False
6316,0.4277145272110912,-0.6671791343131882,False
6317,2.348563046924804,-0.7698631042304309,False
6318,-0.1374016271012872,0.2759729909332186,False
6319,1.2699424966294508,-0.9115155395675026,False
6320,-0.5624414590111001,-0.2425599462192804,False
6321,-1.0283622835855328,-0.9854706455107268,False
6322,-0.2928498495099499,1.512328443160092,False
6323,0.6247262253319504,0.704824898927736,False
6324,1.1252543320519963,0.1290823124406793,False
6327,-1.004305456456796,1.15274156279237,False
6328,0.0702900784446034,0.5667395676492768,False
6329,-0.9577573173299808,-1.063376068979734,False
6330,0.3131886552342991,-1.1129748129327863,False
6331,-1.0140973898987375,0.1942970834943985,False
6332,0.4101304930815109,1.610711735703234,False
6333,1.9161232195850115,-1.3377447220743444,False
6334,-0.5507417136724032,-0.3734517555957685,False
6335,2.7288572497142463,-0.4985887008278757,False
6336,-1.0201890917546883,0.4496939860049993,False
6337,-1.4663202325945417,0.7021093020474102,False
6338,-0.1579082996008777,1.006987352030134,False
6339,0.8504808577512518,0.6683199002414373,False
6340,0.3566068505344245,0.5090278394424061,False
6341,-1.6779747332538149,-0.0721721771737959,False
6344,-0.0495474253891624,-0.8576280125196774,False
6345,-0.0699041948883837,-0.7009580235818991,False
6346,0.3208948471333904,0.736771648073422,False
6347,-1.2965682185480356,0.0080886813834281,False
6348,1.2453010439017438,-0.7083968141061978,False
6349,2.126712621652922,-1.0032329441406826,False
6350,0.9701945336585112,-0.7263202500509809,False
6351,1.2706108084124184,-0.5652043678884984,False
6352,-0.3703176343331529,0.9186367545683202,False
6353,-2.032563110259346,-0.6272805441892182,False
6354,-0.7942336876091064,0.9288884506946452,False
6355,0.0227395107202009,0.6402413893775349,False
6356,0.5732071039526826,0.0572136168179487,False
6357,-0.3847593539679496,-0.2283884606264823,False
6359,-0.6543727184802984,0.9251510559288776,False
6360,-0.0970305602661423,0.85285024279418,False
6361,0.3855760390586014,-0.6777846355718512,False
6362,0.2252836791540758,0.4398289731237698,False
6363,-1.2111993329444477,-0.3259558241398447,False
6364,0.3233002374214596,-0.2781500083620115,False
6365,2.4734472143062067,-1.13968014563261,False
6366,1.2494165589155335,0.0209085292846566,False
6367,1.755077922444913,-1.3466689059772046,False
6368,-0.9080229765329816,0.9452893415052764,False
6369,-1.8227059454648096,-0.4898159066243331,False
6370,-1.7962678387439004,-0.7249404553675194,False
6371,0.3404602543833395,0.9835496993059264,False
6372,0.1162155755378853,0.2909848890357168,False
6373,-1.2417562482958713,-0.1423321850876554,False
6375,-0.7768742564871434,0.3128386162370042,False
6376,-0.1979186015247155,0.9491017865888812,False
6377,-0.7592652879825189,-1.5943031561290066,False
6378,1.1856036885007433,-0.9131749670787772,False
6379,-0.3441453910752531,-0.8581561881785476,False
6380,0.906964774171616,-0.3690514873795734,False
6381,2.0124959255853625,-0.955187549737764,False
6382,-1.23878629223426,-0.3427495780487125,False
6383,2.046513930931193,-0.201389490122954,False
6384,-0.974100098631956,1.087559394987373,False
6385,-1.7401835549821958,0.2335394121700582,False
6386,-1.0560371408371738,-0.1338396314155444,False
6387,0.2644097182908886,0.1439211299844801,False
6388,-0.259349459265068,-0.0181729408654024,False
6389,-1.2456848098454198,0.7328526050171005,False
6391,-0.8955156307889218,-0.4664698928006004,False
6392,-0.041291149584599,-0.2859335218098492,False
6393,-0.5878464860673224,-0.9282737281807112,False
6394,1.133922099376873,-0.9595596160684748,False
6395,-1.1166796103568384,-0.5863203003099269,False
6396,0.7813614226019306,-1.026432282105307,False
6397,2.81715285750039,-0.8131601516461944,False
6398,-0.8375274078837621,-0.5264880502998762,False
6399,-0.2753340082341186,0.8187129324852513,False
6401,-0.1957296362579406,0.970012869456417,False
6402,0.0412057957459192,0.6531107057079293,False
6403,1.2530283577789525,1.1623806092086215,True
6404,-1.0189809444766988,0.26929307677102,False
6406,-1.855248712422836,-0.7446314779743118,False
6407,-0.5980645380816896,-0.4161956876034484,False
6408,-0.9780144424407275,-0.5676391771987502,False
6409,0.0532068016215045,-1.0341190527690949,False
6410,-1.2307034566476172,-0.4307742106030535,False
6411,0.809459552627281,-0.9232662862529804,False
6412,2.021750052031755,-0.8467778963179482,False
6413,-1.1513363251528583,-1.3505102037350758,False
6414,-0.4034086032456681,1.2725576350790009,False
6416,-0.3029831638081829,1.5738470683061825,False
6417,0.0474754910259902,0.3849247893360826,False
6418,1.6228135379835076,-0.6764607235746609,False
6419,-1.3958671394628688,0.8548807764081072,False
6420,0.7240109845512442,1.538536783764903,True
6421,-0.6355831096805695,0.869770796897672,False
6422,0.5878551299998924,-0.43364786153568,False
6423,-0.618244696252152,-0.4749212898590223,False
6424,-0.418048968896936,-0.3363759774504592,False
6425,-1.2613077532393318,-0.6587789029485362,False
6426,0.7720766174642697,1.400022854721016,True
6427,2.0791493146123847,-0.922990986544428,False
6428,0.6209966943064746,-0.7780956674676278,False
6429,-1.1565890502357927,0.06730329788779,False
6430,-1.195760206520282,0.0960503416206821,False
6431,-0.4929210547144393,0.6939383246407829,False
6432,-0.251886764220433,1.0663005834851482,False
6433,-0.0804889884343142,-0.2257383189749656,False
6434,-1.5167488819563055,1.1613102924605914,False
6436,-1.3298364048883418,-0.9986832760644572,False
6437,-0.0893948726117211,0.774880746527685,False
6438,-0.9217232528104902,-0.4172895560143822,False
6439,0.3763202196619544,0.6864691229847076,False
6440,-1.166022623142296,-0.6090852673389149,False
6441,1.3045859995575495,0.7777498733611484,True
6442,2.000185194491049,-0.6017392486298099,False
6443,-0.834408554864536,-0.5886466883970165,False
6444,-0.8336715803497153,0.879108916287245,False
6445,-1.576979068396433,1.2559158697721964,False
6446,-0.8238215328080837,0.9201063026474358,False
6447,-0.3405273351113321,0.7384873384091882,False
6448,0.502793903992274,1.1833042170266677,False
6449,-0.6656277854998058,-0.037920499373385,False
6450,0.7084597250524934,-0.011813987838038,False
6451,-0.7062276222832607,0.863478953465064,False
6452,0.9933477907097544,-0.062596194003313,False
6453,-0.3547412446195198,0.4343208686319325,False
6454,0.4678938927915308,0.8223755344269328,False
6455,-1.2647233472219632,-0.7473521152116429,False
6456,1.0720696825507867,1.050975889542754,True
6457,2.3785430250739887,1.0574416658676005,True
6458,-1.137825141117455,-1.106564008709069,False
6459,-1.226392159906706,0.4365271631963814,False
6460,-1.4292336640218617,-0.0315876037516958,False
6461,-0.6595656945310411,0.521395852426789,False
6462,-0.0698958836904075,0.5908344175070638,False
6463,0.6837068675037474,-0.5009974170326529,False
6464,-1.2086128000337066,1.4009971573619413,False
6466,-0.5930268709847188,1.2904319029251194,False
6467,0.3132626391539553,-0.318650400280432,False
6468,-0.6965049148806972,1.4084187246497684,False
6469,-0.7962929935757541,-0.3313905746799411,False
6470,-1.4559097537129917,-0.2871020702852302,False
6471,1.0849258793475889,1.903696581331849,True
6472,2.2365432238145906,-0.8044984026325491,False
6473,-0.0608176097930922,0.2590000776630383,False
6474,-0.3684690189110146,1.2791558531243783,False
6475,-1.8727638022514848,0.54854332487641,False
6476,-0.944923407711918,1.2104313190532194,False
6477,0.621176221292589,1.162527202549301,True
6478,0.2293617956669013,-0.0456563007965209,False
6479,-1.45115651267621,0.3638466189244438,False
6481,-0.8620895832318004,0.9123422278559236,False
6482,-0.520151391577066,-0.1650433045301223,False
6483,-0.4885293516096898,1.2387794897056672,False
6484,0.1583296837807188,0.4988563688573282,False
6485,-0.7933393699949098,-0.9132501020386512,False
6486,0.3837005903162873,1.7688255090526526,False
6487,2.097191531708356,-0.8034163094787556,False
6488,-0.2363879327959013,-1.4046370270760196,False
6489,0.083151260922596,1.0921464639617513,False
6490,-0.9510217158884426,0.9962597961936251,False
6491,-0.9560013978109676,1.1145769115481343,False
6492,1.2574048239858313,0.48254456881968,False
6493,-0.4251776563386036,0.172179183874124,False
6494,-1.4555287120252396,1.1257134846986534,False
6496,-0.8720834781945066,0.7731555848112904,False
6497,0.268590382515269,0.5694604390106486,False
6498,-0.7763951838855954,-0.7643792805032392,False
6499,0.1067816080792037,-0.4589584642085555,False
6500,-1.6760103520137888,-0.5842210561884118,False
6501,1.3175999224711588,-0.8082577519725539,False
6502,2.020892988107944,-1.2628774295603218,False
6503,-0.9083227082182448,0.147565561026972,False
6504,-0.902696705837716,-0.0082446396430456,False
6505,-1.7086287150895376,0.2063796938830817,False
6506,-0.7272123891336112,1.049729824861135,False
6507,0.3165065612521818,1.0888591536153744,False
6508,-0.1021727686805915,-0.3724969947797543,False
6509,-1.6103358817547968,1.1707044670617623,False
6511,-0.6747920807758433,1.6236143725365408,False
6512,0.2160548850534102,-0.3209048957144584,False
6513,-0.8882740467021394,-0.443486063989941,False
6514,0.9908485825870564,-0.646349588363072,False
6515,-0.9394969279088567,-0.1826325655748559,False
6516,0.5237452703786784,0.940892377715576,False
6517,2.763037569287682,-0.8397066486463478,False
6518,-0.9423832786533262,-1.3500104450759598,False
6519,-0.9918114849408428,0.5783152156099595,False
6520,-1.2005982225458651,0.2606337886876791,False
6521,-1.5042940035453256,-0.8559431462564024,False
6522,0.6096680527033669,0.3915080506993937,False
6523,0.09847295774556,0.9861622330572912,False
6524,-1.5819941979891965,0.6984434367667944,False
6525,-0.4094303846092077,-0.3009667765945898,False
6526,-1.235532379887467,-1.099261710401124,False
6527,0.1322242935098878,0.0174410979991274,False
6528,-0.6138086566811768,1.469348891396315,False
6529,0.1857143187735118,-0.9479106486775096,False
6530,-0.6265058252074269,1.316875378002572,False
6531,1.1573208582843824,0.8121394484526885,True
6532,1.83602271871613,-0.7061400512988713,False
6533,-0.6348726939232264,-0.8349362339156987,False
6534,-1.2041464684209542,0.3404975122875526,False
6536,-0.416445107325001,0.1446907136083997,False
6537,0.1633771294110847,0.9005095589723286,False
6538,-0.5864941689081311,-1.1016205890601218,False
6539,-1.4039234558423004,0.6163195406499228,False
6540,-0.0618190474831751,0.5366583693494716,False
6541,-1.0773340396717574,-1.2846800420106286,False
6542,-0.2337443380971456,0.571340357739627,False
6543,-0.0934770704711842,0.925356158233246,False
6544,1.5490885210236576,0.2321466058886041,False
6545,-1.3509600804034247,-0.7642071923086149,False
6546,0.734531472430813,0.8068957952233264,True
6547,2.34961724751875,-0.7370128540263385,False
6548,-0.6257572190522056,-0.5375993590640644,False
6549,-1.2090434885424288,0.4806177735320034,False
6550,-1.5610176092082777,1.076383173897297,False
6551,-0.8726675703340684,1.6329445083705671,False
6552,0.5637225495686043,0.9005550679344054,False
6553,-0.1694563545517105,0.7725417004394302,False
6554,-1.3717725400797285,0.6302655764733954,False
6556,-0.1711738022368484,1.1714300053031432,False
6557,-0.3676556703327667,0.7290733908613914,False
6558,-0.8757612883028543,-0.2640317069480223,False
6559,0.0624682452265401,0.6052167045279324,False
6560,-0.8716426630953144,1.3239925055241903,False
6561,1.0107842233867714,1.0135026353595606,True
6562,2.0444972652839906,-1.0590206538655362,False
6563,0.9722579359497688,0.0119261743990499,False
6564,-1.07644925440514,0.4689817158081137,False
6565,-1.6734900098785208,0.9419043700801052,False
6566,-0.967242497895935,-0.1241778628798035,False
6567,0.5669813468394028,0.3463077562193807,False
6568,0.6081254001334016,0.5133930063416736,False
6569,-1.3577655169374103,0.7089491256775825,False
6571,0.2095920228716908,-0.5832456410627141,False
6572,0.7519812094914987,-0.918990577806564,False
6573,-0.8302316523213251,1.467109888446109,False
6574,-1.312079503466883,-1.7468956880926836,False
6575,-1.063107792128262,1.277032778594296,False
6576,0.5707097948697938,0.734979218541154,False
6577,2.7156321944855915,-0.796051089567366,False
6578,-0.4964478114856259,0.2789475140328417,False
6579,-0.8951930002723355,0.4721366361754883,False
6580,-1.5763449289645957,1.1375048034008026,False
6581,-0.7303028456245358,0.8957437741604196,False
6582,0.219709027864383,0.8100922678065292,False
6583,0.3260030523065821,0.6816648812228867,False
6584,-1.321015629924478,1.121413239831534,False
6585,0.3325202324524841,-0.5829914934728513,False
6586,-0.821285242114732,1.025841218065255,False
6587,0.1739368554371167,-0.0494768098815768,False
6588,-0.6413040389364466,0.8800002730476805,False
6589,-0.1568796215742401,-0.3323598963060768,False
6590,0.0095453619442739,1.5726811967969594,False
6591,0.3906494420704071,-0.7644858745025037,False
6592,2.858000225078273,-0.561821597755056,False
6593,0.1143971821100516,-1.1748440508903075,False
6594,-1.3024421476469892,0.4522142189344031,False
6595,-1.827318474996932,-0.3722348353634452,False
6596,-1.461552896362846,-0.9701083613217032,False
6597,0.6260277813268065,1.025571525767898,True
6598,0.9347254629706944,0.0104094186207093,False
6599,-1.6074456572465718,0.4566800191857918,False
6600,-0.0786549319719735,-0.5260677763086301,False
6601,-0.1828434951950256,-0.3742522549340807,False
6602,0.94437416483377,-1.2225925373165112,False
6603,-0.8832147830459408,-0.85844763537655,False
6604,0.2989504723276018,-0.1419694544049877,False
6605,-1.56886902145555,-1.0559132922166632,False
6606,0.1489382453794627,1.6638879191362748,False
6607,2.4849015711625646,-1.1029932304968904,False
6608,0.4506218240348343,0.5129705211796792,False
6609,-0.1048187401557684,1.0979779517447723,False
6610,-0.7290252881551498,1.256815648042496,False
6611,-1.4089258980955213,-0.3074463325377428,False
6612,0.8165733359750792,0.2036920467914505,False
6613,0.7735816312939368,1.1913141757501904,True
6614,-1.5668405335323978,0.5082167405779704,False
6615,0.219454336436532,-0.0135229816996559,False
6616,-0.2917453939235445,-0.3573349246765877,False
6617,-0.5053008630725337,-0.6459147319735598,False
6618,-0.5853907822798605,-0.8453872867213685,False
6619,0.2410919380609896,-0.1279899715450062,False
6620,-0.6844804780393857,0.965584629546134,False
6621,0.851049167985109,-0.9209845174815076,False
6622,1.8337371557837907,-1.020779600539552,False
6623,-0.1511600083659865,-0.9142387431904824,False
6624,-1.0191459099629423,1.571762284731265,False
6625,-1.5109904017997002,1.2404596231871805,False
6626,-1.8853117575747351,-0.7583470883022991,False
6627,0.1841796993319538,0.5816699767561221,False
6628,0.0288733776853833,-1.45730979983768,False
6629,-1.7994745757122004,-0.2340548785221157,False
6630,0.3920518615997894,-1.1419272433517418,False
6631,-1.1646809893218248,-0.937936199343586,False
6632,0.5843506576101526,-0.8024282674037017,False
6633,0.1176154563704024,-0.8079777439158653,False
6634,0.9040405900778644,-0.3873385817737996,False
6635,-0.2562658046841746,0.4507413100039673,False
6636,0.207151316304537,1.2260027599238246,False
6637,2.414596881574861,-0.5171314063607213,False
6638,-0.8619753755192704,-1.1458487725857696,False
6639,0.64726544085266,1.1023259463508754,True
6640,-1.8290556444860555,0.8870458946656437,False
6641,-1.3300551476683669,-1.4540022114849147,False
6642,0.4292918894992803,0.9260895630189308,False
6643,0.4405020598726587,1.4164459241526808,False
6644,-1.217841752513229,0.4592481089285031,False
6646,-0.4438845380233206,0.3685240086624846,False
6647,0.6609694685737163,-0.437399096678601,False
6648,0.2270234309337281,0.3800891040424857,False
6649,-0.2876457690534789,1.134033673223387,False
6650,-0.5216162954974845,1.3579158225094297,False
6651,0.788110747789366,-0.7963542198962712,False
6652,1.4564356006910115,-0.5481892532322723,False
6653,-1.3151401719696902,-0.7147563365371963,False
6654,-1.2851081127192676,-0.2581969869019842,False
6655,-1.8452671434494123,0.6674700229218803,False
6656,-0.5706420733858772,0.7009849549716147,False
6657,0.4651411349576161,0.1682452986501935,False
6658,0.0890406228470987,-1.2572139542872365,False
6659,-1.0699435593222129,0.1372351397489051,False
6661,-0.1788953685565976,-1.5690855993563253,False
6662,0.3788662533244943,-1.187096698089661,False
6663,0.4395840952627504,-0.1113386483568032,False
6664,0.3093956561680895,-0.7708769925757767,False
6665,-1.102884790316091,1.3403990719995271,False
6666,1.3348457698011729,0.8920239837008909,True
6667,2.053390038541599,-0.7367163407343098,False
6668,1.063994528215107,-0.5071318191967438,False
6669,-0.5011985482693585,1.065265218345176,False
6670,-1.390588378341907,1.4538340165112742,False
6671,-0.7450769503161507,1.6575444732282356,False
6672,-0.1549700728479478,0.4118472351680315,False
6673,-0.130596914705915,-0.4027656165527238,False
6674,-1.713088021907385,0.5954895458474049,False
6676,-0.6675249944786446,1.3994555054151143,False
6677,0.7494497670691181,-0.9164757465566156,False
6678,-0.6436563846237553,-0.5736840460338939,False
6679,-0.917448495670139,0.7190076328051831,False
6680,-0.6745509283390714,1.2457582834281486,False
6681,1.3202593768842854,0.8631690100146188,True
6682,2.182977848375518,0.1158670983359122,False
6683,-0.4661719297830026,-0.4685988353799736,False
6684,-0.1285716119410757,0.8007066100097807,False
6685,-1.5705987199970892,0.6344848308612253,False
6686,-0.7022956799075684,1.3788896691636154,False
6687,0.1370387744550754,0.5769699235289848,False
6688,1.0080893408870737,1.4245774592614373,True
6689,-1.4940737261280683,1.159121152641991,False
6690,0.2746526091626463,1.5024968735518758,False
6691,-0.8856319590705388,-0.8507501707066036,False
6692,1.488841424619421,-0.8975355958844027,False
6693,-0.2052005334493479,-0.9165739045271768,False
6694,-0.9226619250643632,0.4160610069238778,False
6695,0.5967794430063135,0.4927403077685244,False
6696,1.2893169269784446,-1.254209874097756,False
6697,2.9295412227776096,-0.3967995951914114,False
6698,-0.7994895320929715,-1.110129200409471,False
6699,-1.011558608008292,0.3140173973023448,False
6700,-1.814882175980556,0.586625370895681,False
6701,-0.6864748742399837,1.1899258036432576,False
6702,-0.1039306312270538,0.6138778635559327,False
6703,-0.6505199270780639,-0.6667340377332287,False
6704,-0.8839017689121859,0.1521894244427013,False
6705,-0.3200758666228858,1.0655106718803764,False
6706,-0.6427533030075762,-0.6012744190347071,False
6707,0.0239035365383456,-0.8778290897849934,False
6708,-0.4772417548585791,-0.8498143350856445,False
6709,-0.5249698921975106,0.6942312948818228,False
6710,-0.8553579781719436,0.8205694418907574,False
6711,0.3616747004888735,1.2253324305167193,False
6712,1.881862811493227,-0.7957064497736721,False
6713,0.5896158386775051,0.4560638409811424,False
6714,-0.5202702963795537,1.3162399173439885,False
6715,-1.8008553748180636,-0.6526703754367865,False
6716,-1.6227148672159089,-0.8880514180469864,False
6717,0.2757825736697055,0.9560465393570516,False
6718,0.7025261887610504,-0.967937047351999,False
6720,0.2552681989973308,1.4668983612733173,False
6721,-0.773568885191796,0.9127230827464174,False
6722,-0.849500960874431,-0.2865402049875865,False
6723,0.6802232978529854,-0.981465525585134,False
6724,-1.3956081970393557,-2.334200599713844,False
6725,-0.4140404208123408,0.7581260080175962,False
6726,0.8647320829978241,-0.9413836034236934,False
6727,2.8971060346138664,-0.394329682607631,False
6728,0.6276917175912686,-0.7758887381279238,False
6729,-0.6485257378870044,0.777939868574814,False
6730,-1.5031330621982666,1.2618108193673998,False
6731,-1.6758883908751354,-0.5515961205937908,False
6732,0.2404632924836683,-0.9928618099344184,False
6733,-0.0875235244441323,-0.5509281117823204,False
6734,-1.5584746401522709,0.3048983099098465,False
6735,-0.2044971578141499,0.4514524804129838,False
6736,-1.2096316151000963,1.1427885151881048,False
6737,0.9174380042288728,-0.5341212208717707,False
6738,-0.3246999317196618,0.539747270221764,False
6739,-0.698324953394493,-1.1178852301206068,False
6740,-0.5553297331403537,1.18158691247514,False
6741,0.2190977660364367,0.010396823848336,False
6742,1.6511828731175584,-1.2989945565825178,False
6743,-1.0783168915778625,-1.1289728793056764,False
6744,-0.3712892351924584,0.8076076814191991,False
6745,-1.4794675304388194,-1.48066182839586,False
6746,-0.9319479104874006,1.3368882512416826,False
6747,0.5551500202275037,-0.7147734068235885,False
6748,0.7681965359707305,0.5877097698005027,False
6749,-1.7447668860850254,0.1234995320909915,False
6750,1.0541260324832908,1.7763040682196805,True
6751,-0.3660171966942636,-0.7351402288686624,False
6752,1.03450971814067,-0.3587947650398433,False
6753,0.6282929807803534,-0.4311795749966956,False
6754,0.3991737776459899,-0.0127782384834268,False
6755,-0.4111638003629842,1.2076064092709662,False
6756,-0.1383324060071482,-0.9396158740028075,False
6757,2.5579447572870917,-0.9094512234131608,False
6758,0.0155377524519286,1.207648608670533,False
6759,-1.1968255304245543,0.4554036415885505,False
6760,-1.565187897660253,-0.3559747153563474,False
6761,-0.4678375575196458,1.633634923914818,False
6762,0.3036782842675182,-0.9484322767346752,False
6763,0.1885730342110741,0.4089946637931196,False
6765,0.2879348783849868,0.6962131223559249,False
6766,0.5441468396392868,-1.16123201840183,False
6767,0.9503379859980756,-0.3969753594735541,False
6768,-0.0648908824618012,-0.1056745527027189,False
6769,0.3913505994174495,-0.3520213291265397,False
6770,-0.3156250937127295,-0.8088930585121834,False
6771,0.0760773614084297,-0.1428483577344039,False
6772,2.048837793557752,1.5678883207245784,True
6773,-0.4553323499401294,-0.7241589913465374,False
6774,0.022699678375028,1.162545972319706,False
6775,-2.1637417754371,-0.7686561384768905,False
6776,-1.1604720782399982,-0.9645862779887806,False
6777,0.4467119249359768,0.8863069827312572,False
6778,0.6474432465563494,-1.1788983570848988,False
6779,-1.0880545541572064,0.8833740863794262,False
6781,-0.6717717219071903,-0.9392827375721928,False
6782,0.283679554832955,-0.1519912740685632,False
6783,-0.0222524801809645,-0.1767960241650039,False
6784,0.8566888233129282,1.3830614726895725,True
6785,0.2494505211989058,-0.912379881893472,False
6786,0.4764677196738452,-1.3076253257445682,False
6787,1.6505772874709137,-1.0343798698059226,False
6788,-0.1196858167918041,0.6397960336982784,False
6789,-0.6278839720136897,0.5105292972470861,False
6790,-1.611379053670811,-1.186742361274528,False
6791,-1.602922688202967,-0.0005142206722418,False
6792,0.8757072689560964,0.5553892490722774,False
6793,0.1335944061415193,0.8644730173713497,False
6794,-1.4416771253064826,0.606779186685116,False
6795,0.0982587618076091,-0.7196475661590467,False
6796,-1.3188096748613871,-1.1525278022543055,False
6797,0.7241841232661014,0.8433209238434316,True
6798,0.1011626519308864,-1.2464158405666184,False
6799,-0.5777549389376208,-0.3470456701669709,False
6800,-0.1227366438537275,-0.7416079783267141,False
6801,0.785256902881698,-1.3740194333625806,False
6802,0.4524885678675465,-0.634264997051548,False
6803,-0.7855936828594671,-0.1499182780266441,False
6804,0.2703536222100857,-0.8867776821582225,False
6805,-1.8410294067838493,-1.139434687730775,False
6806,-1.6268765744050728,-0.6675907692325128,False
6807,0.3498678266298159,-1.6824170368752531,False
6808,0.0538678593900222,0.39483227403556,False
6810,0.7418294700731062,0.8261358899874651,True
6811,-0.2876182659283085,-1.3767074865848028,False
6812,0.9789920397427854,1.25552466213159,True
6813,-0.4953550118294497,-1.2627863256720768,False
6814,-0.0210531531463937,-1.141483203341864,False
6815,-0.3047417871410339,0.6128528279437568,False
6816,0.2338845872140222,-1.011099490905808,False
6817,2.939968729667585,-0.4417794448286478,False
6818,-0.2305432344428958,-0.5280881407120436,False
6819,-0.803057904713337,0.4785919388705595,False
6820,-0.6960430750594901,-0.3265775522804531,False
6821,-2.192449313247628,-0.7781890511557144,False
6822,-0.3204166519917593,0.2553685706199207,False
6823,-0.3954310697670996,0.1062189452057335,False
6825,0.6644606848953885,0.684981070604104,False
6826,-0.112568294828651,-0.3986291585253747,False
6827,0.3817961572558013,-0.2870084798669047,False
6828,-0.4365147671203583,1.059313823422647,False
6829,1.0488781521334216,-0.7549887441088827,False
6830,-0.5612992295470421,0.8631940629303442,False
6831,0.0271732253277617,1.5967552246153516,False
6832,1.9060006841073869,-0.5524300255404817,False
6833,0.5755995499607088,-1.169276137815987,False
6834,-0.8003340928886971,1.0115226343535393,False
6835,-1.481715571157658,-1.0085767464940625,False
6836,-1.6879354775430973,-0.77975712417158,False
6837,-0.0386961414856105,-1.5264628169159598,False
6838,0.5932062014661517,-0.7596750123378367,False
6839,-1.5055167039160602,-0.1129609140145335,False
6840,0.1833787406740833,1.3596532977273077,False
6841,-2.054402564593204,-0.893348067586389,False
6842,-0.2679299413306042,0.1047676847932116,False
6843,0.2712314809862251,-1.02705385062582,False
6844,-0.7514537566800646,-0.1457146445684036,False
6845,0.7666291395239785,0.7525905669422105,True
6846,0.4702355105333727,0.4175596045903361,False
6847,1.9156664432257813,-0.4095865967846581,False
6848,-0.9212981010966508,-0.300178178884107,False
6849,-1.1251010061230224,0.46649632982799,False
6850,-1.5720521408465091,-0.8015938966525966,False
6851,-2.226006078851163,-0.6845234455491795,False
6852,-0.299963129438449,0.0586178146717931,False
6853,0.0153025696390263,-0.0639051415931732,False
6854,-1.6141920416546849,0.4645087235357522,False
6855,0.7745903095953528,1.5485331986688438,True
6856,-0.749880089928524,1.2726548869860443,False
6857,0.3414862374377469,-0.5397977510371766,False
6858,0.1821264718589277,-0.3920833484036806,False
6859,1.13574213549209,1.475892076572089,True
6860,-0.9925716532428732,0.812859691486595,False
6861,0.7172013181438255,0.3995273152413229,False
6862,2.577257193669412,-1.1708521208625955,False
6863,0.3598791117996524,1.003823332914051,False
6864,-0.4043209978829706,0.1184253074358883,False
6865,-1.2097848075796418,-0.0738913917575453,False
6866,-1.4628258906351046,0.1714193327018762,False
6867,0.5858620071821798,0.9893806227730528,False
6868,-1.6783845558391297,0.2761113020764583,False
6869,0.5363806960653549,1.7226736818626696,False
6870,-0.3516805837521918,0.2633353509265562,False
6871,-0.1495863561952869,0.5819436593283914,False
6872,-0.4187717193994305,-0.8171587009346086,False
6873,-0.6581203106277697,0.6117840143783427,False
6874,-0.4629774768693422,-0.8201025940514257,False
6875,0.8259368142627973,-0.873170627328153,False
6876,2.878480597151113,-0.3955089860849885,False
6877,0.7277737131497444,-0.7601819074954286,False
6879,-1.4373553429219026,-0.2001996974557448,False
6880,-1.7911458972611989,0.7137737355099681,False
6881,0.6264373352727577,1.1268843239983304,True
6882,-2.0330168116187237,-0.9792467500338432,False
6883,0.1485830201902495,0.5414222311547594,False
6884,0.2040194220831829,0.3097430604510356,False
6885,-0.3881460640087676,-0.8383617688063174,False
6886,0.1995359673535797,-0.2479826627668632,False
6887,-1.526968111272553,-1.5691952340838802,False
6888,-0.3024893870764746,-0.5923413473019387,False
6889,-1.3126776579018895,-1.480819357586172,False
6890,1.885038969094082,1.2710683307459478,True
6891,0.0435328905576823,-0.9896480403930162,False
6892,-0.8257441103306922,0.701561453261554,False
6893,-1.338858712645236,-0.220770822744212,False
6894,-1.6492922653980575,-0.873352399278991,False
6895,0.6923729321893697,-0.286065370533115,False
6896,-1.6094277974217246,0.152529234107318,False
6897,0.8143550049081084,-0.9428141531701064,False
6898,-0.2528186505206169,-1.1379072624788509,False
6899,1.3336289446228546,-0.4196989024510011,False
6900,-0.0985138846536838,-0.2227521445159203,False
6901,0.6396976213726466,1.358746599687575,True
6902,0.2518113858290819,1.1729362237348075,False
6903,0.8243172729283653,0.7600914248642983,True
6904,1.7336410391173205,-0.8704995795811572,False
6905,0.0131285825338441,-0.5109553944258935,False
6906,-0.4677812980792015,0.2154768567748659,False
6907,-1.8056122280703013,0.628818376551266,False
6908,-0.6508909908773006,-0.1192709031850773,False
6909,-0.7410279139158298,0.003305463782853,False
6910,-1.2979253492461302,0.5785144005907035,False
6911,1.4386444699090188,0.9473307332216732,True
6912,0.3125877927647935,-0.5184722441927379,False
6913,0.3053581913621407,-0.8883159186104279,False
6914,-0.1272190111940045,-0.2295754722230764,False
6915,-0.4245972802182996,0.7187804618298838,False
6916,0.1162576843762236,0.175862866427797,False
6917,0.0932512362741433,-1.1482681996202777,False
6918,2.126060941523061,-0.6247169702199245,False
6919,0.2460752993670958,0.3325667600415615,False
6920,-0.4576427411056258,0.3221553951206395,False
6921,-1.1967867560813708,0.1018482683916347,False
6922,-1.587120665596239,-0.5082986661964366,False
6923,1.7618530089130573,-0.6724899959750551,False
6924,-1.1117384246558524,0.1976554488829862,False
6925,-0.6647253879233511,0.9686868709600732,False
6926,-0.4770121903407252,-0.0671517618713891,False
6928,0.0430976262019536,-0.3821531288032033,False
6929,0.377336118218861,-0.4334607848677996,False
6930,-0.7021712557767006,1.0833978172972645,False
6931,0.297777814119023,1.0562425171796623,False
6932,1.9947352033608967,-0.8494426348459636,False
6933,0.2970246325970384,-0.4806800554961278,False
6934,0.3865265435004475,-0.1740020787754865,False
6935,-1.9313760018988584,-0.9022960272344644,False
6936,-1.4740387373165014,-0.4060348261083734,False
6937,1.3677807378117182,-0.1434147475557717,False
6939,0.6364452334432619,0.7296797697634461,True
6940,0.6672185248612804,-0.9154397563981526,False
6941,-0.0219809302769409,0.366569273072697,False
6942,0.1656974056405824,-0.4614555346739202,False
6943,0.1670322699523644,-0.4955502659060321,False
6944,-0.7385843345964436,0.6065674805628356,False
6945,0.4884367047864749,0.4671068597121607,False
6946,1.6845917571107252,-0.904282842925802,False
6947,0.1826985685792681,-0.1804601261783657,False
6948,0.6036168801557141,-0.5169424309168369,False
6949,-1.0403225930149396,-0.9835177477463988,False
6950,-0.7956772029450531,-0.7649822190237567,False
6951,0.1289435682287442,0.548783260947194,False
6953,-0.1662989375642144,0.7018984958867149,False
6954,-0.6186308990309196,1.1354859125404486,False
6955,1.5289204178324156,-0.4229192592145504,False
6956,-0.096036111116114,-0.3326576918407659,False
6957,0.0256985317589526,-0.0482670653544759,False
6958,0.906630255639586,0.8879921646904289,True
6959,0.8949343060739772,1.0544821987835769,True
6960,1.921816767158024,-0.5474823701581082,False
6961,0.9888280329021808,-0.8014594298705799,False
6962,0.4569782004487852,-0.3118295376321919,False
6963,-1.6891706737046823,1.011473524354818,False
6964,-1.2880930739443783,-0.550011817564867,False
6965,-1.8589164802202844,-0.2119909630091634,False
6966,1.2587102007111046,-0.4357678202080488,False
6967,1.185598322912388,0.9150818584656316,True
6968,-0.1553337435093184,1.6125120420708756,False
6969,0.5693178487003004,-0.3396515978816347,False
6970,0.0889240598322744,-0.6802852316141992,False
6971,0.8865972182194635,-0.7940045498095003,False
6972,-0.2718401874818699,-0.8022905279945038,False
6973,1.433989840758363,-1.0447924842963867,False
6974,-0.2064087302779985,-0.6673986872969511,False
6975,0.8447600666051795,-0.7597255961529965,False
6976,-1.6585053888129562,0.8103245371435832,False
6977,-1.0471641960782725,-0.342482605542269,False
6978,-1.6853883206771745,-0.6109581010354108,False
6979,0.1420580214804773,-1.0960233897134513,False
6980,0.3209956269290784,0.5178726899390843,False
6981,-2.4248289670769725,-0.1710271473726167,False
6982,0.3516134201948206,0.7910511196976597,False
6983,0.0672265035494819,-0.6388675294897185,False
6984,0.6330932088750246,0.558226963776687,False
6985,-0.2406400519289179,0.8473954168265676,False
6986,1.65242995459829,-1.2749617409419685,False
6987,-0.3111800938512561,-0.2433506602998846,False
6988,0.1160672879610432,-0.6062791178775476,False
6989,-1.608488418288492,0.9433036855337747,False
6990,-0.4309976733062428,-1.1384056634511976,False
6992,0.5411463887869961,-0.4537250195407872,False
6993,-0.1578426993925784,1.0768928108375275,False
6994,-0.8614761871748777,0.678154338391404,False
6995,0.558632963877336,-1.6338531188620102,False
6996,-0.3866875116855337,-0.705325672830682,False
6997,0.0920469743299003,-0.1307798421266635,False
6998,-0.1467678605124633,-0.5571149807774451,False
6999,1.36630395275494,-1.0932778744034073,False
7000,-0.1516160145485975,0.3908394518020172,False
7001,-0.7322266058721287,-0.0390804391659442,False
7002,-1.6645997703039028,0.7435094137446818,False
7003,-1.4375574131693438,-0.4525313911859953,False
7004,-1.5637170869871606,-0.2841632721168441,False
7005,-0.1736412795591169,-1.2605768054066484,False
7006,0.8047336279210057,0.9677451580719244,True
7007,-0.8993244028014028,1.1308024384688533,False
7008,0.7193072304153826,-0.6792756695214313,False
7009,0.6501140915089451,-0.450634695872134,False
7010,0.9233976987144368,1.62162788228473,True
7011,-0.241616963580605,0.7989396583652826,False
7012,2.392858257063387,-0.6877092157478364,False
7013,-0.1643471584210435,-0.8579847933188077,False
7014,-0.846895596235859,0.9044293325937424,False
7015,0.3886185270406362,1.0914416778827365,False
7016,-0.4410536310706551,1.3128341107060717,False
7017,-1.6252598628662025,0.1033064843513762,False
7018,1.16143763115446,-0.2094010809689713,False
7019,0.1737607244965558,0.6167343606426327,False
7020,-0.6775115773812682,0.4715903821346491,False
7021,0.6655671456377193,-0.5273053110437718,False
7022,0.2492014463918295,-0.4366578147008109,False
7023,-0.3278360987984722,0.7560885328447273,False
7024,-0.296233130027666,0.8583303107072313,False
7025,1.8786112578451384,-0.3644467298518885,False
7026,-0.5270031207969164,1.636818949168671,False
7027,-0.8301470530116631,0.8413352520690168,False
7028,-1.588192655830291,0.8120022823496343,False
7029,-1.5950019397683777,-0.1622501445434342,False
7030,-1.25873191472708,-0.3276410235537395,False
7031,-0.1860812157093535,0.917490427684072,False
7033,-0.9588038762032468,-0.9253988034005024,False
7034,0.0576175845482461,-0.6865755965928201,False
7035,0.1742055736703731,-0.5970964991849781,False
7036,-0.6564717035391726,-1.084976192535661,False
7037,0.1595217824161993,0.951620661068294,False
7038,2.8034809270638275,-1.527152294853773,False
7039,-1.071532163872402,-0.7196085891514151,False
7040,-1.3674894294001556,0.3961704859837009,False
7041,-1.5183236014966055,0.9762310616446596,False
7042,-0.3141232121379621,-0.732024133845871,False
7043,-1.7448504507772724,-0.1886153183044394,False
7044,0.6315043743094467,0.2319509550901405,False
7045,-0.5167424969967386,1.456389643868292,False
7046,-0.8134791221861569,-0.1260804850317325,False
7047,1.3339038970954111,-0.9102378112633582,False
7048,0.1531347111184639,-0.3562191122150484,False
7049,0.2873657918681271,0.2590863492031343,False
7050,0.5848893935356917,1.16627615833085,False
7051,2.70414626402047,-0.2589799250413533,False
7052,-0.6803695959524909,-0.5079082457738126,False
7053,-0.7786285058303124,-0.9164217432070676,False
7054,-1.1577978803731537,0.4076708313628668,False
7055,-1.4914264820753196,-0.2360719940520714,False
7056,-1.5512891216017954,-0.2665814651640783,False
7057,1.0825939035594838,-0.4155802415716618,False
7058,-0.1127618677872456,-0.5611631343530935,False
7059,0.6167082101879293,-0.7818939686266374,False
7060,0.1545724245996258,0.6150159108774678,False
7061,0.0709293121591192,-0.4557941468515011,False
7062,-0.3472727105368524,-0.4040003315206986,False
7063,-0.1326180283763341,0.8627487786835496,False
7064,1.14538765177868,-0.9569067630188,False
7065,-0.1427957624183279,0.2400475058303436,False
7066,0.6598053123885494,-0.3163844663522051,False
7067,-1.994169177649638,-0.9127940785397504,False
7068,-1.9365440341843256,-0.3517750512993324,False
7070,1.6248101772323391,1.0110638336707858,True
7071,-0.6252165733453225,-0.1228136106454493,False
7072,-0.7399431733574228,1.112687950687996,False
7073,0.9193719920734472,-0.6198515875747372,False
7074,-0.3378631219673783,-0.4879627477954164,False
7075,-0.2439933556897602,-1.3365392034350931,False
7076,0.2856592373948154,0.8195557291637507,False
7077,2.058996169186916,-0.7900346646276635,False
7078,0.160612059967792,-0.8190374947933071,False
7079,-0.1127662305135962,1.0198461405909676,False
7080,-0.9008782373427492,1.533503160889945,False
7081,-1.7483392955525854,-0.3626755045176303,False
7082,-1.704781367551419,0.2770994849745174,False
7083,0.5709884578880083,0.017055773811387,False
7084,0.9479800261958784,0.8347608864078644,True
7085,-1.6560096033658336,-0.8056084055468067,False
7086,0.2712669535948559,-0.6494254059892793,False
7087,0.1507688280596449,-0.4713282582339172,False
7088,-0.0958609608575329,-0.2432703846435112,False
7089,0.1357551933695758,0.938890295904771,False
7090,2.699784841255479,-0.8733407281239085,False
7091,-0.6880582178519593,-0.9038906600798624,False
7092,0.2617278029450582,-0.2801870399563866,False
7093,-1.2768853921554306,-0.3737352538748886,False
7094,-1.7850276412813426,0.9330427064079518,False
7096,-0.3833491564811806,-0.7212275735899871,False
7097,-0.4184557624919985,0.0272126364694581,False
7098,-2.359638458815098,-0.5327350342047468,False
7099,0.0757053922683941,-1.382482204750668,False
7100,0.4254945415727216,-0.8597281790358096,False
7101,1.8654661157334207,1.118385536486019,True
7102,-0.1795137990779314,0.8140041401070215,False
7103,1.5326771699642543,-0.7518568739703966,False
7104,0.1101242507029151,-0.3177961372080682,False
7105,0.1589070365821487,-0.4840845112107721,False
7106,-1.5892925571495446,0.2750646793699797,False
7107,-1.5448421226355329,-0.5949894921775366,False
7108,-1.6936444820942012,0.551448640906024,False
7109,1.153457288515481,1.5608409541632988,True
7110,-0.4901589199335645,1.0300748790868264,False
7111,-0.3219036677883942,-0.3398877259535763,False
7112,1.05087648109337,0.1032094847430801,False
7113,0.1148616619896878,-0.6664097143368277,False
7114,-0.0139326723782752,-0.3079664372961888,False
7115,-0.6879526170728298,1.1903222184656286,False
7116,2.4701450844616333,-0.4059620851561956,False
7117,0.2742298224301058,-0.312650189366896,False
7118,-0.4946078012921093,-0.2175675031218178,False
7119,-1.6920294808642533,0.0483346283204153,False
7120,-1.435432694914186,-0.8819169077451858,False
7121,-1.6260120133291929,0.6771764454749803,False
7122,1.5793058037379,1.0119681175500792,True
7123,-0.4036135606273517,0.5311168710452957,False
7124,-2.141344248882831,-0.5495493180184337,False
7125,0.2494762638800995,0.0058842533214495,False
7126,-0.0590252268605146,-0.1073187211451605,False
7127,-0.0547326162278665,0.1733212856642403,False
7128,-0.5289775424594857,0.7449866021454262,False
7129,2.1385119558456096,-0.665595575574659,False
7130,0.2446385948921968,-0.8549270201617218,False
7131,0.0484572351043426,-0.6052231308067919,False
7132,-0.6676980012773981,-0.2899919535155006,False
7133,-1.4286812211851945,1.13487064574836,False
7134,-1.7218990338812834,0.0553698531184514,False
7135,0.7654762495855574,0.4566110793032976,False
7136,-0.5039331116817847,0.4750386641719655,False
7137,-0.3615526115453429,-0.5515423893077044,False
7138,0.2155363374619452,-0.1365843401992367,False
7139,-0.5617756639974539,-0.4740267963180046,False
7140,0.2676352986311778,-0.3622470847876277,False
7141,-0.000899829405451,1.0337313335182876,False
7142,1.504948894861272,-0.8599402808935592,False
7143,-0.8782877655245511,-1.1000746979284373,False
7144,-0.0698494907312831,-0.5492642144856811,False
7145,-1.4870341174532993,-0.9258882185948908,False
7146,-0.9660330091148664,0.2420728699373493,False
7147,0.3743227304495368,0.4538212071643174,False
7148,1.553824879737859,1.2225311404995458,True
7149,-0.6305258213637419,0.1280449001440333,False
7150,-0.4456548122788394,1.11008843913681,False
7151,1.5656357784196513,-1.02878400408628,False
7152,0.0794799998671521,-0.5295604708369875,False
7153,0.0381811069462335,0.647779122693081,False
7154,0.4930267368175454,1.0735357088610031,False
7155,2.118596358572549,-0.4021201665681082,False
7156,-1.02519201537395,-0.7090605714247368,False
7157,-1.1604304601058564,0.6082953175697277,False
7158,-1.303722356161458,-0.5979605258549744,False
7159,-1.5728202668232014,0.5602471587096001,False
7160,-1.2530421434255452,0.7084755243677405,False
7161,1.9335811807557648,-0.8610057334409986,False
7162,0.745155103779719,0.6406062987588226,False
7163,-1.6353011421384331,-1.570370269447482,False
7164,-0.0109440639147604,-0.7012498797373291,False
7165,-0.4403279916307734,-0.443382214888018,False
7166,-1.5120412566425263,-0.2702857558804874,False
7167,0.4665321774674186,0.907782078820403,False
7168,2.312604690847056,-1.0018244724263985,False
7169,-0.9629273033628653,-0.6394627554122824,False
7170,-0.3421752067180318,-1.1300446257716124,False
7171,-1.463585919522313,-0.2860299219044799,False
7172,-1.922929124017728,-0.2730552148244413,False
7173,-0.8247769453691491,0.748657325291416,False
7174,1.378515795782967,-0.5020671930179088,False
7175,0.3452669156042917,0.7566397420506199,False
7176,-0.260242104132838,1.2645837429047917,False
7177,0.297930259825987,-0.3155043774760227,False
7178,1.463016024378465,-1.1288796815115254,False
7179,-1.0355380535748684,0.0467432422188647,False
7180,-0.6705298345074145,0.8578554116636155,False
7181,2.9259487311857204,-0.3811618810536024,False
7182,0.4959403588670747,0.6490092606379696,False
7183,0.3559708462420143,-0.7495889593531382,False
7184,-1.6227326242479518,-0.8082191026521708,False
7185,-1.7614460025839296,-0.1857319915375566,False
7186,-1.7717651717205725,-0.510554901478073,False
7187,-0.482685997102586,0.5608110630024286,False
7189,-0.8152889116730281,1.2553663621837785,False
7190,0.1993121440117006,-0.8240449129785727,False
7191,0.0989702724224886,-0.3724583298975064,False
7192,1.0610161963921665,0.593183258815059,False
7193,-0.2268999598290862,1.104339555856673,False
7194,2.400206378529484,-0.5844948719131295,False
7195,-1.089787124754548,0.1774855555538063,False
7196,-0.938075625168441,0.6054065238187023,False
7197,0.1850283496883993,1.4737586991864482,False
7198,-1.5673492364117585,1.2082848805804818,False
7200,1.7291105388086867,-0.2632411084679871,False
7201,0.7493422952236157,0.6273025242055957,False
7202,-0.5479721672740777,-0.2382767972667159,False
7203,0.4128895580226366,0.6537579511405157,False
7204,-0.0693450176596044,-0.5348629775581811,False
7205,-0.6579151910026747,0.0610367778515611,False
7206,0.0976801282276721,0.8123032221902606,False
7207,1.732159031410187,-1.1948433842055628,False
7208,-0.8879798987550148,-0.7543532542154973,False
7209,1.2911811659547818,-0.0067922429608765,False
7210,-0.9618713913837892,0.0711282916037397,False
7212,0.6303124003201641,1.2113084952972302,True
7213,-0.0480916427071055,0.4889843735708641,False
7214,-1.9484461203997003,-0.4109580672429967,False
7215,0.4014703193863182,-0.36594313605737,False
7216,-0.5187729198537103,-0.5657155128576961,False
7217,-0.5134604093848474,-0.6524246213465299,False
7218,-0.0277156956153603,0.99488312786267,False
7219,2.5527191917795804,-0.8108056948914342,False
7220,-0.2151570375407848,-0.7465029656334823,False
7221,-0.254900424808225,-0.3626086833999391,False
7222,-1.4747478913887706,-0.8838747063270327,False
7223,-1.7185464175692005,0.8078664455907958,False
7224,0.1761251894176699,0.8962616307158776,False
7225,-0.1274855315191462,0.6641487858264737,False
7226,-0.6762959374979913,-0.7224122728156752,False
7227,0.2786785329887265,-0.4707165103679358,False
7228,-0.5482405098844743,-0.3898602695109526,False
7229,-1.1353376696503454,0.5441632248267674,False
7230,0.1593404433261691,1.3296571172173397,False
7231,1.5674074883030442,-1.1599984885529917,False
7232,0.4022799211356532,-0.480632316075046,False
7233,-0.9541084837870276,-0.8169302521315118,False
7234,-1.5838364605543716,-0.4954457651689883,False
7235,-1.229539168442197,1.0994573988215943,False
7236,0.0499175107608954,0.6392548963398783,False
7237,0.0949168414909647,0.6659565870153688,False
7238,-0.1370785119448093,-0.4983707190472653,False
7239,0.4845680082877914,0.1103085017408198,False
7240,-0.3581509808146941,-0.5129144999161273,False
7241,-1.2215490260718496,-0.4433613013907387,False
7242,-0.3793552333346868,1.234107234186753,False
7243,2.423209563414206,-0.8188081370055078,False
7244,-1.0468460236294803,-1.111157490311916,False
7245,-0.9599234928850352,0.6398355050064612,False
7246,-1.4516107962698,-1.0078304675852814,False
7247,-1.7798679963782182,-0.3548780824747048,False
7248,1.2680487874636732,-0.5975371555370114,False
7249,-0.2960450883587918,-0.7666932997168365,False
7250,1.1470832685117935,-0.9231928795158232,False
7251,-0.4247643225943132,-0.1780084256915021,False
7252,0.2503031406763294,0.112989151670273,False
7253,-0.940868403199988,1.093607687250432,False
7254,1.7441047741180775,-1.2910676619397374,False
7255,0.4315610710619053,-0.7223352971604926,False
7256,0.9012959519752908,-0.5527488245587395,False
7257,-1.7088722552288935,-0.9285963570830288,False
7259,0.5308085080003718,0.668274224025476,False
7260,0.2384607933717691,-0.5651000734382754,False
7261,0.5173707756955164,-0.3591854973518202,False
7262,0.3562976727757624,-0.3136841630035569,False
7263,-0.6036868772942994,-0.2823177751188216,False
7264,0.8333083893459454,1.7489299416533088,True
7265,2.5126626239655936,-1.2669239561241534,False
7266,-0.5689085987548572,-0.232373603176497,False
7267,-0.1554589280041945,-0.8705000372359171,False
7268,-0.9354920511115848,-0.6366060261269996,False
7269,-0.3934268502769765,0.926461185647018,False
7270,0.5961008500896433,0.717522161264046,False
7271,-2.265267152746406,-0.588251601547493,False
7272,0.3507232892159718,0.685711809981072,False
7273,-0.0713930570828388,-0.1778324967594813,False
7274,1.0193636553119785,0.8980955187221581,True
7275,0.1934517649309783,1.4992326394894435,False
7276,1.81836476386737,-0.8843455585980347,False
7277,1.621112943590245,-0.7378165172062576,False
7278,0.4440676889127321,-0.6616941667325096,False
7279,-1.593799101193478,-0.9022014082090364,False
7281,1.5713250741438214,1.0553859751077148,True
7282,-0.7775151059791848,0.6933599839767318,False
7283,0.5186332435219485,-0.4479935223570174,False
7284,0.3279752506429263,-0.5421531191478203,False
7285,-0.293595257376211,0.8758020019899249,False
7286,-0.0398971751318211,1.5898058901121306,False
7287,1.6406981604111612,-0.8968696179594049,False
7288,0.2894319869484362,-0.4299805521768355,False
7289,-1.053646442211911,0.6380984901002509,False
7290,-1.3299702623685623,-0.9259561019067888,False
7292,0.3005874262285576,0.7525445036446068,False
7293,-2.1052179534612083,-1.3776415860151017,False
7294,-0.2613733785437909,-0.0490100079113312,False
7295,0.0909605762197538,-0.3512740585533403,False
7296,-0.8964333572182759,0.4330856119969742,False
7297,0.220671543795409,1.4712018093590638,False
7298,1.3869156612044051,-0.7796722808247152,False
7299,-0.8642194801917565,-0.9619853878570876,False
7300,-1.5678252065886402,0.4911323838816633,False
7301,-1.3355647705827636,-0.9339691865109818,False
7302,-1.560753492696182,0.6522585612753018,False
7303,0.7000454359837739,0.8697452990342903,True
7304,-0.2864502639528242,-0.8485632489007173,False
7305,-0.2301945275868815,-0.1111346358571881,False
7306,-0.0086732573527,-0.249988973542804,False
7307,-0.2213462479918966,0.7794269007157658,False
7308,0.6538792369527727,1.8923405780201168,True
7309,1.83374748740497,-1.0783593281743429,False
7310,0.2781286268795628,-0.5638141312597647,False
7311,0.880327198225861,0.0495632867275015,False
7312,-0.1403342084536392,0.8382047404925836,False
7313,-1.428828267121936,0.1049228575535592,False
7314,0.2695661583894374,0.5599581081582352,False
7315,-0.2794075149652942,-0.6150818884845156,False
7316,0.4789257974856734,-0.2967603031297859,False
7317,-0.2801959158931981,-0.2227960592572901,False
7318,1.2590492138682323,-0.016093018202456,False
7319,-0.3116115933550591,1.474094269222036,False
7320,1.4677628109663283,0.919147346505945,True
7321,-0.3562186034670881,0.2436964545171981,False
7322,0.4639772657804079,-0.1857775112905033,False
7323,-0.3889809994451432,0.546239629685326,False
7324,-1.5152058289465942,0.5928968716806047,False
7325,0.961005260371158,0.6331776537839007,False
7326,-2.1031606915600816,-0.2901762225031029,False
7327,0.1663358952914397,0.7067277702552001,False
7328,-0.1583618724452945,-0.2675389811925034,False
7329,-0.0399739105554999,0.2824257222499898,False
7330,-0.1801168176776573,1.674824562860961,False
7331,1.998786271926416,-0.5759033210670113,False
7332,-0.0782811664345123,-0.8264833986652693,False
7333,-0.8324224185522952,-1.1479274201851952,False
7334,-0.249331809391599,0.8345494486148866,False
7335,-1.5457517475211957,1.378464862224447,False
7336,1.6111775823903298,-0.5665274501986759,False
7337,-0.4477407059168976,-0.8640984389853293,False
7338,0.1376151247101015,-1.0553150947667156,False
7339,-0.3930058907336279,-0.1672574248351507,False
7341,-0.5556595193048955,1.3581202551210414,False
7342,1.517991642893627,-1.139829297719716,False
7343,0.4930133823961322,-0.0542424997691992,False
7344,0.8785133221154775,-0.0048401070849473,False
7345,-0.0494290082837044,0.957793480106699,False
7347,0.2444455041344125,-0.6305880331713907,False
7348,-1.6780581520303528,-0.6174732232577393,False
7349,1.1134766465555617,-0.745900412092089,False
7350,0.0075257249016637,-0.1060897492930403,False
7351,-0.8500616283824116,0.4186218685277244,False
7352,-0.0500062033527361,1.3708807732683306,False
7353,2.600662627274379,-0.8268608601589715,False
7354,0.3211488627761037,-0.9364222355646488,False
7355,-1.3697950433978452,-0.8557266708080736,False
7356,-0.2927396360529891,0.6881181062621398,False
7357,-0.9666075057074274,0.4703809390920329,False
7358,1.626918148617348,-0.4728155292594814,False
7359,-1.7841449505072289,-0.3355588675434376,False
7360,0.616258188182152,-0.2406133958931214,False
7361,0.3867176639101164,-1.2504941059955212,False
7362,-1.0259675340414056,-1.007244545753177,False
7363,-0.3417911205302633,0.3727026708142941,False
7364,1.7182732881304243,-1.191145402822033,False
7365,0.7497479784056167,0.7080855104214099,False
7366,0.0365854676280969,-0.7174685508095703,False
7368,0.5251595266075731,-0.910141459722797,False
7369,0.0661534826583026,0.8047551546465013,False
7370,-0.5031988783281619,-1.0411475604899163,False
7371,-0.3804679911801502,-0.3177115438138719,False
7372,-0.576882495915924,0.5950945735804668,False
7373,-0.2434666696843304,1.442973127188237,False
7374,1.9966550976085573,-1.1510117105536557,False
7375,1.2555920277870969,1.3606187319126368,True
7376,-0.7792794979070388,0.6288048508320456,False
7378,0.9153923656057292,-0.6688658076390263,False
7379,-0.2227840627609815,-0.5090349092848856,False
7380,1.253740436226045,-0.7156942977392708,False
7381,-0.1950149094525956,-0.3388831051577864,False
7382,-0.1468986063071841,0.5154920672085905,False
7383,0.1296279828221483,1.6415936936874391,False
7384,1.6560523165463692,-0.8870859168432519,False
7385,0.5089674203509521,-0.0877914370507368,False
7386,0.7817951398357964,1.7433587011181588,True
7387,-1.375158812292936,-0.0267973905089213,False
7388,1.6238571686968235,-0.6341094634907727,False
7389,0.6474196614866036,-0.4445235635566491,False
7390,0.6772744815984069,0.8653944034369152,True
7391,-0.3108973689301554,-0.1266056959507717,False
7392,0.1861652667799597,-0.3746102269658926,False
7393,0.7595787378059685,1.7144842289299822,True
7394,1.415738000741544,-0.7203766203671331,False
7395,0.8005552883749443,-0.5048099524719782,False
7396,-1.2497614426541006,0.6464007197463033,False
7398,1.8695382717096285,-0.5090479829645917,False
7399,-0.1747948333465864,-1.0413860820486622,False
7400,0.561856508608676,-0.7966263869710462,False
7401,0.0889500221455334,-0.6001624109792244,False
7402,0.3237595876824973,1.1459332861165716,False
7403,0.328924316305607,0.5827094796760353,False
7404,2.012188990396794,-1.0620721038245928,False
7405,0.053261397535328,1.2226620911975157,False
7406,0.6353660919681209,-0.1254463325615042,False
7407,-1.0338885794538422,0.8815831073764335,False
7408,1.9389595666478696,1.1720043282187915,True
7409,-0.5532380223576165,0.9938922734010506,False
7410,-0.0881141332862778,-0.2836845484998208,False
7411,0.1511714278562311,-0.7798331722058509,False
7412,-0.1287733451428149,-0.0010086177377311,False
7413,0.2278122157248749,1.4010151611139117,False
7414,2.106138308642024,-1.0711033656619775,False
7415,0.6309634408413652,-0.7895194514983472,False
7416,0.0405632689170103,-0.7356120856048155,False
7418,2.079132564029172,-0.355237172814099,False
7419,-0.0587438848679654,-1.0163274125022208,False
7420,0.4011851009184624,-0.2433657428337349,False
7421,-0.4354820502456044,-0.5119796730665199,False
7422,0.6263741058039284,0.4678967395932942,False
7423,-0.1281534581007122,0.5315736919747178,False
7424,2.7034889368972883,-1.0615987880283786,False
7425,1.2690408397633763,-1.1194823665255809,False
7426,-0.1320705658761272,-0.6233138521329274,False
7427,1.0094282895095268,-0.1112718296831737,False
7428,0.1021031585507565,-0.9938271162165082,False
7429,1.4476688024418018,-0.2160874746881726,False
7430,-0.3879106940666631,-0.8922706486157179,False
7431,-1.7870616535378068,-0.543307073057645,False
7432,-0.3824102311124369,1.0549558472826948,False
7433,1.907965420070017,-1.0345635727049702,False
7434,0.4409755419574507,1.8354656325574312,False
7435,0.5531228281455204,-0.064591254356288,False
7436,0.9981335135712402,1.1363984983214603,True
7437,-2.041063858729547,-0.4452654668219876,False
7438,0.422517746345242,-0.5643535075653728,False
7439,0.159760838926579,-1.0447531506159118,False
7440,-0.1742403510322091,-0.0817615572032585,False
7441,-0.6554277016919206,0.9630710530134168,False
7442,2.534316792672439,-0.4748696147685605,False
7443,0.0706121644788359,1.5054036555512558,False
7444,-0.0695436104670524,-0.2422420141422875,False
7445,1.3077212457100524,1.4465900667662654,True
7446,-0.6919940044047123,1.5060575256541275,False
7447,1.5279738398141969,-0.8858161062336755,False
7448,-0.5720886176468509,0.3948057987551122,False
7449,1.4828753292479646,0.3519355128261195,False
7450,0.5582111717506358,1.7850225568347278,False
7451,1.9392158921029667,-1.0894850604408457,False
7452,-0.2116152665235811,0.3384710072142126,False
7453,-0.9405473220633984,0.5982492244885886,False
7454,0.4017900121738806,0.293035124099414,False
7455,-0.221921369935772,-0.8357307431565172,False
7456,0.6570316151489446,-0.8345957817912725,False
7457,-0.639852847160375,-0.8017814275318907,False
7458,-0.0042608389401029,0.6329720541530263,False
7459,0.3560397951486376,-0.7339475195742452,False
7460,2.494377977304287,-0.3359440807825824,False
7461,0.1691653112374408,0.3880780170323235,False
7462,0.2926602831901431,-0.6784944660524822,False
7463,-0.2871760570196389,0.2860764702178007,False
7464,-0.896609483912404,0.8664132340451096,False
7465,0.226957870284112,-0.8092940426675916,False
7466,0.2938652288080117,1.253223918819522,False
7467,0.2792036945893706,0.6139466120759879,False
7468,0.3698173643123891,0.9404824767262852,False
7469,2.580595419802292,-0.6105692542714682,False
7470,0.8697753339481308,-0.7912093663347631,False
7471,0.2974980140177467,-0.1913471372193586,False
7472,1.4207987234370183,0.8815748101963805,True
7473,-0.8245785638686931,0.578183992976042,False
7474,-0.022906762009338,-1.2702659744607223,False
7475,-0.6201947440246588,-0.7287074552992744,False
7476,-0.0183461950791413,-0.177140269681801,False
7477,-1.595928675071569,-0.085910373292836,False
7478,2.3404597622085,-0.8064695731559932,False
7479,0.8290350915462719,0.6503073835272282,False
7480,-0.4389337941631975,-0.5796865146044304,False
7481,1.5704289832232652,0.6772179068745084,False
7482,-0.9899213745989768,0.5591434900798904,False
7483,-0.1120849671012534,0.7767751474216105,False
7484,-0.5432309487573138,-0.8619501466472421,False
7485,0.5579203257274258,0.732120058356856,False
7486,-0.6364600544415716,0.8756914025310097,False
7487,2.111304075490936,-0.4364144470709272,False
7488,-0.0245626594435055,-0.8811874138332203,False
7489,0.0805109168765326,0.9634422363671512,False
7490,0.1401126215402496,-0.8105058498658119,False
7491,-0.6869405237912808,0.7910024878876375,False
7492,0.0058013324684353,-0.3784982583525636,False
7493,-0.5412709682364059,-0.8963998163011675,False
7494,-0.8949009332478562,0.3486933436047561,False
7495,-0.5894678421609394,0.8403891426534081,False
7496,2.535763613332916,-0.3030880703922081,False
7497,0.5230457693504209,1.5230490020504208,False
7498,-0.1366367692769251,0.7997938639878899,False
7499,1.0639147010772612,-1.167020768101496,False
7500,-0.2539249868182109,-0.2919664774654334,False
7501,-0.0764357820577283,0.9620809455561784,False
7502,-1.0338966265660772,-0.6728808302288634,False
7503,0.0774766175213638,0.4865024475046717,False
7504,-0.9879358528286624,-0.7371116826641081,False
7505,2.5025146606819177,-0.4421626313524969,False
7506,0.3008918044863198,-1.3159754487823383,False
7507,-0.2939081277637698,1.226076324210041,False
7508,1.1559919093543778,-1.1521115329050722,False
7509,-0.5134927844780094,-0.5084980794149503,False
7510,0.8883171800691497,-1.0301927005881175,False
7511,-0.7931909322701257,-1.0214866050358893,False
7512,-0.5613715454127567,-0.1328526833229633,False
7513,-0.0118165323724495,-0.791912707021854,False
7514,2.3066279618253507,-0.0779138423391505,False
7515,0.072398361868543,0.3471550054642885,False
7516,0.3420557430659295,-0.0180567350656056,False
7517,0.3328846281272135,0.5523465140471999,False
7518,-0.3976205488554369,-0.4379564370381291,False
7519,1.2135571023767535,-0.17071766270823,False
7520,-1.2169057630672102,-0.7857435253882444,False
7521,-1.1344409307381929,0.060804510725312,False
7522,-0.6429930861866502,-0.8116653292125943,False
7523,1.8395792942019773,-0.742376591442775,False
7524,-1.0585290372043477,-0.9249564466755048,False
7525,0.1984996723505551,-0.723365395964932,False
7526,1.3898996857078236,0.5738452899015529,False
7527,-0.2653943040388015,-0.1428554568049742,False
7528,0.3961017309464052,-0.1930285845081842,False
7529,-0.879743002774289,-0.4230357958985027,False
7530,0.4324239001417032,-0.3676613783927512,False
7531,-0.5723970328133509,-0.5106789580366539,False
7532,2.6648370288841345,-0.4884854733262616,False
7533,-0.7925758918741657,-1.1663618143043504,False
7534,-0.7735331552876135,-0.4469155829197072,False
7535,0.9024196236456392,0.3181693947762772,False
7536,-0.4171750614433664,-0.0530233544550438,False
7537,0.2425035985273327,0.4620703307654145,False
7538,-0.7645016117643795,-0.6408994439784153,False
7539,0.1341701526850492,0.9045471747454236,False
7540,-0.6104903576317913,-0.2573970943535015,False
7541,2.088494899058537,-1.1627618772396504,False
7542,-0.1498433220028175,0.9160389935840252,False
7543,0.6943352054122681,-0.5314830232122814,False
7544,-0.3505085341974454,-0.4186403637898046,False
7545,-0.0534131930267278,0.797061269836783,False
7546,1.0779778101459172,-0.1536443890617723,False
7547,-0.6619451408449931,-0.4302186954944692,False
7548,-0.6622528768131122,-1.67954444111153,False
7549,-0.7770432166671194,1.5324478095065657,False
7550,2.1626272513069305,-1.325468311598999,False
7551,-0.3815882306831744,-0.7565789389760715,False
7552,-0.1533200950956426,-0.526023911002208,False
7553,-0.5263490323366842,-0.1034640209497221,False
7554,0.5728097409112594,0.7539368016864954,False
7555,-0.4291848667136619,0.8135627158136824,False
7556,-1.2428468963096952,-0.3440949578567194,False
7557,-0.8897882591396205,1.0066665135461657,False
7558,-0.7994033125747222,1.4902400546656855,False
7559,3.147557441569638,-0.288049150788759,False
7560,1.3115834756154292,0.7876303815171724,True
7561,0.0949247057020175,-0.68858911503821,False
7562,-0.63374080550582,0.7454706488663643,False
7563,1.2514284146101318,-0.6075364555773588,False
7564,-0.1141459141272993,0.3456660588729611,False
7565,-0.701723102330359,-0.587394934180107,False
7566,-0.0909027174393954,0.8079283056151613,False
7567,-0.981008479892954,1.5587018320289832,False
7568,2.133101163451571,-0.8617259470082479,False
7569,-0.3013681494454844,-0.6720722293101938,False
7570,-1.3275801115194923,0.3906089586593742,False
7571,-0.282269427924903,-0.1556292655116692,False
7572,0.3266493990942603,-0.7294407481273009,False
7573,1.1415624218681102,-1.3612493291247496,False
7574,-0.9138154787507546,-0.4188713925870112,False
7575,0.2781552330000513,1.0139289279509385,False
7576,0.4136817560581011,1.71844757953995,False
7577,2.126390121785297,-0.8629780563244211,False
7578,0.3810981055846589,1.0077420998212956,False
7579,-1.3420716301288544,0.603470106291724,False
7580,-0.8143090588575107,0.9930340421417946,False
7581,-0.008024412357342,-0.293657420145836,False
7582,1.6757092553872412,-0.7467339052757864,False
7583,0.2906922002618461,0.0570395929585139,False
7584,1.0803276861192015,0.4672091564953076,False
7585,-0.2860476958553635,1.326683752614553,False
7586,2.2291862572092858,-0.4907511509282858,False
7587,-0.2267163217786669,0.8783697682847329,False
7588,-0.9232208841407296,-0.2796387661319252,False
7589,-0.5895631685486876,1.080549197148327,False
7590,0.9525492359924114,-0.5815986686411285,False
7591,1.3660081148305403,-1.3404344144121134,False
7592,0.1397419600191436,0.4530435785102976,False
7593,-0.702205335646273,-0.0492542498495279,False
7594,-0.4168091706607151,1.6767205449048572,False
7595,1.4835510924916342,-1.320386135734097,False
7596,0.1527287624820568,-1.133704606314196,False
7597,-0.9003614669784812,-0.7779274040051315,False
7598,-0.7979318317936567,-0.2166348824896438,False
7599,2.4720308918643794,-1.4524231307859563,False
7600,1.461813365683902,-0.9933298288669364,False
7601,0.4477406194533772,0.4214657971480251,False
7602,-0.5890559362512438,0.94274224190722,False
7603,1.5672622867816124,-0.6631185899117589,False
7604,-0.9005385293149419,-1.0602119589515109,False
7605,0.019749515398881,1.0133221398460712,False
7606,-0.830599775739424,0.9612628247175126,False
7607,1.0775269327418775,0.8079733927640086,True
7608,1.050735262000828,-0.9900931373638876,False
7609,-1.1770190780816443,-0.2653919652588705,False
7610,-0.8786130824884162,1.4457549148674624,False
7611,2.5755329839585226,-0.9601233515574968,False
7612,-0.8218234607975763,-0.364771944814564,False
7613,-0.3321228464251743,-0.8289216457110519,False
7614,-0.8271797513268452,-0.3834330740052837,False
7615,-0.2576842193845676,-0.0377666771295422,False
7616,1.867644964307023,0.5880478700459961,False
7617,-0.4666879463236018,-0.5678294567054402,False
7618,-0.951042971405912,1.4362891932931674,False
7619,2.171048098510019,-0.4860250663116474,False
7620,-0.2658263109384977,-0.8401781120816035,False
7621,-1.181690799709923,1.1166346519103447,False
7622,-1.0046269547884736,1.0731207509264915,False
7623,-0.1895062152888224,0.6109715622633995,False
7624,-0.1664939816607112,0.6269942611812679,False
7625,0.8717347587633285,0.2770140936292996,False
7626,-0.1517079354374413,1.738841035320433,False
7627,2.8700310541374536,-0.3646550091893812,False
7628,-1.2440334111817888,-0.2965409165206516,False
7629,-0.1406831658770858,-0.0237827940117041,False
7630,-1.1992649643862563,0.7972339361682644,False
7631,0.2886681763098366,-0.4637401956501104,False
7632,0.5000437076049105,0.8302464970339757,False
7633,0.6505611348536177,1.0132069305412266,True
7634,-0.6727397147169942,1.54209146505683,False
7635,1.7719999546066036,-0.3269071345917926,False
7636,0.0601057635485368,0.2101220912344218,False
7637,-0.5380508645345109,-0.6398105206259743,False
7638,-0.4954517199017499,1.0527424200175437,False
7639,0.2865646567147592,-0.1543169943585701,False
7640,-1.7720762396695469,-0.4284963073741705,False
7641,1.0241610490274875,0.5745144980708144,False
7642,-1.3122612138255094,-0.1368867389765195,False
7643,1.7645372161450448,-1.3231796672975895,False
7644,0.1890856782558599,-0.5674066025550926,False
7645,-0.6093006940266614,1.299440204086901,False
7646,-0.1333089573316031,-0.3263579463216379,False
7647,-0.0400952264419898,-0.0215585144022005,False
7648,-0.7512394468321903,1.091356153618945,False
7649,1.7590423115934333,-0.6327941845766877,False
7650,-0.4926355335957785,1.664516936686638,False
7651,1.7076126561539269,-0.661941404730231,False
7652,-0.200086374306701,-1.1943506425316748,False
7653,-1.0862815079055883,0.5002817996560592,False
7654,-0.1148251974504528,-0.6879349316669866,False
7655,-0.3789007214241764,-0.1134123558926063,False
7656,-0.5719542082702449,0.5889055429077029,False
7657,1.1467593886191596,0.4430731614580956,False
7658,0.47003976043384,1.814416734612157,False
7659,2.458832442261768,-1.176757766504957,False
7660,0.6238583059097742,0.5071656668896586,False
7661,-1.4259531021318703,-0.4748323845831407,False
7662,-1.085222240888783,-0.4849256077403322,False
7663,1.2510181032331722,-0.6596433859403652,False
7664,0.3283633260692357,0.7776781385188462,False
7665,0.8106372074805581,0.7373431706068,True
7666,-0.1161050283069487,0.0932602517364724,False
7667,2.744658455751824,-1.134747897981551,False
7668,0.1728269060198659,-1.1706368879253422,False
7669,0.1282270904348778,-0.6809754605459152,False
7670,-0.3859102860682184,-0.4636421974922361,False
7671,0.2197433528325184,-0.2308874207584505,False
7672,1.163454922858877,1.228209161274728,True
7673,1.4774053472599715,0.5426642524439439,False
7674,-0.7387445729505175,-0.395346107697243,False
7675,2.261901174463193,-0.290455057746779,False
7676,0.6897946542572627,-1.227761491775049,False
7677,-1.5139805120156231,-0.1929496803570328,False
7678,-0.4591737182463813,-0.1834594048543624,False
7679,0.2029817673899534,0.9389089434054736,False
7680,-0.3701475733833517,-1.1510183241429943,False
7681,0.7256516167985005,0.5635659366694744,False
7682,-0.5167208140833786,1.2329510517506208,False
7683,2.530404683978175,-0.0664122433079157,False
7684,0.1013181449199041,-0.7821826600507147,False
7685,-1.3596097441835304,-0.4430403273444377,False
7686,0.0226618888192907,-0.5412504120551049,False
7687,1.3766243200137682,-0.7719166336966744,False
7688,-0.2985417638978485,0.275295931184176,False
7689,0.9727656428414736,0.2693583936803365,False
7690,0.1060035990467928,1.3167492400047367,False
7691,1.73000740319339,-0.8071342454853074,False
7692,-0.3093640693650088,-0.8447332665887708,False
7693,-1.2441262013469978,0.7389626172247007,False
7694,-0.9397402258584514,0.9030878802035038,False
7695,1.0367565042591875,-0.5906103086255636,False
7696,0.2526238823376194,0.5581534430357828,False
7697,1.1702520692860832,1.344077087638976,True
7698,-0.5042448405615337,-0.5807211148961501,False
7699,2.6580278596497133,-0.7977581306380939,False
7700,-0.0685173280809297,-0.8999260545346414,False
7701,0.072802911971953,-0.9642941349224238,False
7702,-0.4263174093221157,-0.1843862849902801,False
7703,0.7329641163301727,-1.488448453655277,False
7704,-0.4208088896350358,1.0901879814717723,False
7705,-0.9621098337662084,-0.8027755562772583,False
7706,1.2937586915733787,1.0982750058740671,True
7707,2.458371401765184,-0.6864979419326844,False
7708,0.1585209574685809,0.515725183042305,False
7709,-0.5008889192894388,1.1995252922253654,False
7710,-0.6919979489539253,1.0378194089570063,False
7711,0.0416718840295526,-0.7452928383782277,False
7712,0.8989833510134531,0.2446320572710002,False
7713,-0.6270065812935764,-0.1537157584737349,False
7714,2.5219641102202286,-0.4274292301247844,False
7715,-0.269713586096955,-1.1756151901533776,False
7716,0.2621177415329461,-0.5673213449220273,False
7717,-0.5211421145285993,0.7726461513857039,False
7718,-0.3137128103177112,-0.3863335854209906,False
7719,-0.225970790374498,-1.1878805394757874,False
7720,-1.1832288897702483,-0.3118563449276494,False
7721,2.870557474068842,-0.6454537003178253,False
7722,-0.231009954422509,0.4273954348129981,False
7723,-0.1978170099128547,-0.2501411518912362,False
7724,-0.7834550436893639,1.2050203265209611,False
7725,0.5731808157329179,-0.4977305155783167,False
7726,-0.3634998680268594,-0.6519258155807872,False
7727,-1.0283273860311557,0.8710216292673509,False
7728,1.8091847722207708,-0.596477463591363,False
7729,-0.2767214911409981,-0.8840950797409841,False
7730,0.0139526012039188,-0.6558473381867729,False
7731,-0.9432927897190134,0.884299789842311,False
7732,0.769418511698938,0.3666558063652307,False
7733,0.3236045005221419,0.452527712375698,False
7734,-0.9649180980590324,-0.1525131360332307,False
7735,2.4895293642120606,-0.5910542635632317,False
7736,-0.4728369206412518,-0.8406566871638665,False
7737,-1.1403797680814662,0.4917365144747425,False
7738,-0.0673315683170089,-0.1378087559955024,False
7739,1.94518367998494,-0.5596050185033735,False
7740,-0.0981776503270287,-0.4557073341374718,False
7741,-0.7409357945434528,-0.7438264854793984,False
7742,1.855497654616872,-0.9050071446197928,False
7743,0.3392810821342856,0.8132750980956601,False
7744,-0.8830459988459806,0.5392069096831585,False
7745,-0.267693562615257,-0.3293863994632137,False
7746,1.1191654139709606,0.1636698268372144,False
7747,-0.8946776744033236,-0.2635662448065058,False
7748,0.2472120959526387,0.7378131546379283,False
7749,2.5552877276945702,-0.497219200986156,False
7750,0.2751362258021405,-0.7849203301201289,False
7751,-0.0209605929913145,-0.0722912704340665,False
7752,-0.4056051925520164,1.1763783361340427,False
7753,0.6880935144658689,0.9669616648429912,True
7754,0.3101690205652747,0.9836326315422056,False
7755,-0.757023866782229,-0.1544161192648865,False
7756,2.3391394238881418,-0.3484367052805579,False
7757,-0.8822841462517281,-0.6145794909914244,False
7758,-0.2517992259603649,-0.2977942221322543,False
7759,-0.7780414302240717,-0.2116967548859658,False
7760,-1.1616210452848068,-0.7632357015416286,False
7761,-1.05704584105351,0.726083562137433,False
7762,-0.0456122241025105,0.9644071352032638,False
7763,2.5547149716530257,-1.3462050906246432,False
7764,-0.251671138462222,0.7032981527881014,False
7765,-1.2704028817314337,1.154768930124746,False
7766,-1.169378189221011,0.7300524301314456,False
7767,1.9457712324677727,-0.6636914883305836,False
7768,-0.8511343729556167,1.3092082640096672,False
7769,-0.4582387022392631,0.7415273395996073,False
7770,2.046574461340214,-1.260743447072743,False
7771,-0.6794239986378188,-1.5371681749674828,False
7772,0.4039944549576384,0.8173427599278448,False
7773,-0.3377386394568648,0.0327299497662348,False
7774,1.3557397542517502,1.2347904229755435,True
7775,-0.9988321035646796,-0.7950157020117055,False
7776,0.4260964964185988,0.4308169817950348,False
7777,1.5236104721681176,-0.8725485910201358,False
7778,0.5200370142549822,0.6425913803576978,False
7779,-0.3338876455061688,1.180318218736324,False
7780,-0.89829663650231,-0.3411108881822138,False
7781,1.2167311651884352,0.6838447392367122,False
7782,0.2738054314305925,0.8027414006811406,False
7783,0.1294033706904607,-0.6170033066970377,False
7784,2.94109505691086,-0.4187288578623125,False
7785,0.9321393788784246,1.7045485974498082,True
7786,-0.966540487506075,-0.8101013728519832,False
7787,-0.331962565408466,-0.9835524037749186,False
7788,0.7057605085315548,0.0634960748563926,False
7789,-0.1468450403608968,0.6761001894787138,False
7790,0.3714396176773727,0.7999384948738845,False
7791,1.8910477425762893,-0.6425109844526831,False
7792,0.7437410065330091,-0.704274465025914,False
7793,-0.8647237998447994,-0.4219644060885072,False
7794,0.2602198145139874,-1.2102856836324654,False
7795,1.038955771043914,-0.7521510207519164,False
7796,-0.1861122075667787,-0.5299916230084663,False
7797,-0.2757950473057571,-0.4356984138826759,False
7798,1.4885687752206072,-0.7589262168013673,False
7799,0.8486689815709414,-0.9857782689490726,False
7800,-0.9075758730113066,0.4751985906730334,False
7801,-1.0682211525080585,0.8190921524186566,False
7802,1.0703633361779437,-1.0209519221233594,False
7803,0.2074216337703791,0.7714761180252898,False
7804,-0.2602735125999093,-0.6915883186116485,False
7805,2.164462883051827,-1.177036570209411,False
7806,-0.3743398187154215,-1.2797140553389204,False
7807,-0.2959881253365096,-0.4462973079415385,False
7808,-0.9065506830231232,0.9380643360874736,False
7809,-0.0554571154255043,-0.3436295945425066,False
7810,-0.2563241253568191,0.7933802823590997,False
7811,-0.2779299488762206,0.91611264209679,False
7812,1.9402017854966591,-1.1306790640202022,False
7813,0.4123103150561427,-0.7033391513346325,False
7814,-1.1853197108581857,-0.4728630245775105,False
7815,-0.6232140615256848,0.4562865407853264,False
7816,0.1504610288684329,0.3917213866536565,False
7817,-0.648508033714716,-0.1016887594985593,False
7818,-0.5151529605341145,-0.4804993293731448,False
7819,2.90995146541615,-0.2546500370066902,False
7820,0.2831731523515556,-0.9683928729553072,False
7821,-1.6864192948679615,-0.386332351646353,False
7822,-0.1246914179373113,-0.5071650293843086,False
7823,-0.0748243224792279,0.3420183746197474,False
7824,0.1140496269205687,0.7047805945764845,False
7825,0.5575775546837227,0.538142428540661,False
7826,2.9706167175107083,-0.5079683681296014,False
7827,-0.7609519296054883,0.2049487476559436,False
7828,-0.6900446664997956,-0.2109537820222328,False
7829,-0.0099327364413632,-1.6249061071106985,False
7830,-0.3365281570009826,-0.1981186373636917,False
7831,0.7220611052668723,-0.3698018556476751,False
7832,-0.7883825715343858,0.6952428442371158,False
7833,2.6675847206644487,-0.6700429077416192,False
7834,0.1828051287124804,-0.7957385777906616,False
7835,-0.3420846265711383,0.9114604885756216,False
7836,-0.3227064635664201,-0.926319984386966,False
7837,1.666036318451384,-0.8774065395443941,False
7838,-1.2964620845419927,-0.4504984932303653,False
7839,-0.7797972040156846,1.2017591211079273,False
7840,1.984879950541778,-1.1646099920293154,False
7841,-0.4910355222110322,-0.6312619359726842,False
7842,-0.4362204206307889,0.6678265832652382,False
7843,-1.134231724117701,0.0723842390217586,False
7844,1.478230742050524,-0.5979481323023828,False
7845,0.4639933221483429,-0.5518055832142381,False
7846,-0.213385450910204,0.2210089617427498,False
7847,2.840725153834053,-0.2241328151228949,False
7848,-1.1474369029807263,-0.2905542542782598,False
7849,-0.0689133243405567,-0.2514643249439977,False
7850,-0.5187960416814209,-0.8653355625811079,False
7851,0.2588824216198803,0.8745718256716812,False
7852,0.1408335661546228,0.4408611354746563,False
7853,-0.6536559936190336,1.2768939034976277,False
7854,1.76402952380525,-0.7073987202958334,False
7855,0.1107881934674679,-0.9689857074098652,False
7856,-1.2016756607263528,0.6312293820949091,False
7857,-0.4732231812662957,-0.2318789111057167,False
7858,0.0359514596647343,0.5115984393165965,False
7859,-0.8065829508400096,0.6434509219347346,False
7860,-0.4117566532075319,0.7307513698541648,False
7861,2.7109500805462776,-0.6361985965036385,False
7862,-1.3725200452300008,-1.214426123219907,False
7863,-0.6446219407178915,-0.2907660539185804,False
7864,0.0557045308188061,-0.812717868279989,False
7865,1.2620329740323746,1.1280417145942918,True
7866,0.1225018818606328,-0.9995995281847534,False
7867,-0.0156610107846099,-0.3076363201691187,False
7868,2.394263652403455,-0.7164973849302125,False
7869,-0.4754308480096033,-0.4425085274059888,False
7870,-1.5672772497027327,-0.4555319367789122,False
7871,-1.2505920941916628,0.7518872462719391,False
7872,0.4760466007422382,-1.04883819497714,False
7873,0.1547741767911734,-0.5843390391988492,False
7874,-0.0581062243856407,1.114892544994827,False
7875,1.3373471506447965,-1.2448535427805527,False
7876,0.807744966786095,-0.8345704994666575,False
7877,-0.09728341714442,0.8787970064212308,False
7878,-0.5577741748017885,-0.1548631854891958,False
7879,-0.1698735127126572,-0.0190018365469734,False
7880,-0.7402682719190222,-0.6357133628674569,False
7881,-0.2470195179791126,1.6427173220725342,False
7882,2.268210658598397,-0.90367138722427,False
7883,-0.5348659194024484,-0.2211951697732794,False
7884,-0.2633525540037938,0.6705468022579344,False
7885,-0.8414969239146032,-0.8206043221489149,False
7886,1.0309951056221605,-0.39033552871132,False
7887,-0.0700878518197293,0.7247419557477192,False
7888,-0.3831788973355721,-0.7946616594747191,False
7889,2.0101498038445005,-1.2781446331242885,False
7890,0.7785775364624323,-0.9141315520794384,False
7891,-0.7959098104301461,1.191178857485966,False
7892,-0.8143133929892119,1.2575965776169906,False
7893,-0.1944353771137514,0.6384553594294651,False
7894,0.3309291340793874,0.2382252497071947,False
7895,-0.2418840306520227,-0.6777322763949085,False
7896,1.8041866153007768,-0.922827885316643,False
7897,0.1660324375575924,-0.7198069043464728,False
7898,0.4808382472406125,-0.195165042435716,False
7899,-0.5511996814435777,0.4733033119316175,False
7900,0.4708462312090963,-0.0596006657594026,False
7901,-0.046349064301069,-0.845854609764572,False
7902,-0.821502687789075,-0.4443208332487632,False
7903,1.674587932122218,-0.7462441887440323,False
7904,0.1451460026885685,0.681048635629515,False
7905,-0.4489987072231706,0.412714122466647,False
7906,-0.6351628188812656,1.3806192288347574,False
7907,0.5006831297794188,-0.2520547360629616,False
7908,-0.6735848826537638,0.6112684680175836,False
7909,-1.025717410727245,-0.3179002782272224,False
7910,2.3199495680372118,-0.7057257523639144,False
7911,0.5720235184419368,1.6929223110758362,False
7912,0.3250091162690615,1.084199227289055,False
7913,-0.941048198179006,1.2587717149282769,False
7914,1.6228845761331128,-1.0051521899166946,False
7915,0.6408287082946088,-0.6342678466059566,False
7916,-0.0875958321399478,1.1752432180112924,False
7917,1.9668180815756788,-1.234438471739579,False
7918,0.7251026706788334,0.7580970418061312,True
7919,-1.282125676919406,-0.4525269983870905,False
7920,-0.5633847775155567,-0.9495324890357402,False
7921,-0.0626000000096177,0.8671291540032744,False
7922,-1.680104378576447,-2.0672814857180875,False
7923,-0.7521689240471887,0.8206212323501807,False
7924,1.3891382024001837,-0.6372673268565499,False
7925,-0.1372026451132161,0.2814303131862627,False
7926,-1.8293545743550133,-0.1290881769669697,False
7927,-0.5899258052280572,-0.6259361493678922,False
7928,1.3217229440167264,0.0860120976510936,False
7929,0.9369921603126202,0.3721201191650729,False
7930,-0.4877147500028202,1.649223769423514,False
7931,1.472851568293852,-0.9260239865963112,False
7932,0.1922934079805683,0.6947558014938774,False
7933,-0.6594229392065063,0.0166632139944866,False
7934,-0.1785890189691958,-1.135023331039102,False
7935,0.9149013061667194,1.2367545750795397,True
7936,0.8436440734048085,1.2051682147463794,True
7937,-0.1903441569494549,0.2470945991264629,False
7938,1.171169077079355,-1.067202591321772,False
7939,-0.7642781524443354,-0.3253100697859604,False
7940,-0.9510982173553818,-0.4121948876766284,False
7941,-0.7083807802879718,-0.8285536827782066,False
7942,1.444553926460974,-0.3841989811064158,False
7943,0.4155484172676291,-0.7713438946514295,False
7944,0.904602564672458,0.3576474207581557,False
7945,1.5336301854367147,-0.8967327483657224,False
7946,-0.6348143174367875,0.0537123655259458,False
7947,-0.3202050613291479,1.044123616959043,False
7948,-0.5203114399936002,0.7876961811584499,False
7949,0.5808632389530823,-0.6682507127890864,False
7950,-0.8849190194428151,0.549539424877529,False
7951,-0.0002664443401191,0.8328517199175166,False
7952,1.3258413241378018,-0.7195836445953927,False
7953,-0.5884443661668658,0.7420488699081224,False
7954,-1.455150847416899,-0.1479192600675336,False
7955,-0.6700775406993786,0.7869798488185794,False
7956,0.1137951651872452,1.079843168625085,False
7957,-0.0659200674419615,0.8012102668488555,False
7958,0.288182803422303,0.099993254378694,False
7959,2.229309463712679,-0.8562336191212887,False
7960,0.2766369511257241,0.3629272592096761,False
7961,0.8011860287193437,-0.5982165017782842,False
7962,-0.5743078319687513,-0.8344299853586956,False
7963,1.9117642944185875,-1.070898716706154,False
7964,-0.6134289763452772,-1.118642919047259,False
7965,-0.7363659895046192,0.4746750017422388,False
7966,1.4698858602838576,-0.8921822330190996,False
7967,0.3742307249644651,0.4379402452113591,False
7968,-1.1933514644709662,0.5601450732552969,False
7969,-0.4636900779149051,1.1954405506856436,False
7970,0.2748031170943161,0.0789602893604241,False
7971,-1.0799763893287424,-0.1795673238607655,False
7972,-0.0531954387072358,0.6434541617413377,False
7973,2.345256599366173,-0.2331244386888806,False
7974,0.1790039363374408,-0.5699370112207112,False
7975,-0.4727669833540485,0.6729795032730118,False
7976,-0.5786934842145702,-0.7809855909220093,False
7977,0.3325489444050787,-0.3163819002191522,False
7978,0.0735772305415523,-1.035713775206899,False
7979,0.1536544322208947,0.5393391414828713,False
7980,2.4987110696087007,-0.3311252492985377,False
7981,0.1688191731804676,0.6948620640792722,False
7982,0.670264767312966,0.1815460087917564,False
7983,-0.6750700058967486,-1.048899444194331,False
7984,2.0105807751910203,-0.5217353465819987,False
7985,0.2143238074315681,0.5779902760027653,False
7986,-0.098319948637946,1.5791729523182485,False
7987,2.483667993045585,-0.3922806982733946,False
7988,0.3476774951656355,0.5470431368418951,False
7989,0.7309720375611322,0.6157929246073505,False
7990,-0.5560930298627119,-0.6247590950962676,False
7991,0.9080175626001136,0.9105279594837256,True
7992,-0.7484746524029069,-0.8861994010423002,False
7993,0.1454119545192563,1.5062526464999229,False
7994,2.213583692509371,-0.4464575399831139,False
7995,0.4706111948358056,0.5733630167306178,False
7996,0.1574017319367753,0.9267221395077466,False
7997,-0.8002980197598384,-1.132939879627625,False
7998,0.3437659294072738,1.0711646031837732,False
7999,-0.6891258197974282,-0.6577111812388147,False
8000,-0.2625925106993325,1.6083815234833794,False
8001,1.054863477853009,-1.4707977292550365,False
8002,0.1915239000189761,-0.7214870004584102,False
8003,-1.3345685373711642,0.5080086203356439,False
8004,-0.6200815668167147,0.8804223630040837,False
8005,0.473103608911186,0.8937959565063778,False
8006,0.5265461771294033,-1.0721804056994717,False
8007,-0.3059483521174667,1.0157246259565136,False
8008,2.0947759830023456,-1.1401470782871497,False
8009,0.6928971682459146,-0.483145116606923,False
8010,-1.4161591589819598,0.7150889038433228,False
8011,-0.6973020698301743,1.370809534783556,False
8012,1.2947392998142488,-0.8490955493316378,False
8013,1.3129692725379305,-0.6261936070842961,False
8014,-0.0567949374860341,0.8984161510243901,False
8015,2.729199820690618,-1.2614298536397393,False
8016,-0.1266873000233941,-1.1097684984310132,False
8017,-0.0300123091631727,1.400577339101034,False
8018,-0.533661700243399,-1.001765424507993,False
8019,0.715025217493734,-0.1811181229565355,False
8020,-0.3752539642323635,-0.6810086143889909,False
8021,-0.597373641521452,0.8480248186252426,False
8022,1.724713443837456,-0.6528383069497012,False
8023,-0.0456759183240597,0.3289788353563633,False
8024,-0.3440295627086098,1.3855444771852488,False
8025,-0.0089997573703014,-0.6258347496996945,False
8026,0.3166122791414463,-0.4904054449666241,False
8027,-0.3402983623362717,-0.4874464509783691,False
8028,-1.2003630937036402,0.7224582367754732,False
8029,2.2207606816352903,-1.0992012612070732,False
8030,-1.0742796001618835,-0.9086493575449432,False
8031,0.5431457935910006,0.1837343503756192,False
8032,-0.6009804452729482,-0.9618968420157908,False
8033,1.5192223279977402,-0.3803572506601008,False
8034,-1.329042222765001,0.1050149316746861,False
8035,0.4381941109248361,0.5457937810161397,False
8036,2.478702099730027,-0.2207481790263372,False
8037,-0.0570195332184843,-0.4332923562672828,False
8038,0.1679489275755991,0.9493669015190392,False
8039,-0.3705749320715182,-1.0929882583751516,False
8040,0.7038891053191896,-0.3660274526692155,False
8041,-0.4871046607537612,-0.5293985327785563,False
8042,-0.6025730472831271,1.6150544917240135,False
8043,1.8627638182845616,-1.3157097042630626,False
8044,-0.1712722247550968,-1.288279478659763,False
8045,-0.1119551065481799,0.7438118922362219,False
8046,-0.4986245381987176,0.6905475942748167,False
8047,0.6458752478866924,-0.4878920428953351,False
8048,-0.3003784287994455,-0.3058508970581686,False
8049,-1.365483931482239,1.2692671778067617,False
8050,2.643678186620906,-1.28421791161112,False
8051,0.347980110644489,1.4173335582766542,False
8052,0.2047895756872335,0.7604995756774049,False
8053,-0.8274911657317378,0.3275911899327562,False
8054,0.6150857440594472,-0.4390133904252403,False
8055,-0.5112072920244652,0.7193342750000172,False
8056,-1.006930276181485,1.2621060801427364,False
8057,2.211226507831912,0.0176740021270851,False
8058,-0.1980861253146356,0.2766111885899189,False
8059,-1.1321219836590877,-0.6201096694171254,False
8060,0.8976056253993867,-1.3270536187472497,False
8061,-1.1700685185471034,-0.5103855208344947,False
8062,-0.1458917172516368,0.5759288110842854,False
8063,2.104018303451048,-0.4536524103001103,False
8064,-0.1872146360839142,0.774263198009574,False
8065,-0.970735021538294,0.7059127939830815,False
8066,0.7187887243982489,-0.4707586705632128,False
8067,0.2229281214659259,0.6960776960165772,False
8068,-1.389175770899416,1.0110452933201732,False
8069,1.773144208678229,-1.3088724223897268,False
8070,-1.7193074104998198,-0.0707423545211864,False
8071,-0.0532267004411851,-0.0764246653039774,False
8072,-0.3070443223768888,-0.5392777851249699,False
8073,0.205205434143512,0.229508795530984,False
8074,-0.3988639696394172,0.7710119446310888,False
8075,1.549377682912973,-0.4598012882276239,False
8076,-0.0504209289287279,0.4476619948309231,False
8077,-1.536170015820021,0.6671348998673913,False
8078,0.1160152293380751,1.203542497450044,False
8079,-0.7577308488273734,-0.0534570142619439,False
8080,0.2607695613369352,1.1194571780683362,False
8081,2.11157386586781,-0.1010997971416529,False
8082,-0.0491159934106409,0.6790642623363343,False
8083,-1.1505245140243048,-0.1657114844890635,False
8084,0.1833214187064336,-0.4009530932688166,False
8085,-0.4836852801347358,-0.6522400158993502,False
8086,-0.5802100020417923,1.5397027672008234,False
8087,2.407381844778136,-0.8338767743272454,False
8088,0.2047125948088857,1.5330085726226177,False
8089,-0.6479891184609399,1.2438225517164954,False
8090,0.2444191797202876,-0.2426424757327511,False
8091,-0.7587466776439948,0.2801479998539525,False
8092,-0.9709856798257016,1.4157297133678122,False
8093,2.381379871577805,-0.4672185044843038,False
8094,-0.4179842573214342,-0.4197832735275558,False
8095,-1.6327833445255289,0.4478414247591418,False
8096,0.2629281379806971,-0.8882921926330211,False
8097,-0.6912015336528249,-0.6537874800430754,False
8098,-0.5039205109609565,0.957590536982045,False
8099,2.589152868552972,-0.5600890962103529,False
8100,-0.0673482021440891,-1.1876427986151654,False
8101,-0.0618000312151338,-0.3963894287641303,False
8102,0.0918606832187497,-1.0416523155340995,False
8103,-0.650634485219952,-0.8386877923904918,False
8104,-0.3178851252692911,0.1094155403858799,False
8105,2.1110703656580045,0.0030898429456103,False
8106,-0.3795039731642822,-0.445060325918912,False
8107,-0.0812546543239132,0.8979311321738224,False
8108,0.4200316515146207,0.8079998543541664,False
8109,-0.0772899266716093,0.550605352827793,False
8110,-0.6310048409556243,1.3417249547038883,False
8111,1.7742389953742177,-0.8813706585109998,False
8112,-0.2366447148232985,-0.8131988417895921,False
8113,-0.5017386595658184,-0.3549346827299889,False
8114,0.6045532644905541,-0.5465262976564604,False
8115,0.1826594219596642,0.8744651447074369,False
8116,-0.4674634358830277,1.4159231587352463,False
8117,2.0397903879915265,-0.9809198930955608,False
8118,-0.1852229420586516,-0.8644287949812232,False
8119,-0.7766536717724458,0.6696253791414803,False
8120,1.573797868309623,-1.2108782018194395,False
8121,-0.7832387184395246,-0.5379850532462421,False
8122,-0.5514768670591786,0.823348467487343,False
8123,2.888103255936646,-0.1333207451089755,False
8124,-0.4415841273889866,-1.1320504237117588,False
8125,-0.5411852972165546,-0.735821210072441,False
8126,0.2388175596884969,-0.7359679608708857,False
8127,-0.7101523276402291,0.885777462547913,False
8128,0.2535772842370702,1.0258531745664663,False
8129,2.105546842679475,-0.4878010311724006,False
8130,-0.0981240851713276,-0.8104347314913829,False
8131,-1.324335349799449,-1.0970667065078206,False
8132,0.7237111407260621,-0.692376618503226,False
8133,-0.2153432406997998,0.8094849648944635,False
8134,-0.8167334309634915,0.81091803520927,False
8135,2.0048900992203924,-0.1727834310850011,False
8136,-0.9798882532602062,-0.5452052429472091,False
8137,-1.3914585951906455,0.4648004058242432,False
8138,0.2066837413874392,-1.126889604313445,False
8139,0.0416451291366248,-0.3501162693775364,False
8140,-0.9324646852274988,0.8146004533018619,False
8141,2.468969667506478,-0.4790119060255644,False
8142,0.0917397877922598,0.5859440181916022,False
8143,0.7629378438334554,-0.6162151073992568,False
8144,-0.1568827846966524,0.0521884712719422,False
8145,0.2073087563959599,0.8139941448856569,False
8146,0.0006905155505774,1.3459377455531014,False
8147,2.983287383791809,-0.2429329672580329,False
8148,-0.6696486140027705,-0.859928044667168,False
8149,0.0995314095271632,-0.1831961558955054,False
8150,0.9180586309872067,-0.7202945703523745,False
8151,-0.460842594054089,-0.8220454884762256,False
8152,-0.4795949748461194,1.4327546840897185,False
8153,2.0924936961723657,-1.0544698548694882,False
8154,0.1464224934058828,-1.166994488044817,False
8155,-0.8441677280560999,0.8421033641478652,False
8156,0.0753552165126259,-0.7849311758181363,False
8157,-0.711851525483008,-0.9841318730524572,False
8158,-0.9876032023710908,0.6982630496279342,False
8159,2.4338128795047163,-0.8916824639192394,False
8160,0.0827841823853071,1.257469603583327,False
8161,-1.1420364090774842,-0.7606704072419711,False
8162,0.6553835609114324,0.4378880979595579,False
8163,-0.0390153618870798,-0.4388418250404936,False
8164,-0.3213932016483049,0.6759354911735044,False
8165,2.70802533005788,-0.6309719265529841,False
8166,0.3077075018413003,1.467222016195225,False
8167,-0.5643181909105123,-0.6864695108676573,False
8168,0.0996800508114221,-0.43343154168191,False
8169,1.63181640898922,0.4715806742446546,False
8170,-0.8316980267389718,0.2478669439024913,False
8171,2.151417891900754,-0.4558781660053073,False
8172,0.3601895819215402,0.6268208593107223,False
8173,-1.7983468215753524,-0.438218879491599,False
8174,-0.6979861545325885,-1.1788471533317728,False
8175,1.4038840095874985,-0.3472874220795618,False
8176,0.2013201584064798,0.6441934757250325,False
8177,1.867953419294682,-0.8692331599979235,False
8178,0.3135698246395874,0.8126137235368004,False
8179,-1.6683262080077446,-0.6787284249130572,False
8180,0.7485482501486038,-1.0073097556607649,False
8181,0.9092090590153208,-0.9433144435257912,False
8182,-0.7026000929368491,1.009844615881017,False
8183,2.3454247378221567,-1.5255430111888455,False
8184,-0.0788012976714755,-0.4115499623424948,False
8185,-1.004013901697957,-0.7839773705180244,False
8186,-0.0555290661810813,0.7474492796831753,False
8187,-0.0017445007651855,-0.7647026652729669,False
8188,-1.1144643688242712,1.6583520759865122,False
8189,2.02032171522771,-0.0717905829370166,False
8190,-0.824780250361246,-1.022299285571099,False
8191,-1.1839647298020486,-0.1863444744584853,False
8192,1.2488776644780584,-0.4482835490965534,False
8193,-0.1687838421500945,-1.0076253815256817,False
8194,-0.931316668151276,0.6967980391977298,False
8195,2.3233615383732595,-0.3217156724522798,False
8196,-0.0040520101806198,0.6394539020855123,False
8197,-0.7124922192093813,-1.63741518865191,False
8198,0.6145951702102942,-0.2890784737493795,False
8199,-0.3554467261110201,-0.613615333575389,False
8200,-0.6523509747171605,0.618224306344514,False
8201,2.668143167238473,-0.7491758153957918,False
8202,-0.0461166512924069,-0.3013297114785044,False
8203,-0.1134552165013795,-0.0711369413380831,False
8204,-0.1597634969390931,-0.960246568449782,False
8205,0.7609331972125477,0.7153580049266709,False
8206,0.6281011134834344,0.5686865840604548,False
8207,1.902484835862117,-1.0135404850663603,False
8208,0.047000649471389,0.2296656946123358,False
8209,-1.109160357542079,-0.865511244342664,False
8210,-0.2640786113394007,0.8844795452922123,False
8211,0.0625653676045866,-1.013301538995437,False
8212,0.0409974195495297,0.5703858040590681,False
8213,2.1181530647856985,-1.0531387915319963,False
8214,0.1594684819916472,0.4888256684790958,False
8215,-1.23872222947092,0.4039196405414595,False
8216,0.7619320630932669,-0.901022238468286,False
8217,-0.2830029867168726,1.2882214715686586,False
8218,0.5052773979922925,0.8742974476643997,False
8219,2.9659242664724035,-0.5158020019885008,False
8220,-0.2777604724803129,0.4162836429033839,False
8221,-1.2859775897939116,-1.4244719457358668,False
8222,-0.0684786553034004,0.8621262054506236,False
8223,-0.0804733607041661,0.0044493395179412,False
8224,-0.7801737015808049,1.4057704115842773,False
8225,2.380598411353545,-0.99244785237471,False
8226,-0.4006617906263914,-0.7036838663545346,False
8228,-0.4193445750940757,-0.5240599577227962,False
8229,-0.909158779235939,-0.6953042327915018,False
8230,-0.1721958321587043,1.5413180025052762,False
8231,2.880610193868314,-0.3833874259669672,False
8232,0.3522952738824033,0.5466172417715984,False
8233,-1.6758215255401154,-0.344131783854015,False
8234,1.150970518971718,-0.6540524039077831,False
8235,-1.1782736301238736,-0.4380572645680652,False
8236,-0.123863917016933,0.9187506718668476,False
8237,2.3136868011086227,-0.6484429831324345,False
8238,0.387041818556388,-1.4430889728389384,False
8239,-1.2459528724189906,0.2252740888610009,False
8240,1.1097603312914912,-0.4031483179956487,False
8241,1.0617385503142085,0.6255452566583739,False
8242,-0.2007176855425558,0.6428534349801712,False
8243,0.9187271627446676,-0.897921979349015,False
8244,0.3882839529735903,1.0749154640075629,False
8245,0.4459241491942247,-0.3841664741806195,False
8246,1.0132644004759597,0.489915338433606,False
8247,0.2288874955522477,-0.1591029589628786,False
8248,-0.672257102411792,0.7934895449452941,False
8249,2.371437904483381,-1.304092987535188,False
8250,-0.2991278327791081,-1.2997107765995308,False
8251,-1.0519886832857022,-0.6536096582019505,False
8252,1.0180632641395502,0.5182374068680082,False
8253,-0.2276621338414519,0.2421351473559727,False
8254,-0.8413830668197388,0.8185554455793741,False
8255,2.5028320986014063,-0.6315021028288041,False
8256,-0.1935527892981515,-0.7627627197732059,False
8257,-2.1577107941570457,-1.1229749409548162,False
8258,1.3723179420052645,-0.9051134576564114,False
8259,-0.1626740160605687,-0.1685010223329206,False
8260,0.057337396819112,0.7415036210138276,False
8261,2.176832636652182,-1.116750134309981,False
8262,0.0554080766771557,-0.8819234421583998,False
8263,0.2328500331722988,-0.0446523018145091,False
8264,-0.6504805946826664,0.6695253735481181,False
8265,0.3926028621104423,0.7409670902531079,False
8266,-0.1764153401704154,1.5434017973378205,False
8267,2.4267594694463352,-0.2132588042365766,False
8268,-0.1845193126989449,0.445902992939681,False
8269,-1.3614869710025372,-1.4730512517212069,False
8270,0.531084534978305,-0.4842410081204513,False
8271,-0.0775659892695046,-0.381149650201108,False
8272,-0.4848277648597606,1.6418088035757803,False
8273,2.3300862736574803,-0.5378649638573356,False
8274,0.0894806311913304,1.1980117404747674,False
8275,-0.7570620784159549,-0.4237555692285549,False
8276,0.5187811012869626,-0.6078612385853636,False
8277,0.3366355801458681,0.537669699486033,False
8278,-1.246324108568812,0.8475916278247262,False
8279,2.3830192915933384,-0.711043348996429,False
8280,0.5444371260675116,0.683936160188174,False
8281,-1.012115082171211,0.9472214685838456,False
8282,-0.050846382216641,0.6279195294988058,False
8283,-0.9802642882507904,-0.276822920656315,False
8284,-0.0302676541119747,0.5515869471848736,False
8285,2.301376447533417,-0.287168701919932,False
8286,-0.1458327101522619,1.3253850042284336,False
8287,-1.3143275009849842,0.9268144170517272,False
8288,1.2715773164460795,-0.2422739347721628,False
8289,0.0872389190106954,0.5132351425787347,False
8290,-1.1465089696842217,0.8389704336210289,False
8291,2.123058513780738,-0.4130666155999463,False
8292,-0.2922795154812005,1.3523057432254302,False
8293,-0.8840219974677355,-0.318186735509766,False
8294,1.4442219307509965,-0.6414117893768077,False
8295,-0.7281983489490292,0.7274573361071828,False
8296,-0.3337630259436445,0.8175194679722274,False
8297,1.8753567369244648,-1.0200075508072453,False
8298,-0.0519614672941749,0.3695146125216193,False
8299,-1.0110777709277874,-0.3099471033475108,False
8300,0.3638142386161873,-0.5446096883277197,False
8301,-0.4472251323282416,0.8353859360730145,False
8302,-0.9449118139785474,0.5332513795934064,False
8303,0.1571845865772505,0.4560560530540727,False
8304,-0.038154384418332,0.9792830484018826,False
8305,0.5137874584647466,-0.7383242163638875,False
8306,-0.4913560445016658,-0.6171923027239998,False
8307,0.2083915417756916,0.2798681607909191,False
8308,0.2216236193101988,0.7512937997192282,False
8309,-2.1183854995020117,-0.1849301186483122,False
8310,0.211107402245611,-0.3858947837375499,False
8311,-1.2224167504752834,-1.0851671487461905,False
8312,-1.2589266156877958,1.6493620007017702,False
8313,0.584042471112997,0.6150254973446329,False
8314,-1.015632603981898,0.8002883304160466,False
8315,-0.2221822758535645,0.6468403332157439,False
8316,0.0127158866213744,-0.4582929108350616,False
8317,-0.302283043621786,0.2708926375829962,False
8318,0.1116145046233445,0.7422363058025627,False
8319,-0.8456880159547884,-0.263878721351221,False
8320,0.8896781240741637,-0.6192279038237265,False
8321,0.2897302016424199,0.7910429006718318,False
8322,-1.1382894543515505,1.6599538994582272,False
8323,0.0806671335254985,0.3999656728323852,False
8324,-1.3793902559966,-0.2482665618734684,False
8325,0.6785734905418707,-0.4970722225334446,False
8326,0.7543299483506882,-0.5454549311434487,False
8327,-0.618898863565697,0.0109530902131893,False
8328,-1.2567937723402598,-0.2452701075478099,False
8329,-0.5484804039131782,0.8409329347816679,False
8330,0.2406528790173183,0.0132126935458104,False
8331,-0.0634297474125087,-0.1395313366468392,False
8332,-0.3730123924612261,0.4788358106292049,False
8333,-1.3997149349583882,-0.2311347579313884,False
8334,-0.6101249347657772,1.4874528492438932,False
8335,0.6036954782870303,1.3720713950936383,True
8336,0.4899946598780872,-0.6415931234200748,False
8337,-0.6673067233577755,0.6084700036851501,False
8338,-0.178182334211271,1.106829883285118,False
8339,-0.8088397385277569,0.697210519117604,False
8340,1.273149370503531,-0.1480197751768684,False
8341,-0.108939597755743,0.8470834086488321,False
8342,-0.2040197934932528,0.2027443385099883,False
8343,-1.0256364772712812,-1.254685132660773,False
8344,-0.2907011111547278,0.2261693633656778,False
8345,0.0616335551859214,0.9331362739001464,False
8346,-0.7813837046026605,-0.7449240895814727,False
8347,-0.5271297419848251,0.6035751796863256,False
8348,-0.5074762552757736,-1.4632175532191318,False
8349,-1.2261558537326191,0.5963573547978857,False
8350,1.3292138232280324,-0.1838943521236303,False
8351,-0.6634235919363823,0.6286356585461039,False
8352,-0.4142000863350566,0.6112507251866177,False
8353,-0.8426918739812558,-0.5266136127062224,False
8354,-1.1824259967140325,-0.2370974638787444,False
8355,-0.4872841770825035,-1.349082527101761,False
8356,0.0005817511851001,-0.2139416878407187,False
8357,-0.9018659523373668,1.7144764149046057,False
8358,-0.9270996779303876,-0.3884585042322944,False
8359,-1.432027183114108,0.670769846289121,False
8360,-0.0490474356987119,0.1928066362612184,False
8361,1.174959741001337,-0.7088778353538898,False
8362,-0.2373197463933421,0.2390799732242892,False
8363,0.3743363266856688,0.8244052902994389,False
8364,-0.8932359118080194,0.8513898313470004,False
8365,-0.5699287545400529,-0.4001492796299707,False
8366,0.3252171937554712,0.8403776083448695,False
8367,-0.7685012537821607,0.8331045259376275,False
8368,0.6227076596597317,0.5577803242108134,False
8369,-1.4145402525400363,0.5684351055912285,False
8370,-0.082009540785897,0.3713700763093499,False
8371,0.0637332100534729,-0.420072339958622,False
8372,-0.5971688466498624,0.5620983064942956,False
8373,-0.1016512399647443,-0.2246360104810122,False
8374,-1.113019897907272,0.396107288482793,False
8375,-1.4264964095953867,-0.6167235574794439,False
8376,-0.0913021027929041,-0.9586313465948058,False
8377,-0.8824035686509097,0.964529899911561,False
8378,-0.0176093095737244,-0.4172658607867243,False
8379,-0.6630966458102845,0.3016591406989581,False
8380,0.0235769670245235,-0.4324825591521353,False
8381,-0.6588746680887574,0.2714638097320643,False
8382,-1.0098924039754968,0.0336570468876623,False
8383,-0.4751481756363362,-0.5330083588630776,False
8384,-1.3011958090485114,0.543710431205659,False
8385,-0.4978955109925899,0.368614760418646,False
8386,0.5452473470975467,0.905219995329348,False
8387,-0.405764196164537,1.1167131547828293,False
8388,0.2757977385344367,-1.1199360641370304,False
8389,-0.8964935040186359,0.7871536300171388,False
8390,0.3929479036813695,0.6305231845904254,False
8391,0.0495520795098457,-0.6512133308869711,False
8392,-1.2078213491863656,1.654888245692905,False
8393,-1.1580840746411434,-0.7391196097533275,False
8394,-0.9703969691202164,0.4876482528213328,False
8395,-1.371203908487723,-0.3737773624714696,False
8396,-0.5383578545827025,0.149808011753881,False
8397,-1.340009805704938,1.2350680329252202,False
8398,0.0399631811461842,-0.4273814655242738,False
8399,-0.4612448746575602,0.0834284057539155,False
8400,0.2194462515587645,-0.4802832035038767,False
8401,-0.4590280683499027,-0.7397203081035972,False
8402,-0.2832672744554836,2.02559012063824,False
8403,-0.5323321042233718,-1.1925501383016337,False
8404,-1.1605778944705092,0.3877622535322764,False
8405,0.3625019109864695,1.2492918602876173,False
8406,-0.8383346893963588,-0.0698828885715967,False
8408,-0.1510325125022795,-0.8336992080438536,False
8409,-0.290756227858618,0.6563014344385728,False
8410,0.4617332009432833,-0.5611412171922808,False
8411,-0.3615719635267178,0.860380636711547,False
8412,-0.8416343116551217,0.3755194236117071,False
8413,-1.0971314857908396,0.0191820461695075,False
8414,-0.2298568221228506,0.870773508583067,False
8415,-0.9657578797296892,-0.3632974467343443,False
8416,-1.4140086616871348,1.33270656310265,False
8417,-0.9144830223022676,0.3048874013955431,False
8418,-0.6487871085959138,-1.4334102033889682,False
8419,1.2990021692247764,0.907943086102412,True
8421,-1.124551184139313,0.1812260298971457,False
8422,-0.6691159957960486,0.4073746375278543,False
8423,0.663159371850895,-1.065458448572307,False
8424,-1.2836688958524545,0.991769487538606,False
8425,-1.21115960281507,0.5382684831412758,False
8426,0.1914107851320266,-0.4451174088320359,False
8427,-0.0399791664735275,-0.8191346112821776,False
8428,-0.6674549375901506,0.4559876744281205,False
8429,-0.5826459432099618,0.2044244777198145,False
8430,-0.4054452783486464,-0.4565796811353609,False
8431,-0.1700362315533251,0.706475021383662,False
8432,-0.8431658859559894,0.3192394282733864,False
8433,-0.4502458464718045,0.061814523698056,False
8434,0.3481430516546652,-0.8321170414070235,False
8435,1.2264979815761232,1.3521011224756485,True
8436,-0.7030281303131716,0.7697900715300515,False
8437,-0.5957409973934633,0.5324897395409326,False
8438,0.2150167155118593,1.2962466908854209,False
8439,0.6542770808358115,1.7918264723725368,True
8440,-0.4452801926144661,0.5808364736946321,False
8441,-0.3363826592943923,0.4642851852394833,False
8442,-0.2498102495833807,-0.1163742991880798,False
8443,-1.0682793705309526,-2.03710291804584,False
8444,-1.1362637441021886,0.1236975447313024,False
8445,0.3265871449763551,1.5189098092686284,False
8446,-0.0983844377399085,0.9386678066781322,False
8447,-1.3227851362094398,0.601674895068141,False
8448,0.2042295428902911,-0.7650586975597247,False
8449,-0.8028671321429801,0.1204320651042403,False
8450,-0.6624051674618847,-1.1819908350587571,False
8451,0.4133299392781772,-1.2288150986530513,False
8452,-0.0245978195382249,-0.5794802965748035,False
8453,-1.147338796592143,0.1180982854115548,False
8454,-0.3718430297898153,0.792881659610504,False
8455,-0.0801259003637873,-0.9453330476541192,False
8456,-1.3200110284407995,-0.1457390109730858,False
8457,0.0624633178808104,-0.7331105364148791,False
8458,-1.1750436223918372,0.7184240720463761,False
8459,-1.2352122200443374,-0.2966632961077848,False
8460,-0.8759925496123722,-0.0930575758859965,False
8461,0.1543340882055049,1.138586987778539,False
8462,-1.3966873921658896,-0.4211107343163081,False
8463,0.0795762395204817,-0.3091612308112278,False
8464,0.4615846285903172,0.8680853391004189,False
8465,-1.2521394920756626,0.5363770037736991,False
8466,1.7764864010111845,-0.8184456835906556,False
8467,0.3093281289644271,0.6238580351855401,False
8468,-0.9684854495566266,0.7569482602640639,False
8469,-0.8977007190764776,-0.5926454489896325,False
8470,0.735532722213207,0.7985273068895752,True
8471,-1.1324755306840275,0.2627030096057401,False
8472,-0.2180421261609646,0.4477590083214442,False
8473,0.0379426980687131,-0.3545408247107476,False
8474,-1.3457089756095555,0.8259490407220167,False
8475,0.304544083223621,-1.4107563913079266,False
8476,-0.6017820253555106,0.123559441138618,False
8477,-0.1732844425153197,-0.2827990400597883,False
8478,0.2952967087457762,-0.7927903376304346,False
8479,-1.1744798303012574,0.0643753942941855,False
8480,-0.0583236931715629,0.1396107253232563,False
8481,-0.7081014418628158,-1.459199950185604,False
8482,-0.5143950520188256,1.0239701919889816,False
8483,-1.044914702773179,0.6878666443370904,False
8484,-0.1486785680210738,0.4273509979115422,False
8485,-0.1459182425673364,-0.4719875548840345,False
8486,-1.4330891801844785,-0.5785712253007746,False
8487,-0.2493977512234158,-1.0470700156097776,False
8488,-0.4003558107542962,-0.5484228061822061,False
8489,-1.4044857042431986,0.1781591574740819,False
8490,-0.0221140831148991,-0.7240035703102006,False
8491,-0.72094058193451,1.2782523732235798,False
8492,-1.1788263961691725,0.4091621398991786,False
8493,0.452891804587018,1.208106488026531,False
8494,-0.363577843416368,-0.7188247718690455,False
8495,-1.223342254712113,0.731198342937982,False
8496,-1.020365288882903,-0.6149403110982777,False
8497,0.3357094219525552,0.8758378242479468,False
8498,0.3092726887936377,1.8058048896321048,False
8499,0.1898155756998853,-0.7668056290483507,False
8500,0.184473678869318,0.3617058175840774,False
8501,-0.7552425587149756,1.1134674527504436,False
8502,1.0215408356601623,1.5261706624035158,True
8503,0.8176304523384219,-0.7284164569110527,False
8504,-1.2960371915102529,0.1956467963327044,False
8505,0.4812538383888444,-0.7898044822153868,False
8506,0.5422036131684873,-1.0906335963208238,False
8507,-0.6776988437334098,1.437296534039472,False
8508,-0.0026760949330748,0.7305179397232869,False
8509,-0.1339177143762865,0.8591279935984241,False
8510,-1.120298886235828,0.8040919333080981,False
8511,0.1622421561464995,-0.5685664641473558,False
8512,0.7001122093805968,-0.6609548019881595,False
8513,-1.220979054082951,0.5846323992320465,False
8514,0.2156135371912411,-0.6796427512306129,False
8515,-0.3005894973459325,-0.8187026664971616,False
8516,-1.0924274782271353,0.525472106439721,False
8517,0.0188979054963305,0.5077652213875097,False
8518,0.4187746295379703,-0.4610476892915568,False
8519,-0.3728865016129956,1.3130157595811207,False
8520,-0.0770818985622801,0.4942970658729347,False
8521,-0.723760669828814,-1.2255777529756755,False
8522,-1.0470615498077052,0.1674323967694739,False
8523,0.2013352711568048,-1.2196481418774905,False
8524,-0.3009896087711208,0.8952390571220465,False
8525,-1.2548920905413068,0.6013007034528964,False
8526,-0.9751276652461216,-0.5620656300718593,False
8527,0.1424281589755373,-1.234525157909811,False
8528,-1.3650414946579883,0.2509048107470599,False
8529,-0.2671998855303397,-0.8953010327693443,False
8530,-0.3672525550008962,-0.5167841228405768,False
8531,-0.49784111411671,0.951882737634899,False
8532,-0.9509387643547292,-0.7145944035032199,False
8533,0.2723408829854916,0.6978596698738684,False
8534,-0.6019204030288483,0.8378034382131319,False
8535,-0.0671285399284513,-0.9865433306253918,False
8536,1.3836520587350292,0.056196487334097,False
8537,-0.7986593149040262,0.4745620694857995,False
8538,-0.0985426718459399,-0.2749976329501007,False
8539,-0.1477344093603789,-0.5904146314814377,False
8540,-0.9130306796870696,0.527869339522139,False
8541,0.2177355620800593,0.6291536327998455,False
8542,0.4228995701546453,-0.5577880225192522,False
8543,0.0975331289101701,0.5431578098702647,False
8544,0.9901036114611532,-1.4798160542322183,False
8545,-0.4990790834379158,-0.5239036495371369,False
8546,-1.4474808258570016,0.5266833431818538,False
8547,-0.1052672209908971,-0.3268819260305008,False
8548,0.0367205287367144,-0.8803437968996118,False
8549,-0.6612817451633598,0.5188595306880439,False
8550,-0.2937555409193187,-0.8115742176266253,False
8551,0.6982034983341148,-0.8512321313711454,False
8552,-1.1429617586201166,0.4847369127153003,False
8553,0.8833829544050974,-0.2685252275807389,False
8554,0.2693416687404927,-0.5390930796375746,False
8555,-1.1753826691374991,0.171606519439561,False
8556,1.4221541188772773,-0.6810363440567925,False
8557,0.7520617696558538,-1.0884349391564023,False
8558,-1.2637106474174244,0.0801600255917667,False
8559,0.7840982957588863,0.2869337290275368,False
8561,-1.1635031450228217,0.0332816551830896,False
8562,0.6204277879208544,0.8984482691050428,True
8563,-0.9370567324880056,0.8035004478383877,False
8564,0.2310307932383036,-0.1838474388893199,False
8565,0.6449251945403893,-0.8869430520376211,False
8566,-0.4473084285389286,0.9489566823334132,False
8567,-1.2048960332748555,0.4335146734321053,False
8568,-0.0717693805415728,0.5690654566827982,False
8569,0.6729055280996499,1.0347644424683309,True
8570,-0.7487731526409815,0.4737831926870055,False
8571,0.3652418703245521,-0.470609374046797,False
8572,0.0084727235797624,0.8674346021525146,False
8573,-1.0087174645291934,0.5863224821412832,False
8574,0.0103476117834386,-0.2056512265991073,False
8575,0.0291745893001849,-0.8583854046399079,False
8576,-1.217295426121397,0.0096495898197996,False
8577,0.0104192349009005,-0.9063019551454552,False
8578,0.2439035491569446,-0.8736227800173206,False
8579,-1.4443416277454646,0.3874265693122922,False
8580,0.5296394526875037,-0.8315935680982958,False
8581,0.2010703620434721,0.5422580400212447,False
8582,-1.0447645784691062,0.5074596777093827,False
8583,1.1445841125971312,0.671469903548215,False
8584,0.6217545796602129,1.0515913356090367,True
8585,-1.2194167119404422,0.0765379370647501,False
8586,-1.29718630832165,-0.8791712637104057,False
8587,-1.0933794587160834,-0.3663770013109562,False
8588,-1.4727917955220111,0.0314368746210136,False
8589,1.86984967858214,0.8010082605173177,True
8590,-0.4010391747529043,0.9285018492538202,False
8591,-1.3537726787032884,0.0018192715977771,False
8592,-0.4026397446548533,-0.3060630377445047,False
8593,-1.0140769774994356,-0.390866214400881,False
8594,-1.650829833561078,0.1562232643503254,False
8595,0.3574383854431625,-0.5210447467240644,False
8596,-0.1309834041901904,-0.971096502214975,False
8597,-1.20451774818653,0.1861069514381581,False
8598,-0.1423230283606372,-0.8471309476180141,False
8599,0.2304245231311304,1.414235471949224,False
8600,-0.9144150444917218,0.3802954440443893,False
8601,-0.337861889746435,-0.0052919048925687,False
8602,0.0765869978723937,0.4396916288105583,False
8603,-1.32779017189133,-0.0568167761910249,False
8604,-0.7101077564340434,-0.8638934735104304,False
8605,0.227222982503503,0.7158302218245998,False
8606,-0.1868333182780699,0.8884045225296465,False
8607,-0.2064694961523384,0.8760283453038074,False
8608,0.4044551375677027,1.0368326984983072,False
8609,-0.7689385163379338,-1.0652611986217078,False
8610,0.0339433310391681,0.6752134599302158,False
8611,-0.734769288849625,0.3900154699024644,False
8612,0.3750830898284325,-0.7893997762736202,False
8613,-0.8091632243684415,0.5328294774647471,False
8614,0.5215135567669472,-0.5283003389219714,False
8615,-0.997366996198404,1.2005237005550726,False
8616,1.331956149507832,0.757830203296917,True
8617,-0.3955764440420348,1.257256889667161,False
8618,0.4070239099453155,-0.5489150554855375,False
8620,-0.975156665872533,-0.861331841328163,False
8621,0.716490694155037,0.8451727529974287,True
8622,-0.2693129033716075,-0.586214947804584,False
8623,-0.0165288185960285,-0.3919886177422089,False
8624,0.5728484231095265,-0.8316062496623395,False
8625,-0.9693185002300012,-0.3708097437670155,False
8626,0.5173535593638567,-0.7734558260127722,False
8627,-0.5659140871670452,0.9383062222116536,False
8628,-0.0535648500133168,-0.705402618775972,False
8629,0.5786848044090745,1.332638050066379,False
8630,1.4383254238606342,1.2032983197103928,True
8631,0.2607295132973681,-0.8260653932299981,False
8632,-1.1518501436448996,-0.5648293564410376,False
8633,-0.3289563717069796,1.6487660771372157,False
8634,0.1940001023931302,0.8647377490823276,False
8635,1.338729670076285,0.3268720486285721,False
8636,0.9616365688181372,0.8243742271971316,True
8637,0.1234635264181168,0.5305066938830127,False
8638,-0.1918960579603603,-0.1823100935645378,False
8639,-0.6059535923278561,-0.3025248975075801,False
8640,0.2622018095303507,-0.3364909775492564,False
8641,-0.4203870184667158,-1.3474272119551929,False
8642,-0.1732358059598673,-0.4034597445610939,False
8643,0.3896799099067749,-0.9311060043173008,False
8644,0.3972230281226659,0.8938430384034753,False
8645,1.2189204504436435,0.3541931770728346,False
8646,-0.2587642224117004,0.6096875846594813,False
8647,-0.3240147458334578,-0.96079491240965,False
8648,0.5597275381412067,0.3939931630413755,False
8649,0.4606004233160538,1.8505723610469216,False
8650,0.7213717687981832,-0.9534502616166404,False
8651,0.240276720109052,-0.6958539090918823,False
8652,0.6685206153144257,-0.7976077417754714,False
8653,-1.290062596981055,-1.8428334067256933,False
8654,-0.1740580177839661,0.4806211212148121,False
8655,-1.8803374580758616,-2.056461140468317,False
8656,0.1788536382825598,-0.1696138973069421,False
8657,0.1682887974386387,0.8112879605773496,False
8658,0.0711235152540895,-0.5411811422386104,False
8660,1.3628652206363605,-0.9415626214015252,False
8661,-0.1144675181374589,0.3600251888524781,False
8662,0.4160797363072581,0.6692849751151795,False
8663,-0.8624766526495463,-1.4803874725197608,False
8664,0.0565555303395999,-0.2246836431095316,False
8665,-0.3516398608879707,0.4760824015596044,False
8666,0.392431792176998,-1.160603284232104,False
8667,-1.3556354276455436,-1.893868908201481,False
8668,0.2276180021918735,-0.6691133377961633,False
8669,-0.1868451918957239,-0.1886714783954695,False
8670,-0.475665659623339,-0.1016085065988613,False
8671,-0.6535580589671892,-0.3235758381252844,False
8672,1.0406502919416492,0.3161966023312312,False
8673,-0.0305660397836721,-0.3907782137663914,False
8674,0.2700502807058416,-0.5818338364970338,False
8675,0.6523822083046383,0.728583520923017,True
8676,0.7875943750181071,-0.9851202227994864,False
8677,0.7240544014950674,-0.0879327744113596,False
8678,-0.1854651317554836,0.852139494170248,False
8679,-0.2174212781099715,-0.5998363330393135,False
8680,1.1315272926539692,0.9711544821471548,True
8681,-0.0574983266711029,0.6133949837926579,False
8682,0.6090751872462866,1.237034690477179,True
8683,-0.854113628229687,-0.4179322249380182,False
8684,0.0895591377984167,1.1418884369328035,False
8685,0.2401222210878321,-0.192827214604117,False
8686,0.3877894080088517,-0.1236616156535591,False
8687,-0.1608989035244812,1.829462328336113,False
8688,0.4897549793503393,0.5789731675800678,False
8689,-0.1798798337553833,0.7614289319674825,False
8690,0.1034120337435728,0.7567665571888444,False
8691,-0.909085435202675,-0.3096394798523382,False
8692,-1.1540561578082602,-0.2309175355539137,False
8693,0.0932397786554442,-0.7885533249334765,False
8694,1.164989067273272,0.0986390085802493,False
8695,0.6976263465957413,0.8293847036002056,True
8696,-0.2236873551702468,0.8259453721905559,False
8697,-0.4236324380693393,0.7567185645224428,False
8698,0.7628245493791428,0.4635757136035461,False
8699,0.6368292491622284,0.951321135421431,True
8700,0.4446845439421616,0.5468180393662702,False
8701,-0.4240173644096616,1.0943066271236697,False
8702,0.5183882347368997,0.6172239258125156,False
8703,0.448147257820349,1.0472911471396318,False
8704,1.3938309086484333,1.1215907359362085,True
8705,0.4198679491952077,0.578316531503255,False
8706,0.1838420348231474,0.5452605771717182,False
8707,-0.7205936185562004,0.9568752278952772,False
8708,-0.1996261107874444,-0.2978235535790816,False
8709,0.2300892222844034,-0.0003997222492077,False
8710,0.0659840879613885,0.8216798662012795,False
8711,0.2645448584800515,0.8830280783530924,False
8712,0.3526249348042579,-0.3204282136760258,False
8713,-0.8104053499582398,-0.2284232982547769,False
8714,0.1203815978820927,-0.3136870234598372,False
8715,-0.3154893156622894,0.5060485799695439,False
8716,-0.0786601250319547,0.8580585234126977,False
8717,-0.4661139250906377,-0.8436428354692163,False
8718,-0.5003963818623736,-0.0779589746465517,False
8719,0.6790032567834975,-0.3712048117921673,False
8720,-0.1008643672146554,-0.0836049149947909,False
8721,-0.1580866178705558,0.619904909859511,False
8722,0.2680321277571478,-0.6011105645158076,False
8723,-0.9410006607653952,-1.7249413668317373,False
8724,0.0431962201991975,0.6704547116665553,False
8725,-1.2785548597690517,-0.6646980739874438,False
8726,0.1242852508281758,1.1926213737474811,False
8727,-0.6024237301143159,1.2014206897998303,False
8728,1.454113988541444,0.543277410683274,False
8729,0.0218579703907106,-0.141054386499178,False
8730,0.5648036883048735,-0.729840194274427,False
8731,-0.2366904610579733,-0.1258705902353805,False
8732,-0.0905407392059566,-0.3059594191834898,False
8733,0.0482750321163441,0.1613211629788042,False
8734,0.3034989248442958,-0.5466481962381423,False
8735,-0.4926709149205626,-0.8106255861298268,False
8736,0.3557105043034544,-0.330720029498849,False
8737,1.3993465266005998,-0.5265957160317284,False
8738,-0.759396641239673,-1.2015359240165688,False
8739,0.494016951938707,0.7476560763542225,False
8740,-0.4106783081681966,0.54654122912083,False
8741,-0.393385165709538,1.079402035210098,False
8742,0.3465866902904761,-0.4701209152935882,False
8743,0.2939902336871303,-0.0110105096629057,False
8744,-0.671890849900686,0.4634266101704206,False
8745,1.2716537930345917,-1.1610155920856982,False
8746,0.5497921886785526,0.7176531834009963,False
8747,-0.3968196074720764,-0.544527892879492,False
8748,-0.2688486525395124,-0.3727443560188655,False
8750,-1.1012241868961825,-0.5957944509114117,False
8751,0.2442387100923009,1.068421336831977,False
8752,0.8556074853782856,-0.3201505709842396,False
8753,-0.839577845818969,0.7878359677653177,False
8754,0.4124948821838332,-0.7248283526552641,False
8755,-0.1542114642824146,-0.2527546603335034,False
8756,0.3892417307205706,0.6527119292965494,False
8757,-0.2977215052704409,-0.3704476962962123,False
8758,1.0272231236803604,-0.665623470140539,False
8759,-0.2143801954074656,-0.3646004160089708,False
8760,0.050843172632812,0.1105180492812288,False
8761,-0.7639461120003183,-0.0813660674102773,False
8762,0.382251672412828,0.9190962566166894,False
8763,-0.1604730979141226,-0.0600231490313069,False
8764,-0.2951944437231381,0.5412861033879548,False
8765,-0.4961897299239839,0.7693675826692088,False
8766,0.6163015514519652,-0.6655194758311903,False
8767,0.1524223464056025,-0.1980595456205663,False
8768,0.197657128948775,-0.4672886110170788,False
8769,0.0094625792779444,-0.8543520867954297,False
8770,-0.2975163352977868,0.5974175809484701,False
8771,-0.8139347983325992,-0.131942523878612,False
8772,-0.0886917441133549,-0.3004222396491078,False
8773,-0.5762771860170629,1.305135779673023,False
8774,0.2379791413474694,-0.4221537328065148,False
8775,0.0315845053912061,1.0009737029081602,False
8776,-0.7538053021790505,-0.9380477511353122,False
8777,-0.3617207448559517,0.9313083246588224,False
8778,0.7608498552300152,-1.1018375546961146,False
8779,-0.8165246946219197,-0.1995881395075965,False
8780,-0.077036024576403,0.6025405138173664,False
8781,0.0227638794880322,0.279912866145338,False
8782,-0.4933563524972166,-0.7771942605543,False
8783,1.2188482528489548,1.0780121433103786,True
8784,-0.4200387254609281,0.6828018274569674,False
8785,-0.1604434235108579,0.8608102513947096,False
8786,-0.4857368581754246,0.6516452916383345,False
8787,-0.4218517936501981,0.2501299283634044,False
8788,0.078536926075697,-0.7054945292047412,False
8789,0.6285135628813361,-0.4147214496359854,False
8790,0.2106810375557496,-0.534388734838639,False
8791,-0.6568050353638405,-0.4492280834705257,False
8792,0.4425233073144009,0.8158436268078118,False
8793,1.0495483861429964,-0.8308661240794113,False
8794,-0.1125165216193253,0.5022143595462644,False
8795,-0.6475737035793944,1.1375416270548957,False
8796,0.1734917351895886,-0.5346211185978829,False
8797,-0.6197992586320262,-0.1085430986242117,False
8799,-0.7710307621081205,-1.0328840483028368,False
8800,-0.4875924242242771,-1.141521400962645,False
8801,-0.554047606296971,0.885042510400653,False
8802,-0.0308382343586246,-0.9599003719682384,False
8803,-0.2069062017368348,1.834388392416495,False
8804,0.7252562896574327,0.0894164114933367,False
8805,-0.1484396740313086,0.4783997139229327,False
8806,1.2066193218764103,-0.7204928979797875,False
8807,0.3647208128076083,0.6885803289544361,False
8808,0.1644913404708521,0.6004003970471826,False
8809,-0.0592867132898549,-1.0698179336653262,False
8810,0.9175467490048967,-0.7781505745320467,False
8811,-0.2800561876968583,0.5257717324836492,False
8812,1.0444628672259393,-0.5270872021199696,False
8813,-0.1755642327166843,0.5714058807723177,False
8814,0.8917345411623364,-0.414576139119012,False
8815,-1.0334565728792175,-0.0810335086207491,False
8816,0.0812272293193542,0.8269831213874026,False
8817,0.4831257017634897,0.5930975216668252,False
8818,-0.0268650712513882,-0.4758562796647074,False
8819,0.6668315182531885,1.221944258063618,True
8820,-0.106380873965838,0.7677866819810095,False
8821,1.25610620053202,-0.4076668771191046,False
8822,0.2846697577018977,0.8185031121972818,False
8823,-0.2619350521986742,-0.876588624937047,False
8824,0.3890598401623218,0.777930690821169,False
8825,-0.9834740772977758,-0.554492242545188,False
8826,-0.1930285653486496,0.7099759810953259,False
8827,0.8328003107706258,1.4659597047110118,True
8828,-0.1997821882877479,0.1229520635413815,False
8829,0.8833697380713982,0.8338274055992511,True
8830,-0.4083623867476316,0.5611940550663912,False
8831,0.3149734888314925,-0.3663030287912167,False
8832,0.275302840941642,-0.3302474454108187,False
8833,0.1079558377473389,-0.2768459646414214,False
8834,-0.0092712749255841,-0.1900814327167145,False
8835,-0.2459815145723534,0.7259379526999674,False
8836,0.4922963425287485,-0.5882581144377793,False
8837,-0.6244905633932394,1.361447066408542,False
8838,0.482275337017904,-0.6185982991528136,False
8839,0.9008537453452712,0.6660081002973108,False
8840,0.4681987193159852,-0.7120381835532984,False
8841,0.1861879150727816,1.347718759264224,False
8842,0.4793193715773349,-0.5411062121090521,False
8843,-0.2973147603034277,-0.2393650476883911,False
8844,0.2865871595931533,-0.7640556258741206,False
8845,-0.2706266265019069,1.4981906494097854,False
8846,-0.6298908914941246,0.5378428681544045,False
8847,-0.2168860690372742,1.5868575960590228,False
8848,0.1622778285794477,0.91623826261477,False
8849,-0.8861856602416327,0.5812212700403024,False
8850,-0.3497352979938309,0.5393650715709228,False
8851,0.4822824971637229,-0.3170586016528249,False
8852,0.5167604489765347,0.6207404340542223,False
8853,-0.0829958163848686,0.1574285842848277,False
8854,-0.3424010648046339,0.7308795946456754,False
8855,-0.4567239087479223,-0.2933628050141057,False
8856,0.7274464848785969,-0.831916747401144,False
8857,0.2522318946429852,0.8572071353003755,False
8858,0.5891715546837885,-0.5498009361432031,False
8859,-1.1339558264710865,-0.0449357259893208,False
8860,0.8465792208767361,-0.7401399786049642,False
8862,-0.1013066759994522,0.1646731575752703,False
8863,0.2902928682320284,0.851541351718017,False
8864,-0.2337600692386957,0.877547258979608,False
8865,-0.0458373473689287,1.092945514380082,False
8866,0.7018031081692622,0.2626404695511931,False
8867,0.7340338111706708,0.6280998202441209,False
8868,-0.0741316988215852,0.9905523224405648,False
8869,0.3433461957870173,-0.8060032621829785,False
8870,0.5679330625209287,0.8804906592854247,False
8871,-0.4005481951392639,0.4109733653918872,False
8872,-0.3760591472932203,0.9709637404448236,False
8873,0.0043271654136731,0.4369278985152748,False
8874,-0.2785431651953546,0.8625945951855309,False
8875,0.2266291717382342,0.8381883788766635,False
8876,0.5632027192860809,0.8372293871876375,False
8877,-0.7273454797762899,-0.0051145823559253,False
8878,-0.0765859193236005,-0.4551415200688952,False
8879,0.6469602243485821,-0.8596550046688286,False
8880,0.2248612442863575,0.592467474252039,False
8881,-0.9896461135543853,-0.8759108860829473,False
8882,0.3999436850894749,-0.4442171319231929,False
8883,-0.5995204602816658,0.0946281306815647,False
8884,-0.4701277626691703,0.5806141386379463,False
8885,-0.8165683096605574,-1.8739705008247631,False
8886,1.1880681098639918,-0.7512982086038801,False
8887,-0.2277403830967022,-0.3716404495628804,False
8888,-0.2343495928491844,1.0867769672766143,False
8889,-0.4827066476908596,-0.3980331337838195,False
8890,0.3024363582343026,1.5682603379529527,False
8891,-0.8934429713908025,-0.807513806472971,False
8892,0.0853507923043409,-0.276100582502685,False
8893,0.1429260020159435,0.8359899501489073,False
8894,0.0515588054706517,-0.8615140096642148,False
8895,0.6132445848257374,0.1406755988068813,False
8896,-0.3637548660168823,0.5184285627353584,False
8897,0.1450931597783909,1.0481742014696394,False
8898,0.2138585997349685,1.3655556255123866,False
8899,0.2865552806451759,0.8655788306588504,False
8900,1.3455964953042678,0.9227570576751658,True
8901,-1.42517847573611,-0.4318736149368177,False
8902,1.751884436449278,0.0675340344004687,False
8903,-0.0025782735878269,-1.2714442013377962,False
8904,0.8164169758342298,-0.1989957175915397,False
8905,-0.3087915001686263,-0.3697428849758767,False
8906,-0.2829848822195085,0.4169464848245838,False
8907,0.6927800927187538,1.226377208026319,True
8908,-0.3646103566217115,0.3619770799492798,False
8909,0.7056306223589132,0.1986147445623116,False
8910,0.3504526744014497,-0.755738569278384,False
8911,-1.3270834023309028,-0.087051112643962,False
8912,-0.2671401014515309,0.5212242767931614,False
8913,-0.5457447742283966,-0.8191340299657965,False
8914,0.4577928699659708,0.839782988168888,False
8915,-0.2431947672579782,0.9135700716287172,False
8916,-0.5027670055816674,0.649902692431353,False
8917,0.3595563006868369,0.850587275859144,False
8918,-0.3728239406073232,0.684963050188635,False
8919,0.2752391180802076,0.3864672494930374,False
8920,0.5724747602144498,-0.4858521349723843,False
8921,-0.0766550463100474,-1.03555466352497,False
8922,0.2735871008686025,-0.6276375473877531,False
8923,0.1388826656328094,0.5811574014900428,False
8924,-0.3692349405071074,0.2331014691771642,False
8925,-1.504895323220439,0.3290524255382974,False
8926,0.9513446831162152,0.3069489332387834,False
8927,-0.2853782202767302,0.456936978891024,False
8928,0.4800238896308562,-0.1536974460639636,False
8929,0.6363072107634227,-0.6938961005225693,False
8930,0.4811163483331163,1.521610889001558,False
8931,0.2510193651864787,1.4150704039597906,False
8932,0.7248480213955052,1.6316155686781104,True
8933,-1.112751718243029,-0.3022416338374589,False
8934,1.697076938533829,-0.8777798961103588,False
8935,0.2247809811508726,0.4342731760615307,False
8936,1.098247826987294,-1.6589561121405525,False
8937,-0.2732465835104943,-0.6828693491670349,False
8938,0.8746638670562512,-0.7841718876806772,False
8939,-0.2920118674748009,1.5516643871846083,False
8940,0.2241685046000447,-0.0121909885782091,False
8941,-0.1577362987060132,0.4375606477872524,False
8942,-0.2021386201551462,0.937014558100448,False
8943,-1.3196478872701345,0.1788657233877572,False
8944,1.0557518215469304,1.2002976600170563,True
8945,-0.2549189691961878,-0.7816424456012789,False
8946,0.936643689587848,0.6090526603654768,False
8947,-0.3331855349761271,-0.8787567463099417,False
8948,-0.1868044948725183,0.3101377209631788,False
8949,-0.1358696095833701,0.8267375896824193,False
8950,0.2111113483070855,-0.1946147419281491,False
8951,-0.4244573417496191,-0.280531862592391,False
8952,0.2903551883866232,1.5702732125540149,False
8953,-0.7705992941945604,1.1899035038737578,False
8954,0.7109122785841359,0.2702367763775478,False
8955,-0.2592387676522717,0.4004385567767454,False
8956,-0.3238639426650169,0.7964332609635604,False
8957,-0.429636563954919,-1.115934805244508,False
8958,-0.7786703869624209,0.9067710392217744,False
8959,0.0209696163650106,0.3891997931140039,False
8960,-0.0207194691944272,0.2671233454234103,False
8961,-0.0867158216241459,0.9101979535133182,False
8962,1.2929974605511012,0.5350136113518071,False
8963,-1.3583694536235464,0.0005258671955679,False
8964,0.029612022037301,0.1120857671084039,False
8965,-0.1932130294252502,0.8142405819813244,False
8966,-0.5782928955971862,-1.5816022915132997,False
8968,0.7489387913260218,-0.811642592194792,False
8969,-0.4410897001203496,-0.7815649160427041,False
8970,0.457337361438178,-0.8944337377074556,False
8971,-0.8328637358478267,-0.2674818619668298,False
8972,-0.2740046266918379,0.2808041096012773,False
8973,-0.5374547362919221,-0.1336313614711378,False
8974,-0.0085923716826537,-1.3416807389391074,False
8975,0.4075726193751236,0.8183029309176472,False
8976,0.6699379877471968,1.5679677463122308,True
8977,-0.3990289791427556,1.0359673709117276,False
8978,-0.2080790031248498,0.1777425483876789,False
8979,0.6294089978034612,-0.3089365545112831,False
8980,0.2081953559357347,0.653905685328056,False
8981,-0.5045853386315652,-1.042886595514634,False
8982,-0.6464965554303415,0.7383945381771009,False
8983,-0.3390398123190952,-0.9803576258088232,False
8984,-0.2518638925866908,0.367699960086821,False
8985,0.5570741278646749,-0.704493313884953,False
8986,0.1737853853382958,1.4841817937182245,False
8987,-0.0572005243319162,0.8341522915128299,False
8988,-0.4157300585439792,-0.4968731375817388,False
8989,-0.5600978458207423,0.8697469453285209,False
8990,-0.021058805971523,1.005769581286676,False
8991,0.6794500178816009,-0.7827620899660257,False
8992,0.2122315887527076,1.0473067746976377,False
8993,0.927356424963265,-0.4900317112208864,False
8994,0.7599082874011059,-0.31454682792622,False
8995,0.075409619353397,0.6200262653143778,False
8996,0.6513984677909859,-0.6823145871621921,False
8997,-0.9127430529577498,0.6604466993435744,False
8998,-0.5681083263743355,-0.3085845517582528,False
8999,0.1434727497835464,-0.6476178195832523,False
9000,-0.3766862442716602,0.5909476414028656,False
9002,0.4410216511856223,0.1707618395970624,False
9003,0.0800049795081641,-0.2365015029773723,False
9004,0.2440038621900496,1.19417193970509,False
9005,-0.9403932897079772,-1.2520019785800391,False
9006,-0.3636977502492474,0.727721352384464,False
9007,0.417399573419639,0.713508718277042,False
9008,0.4455032985937415,0.828031834853628,False
9009,-0.1902377133709169,1.013722083426461,False
9010,0.7443103371616492,1.27009826454199,True
9011,-0.8573986995975593,-0.5065247867314538,False
9012,-0.2584165605069813,0.032590694186114,False
9013,0.4222607221070439,0.8218496530538871,False
9014,-0.2210311615190895,0.2523494205604721,False
9015,-0.3849190459034478,0.6355787596824537,False
9016,-0.3291423472702253,1.049084050375752,False
9017,-0.3031894807985415,1.225400494553668,False
9018,0.3561508590473239,-1.390338593693857,False
9019,1.3405838005488109,-0.8860021858005945,False
9020,0.8993324840187286,0.3120848230089009,False
9021,0.2427318105117974,-2.0773189488928487,False
9022,-0.4843631876077773,1.001851086754085,False
9023,0.323969009462439,-0.6300837163852414,False
9024,0.3735294432557936,0.7161426302391053,False
9025,0.5091457686838823,-0.8358089254383291,False
9026,-0.2937476423422969,0.355845588594404,False
9027,0.0478019198809905,-0.251423049138042,False
9028,0.1196008619416237,-0.6876912665930239,False
9029,1.17798429465525,0.8631853507108921,True
9030,-0.0737455811997647,1.253000333442266,False
9031,0.4810009461572887,1.1237129333258702,False
9032,-0.0647670536058463,0.7041440647086645,False
9033,-0.2743207875064339,0.1354771440537948,False
9034,0.5527362549418667,-1.1855810549258212,False
9035,0.0366441900502376,-0.9471078358290212,False
9036,0.6862234186304732,-0.7255102309691235,False
9037,0.2376372739992235,1.5577771924129742,False
9038,0.2991435884787724,0.9420273464321696,False
9039,-0.1438448857695093,0.3723160135353685,False
9040,-0.1518642009700971,-0.5825667197129762,False
9041,-0.5678133437114372,0.7628072289564807,False
9042,0.2911096279042881,0.0390909829369194,False
9043,0.219826559327904,0.6280382205504875,False
9044,0.3367298526165766,1.3668104241392447,False
9045,-0.6063774222195968,1.425848023193893,False
9046,-0.9951685938934078,-0.8972345542699096,False
9047,-0.8639753750464095,-0.5452759767699612,False
9048,-0.5835671240534676,0.7458152979485208,False
9049,-0.3420931847018558,0.2402186939546959,False
9050,-0.1079260960838756,1.256716578919498,False
9051,0.0060105050995788,0.8268193744853503,False
9052,1.182444302722106,1.211467610872677,True
9053,0.162717228243545,0.5918557699787665,False
9054,-1.2084490784094075,0.3410688069656464,False
9055,-0.4156939797279629,0.8501574044835177,False
9056,0.4073326578821533,0.741117420559456,False
9057,-0.2595018928528919,0.8253504952452776,False
9058,-0.1216156001658009,0.0968956929127534,False
9059,-0.983635417133885,0.6382949024733213,False
9060,0.3461680512300379,-0.5409328705884653,False
9061,0.8028923937974275,-0.7041359736722316,False
9062,-0.0498538701417965,0.7295236425704275,False
9063,-0.2424807241662358,1.513615004157716,False
9064,0.8257310168942492,-0.1954461296101191,False
9065,0.9373654782629895,0.1974763001537423,False
9066,-0.3363293670397405,0.6016997669216296,False
9067,-0.2486724152880436,0.6483594631741085,False
9068,-0.520598481243787,0.908218002400566,False
9069,0.576366954737049,-0.5140521058339053,False
9070,0.3896109914394962,-0.4464369373306845,False
9071,1.267499844834045,-1.0437196525167858,False
9072,0.3315763576053261,1.1314138700995373,False
9073,-0.7180730120385242,-0.6804901612163308,False
9074,0.2603029113206335,1.0530901431163286,False
9075,-0.3113494740283462,-0.5311556220498244,False
9076,-1.1746113807979446,-1.2041165764497197,False
9077,-0.4119368951498036,-0.5167169334944259,False
9078,-0.0482545837135999,0.7775516585108528,False
9079,-0.932032056367638,-0.6955169732505195,False
9080,-0.123007934868931,1.0272365185437164,False
9081,-0.7041615241355593,0.4694452183344606,False
9082,-0.4937995522865657,0.6337970587594463,False
9083,-0.620039023372018,-0.0794826793917724,False
9084,-0.5383373347549024,0.6171407188161004,False
9085,-1.035321146827222,1.2236400349474694,False
9086,-0.3112927385160927,-0.2974137883343548,False
9087,-0.657877703418668,0.8212659848032211,False
9088,-0.5869567295856856,0.5025359528666092,False
9089,-0.9146435233281854,-0.3512196678626305,False
9090,0.3520562779303787,1.2260777572689288,False
9091,0.1723620030296954,0.9804097935120408,False
9092,-0.0251317165993289,-0.2527122800417598,False
9093,-0.0938452590838412,-0.7095120258465355,False
9094,0.3328532802227065,0.8711104574833407,False
9095,-0.1763103733012173,0.9051818425721896,False
9096,-0.0522396549343815,0.906505833203808,False
9097,0.4828083050590722,0.2183977777864816,False
9098,-0.1709645139205165,0.505276314911733,False
9099,-0.7906118338259389,-0.5477317797182195,False
9100,1.0131852052707964,-0.2885391167599299,False
9101,-0.8307529348934382,-0.3041480065289419,False
9102,-0.2848031056153845,0.4373165979401885,False
9103,-0.3410704046730778,0.6517282474027426,False
9104,-0.3164052819059358,0.6261230252319722,False
9105,-0.522287668727276,-0.3587275939390469,False
9106,-0.7332866053278969,-0.0869169726492868,False
9107,0.6013047545976588,0.4291804336918251,False
9108,-0.6984392561360221,-0.2147124474963965,False
9109,-0.5772760803067504,-0.6092059820565874,False
9110,0.0756549818611151,0.6162151775123038,False
9111,0.1890336756139574,1.2078866548471583,False
9112,-1.3412097609328248,-0.2531935768264172,False
9113,0.2557560495394511,0.8824575957105015,False
9114,-0.023780732262041,-0.7365080499138366,False
9115,-1.3088169869724078,-0.4475917893644482,False
9116,-0.0739094489596445,0.537089801185965,False
9117,-0.0234059629604765,0.86502381018652,False
9118,-0.9926739222810058,-1.7119413389431948,False
9119,-0.9013031017698472,-1.6928903599686005,False
9120,0.0300516198214617,0.389805944542391,False
9121,-0.8668055964628696,-1.0589019450879251,False
9122,0.268592034190488,-0.3793306288401835,False
9123,-0.5620802358753129,-0.0157682800469889,False
9124,-0.0716920810371434,0.7034307195412529,False
9125,-0.5198026086113786,-0.1760920512025481,False
9126,0.3787626068571839,-0.1245254909850966,False
9127,1.2111512053424085,-1.459219066881527,False
9128,-0.8208437964210132,1.260949013026374,False
9129,-0.249457979667541,0.8585046213124834,False
9130,-0.175419556050809,0.6168160356321882,False
9131,0.4409668980427877,1.147256650137569,False
9132,0.6912049388424607,0.4565847705110382,False
9133,-0.5090295884450299,-0.5104759594678303,False
9134,-0.219820219010337,0.7073238735210645,False
9135,-1.7154503261183598,-0.4290340961295867,False
9136,-0.7578362444648074,1.1800043100997155,False
9137,-0.197157896051791,0.6955217611362519,False
9138,0.1330287385824368,0.8332760570752086,False
9139,-0.7007018638472695,-0.1979281625296305,False
9140,-0.0789955407827535,-1.4578487636802184,False
9141,0.1478413404260932,1.2519879325164411,False
9142,-0.561655947785394,0.6340838875131347,False
9143,-1.1593756790992489,0.9254940284716768,False
9144,-0.0042578283321254,0.7725259430540405,False
9145,-0.5300322377242287,-0.4866747967465435,False
9146,-0.5908483881619283,-0.6414241565200924,False
9147,-0.8585918858438139,1.1193605798140425,False
9148,0.6082748703731597,0.1696970461970823,False
9149,-0.8082920563591924,-0.3031656658743122,False
9150,-1.275197814207374,-0.1451841836893379,False
9151,1.3102535183119457,0.4512639001101878,False
9152,0.6763982528902792,-1.177172663569862,False
9153,-0.3557062404727376,1.0507965423033017,False
9154,-0.7704158022592072,-0.1676969149585745,False
9155,-1.3597482856756613,-0.5213884162083062,False
9156,-0.8062553398596707,-1.0712915339055218,False
9157,0.0842875448469433,-0.2851255919574564,False
9158,-0.99536008053413,-1.3020561089938756,False
9159,-1.3377125844080209,-0.5424174236167658,False
9160,0.8789991687788089,0.4186650955420185,False
9161,0.3567430733967592,0.4396728918685398,False
9162,-0.1066695141687747,-0.3700522763723072,False
9163,-0.8162649680579508,0.8353705658319801,False
9164,0.4917077407282555,1.165541020736605,False
9165,-0.725537223432188,0.465411593025294,False
9166,-0.1195675901756648,0.5692836975365902,False
9167,0.5031596725646511,0.713395989812882,False
9168,-1.5123511215958858,-0.5325108314798783,False
9169,-0.253451396080382,-1.0007991657133055,False
9170,-0.4566806865840358,-0.4352616978079594,False
9171,-1.3530534171308253,-0.2664427062576904,False
9172,-0.6384427762718063,-1.1148105036022655,False
9173,-1.332856297996977,1.2580880934888632,False
9174,0.9288736822884284,0.7482229862486678,True
9175,0.2757374587175712,-0.6307909639060956,False
9176,-0.8993354760129689,-0.5522443564971915,False
9177,-0.121340644239499,-0.6276145948293891,False
9178,-0.9669685557609572,-1.0731833584133463,False
9179,-0.0577711053191799,0.924244163915579,False
9180,0.4019043699849087,0.9601628548287184,False
9181,-0.1373451873376099,0.8900664512446883,False
9182,0.5890829610654286,0.6038166157011118,False
9183,-0.5727959734438584,0.696630836427632,False
9184,0.8866554183966093,0.3224856173468858,False
9185,-0.5817117235297677,0.5866008206166445,False
9186,-0.0628614980689134,0.5901889547161439,False
9187,0.659480464764688,-0.0664549192348176,False
9188,-0.3144019655679083,-0.3583206894761893,False
9189,-0.7382695006972483,-0.102368788097069,False
9190,-0.1979272044289236,0.7066685418859264,False
9191,-0.1330238712159084,0.2000306992074351,False
9192,0.124659736197854,-0.6114686560085689,False
9193,-1.2156297553476028,-0.1564579245328938,False
9194,0.9187744552112038,0.807730251831002,True
9195,-0.4972382412438587,0.9402770841526936,False
9196,-0.870018216262743,-0.0551415019721599,False
9197,-0.2300073675302248,0.5099338244710817,False
9198,-0.943853165632802,-0.35011395152638,False
9199,-0.7104183763335647,0.8188285519609066,False
9200,0.2357029521908068,0.9483393655106116,False
9201,0.3032518585122349,0.8276888504271961,False
9202,-0.4229365602305668,0.7718206782185534,False
9203,-0.80203954378753,0.5101010483352815,False
9204,-0.851641680959289,-0.2916295179609982,False
9205,0.0761359335442911,-0.4518266773715642,False
9206,-0.3900339075022832,-0.5227575376160523,False
9207,-0.0296690507790709,1.181724217458027,False
9208,-1.1664836846280318,-0.3792819678781063,False
9209,-0.3437489307446078,0.8274188720533722,False
9210,-0.5056486299624611,-1.268180701672828,False
9211,0.0376837778983399,1.171669389793668,False
9212,-0.3827636238718744,-0.068127472950918,False
9213,-0.2621502229757496,1.0873145883081543,False
9214,-0.2086469336908727,0.2050966013000481,False
9215,-0.081860775258359,-0.4374875948403433,False
9216,-0.8954969140672063,-0.1307894190342292,False
9217,0.7231244762116807,1.4300266193570332,True
9218,-0.3869784565728379,-1.446127816370718,False
9219,-0.9684761562959076,-0.8206940731396453,False
9220,-0.0577024516109308,0.7879429110998764,False
9221,-0.5165732371031676,0.8557464957981538,False
9222,0.1496191411463259,1.2305724292635625,False
9223,-0.5967296491907778,1.441943586312714,False
9224,0.5227878071728302,0.8038991070373175,False
9225,-0.5447397868174327,0.9819334898833254,False
9226,0.3205873484547757,0.5911437348147783,False
9227,0.0008994608863007,0.5788678451145592,False
9228,-0.3042594925955849,0.6528297114415582,False
9229,0.1291001328895515,-0.5813258525404648,False
9230,-0.1811823276249328,-1.2363108579759658,False
9231,-0.7780646727582076,-0.6582962596068814,False
9232,-0.5051699045511344,-0.3406078587658664,False
9233,-0.5402836056973142,0.5739143640078014,False
9234,-0.9847305899743986,-0.5173992221614425,False
9235,-0.2950636144794045,-0.160823003972758,False
9236,-0.2281937253613268,-0.5573687134658838,False
9237,-0.516263373238637,0.5516105732502148,False
9238,-0.7673852964931586,-1.093997408717022,False
9239,-0.4702741373428331,0.6072498657732468,False
9240,0.2032873827452439,0.6636071271322997,False
9241,0.7469798353016786,0.485175559080331,False
9242,-0.6070477054615993,-1.4948076220500952,False
9243,0.0723943722039383,1.1493502092122452,False
9244,0.0133804834071088,-0.7161668207136868,False
9245,-0.8623411468484368,-0.0784825612710858,False
9246,-0.2217970691755419,0.3942470126663906,False
9248,0.4439411504863469,0.9651704363843776,False
9249,-0.809449179795742,-0.4987239721406115,False
9250,-0.12345439945365,0.5130096049252273,False
9251,1.0839718344083478,-1.3126584046458427,False
9252,0.4792118179570924,0.6399395920439721,False
9253,-0.519612675273594,-1.116432916966,False
9254,0.1689818372682909,-0.2292512120003701,False
9255,-0.7273794350743555,-0.1911038146267189,False
9256,-0.4982429103638058,-0.2040353725481873,False
9257,-0.7119409678298968,0.6552736850073484,False
9258,0.0030725483246936,-1.363096995460254,False
9259,0.384925051966293,-0.174857422318011,False
9261,0.135789374638057,-1.0794924382004083,False
9262,-0.5561142722526908,0.7882123468286127,False
9263,0.3022462054254116,-0.9992141924841684,False
9264,-0.0414330403147357,0.8078024608778958,False
9265,-1.4517053703124785,-1.469717069802889,False
9266,0.2372172124320902,0.6913207842363345,False
9267,0.4114832710057826,-0.6989637732058207,False
9268,-0.3439167690756601,0.672294338998907,False
9269,-0.9732579811479936,-0.4469431242366433,False
9270,0.1438337084911619,0.9373523368522916,False
9271,-0.9795855838990464,-1.5237109854382682,False
9272,1.3768406322329012,1.08430726862133,True
9273,0.6172735264160844,0.2777299783352814,False
9274,-0.9168183842659828,-0.7747949899433255,False
9275,0.6838519734049516,0.0411026664082612,False
9276,-0.6592328405460817,-0.8217736651600731,False
9277,0.848644701426426,-0.531512841281043,False
9278,-0.3532825535100383,-0.7972441529627277,False
9279,-0.0202122246421333,0.8518388332446744,False
9280,-0.1764552803512121,-1.2611651313202286,False
9281,-0.055106672520017,-0.912140007954752,False
9282,0.55204731123063,0.521903573430412,False
9283,-0.9525913626407074,-0.4474566930886512,False
9284,-0.4715366607600345,-0.6342059048753141,False
9285,0.1030994354459644,-1.1623455712839803,False
9286,-0.5968788464668932,-1.551521914991115,False
9287,0.2156172773583066,-0.9958330321275818,False
9288,0.368846532415156,1.00824701151215,False
9289,-0.2085206236703037,0.6644000344755212,False
9290,-1.5447519151316846,-0.3066304504356746,False
9291,0.963811755549877,-0.7372713440047476,False
9292,-0.1348758822359705,0.755725853947471,False
9293,0.4094784474922432,-0.5406367225068546,False
9294,0.0056510744582657,-0.6162442070058828,False
9295,0.6359301708983394,-0.8783450014876559,False
9296,0.35547461683777,0.7028033193365387,False
9297,-0.1965029865455853,-0.6379494315787595,False
9298,-1.2021934185017744,-0.0682209333803203,False
9299,-0.6617308027922395,-0.8415787954623759,False
9300,-0.257534695432401,-1.4179817285561498,False
9301,0.1973106385088638,-1.0074669305254915,False
9302,-0.1647305910910164,-1.2722264783963195,False
9303,-0.5238795363359691,-0.1484573521113597,False
9304,-0.075873015710869,-0.4820607735907024,False
9305,-0.7851160046891325,0.683499670985687,False
9306,-0.0456858018600202,0.6996099527892965,False
9307,-0.1403409036310759,1.4410993073099565,False
9308,-0.232311104876954,0.9590583195900584,False
9309,-1.0922725271083358,-0.4924292145222306,False
9310,-0.3662638889909453,-0.5951844190329236,False
9311,-1.2107048979877308,-0.2280229062387843,False
9312,-0.8851158036190291,-0.7692886424452094,False
9313,-0.8236751329908862,-0.1486759588710642,False
9314,-0.4877303496090942,-1.6257618631308317,False
9315,-0.7721061823528802,-0.3202923316610068,False
9316,-0.6953812364054306,-1.010214467552629,False
9317,-0.1901960305435003,0.714494387567575,False
9318,0.084568799765785,0.6494703276127057,False
9319,-0.6720205083208094,-0.5782214211039068,False
9320,-0.4903967546599815,-0.9985937558819572,False
9321,0.3292525699028281,-0.3977139794931787,False
9322,-0.3748802982375431,0.165345755415995,False
9323,-0.7454106239452827,-0.1753981610112403,False
9324,-0.1146744959991541,-0.4455679978798295,False
9325,-1.2771125447445189,-0.4712474167692033,False
9326,-0.103580093857498,-0.7519466226282129,False
9328,-0.1000282337807591,0.7344775306448414,False
9329,-1.5551576549192008,-0.1294321214153752,False
9330,0.6357457163776591,0.5761310615292972,False
9331,-0.7985170338928655,-0.2493711589523673,False
9332,-0.7062848074203487,-1.962920149627481,False
9333,0.2905428840166977,-0.6635568945516144,False
9334,0.7873347892334165,1.0440385050369856,True
9335,-0.6449889426726285,-0.2567741940070903,False
9336,-1.5374391484555547,-0.4133802447334433,False
9337,-0.4648672896621195,0.5365005556553863,False
9338,-0.56680401623439,-0.421258542423013,False
9339,0.099580728720538,0.8429774182959128,False
9340,0.1368703457425292,-0.4914960606698252,False
9341,0.3961487885730406,0.6280362905964887,False
9342,-0.0735747240908357,0.5455953036915652,False
9343,-0.2017795489857296,0.5779060298832945,False
9344,0.0627289385507327,0.6390348353850014,False
9346,0.9756742829339236,-1.1460000808165418,False
9347,-0.1078799116418166,0.2412112920447993,False
9348,-0.2982778924827372,0.8541637666537896,False
9349,0.2371568656727539,-0.5021993570693976,False
9350,0.2749931692080889,-1.969595170225969,False
9351,0.3863797506249236,-0.4495741557348672,False
9352,-0.0644902661844789,-0.3885413654612214,False
9353,-0.5469195336718047,-0.1327909727226308,False
9354,-0.5876447238979983,-0.3181024637077284,False
9355,-0.6229280741925391,0.6235015325710371,False
9356,-0.5225816172656252,-0.8474359678504826,False
9357,-1.412316730105765,-1.81677145597026,False
9358,0.0386993289425853,-0.9551190526962612,False
9359,-0.1699589981192499,-0.1224527584026942,False
9360,-0.0883072068779109,-0.8220537502366916,False
9361,0.455796583609778,0.4684135296076257,False
9362,0.1558949614508887,0.6976088173945676,False
9363,-0.6495079252513133,0.7343573764020045,False
9364,0.5312767101266326,0.9956727567506576,False
9365,0.4169502508386876,0.8004721353310935,False
9366,0.1250682919758628,-1.5631460317596089,False
9367,-0.0849816056294473,-0.1508429478483431,False
9368,-1.0640542904478802,-0.2763515965120795,False
9369,-0.4350288407839288,1.0111757376167592,False
9370,-0.3660469207491818,-1.0971103272430558,False
9371,-0.8139972438897857,0.1936721319067635,False
9372,0.0190353967355682,0.8500454115881837,False
9373,-0.2393523920210778,0.6436402941294719,False
9374,-0.4439103956580321,-0.9610104436398784,False
9375,-0.369442368128821,0.5670730740008749,False
9376,0.8905104224171966,0.3756176357281195,False
9377,0.0062377658640936,-1.0149130406166709,False
9378,0.1267838594610899,-0.8924893218042892,False
9379,-0.5416386195882208,-0.3124166762474556,False
9380,0.7491771132050516,-0.4008613862481285,False
9381,0.1180444798071004,-0.8855690098984798,False
9382,-1.1548499957611689,-0.4841343142884389,False
9383,-0.6174643381700624,0.4585424659173951,False
9384,-0.2114237028042853,0.6324681706056674,False
9385,0.2322603357468298,0.6658109080997499,False
9386,1.315463454405042,-0.0415585787593792,False
9387,0.1898769019287618,-0.3385244512066769,False
9388,-0.5173400630248723,-1.6591559830945384,False
9389,0.7937540973225164,0.1765181348380486,False
9390,0.1522069130266427,-0.4783097831480865,False
9391,0.2481682846541596,-0.4232728010275024,False
9392,0.7748675410901054,0.8360488114021157,True
9393,-0.3470449242366613,0.2551545016404868,False
9394,0.2503728613123354,-0.5664558609286265,False
9395,-0.9239416540422324,0.9250845182296212,False
9396,-0.7509925119207379,-0.5328183205902629,False
9397,-0.0048219921794346,-1.6614640036056296,False
9398,-0.1764056792642178,0.4199684499705116,False
9399,0.3097690330156887,-0.7975102246409762,False
9400,-0.7350635537638105,-1.033763996124285,False
9401,0.3926869405895343,-0.7032916338773738,False
9402,0.0482499811619016,-0.1739707152742561,False
9403,-0.1334999588180011,-1.0847636508418212,False
9404,-1.1776981673186602,-0.6522258940559704,False
9405,0.6097431211140661,0.6256094074772119,False
9406,-0.3565202892621858,0.7613870048485613,False
9407,-0.5059523885444953,-0.570510669440585,False
9408,-0.2246187455887738,-0.56872884318305,False
9409,1.1732643598724068,0.7075960988439819,False
9410,1.071547568608288,-1.0049859419163236,False
9411,-1.348137247855253,-0.346141488465691,False
9412,-0.1105829229022466,0.5530518880899506,False
9413,-1.384451217966718,-0.6409844724207129,False
9414,-0.3921510734911625,-1.707410339295084,False
9415,0.1274521489840793,1.147055069360804,False
9416,0.8244555467931662,0.2722735234767293,False
9417,-0.5620310553977002,-0.1199348261124513,False
9418,0.0805200426543103,0.6057312305675695,False
9419,-0.5311533487717472,0.7474757857088197,False
9420,-0.2899777592730405,-0.4213426402429466,False
9421,0.1166713252134241,-0.8443330682140188,False
9422,0.4475193431839293,-0.8497731260356117,False
9423,0.552696205666189,-0.7176679516274839,False
9424,-0.5072647754054583,-1.1958149083110314,False
9425,-0.4573580830659459,0.8331712154159981,False
9426,-0.8182096318645619,-0.3915404141415062,False
9427,-0.6884278978657836,-1.2962507860080743,False
9428,-0.948568831341739,-0.8624736983908629,False
9429,0.4064618548436512,-1.015084905773551,False
9430,0.6122000291595526,0.8497799844340929,True
9431,0.1396804760357787,0.4984759044097694,False
9432,0.4604372172628055,0.8499420108310631,False
9433,0.1024407302092755,1.0424201943896014,False
9434,-0.6016013268772346,-0.7208862169646595,False
9435,0.2779941668045541,0.3261694036358556,False
9436,-0.4689735691252317,-0.3537775503035911,False
9437,0.0266182481374479,-0.6893819662022075,False
9438,-0.1798899246948578,-0.8410835485926467,False
9439,0.4712828690452847,1.1115747513187075,False
9440,0.0669751625599778,-0.5678350979259111,False
9441,-0.491184284628307,-0.5256632381727259,False
9442,-0.1354793595846012,-0.5542048629510049,False
9443,0.4979493518171999,0.3087217949060766,False
9444,0.4069536286996611,-1.639406260215897,False
9445,0.6226005685624767,-0.8943741341789193,False
9446,0.8157725995061806,-0.9255985280202248,False
9447,-0.7604226018147583,1.1465787763043538,False
9448,-0.4163408252356158,-1.151038279823244,False
9449,-0.3049392486614629,0.8310292655013112,False
9450,-0.2619010778576725,-1.359908283808822,False
9451,-0.1909009356026165,0.7952319894902578,False
9452,-0.113716137799013,-1.217106735517646,False
9453,0.150490958584213,0.5943507770254509,False
9454,-1.1372885718401191,-0.6057049871829644,False
9455,0.9117951978883128,1.6070090680932645,True
9456,0.9967722840673736,-0.2860421966679689,False
9457,-1.0807641777608756,-1.3991216586713713,False
9459,-0.1887680198763553,1.5325191794241255,False
9460,-0.2174214076627383,-0.5603763209259721,False
9461,-0.9145505982949372,0.3154930186916478,False
9462,0.7245597097259409,0.9433970730904022,True
9463,0.1862187117015883,0.8352343985188366,False
9464,-1.105487113120964,0.3337244138499732,False
9465,-0.7893518802576837,-0.2480712048080555,False
9466,1.1089728766022786,-0.5664054499512183,False
9467,-0.5963610396636566,0.9334934056286568,False
9468,-0.1156583972139741,-0.5537896811114964,False
9469,-0.3441763955210143,-1.612580328211727,False
9470,0.4962192992421217,-0.2046856322650092,False
9471,-0.5954806377038346,0.6699230058903888,False
9472,-0.4028381434887301,-0.5124463407561681,False
9473,-0.6752254997994351,-0.1860239520213791,False
9474,-0.7743556733777441,-1.2354706683117198,False
9475,0.350242574369937,1.02759855358999,False
9476,0.3138407567930592,-1.1152273800344568,False
9477,-1.1349616606459534,0.0542827694582867,False
9478,-0.0663121450054907,0.6806598634996264,False
9479,0.3350700680823408,-0.0817501198784947,False
9480,0.3799140069124857,-0.3794197716424372,False
9481,-0.3015889824657962,-0.4701406528970953,False
9482,-1.2533074481267592,-1.5712512458841266,False
9483,-1.6953917253313997,-0.2355199048820883,False
9484,0.4495748905744104,0.8628301992596292,False
9485,-0.9003834805223944,-1.1266033935830866,False
9486,-0.2374452111722649,-0.8787405308209852,False
9487,-0.502591619096112,-0.6963800415942631,False
9488,-1.2018679339881675,-1.5694599672616492,False
9489,0.898991273581008,0.6674552332192136,False
9491,-0.4266785825490321,0.2632435812549544,False
9492,-0.4274911008609758,-1.5649118766692878,False
9493,0.1263617410886099,-0.6904716580658259,False
9494,-1.0722234456608672,-0.0689864856656691,False
9495,0.142085731214369,-0.8139186258012038,False
9496,-0.1558660640990976,-1.6612939555785458,False
9497,0.0028674834003686,-0.63199686876489,False
9498,0.3088896378592233,-0.5112313106202028,False
9499,1.1125826721044971,1.0536677420725784,True
9500,0.4060398004180449,-0.4315937273926189,False
9501,0.4431684475159594,1.276781714054596,False
9502,0.9146097534976966,-0.4540090555018743,False
9503,-0.6488468162089437,-1.153610814687093,False
9504,0.0182931082586661,0.942618983260489,False
9505,0.3363021175265363,0.1725775858506389,False
9506,0.5063390274171837,1.095667404067895,False
9507,0.294457786494688,-0.7751890830435963,False
9508,0.4792642841098186,-0.3266342966550242,False
9509,0.0829389640407615,0.6390760256104044,False
9510,1.1108627076179498,-1.326050934948218,False
9511,-0.0184993418883582,0.2641552469874458,False
9512,0.2670583588988567,-0.2029782673622519,False
9513,-0.547345507420505,-0.0841412162615351,False
9514,0.0935294066850788,-0.063316186980624,False
9515,0.0725293445014566,-0.875785380504845,False
9516,-0.8630007168399565,-0.489789778010095,False
9517,1.0468716636283364,0.1815378588828734,False
9518,-0.6267132515846138,-0.3474443429781949,False
9519,-0.560402726046558,0.9374137717127564,False
9520,-0.0929374450465187,-0.705537996927263,False
9521,-0.5510215571374775,-1.0874835943981411,False
9522,-0.7990165350751876,-0.3779065316328193,False
9523,0.4810076680830978,0.8972680049909179,False
9524,1.381539699877794,-1.0862462301365443,False
9525,-0.043731251003214,-0.6931833452368771,False
9526,0.9529665386662138,-0.9121548346695858,False
9527,-0.524172800034542,0.9110545594223796,False
9528,-0.3310070492245432,1.3966014038108283,False
9529,1.0010708882213226,0.3274313167687293,False
9530,-0.1402849725541059,1.4406573448681883,False
9531,-0.4818509230766898,0.0501364048386094,False
9532,-0.22085381182172,-0.1854565897414885,False
9533,-0.4783473413185642,0.6322817118858014,False
9534,-0.7980420393935587,-0.7934327348698111,False
9535,-0.1293693679083818,-0.1833533146714555,False
9536,0.7198775214027728,0.9405418094192436,True
9537,-0.6876668434273718,-0.6141080616903867,False
9538,0.3497596739195523,-0.9073719376429568,False
9539,-0.3878095624855802,0.8035412333161487,False
9540,-0.1867794157563294,-0.7659208246334293,False
9541,-0.714600734899482,-0.2756434996705748,False
9542,-0.5196571233642537,-0.9108459181328616,False
9543,-0.9731160688837652,-0.1133476155253076,False
9544,-0.0747739550486075,0.7374496908774623,False
9545,-0.1072228461405736,0.6612059647850572,False
9546,-1.1779617543079666,-0.4253399554177642,False
9547,-0.0691904243763033,-0.6408000350097792,False
9548,-0.574690443884683,-0.4837772827999814,False
9549,-0.3032123157229662,1.333732941515913,False
9550,-0.0520293673291922,0.9602601849713014,False
9551,-0.6513507706819068,0.4032134395920829,False
9552,-0.3126977978377452,0.8811535300347125,False
9553,-0.7122062442383896,-0.1972138014488438,False
9554,0.7883985991930262,-0.5841993618236014,False
9555,0.6484419037648318,0.92755171861294,True
9556,-1.6569779794818449,-0.1302954961084952,False
9557,-0.4228577193687586,0.8339215170939122,False
9558,1.7114210990880938,-1.221911958014165,False
9559,0.6526464906711672,0.9662631469654444,True
9560,0.4542895410150036,-0.1327345088680025,False
9561,0.7403492161449482,-0.0852187275869953,False
9562,0.5660782869945429,0.7545191928108824,False
9563,-0.4104040568957301,0.80464233587539,False
9564,0.9157533358775496,-0.3141928421882876,False
9565,-0.1189109527735805,-0.8748033630803109,False
9566,0.8982466310032066,0.7320453067819559,True
9567,-0.2906203954708754,0.1051064202089089,False
9568,0.9463154010471904,-0.777123400452403,False
9569,-1.4024848794362774,-0.4893236160655914,False
9570,0.4215371368777302,-0.9262105514785118,False
9571,0.8628108736924769,0.2752822085778934,False
9572,-1.0109490309433429,-0.0747711059110025,False
9573,0.0054033059030359,0.1083407193524226,False
9574,-1.1675334620019735,-0.3878988518041487,False
9575,0.2806644746683123,0.7592862421558983,False
9576,0.7827176976455955,-1.3370561476285097,False
9577,-0.9787825839934612,-0.5078660494024437,False
9578,0.3315989126554612,0.7475320370529339,False
9579,0.6035048027597405,-0.982124428904145,False
9580,0.2245586843120088,0.5028321460287001,False
9581,-0.864239197351124,-0.6335883007872802,False
9582,0.5308524464454191,-0.1743616365983234,False
9583,-0.058571847384765,0.6335246861006317,False
9584,0.326479224196137,-0.3522235163643824,False
9585,-0.5108071811778826,-1.0500799170494746,False
9586,0.0698376790727554,-0.5865966894223555,False
9587,-0.417218371543607,-0.708835084441507,False
9588,0.5784998540314593,-1.382671744830741,False
9589,0.2682812734938044,0.6041359439654703,False
9590,0.0289401136806666,-0.1992752597241963,False
9591,0.5448916985973932,-0.1110190666521782,False
9592,1.1064040664759631,-0.8060435824328014,False
9593,-0.0689577718789128,-0.7943404190387069,False
9594,0.056153323549792,-0.4646124374378798,False
9595,-0.9319607290597672,0.7628782308194113,False
9596,-0.0591929599117968,0.692536147969022,False
9597,-1.3366331733019972,-0.7591985499915371,False
9598,0.6133786556307042,1.0204805831815391,True
9599,0.679431618625603,1.4365340305686738,True
9600,-0.0170466867745031,1.077682363844743,False
9601,-0.0233800500816335,0.1862281494871272,False
9602,1.5301089356685742,0.3809422787371198,False
9603,1.0423122324930167,-1.444387199181374,False
9604,0.0316964411847041,0.865278783142784,False
9605,0.0253741387038408,-0.7423133918174338,False
9606,0.0283726744726631,1.3379593889178352,False
9607,-0.3142263329359875,0.911217696520178,False
9608,-0.1900329859009995,0.6972178996057938,False
9609,-1.3012426288790997,-1.582148696599563,False
9610,-1.3060339045170568,-0.8064519030811568,False
9611,-0.3719254436513538,0.0910391655497568,False
9612,0.7877962968218617,-0.8847008183581255,False
9613,-0.1865643244884933,-0.4942338984093825,False
9614,-0.1961281889812814,-0.975461690538754,False
9615,0.2578503045589298,0.0167895606165813,False
9616,-0.37421967043287,-1.0080483551928905,False
9617,-0.3367051742483504,1.0899092811578912,False
9618,-0.0085028754497751,0.4571333475452301,False
9619,0.0628492563250358,0.1812431932269686,False
9620,0.7977344854145494,-0.2314006137945155,False
9621,0.258432411298763,1.4731262211902114,False
9622,0.0365801278760224,0.1319861817680892,False
9623,0.1204558861562812,0.1182224991508039,False
9624,0.3131596048878528,-0.4061318473603859,False
9625,-0.4287532999407404,0.189458022938377,False
9626,0.8001539825127588,0.5869166660003994,False
9627,-0.6186216238521267,-0.4313395529736859,False
9628,0.1841407044014839,0.9129431349812932,False
9629,-0.4278111049458023,0.8522586289386762,False
9630,0.7082443426843832,-0.5712840953815338,False
9631,-0.3775411412274566,0.926449475797778,False
9632,0.7910869983872075,-1.000842806312888,False
9633,1.4584904425823677,0.2159874378438543,False
9634,-0.2255429874030706,0.2883750276587637,False
9635,-0.2399584862302934,0.1351925120372997,False
9636,0.2383745808246563,0.7445827352231625,False
9637,1.206728153332166,-0.622953095332049,False
9638,-1.734028317113127,-0.1055554233839565,False
9639,-0.731892356767941,1.581209676484952,False
9640,-0.1126203569574374,0.6350570296953535,False
9641,-0.8106832559325866,0.8789133398756678,False
9642,0.489583387323915,-0.493487274120241,False
9643,-0.5992430370830516,1.0442397349540065,False
9644,-0.3711625402576886,-0.0236612289120406,False
9645,-0.3966652338839582,1.13480688074414,False
9646,-0.9216461355670924,-0.4399983322000729,False
9647,-0.3697654627132692,-1.9232576826168504,False
9648,0.1036891420249618,-0.3340397921240094,False
9649,-0.418918044434062,-0.9812120705651948,False
9650,-0.4822864256108672,-0.9000500676381024,False
9651,-0.8839053371705115,-0.3530465096062931,False
9652,0.1776666268297489,0.9180836344383876,False
9653,0.0168954570670547,-0.7586985628310619,False
9654,0.2577770755833316,-0.0579777081816495,False
9655,-0.0652462609528772,-0.1799801851184843,False
9656,-0.0323663669493978,-0.2708635059982682,False
9657,0.0110647324577154,0.7637671689812973,False
9658,0.7459005153469481,-0.7930799568267992,False
9659,0.0912019309840981,-0.2890962026207351,False
9660,-0.2691150744623904,-0.2172860581116875,False
9661,0.1368721016660237,0.9318028705816686,False
9662,0.9503579928459214,-1.0990506688180377,False
9663,-0.314101905366103,0.7117716027221952,False
9664,1.1351303480616637,-0.3456371050716326,False
9665,0.3992009362898614,1.458463348671262,False
9666,-0.3322182674342674,0.3440651693113968,False
9667,-0.2565640158807563,-0.3819252013665994,False
9668,0.0189564999147871,-0.873487438706303,False
9669,-1.020648722132505,1.3986997505046477,False
9670,-0.2792267161795669,0.8924662131739344,False
9671,0.2685946279626387,-0.7783899837897126,False
9672,-0.0805050950498662,-0.257948855890168,False
9673,0.8257641944617493,0.099541940960789,False
9674,-1.254405994977452,-0.1272585277561166,False
9675,0.3008027235059956,1.536617280068394,False
9676,-0.3345651342576564,-0.8769941413239101,False
9677,-0.0915258624645874,-0.7277481648525534,False
9678,-0.1300936119555132,-0.4306902807700127,False
9679,-0.2965064433717865,-0.549657317291378,False
9681,-0.5052302647835449,0.1929899846652659,False
9682,0.460928440879869,-0.4062915718683456,False
9683,0.5614731578838685,-0.1488789532060319,False
9684,-0.2208275983813622,-0.7628807907422581,False
9685,-0.0019470891021873,-0.9004820619052872,False
9686,0.6620424416295345,-1.0740858501139314,False
9687,-1.1814884316346128,-1.264069098374881,False
9688,-1.5286227643434935,-2.0809174391964627,False
9689,-1.282262294027786,-0.715435796206737,False
9690,-0.5030251948316529,0.6892640872095875,False
9691,0.1774574358410541,0.8703522613787292,False
9692,0.7010994321613859,0.6748985336085287,False
9693,0.0058376973056292,-0.115247379938915,False
9694,-0.965896701939821,0.0034093276948916,False
9695,0.0828905934394195,1.0949360935281092,False
9696,0.0891092745354915,0.5152289543091988,False
9697,0.0483841206998561,0.0111443586693278,False
9698,0.6617910942548642,-0.9613249387143612,False
9699,0.2101532593927643,1.2325040303968935,False
9700,-0.3153772511928731,0.9563334629593044,False
9701,0.3689750197139515,0.9546523632015068,False
9702,-0.3921008914307857,-0.5498902075741589,False
9703,0.1689320814465973,-1.5312237847416887,False
9704,-0.0151764864777987,-0.4204626901894766,False
9705,0.008330040369372,1.0669545759632315,False
9706,0.0679379194346603,0.9228129847244912,False
9707,-1.0639366697456167,-0.2502929523516207,False
9708,0.1013463910677693,0.981982538914375,False
9709,0.7861334268076621,-0.7792428951038461,False
9710,-0.1116412235065176,-0.5313184123294316,False
9711,-0.1904028454227493,0.5548487321537041,False
9712,-0.7557777805169784,-0.0175550086277546,False
9713,-0.4729040631326975,-0.6075621962302615,False
9714,0.6568026440670924,-0.5415021344692716,False
9715,-0.1953794785036181,-0.2871133753969329,False
9716,-0.9906130409997176,-0.705825636604173,False
9717,-0.0618331759783728,-0.15273151891483,False
9718,-0.1633730396473041,-1.4644322021227132,False
9719,-0.5472082647719743,1.462560580748107,False
9720,-0.1934356428235245,-0.6327859978850089,False
9721,-0.9347746467063548,-0.1164148863920111,False
9722,-0.207448509510679,0.8158134469158635,False
9723,0.1840256880219664,-0.0265538199837643,False
9724,0.2365049702156462,-0.7548876773899509,False
9725,0.1014806751901168,-0.7026580077991634,False
9726,0.7981084519014519,-1.344146069492841,False
9727,-0.2546755985175487,-0.45217844471809,False
9728,0.6112429473778674,-0.0501302793486937,False
9729,0.3421943532358187,-1.033317563755492,False
9730,-1.0607088190227545,-0.2093069592509209,False
9731,0.4083699953090224,-1.3948435150815546,False
9732,0.1674375389943082,-0.0992016567722792,False
9733,-0.3547485807569247,-0.9915768530484976,False
9734,-0.3149036359563926,-0.6087291625037581,False
9735,0.284142082273348,0.3455840904681597,False
9736,-0.7039728423151856,-0.5451994648968175,False
9737,-1.2896220727527992,-0.183179874193681,False
9738,0.4402510621767373,0.9005616831748414,False
9739,-0.6763383608080275,0.2608749992804584,False
9740,-0.445832012385306,-0.2615498350803082,False
9741,0.2718407707554902,0.5999812189239887,False
9742,-0.2658318799490411,0.9294191897344396,False
9743,-0.7046263178898803,1.086722305296873,False
9744,-0.1830663688707702,0.0636098167621509,False
9745,-0.014741412916472,0.5398754306437292,False
9746,-0.7988743707786067,-0.4832630766523969,False
9747,-0.7105996198917387,-0.462231618275998,False
9748,0.1796007236876729,-0.8200839093673569,False
9749,0.5015204025071728,0.2906536836141012,False
9750,-0.9769355342658714,-0.0275370910783473,False
9751,-0.6104081014411097,1.1458133900144567,False
9752,0.1652553770919665,-0.6460731705125434,False
9753,0.3839997271027322,1.0327822778973688,False
9754,0.1398714910404883,0.931273699364151,False
9755,0.669663435519764,1.419814674323896,True
9756,-0.8616447335472323,-0.3328912805806437,False
9757,0.6187385195505208,0.647332333504246,False
9758,0.1254899367177218,0.6315524249189699,False
9759,-0.1057615996662004,0.9777794611408056,False
9760,-1.0935763688208937,-0.1913869557503587,False
9761,0.9972601611327364,0.3426439791604491,False
9762,-0.725563507330301,0.7004906835283674,False
9763,-0.4061474395528958,-0.1865814553578703,False
9764,-1.3480041290113784,-0.162554542803777,False
9765,-1.1819930989265583,-0.7308279311162451,False
9766,-0.8990395337971595,-0.9984216830465584,False
9767,-0.5420384177068084,0.8364665845167727,False
9768,-0.3675095475946726,1.0686694521098146,False
9769,-0.9223983498628144,-0.3131101300878713,False
9770,0.8320762778742646,-1.2334893623022327,False
9771,-0.902637099910794,-0.6824133376809833,False
9772,0.1188631371189452,-0.4487485012748339,False
9773,0.2674115223293407,1.2866968190216748,False
9774,-0.2722764487042057,0.0781540913470313,False
9775,-1.0251711875585068,-2.017351053086116,False
9776,-1.4016473908647449,-0.622614816904624,False
9777,0.0266403379877597,0.3360117103936125,False
9778,0.4087147083665636,1.185266566350622,False
9779,0.4549486640322248,-1.0709106925683616,False
9780,-0.1983057377418579,-0.5263776874925382,False
9781,0.2462645414105043,-0.4441253074021687,False
9783,-0.0087946531992148,1.1527985751359575,False
9784,-0.8199022771549301,-0.4111532586568139,False
9785,0.1118546833298094,1.4283115765083518,False
9786,-0.6944295893885123,-0.8408418738713078,False
9787,-0.2873837343419285,0.3660941892409057,False
9788,-0.1068761618701657,1.1280714999783967,False
9789,-0.4282271716308949,-0.3867652377100889,False
9790,-1.41958686321477,-0.2526884214069144,False
9791,0.5056577697787908,0.9521088680972526,False
9792,0.5424869504627972,0.8549929800147171,False
9793,-0.1271800870232174,-0.7190965016790054,False
9794,-0.8783566953093386,-0.7985925388089814,False
9795,0.2584699914121943,-0.7917049277686566,False
9796,-0.4835990773292223,0.8458725673057765,False
9797,0.1497785760245505,0.6209213712400083,False
9798,-0.2649398255669136,-1.1482843034480976,False
9799,0.2087775203682501,0.083387024831008,False
9800,0.1563260149976865,-0.9455571870901248,False
9801,0.3770083185265727,1.0348817532315826,False
9802,0.3232356057249781,-0.0215182534911471,False
9803,-0.505688140904774,-0.7330627590624246,False
9804,-0.3540542371192418,-0.3009473443186176,False
9805,0.7401481348677373,0.8456025841688318,True
9806,-0.8721631321249071,-0.5486671316824865,False
9807,0.1220578563964735,1.2095651873812,False
9808,-0.1115839112478564,1.390403336688133,False
9809,0.3562171129359532,0.6911888290017618,False
9810,-0.8025033301761954,-1.0288921742610582,False
9811,-0.7362513313466864,-0.7562470901446775,False
9812,-0.1436209341562097,-0.7432668517171023,False
9813,-0.1343651430091519,0.6729651427517437,False
9814,-0.3012682570917224,-0.5324927260024079,False
9815,0.8284013609870823,1.5115907724563784,True
9816,-0.4460046187821853,0.8555982066614443,False
9817,-0.3154284315284963,0.5646755917798358,False
9818,-0.6322959749791108,-0.9429201720214712,False
9819,0.27415819952252,0.2893555529848817,False
9820,0.6782467730109492,-0.2175912975006853,False
9821,1.3256422043918203,-0.3437176501974456,False
9822,0.5115052305462008,0.976379960027178,False
9823,0.5848375500337747,0.1951012885049606,False
9824,-1.0373693741029162,-1.0708548870733214,False
9825,-0.7278686431521667,0.3470234085789425,False
9826,-0.5699022440487346,0.6981556379600102,False
9827,-0.0754724814586637,1.0607098669078712,False
9828,0.3868527052004689,1.0582025606004613,False
9829,-0.5309733992778988,-0.6864077420870962,False
9830,-0.2955680486951422,-0.5118323244453166,False
9831,0.3463613680850045,-0.9813942620701857,False
9832,-0.3833752768455954,0.1690022044050356,False
9833,-0.836019931327511,-1.3544368828121645,False
9834,-0.8254061966867646,-1.7716668009246277,False
9835,-0.5763902421298649,-2.341637853052217,False
9836,-0.6999385376518361,-1.2984214922109194,False
9837,0.4427516294541696,1.021234766857851,False
9838,-1.3201391860842544,-0.716702645285578,False
9839,0.3188106950315557,0.7140729802904533,False
9840,0.2976807844687044,0.8454760083071109,False
9841,-0.9351867486936392,0.4826576216686632,False
9842,0.0025115870227716,0.3931095119939134,False
9843,1.7017245855443248,-0.4061075039555463,False
9844,1.2504512177273284,1.4144795563209127,True
9845,-0.6083756171510057,-1.1225249353240585,False
9846,0.1406666078509366,-0.4469755906200859,False
9847,-0.4294336528011581,-0.7204216034032657,False
9848,-0.9967810666194024,-0.9239260550073648,False
9849,0.1421850603999998,-0.0961239175041046,False
9850,-0.8066270935572675,-0.7501694456230563,False
9851,0.1815752122637814,0.350356548547569,False
9852,-0.015539352565548,1.3709415064580763,False
9853,-0.1550245725382172,-0.1280493510493813,False
9854,-1.4329311513884646,-1.1399026593233936,False
9855,-0.7721573062903168,0.902184289961572,False
9856,-0.7039554343348938,0.8228702987186169,False
9857,-0.1636631502796151,0.6326566057492136,False
9858,-0.5964834165887575,0.4873507695938672,False
9859,0.5236982069612611,0.3134639420232888,False
9860,0.0397817812300636,-0.4883311956294446,False
9861,-0.4237883778475017,-0.6359347710998788,False
9862,-0.185776040126836,-0.7602354475329705,False
9863,0.151834395107323,0.753079898145681,False
9864,0.6183736179879527,0.4301439810188492,False
9865,-0.2545418712749526,-0.5800636409411701,False
9866,-0.3986961210959903,0.8406552032632223,False
9867,0.6530625700682064,1.101858808082772,True
9868,0.0972522583342903,0.5652652634094563,False
9869,0.1448049584024712,0.8599594283542736,False
9870,-0.0824982270794927,-1.036514575551117,False
9871,0.2768345850803725,0.9957730435776222,False
9872,0.2576363636126336,-1.2314851211185458,False
9873,-0.1823712234820069,0.7645079492008626,False
9874,-0.4255362467716066,1.062602728391918,False
9875,-0.556006862583532,-0.0252821225210809,False
9876,-0.3641208489213033,1.1502607970178684,False
9877,0.8928912262647347,0.6458426427825663,False
9878,-0.6929521850494577,0.9961955648468304,False
9879,0.1541895915356855,-1.3094226540000098,False
9880,0.1072523409044322,-1.3419509488259715,False
9881,1.1582923161746543,-0.0476149844632406,False
9882,-0.5540178801175211,0.9571254791651186,False
9883,0.0929161883234704,0.1190437053521394,False
9884,-0.7098382117790489,-0.644762805249551,False
9885,-0.2112173420887638,-0.3638202797796957,False
9886,0.2600900870452736,-0.237061524455759,False
9887,-0.4739108952551116,-0.2706149522698723,False
9888,-0.5793196463907067,0.6822218875856506,False
9889,-0.45321421198411,1.1078739972272498,False
9890,-0.041091563123904,-0.4039763848368788,False
9891,1.381210049870005,-0.6395910221078124,False
9892,-1.3779174093158475,-1.6653713632560998,False
9893,0.4265583261883889,0.4922127981186009,False
9894,-1.4460751536587533,-0.5917089463402974,False
9895,-0.2016535241200077,-0.378461227612049,False
9896,0.41234728480833,-0.3639919958392506,False
9897,-0.9032067855292492,-0.9357465548820104,False
9898,-1.0041140050725668,-0.4271796625026429,False
9899,0.9310349512423128,0.7895939915687948,True
9900,-1.2891479242841457,-0.4707520798175486,False
9901,-0.9621833034356094,0.8298434976036895,False
9902,-0.0491221575998387,1.3060259142734187,False
9903,1.0294975181128174,-0.4963502389477867,False
9904,-0.4319951669457664,-0.6534786332489697,False
9905,-0.7261107125596779,-0.4253614024813612,False
9906,-0.2036577716614178,-1.6448636700106776,False
9907,-0.1276898942818437,-0.2817614001019494,False
9908,0.7172188619431735,-1.783208240663551,False
9909,-0.1622514655613139,-0.8429396999189096,False
9910,0.1349604643258511,-0.4277340200799992,False
9911,-0.3784338307161753,0.6262760921283811,False
9912,-0.909237296878596,-0.1395740352454615,False
9913,0.2814816431869201,-0.6958661722359911,False
9914,0.3512815228481817,-0.5948940509125824,False
9915,-0.4714558265852869,-0.3818793023259174,False
9916,-0.4714464028718082,-0.1280902935130356,False
9917,1.0098835664502284,-0.5062398744790543,False
9918,-0.6728882965333048,-0.232632290269268,False
9919,0.2747136110256817,-0.8278562646984664,False
9920,0.3715496196853188,-1.270543840188868,False
9921,0.896460250960593,-0.3111826640886597,False
9922,-0.0544458295942933,-0.5258645712361923,False
9923,0.3747830566311649,0.840610105241104,False
9924,0.118753278575004,1.0972361150384704,False
9925,-0.1000018388778437,0.7151077490427128,False
9926,0.4152761599314163,-0.826008183969607,False
9927,-0.1789264690854686,0.3339948734280897,False
9928,-0.3207538825001636,0.5951895306579691,False
9929,-0.4403603339491314,-1.2570421986388496,False
9930,-0.4568094683148165,-0.555890794100262,False
9931,0.0700288069590498,-0.0631743082437422,False
9932,0.1366935210227463,-0.5368666725746276,False
9933,0.1314479712740065,0.216156199994342,False
9934,0.2498566631366489,-0.7447359697750702,False
9935,0.5121583282299036,0.9917392527834296,False
9936,0.7672593524243558,-0.3275799405111669,False
9937,-0.0611827205607387,0.7083352211938623,False
9938,-0.4801303229096802,-0.4403839124284564,False
9939,0.8639485875759506,-0.2673958165776353,False
9940,0.25141458690786,-0.2303852109595627,False
9941,0.2831533875840606,1.1713208605369834,False
9942,-0.694781957700302,-0.7670498449503032,False
9943,0.0752181876838103,0.8361420757971718,False
9944,0.3154923324518929,-1.073884528402158,False
9945,0.8381260308303381,-0.6232402450049244,False
9946,0.0870138820310829,-0.3543038074964031,False
9947,-0.3549247727581747,-1.4853639417401534,False
9948,-0.5099007330965304,0.8870268400371577,False
9949,-0.6878577741099019,-1.541183377469684,False
9950,-0.1950263103848583,-0.9548677821467588,False
9951,-0.6059040345204988,-0.1091854910435879,False
9952,-0.7590619575985593,-1.6501060270749377,False
9953,-0.328001259777913,0.0269677376470931,False
9954,-0.7644149028811421,-0.035364375442141,False
9955,0.2981987988295743,0.7173764172390218,False
9956,0.0572601893638639,-0.4814381266762852,False
9957,-0.1187407738757203,0.4697144330738705,False
9958,-1.5776849512697528,-0.5462409100265768,False
9959,0.7571228084636342,0.8797328981909092,True
9960,0.1906500636843499,0.7222192364565407,False
9961,-0.0204759680924848,-0.2093517530491837,False
9962,-0.6898652594694978,-0.3522600980988984,False
9963,-0.3606939649428298,-0.306390095022835,False
9964,-1.7246861765331625,-0.8321440999471258,False
9965,-0.1702118901267276,-0.2477318055472837,False
9966,0.1079298224107377,-1.065063613132586,False
9967,-0.810286226078624,0.8664884582917992,False
9968,1.2718988658959118,-0.6837183651898722,False
9969,0.2610208560580445,0.193189838684364,False
9970,0.1389321705078223,-0.8381934228247695,False
9971,-0.0071479374129023,-0.389908124515948,False
9972,0.3963697848793032,-0.8075649152442411,False
9973,0.1116865284151515,0.718848078595013,False
9974,-0.0161839482079557,-0.7500734054419353,False
9975,-0.0865022747476817,0.2187210369380569,False
9976,-1.2821900281740382,-1.0846643708981338,False
9977,-0.6195283284836846,1.0546852232236268,False
9978,1.572018265632101,-1.3493834181727409,False
9979,-0.0621421241177258,1.103617521315993,False
9980,0.0043378331679371,-0.7285968970866487,False
9981,-0.0937387598850765,1.0262231859027535,False
9982,-0.00438134515599,-0.4871445556246244,False
9983,-0.5678271181620489,-0.3324936044755556,False
9984,0.498436597979272,0.4320567808655248,False
9985,-0.4631974030471111,0.2414984877652403,False
9986,-0.407970045553353,-0.416483936256273,False
9987,1.237527868818987,0.6906099013003654,False
9988,0.2979479295102741,-0.4640784594889212,False
9989,-0.3104670108552609,0.9444710697953884,False
9990,-0.4603236054532151,0.7306813113189861,False
9991,-0.1499651825147351,-1.5218281143744703,False
9992,-0.020519966497294,-0.5385841351233043,False
9993,-0.3470150278206384,1.3071990297596567,False
9994,0.2292370955804768,0.98513456868504,False
9995,0.7140447623695729,1.3068165219931691,True
9996,1.0915357534309384,-0.889732169643152,False
9997,-1.489746241461328,-0.2189808936955722,False
9998,0.1211790701836691,-0.3834891959061979,False
9999,-0.0686564670393071,1.3657943875980951,False
10000,0.1146807676999806,-0.2284390111520702,False
10001,-0.6867308624132025,1.1555490374634458,False
10002,-0.043080967421732,-0.2688704402300368,False
10003,1.1122940381015742,1.514007878851933,True
10004,-1.21881180387787,-0.5527032239395844,False
10005,0.2276231297443257,0.793776902399735,False
10006,-0.4425429565860458,-0.91928957548096,False
10007,-0.5358083949049856,-0.4537628637642916,False
10008,1.0808071600773226,-1.3112928669025052,False
10009,-1.3325187085789734,-1.4223842884942397,False
10010,-0.7803330733253581,-1.9269317953267129,False
10011,0.2794842610532078,-0.2759102880521878,False
10012,0.0124246123964345,1.27936045036609,False
10013,0.0328523408621447,-0.3211262943469395,False
10014,0.3919682539003737,-0.4084164796864101,False
10015,0.4733153295231715,0.0846200812214449,False
10016,-0.2326806318329798,0.9777848261993948,False
10017,0.207742700629632,-1.096102176835479,False
10018,-1.4322195438346648,-0.5251239700125986,False
10019,-0.5149848358615495,-0.3625363516272963,False
10020,-1.127313744854839,-0.0426145855320445,False
10021,0.5465174374954723,0.7176001347998103,False
10022,-0.3690271350275407,0.5090217937966116,False
10023,1.2502185484777526,-0.3001622814365228,False
10024,-1.2803490440734766,-1.1652801738177838,False
10025,0.1002610440778971,-1.849573521622992,False
10026,-0.8878920133589038,-0.8405266142155556,False
10027,0.3986788959085438,0.5303165520098563,False
10028,0.1489773711519355,-0.8149931222419906,False
10029,0.3646880310241902,-0.5225620880125114,False
10030,-0.7349013745609959,-0.2135419133614781,False
10031,-0.4608802043685849,1.1687074470609464,False
10032,0.197043187464792,-0.2661988319725236,False
10033,0.0086489197211917,-0.1464877073224423,False
10034,-0.3073385725014097,0.5493986324108693,False
10035,0.7153445428935595,1.3818715018211256,True
10036,0.3865296966503437,-0.2836059482684678,False
10037,-0.0468497640295346,-0.4420413013645236,False
10038,-1.4059820981355848,-1.0539926988705195,False
10039,0.7955850936330564,-0.5527013644183169,False
10040,-1.4657938251883662,-0.4004387016706873,False
10041,0.3831746584932621,-0.4128136456022961,False
10042,0.0727776862189013,0.9265164736087552,False
10043,-0.3365584782859716,1.0640800306866238,False
10044,-0.6763186755250499,-0.6775955164812748,False
10045,-0.4347512884780722,-0.5484237576522508,False
10046,0.3335661664236418,-0.0389564484658851,False
10047,0.4472321241952973,0.6624951061811872,False
10048,0.3648754401118199,-0.3006863100638314,False
10049,-0.0465379312623496,0.8359720786685003,False
10050,0.947019492115629,-1.3006231922566236,False
10051,0.4196721223121901,0.8082988315823374,False
10052,-0.2501715587782123,-1.079112339256542,False
10053,-0.0695345025434403,-0.8102189295845124,False
10054,0.3192382088547113,-0.0057837782330715,False
10055,-0.2758273476174069,0.211300797748425,False
10056,0.2676754776784383,0.7510253603238077,False
10058,0.4763265173371716,0.7474324591719799,False
10060,-0.9199179995945834,-0.4600057831357466,False
10061,0.7225993770751057,-1.6623442843491527,False
10062,0.246299237157527,-0.355745608805089,False
10063,0.0029185343573325,0.2830638703229476,False
10064,-0.0559393015078042,0.947013013852557,False
10065,-0.3746228915373761,-1.2140270901209944,False
10066,0.1687155735564764,-0.4146225412481533,False
10067,0.7778581748334212,0.6568847571737815,False
10068,1.646232825797128,1.3988207068088572,True
10069,0.3657225541152904,-0.1195711000396738,False
10070,-1.318054492668715,-0.3887056101639153,False
10071,-0.2033976670323487,0.1724794185099298,False
10072,-0.2756068212749888,-0.6430076684346641,False
10073,0.5078949576277072,-0.5721979469184618,False
10074,0.9077890191871472,-1.1167391803024802,False
10075,0.7444956900924967,0.5620598293323877,False
10076,0.4974035004046639,1.212058290292222,False
10077,-0.3262596410268328,-1.0867372212273796,False
10078,-1.664498324678762,0.0136422527055372,False
10079,0.3739361258460532,1.2527661524185274,False
10080,0.6050572147186454,-0.7403281200242566,False
10081,-0.1716271274947009,0.949834388238166,False
10082,-1.4038298149839366,-0.0691945599632001,False
10083,-0.6750220632656948,-1.503694442651513,False
10084,-0.4917009002110614,0.1935864131844726,False
10085,-0.4803181628090718,1.3585809244458915,False
10086,-0.3830321104175744,-0.2724632688708616,False
10087,0.3206368049415971,1.464816488345552,False
10088,0.2654717943376551,1.0076009015518226,False
10089,0.413688077875548,0.4325592299187699,False
10090,-1.17265798566369,-1.3037635566011616,False
10091,0.3998297851931104,1.2799945896385507,False
10092,-0.9416039792123204,-1.1327018222222895,False
10093,0.4187782684202694,0.4209610252714526,False
10094,-0.4529499946048941,-0.3918934946061806,False
10095,0.7254416942161322,-0.4335202307599566,False
10096,0.452074651074263,0.5877824442341738,False
10098,-0.226050039137424,-0.0526939217808054,False
10099,0.4691435250088415,-0.4189540286697084,False
10100,-0.0544897080637986,1.101817101522304,False
10101,-0.0440098831071011,-0.389928578353419,False
10102,0.4795037978242298,-0.2963458619348365,False
10103,-0.865917315599113,-0.4158797056769599,False
10104,-0.2544391707833309,-0.7191191918741578,False
10105,-0.7035836660601382,-0.732784371903197,False
10106,0.4741978132493497,1.4541484024085936,False
10107,-0.3841010966549976,-0.0894808084277307,False
10108,0.5986147420592479,0.1847616468336212,False
10109,-1.0122766858100745,-1.0438163622390606,False
10110,0.6882127922764498,1.2707702625706312,True
10111,0.0649161493315824,0.953793725555325,False
10112,1.4950608018028204,1.5126610088760095,True
10113,1.3715625778508556,-1.070550082629954,False
10114,-0.8365243629079663,-0.2771153477642545,False
10115,-0.4291916056762259,-0.3578267165324561,False
10116,-0.3738282541020417,1.0168474157568297,False
10117,-0.2144856188531709,-0.2880941222095254,False
10118,0.0169286733758255,-0.7160444525468646,False
10119,-0.0393318749157647,0.6331488829142137,False
10120,-0.7671843708201325,-0.7192007038679455,False
10121,0.7455051929457053,-0.1789179284910032,False
10122,-0.9200517480104335,-0.5966555953742685,False
10123,0.4640974404431304,-0.8771182713892124,False
10124,-0.0250547785387874,-0.9023780710698004,False
10125,0.2052716831476638,1.276150460960767,False
10126,0.3760978152746637,-1.1826091862128287,False
10127,0.9160944151471444,0.9751051519527,True
10128,0.0622398776336831,0.9953923116195728,False
10129,-0.6582865345957223,-0.4186895757378712,False
10130,0.1596344429305989,0.909843898877065,False
10131,0.6127239975650969,-0.8994685076590256,False
10132,0.8967303425675327,-1.2173013410214426,False
10133,-0.2129270599553811,-0.2512233164198958,False
10134,-0.1280882838786127,-1.0410395489289537,False
10135,1.0141748004569098,1.1789410592582206,True
10136,-1.4628708822891905,0.1847618989653629,False
10137,-0.320000224113683,-0.0620092036709895,False
10138,0.1262368314941272,0.6491815981806779,False
10139,0.3830186568312131,0.766459751441084,False
10140,0.2335771792501153,-0.3994498179360446,False
10141,-0.1975368174807161,-1.1075055527619873,False
10142,0.0037918901228136,-0.3149566200790846,False
10143,0.0997600057677976,-1.0871581782232442,False
10144,-0.5678116359904551,-0.3055807731175106,False
10145,-0.2132338727216974,0.6778238487542163,False
10146,1.67841686028993,1.2721908345451682,True
10147,-0.1037335365473169,-0.638602877811967,False
10148,-0.6733562993333754,-0.5538961151832948,False
10149,0.026403992460657,-0.959090129626528,False
10150,0.0536599048097891,0.6700897829715323,False
10151,-0.405530789725652,-0.1633384124392516,False
10152,-0.3137502689862071,-0.7137506890311092,False
10153,-0.6405385704120948,0.4221907367393787,False
10154,0.6175831800466711,-0.0970374503677648,False
10155,0.3078792045348325,-0.2350107988261419,False
10156,0.1638842325139701,1.42299967719308,False
10157,0.0659923813078307,-0.3678785491419367,False
10158,0.5291426261599683,1.4717513150351231,False
10159,0.4919213160378841,1.061529049532632,False
10160,0.117488818722239,-0.3252405001337093,False
10161,-0.4446330478787187,0.8725497668466498,False
10162,0.1741972124825214,-1.2373230463064926,False
10163,-0.4898758798827333,-0.9273985207716892,False
10164,-0.1005674330088244,0.0871434913381652,False
10165,-0.7959059249333381,-0.2938034735284766,False
10166,-0.4043568923965331,0.1608179914389399,False
10167,0.6266447219897435,0.5217757355783941,False
10168,-0.1278253558912253,-0.2670294688022249,False
10169,-0.4676672615726693,-0.3259606507806408,False
10170,-0.22613343126027,0.7761614216467229,False
10171,-0.1662295015880847,1.3921357898831723,False
10172,-0.5652602126674968,-0.5967738719482252,False
10173,0.5394469878949667,0.8770365766463388,False
10174,-0.4756385886612377,1.3945695809254897,False
10175,0.7223402354931954,0.9052084027027656,True
10176,0.7221140808337679,-0.2495988897545576,False
10177,-0.360797569387126,0.3606550267391937,False
10178,-0.3432555882321188,-0.8693521361259418,False
10179,0.0989519643998396,-0.0547418377969542,False
10180,-0.7325325564789211,-0.1419584724471562,False
10181,-0.1373344236911748,1.4415984279497196,False
10182,-0.5569830961335572,1.2383429304634648,False
10183,0.5050105748475009,0.122872837304639,False
10184,0.216144355163861,1.4432849511272206,False
10185,0.7679247642496202,0.0250908516329407,False
10186,-0.3797191846698732,1.35925227040941,False
10187,-0.3196458507995592,0.1324344062899345,False
10188,0.1922278933952575,0.9311445096529511,False
10189,-0.0068462221705035,1.0127044099968177,False
10190,-0.4448894027874295,-0.3015254729537669,False
10191,0.1710545028248704,0.0295129650420616,False
10192,-0.4892629369333195,-0.7141744706038775,False
10193,0.7030733797772646,0.4359383622794465,False
10194,-0.4843951824860603,-1.1296973066587084,False
10195,-1.0532739772549162,-0.5114490307301998,False
10196,-0.4994193075491039,0.6615418282495762,False
10197,-0.310303230921802,0.6822282048877774,False
10198,0.4081999417369594,0.8934489099620122,False
10199,0.5253544470241408,-0.5911414533366494,False
10200,0.080094433261983,1.0470755576758806,False
10201,0.5247856118337361,-0.853421427113108,False
10202,1.6665323035171402,1.6698672193152084,True
10203,-0.0087837681756993,-0.6446384457480977,False
10204,-0.2645932175308424,-0.2905583687161696,False
10205,0.4397737031169344,0.9216466712227284,False
10206,0.0535413538651551,-0.774097145965813,False
10207,-0.5844608371661106,-1.4247878177660458,False
10208,-0.5385099874554191,-0.0856885156515957,False
10209,0.0647439478028811,-0.6054046233746195,False
10210,1.4949565339786737,1.4701219474285327,True
10211,-0.0155876591390112,1.1208280033223443,False
10212,0.5088372273052693,1.3577375829817675,False
10213,0.5466766117438029,-0.8682743328996598,False
10214,0.2179101723546758,-0.0903794860785822,False
10215,0.1047856787226868,-1.2076283046927516,False
10216,-0.0760984325098054,-0.9760233840368996,False
10217,-0.5254064075199222,-1.1570254215084503,False
10218,-0.0979047911082372,0.9025892199206558,False
10219,0.3336892774472501,0.7248196076021832,False
10220,-0.3886084681674152,-0.2754423071385954,False
10221,0.5601655672431157,-0.0669646747883916,False
10222,-0.5161306042186882,-0.7167635920380092,False
10223,1.4584300564347754,0.6198421680682996,False
10224,0.8525860496961486,-1.1969499431806134,False
10225,0.686095607554452,-1.0964260935321843,False
10226,-0.0167048729940152,0.8833578416896469,False
10227,0.5963488389644227,-0.1132161779274001,False
10228,0.8969853921890899,-0.8498763641375332,False
10229,1.36014810665442,-0.7786480343881061,False
10230,-0.6339254043857642,0.9385089557491312,False
10231,-0.5920097651105456,-0.1907244822897658,False
10232,0.1650385494490613,1.1401968923004036,False
10233,0.2572687892073648,-0.7522255568455477,False
10234,-0.8819497958922282,-0.3769795173615062,False
10235,-0.273118558622122,-0.401462572685568,False
10236,-0.6085618789721299,-0.0781406604934326,False
10237,0.7455093659144083,1.021248315835584,True
10238,-0.1263657913362683,-0.2319324604959655,False
10239,-0.5129561494364547,-1.0726251808741831,False
10240,-0.9984664727002396,-0.0236036803177079,False
10241,-0.0019482192609277,-0.6579044752464941,False
10242,-0.6147032961505965,-1.355029580335419,False
10243,-0.5558725934349512,-0.2361192786623621,False
10244,0.1326508864987855,1.1260604166850825,False
10245,-0.1852539854697615,-1.6211560429433307,False
10246,-1.4414700264385387,-0.0182501736023489,False
10247,0.1191771682034783,0.6836019577082335,False
10248,-0.1683971352471802,0.5103860004761944,False
10249,-0.479640124301509,-0.2405495637800598,False
10250,-0.2644963135939842,-0.2330421584440419,False
10251,-0.0407524026108655,-0.0236295562882589,False
10252,-0.6112056695180847,-0.1218885399132879,False
10253,-0.3825266222548159,0.8734461417465472,False
10254,0.4157427361214293,-0.4656071453753505,False
10255,0.1527733146837058,0.763425471455311,False
10256,-0.8938007132178347,-0.2284155005978546,False
10257,-0.2507170674494719,0.82312635185166,False
10258,-0.7815249423888713,-0.3112503695872329,False
10259,0.6225500391193619,0.7027172738480152,False
10260,-0.5266849125614196,-0.5018006002066905,False
10261,0.346724040984508,-0.0024855934322977,False
10262,0.3452018134021811,1.1079472496759206,False
10263,-0.6371384891477073,-0.1525904200782618,False
10264,-0.4217623128255652,1.148005561604628,False
10265,0.3441447267991126,1.0882218399131522,False
10266,0.4999185794214305,-0.7578235847891781,False
10267,1.5234091064614204,-1.1163040930176382,False
10268,0.6575293957726234,-0.3567262193182154,False
10269,-2.1223670183403307,-0.1255832875172881,False
10270,0.5275629227463546,-0.82099982078858,False
10271,-0.0072446210528274,0.8510334831280566,False
10272,-0.3343490732618826,1.20810775339098,False
10273,0.0352952899772994,-0.0608820897843375,False
10274,-1.5399821594435763,-0.0356774973279895,False
10275,-0.7825057748927471,1.155144166199571,False
10276,-0.3663571732378238,-0.5632926886304073,False
10277,0.8933290864729589,1.5030743843742305,True
10278,-1.4870312317966023,-0.0711330435442015,False
10279,0.7014528480955216,0.5882786053607756,False
10280,-0.5199487985780877,0.7049240734085128,False
10281,-0.196080352373767,0.3116815535778239,False
10282,-0.8010376817665826,-0.343250942328159,False
10283,0.5795874663852969,1.3980278173688612,False
10284,-0.0263406122042422,-0.2963091237608777,False
10285,0.6985738368669825,-0.483414581250237,False
10286,-0.9395184137841436,-0.3463086232545553,False
10287,-0.2024238171720195,-0.4381959681876746,False
10288,0.9185077727531136,-0.4838917998850398,False
10289,1.5876556784493492,-1.2138903164986434,False
10290,-0.0315757785529868,-0.5930816318872655,False
10291,-0.0695599884834902,0.3871832945541563,False
10292,-0.5459008845703065,-0.6843426309959049,False
10293,-0.0583660823376063,1.2630268961859632,False
10294,-0.8877225094561251,-0.2632283389790986,False
10295,0.5620950252139904,0.9055528124952794,False
10296,0.4385987040811764,1.1917570268719435,False
10297,-0.1688768203592263,-1.205586981376977,False
10298,-0.0867040508413937,0.7079033912311881,False
10299,-0.0627505487907837,-0.6239161437058149,False
10300,1.2332451003567917,-1.030266266296915,False
10301,-1.065029875371949,0.9860399460882978,False
10302,0.1335116490889719,0.4081906216699027,False
10303,0.0834927420269,-0.0977715246367204,False
10304,-0.071245518801821,-0.5764698971666012,False
10305,-1.458992305678836,-0.3127161805300527,False
10306,0.1318426463469463,0.6546333910238363,False
10307,0.6453410436306336,-0.9425949529691732,False
10308,0.8719168362814063,-0.316073057470804,False
10309,-0.2246018018946374,-0.3894262318283868,False
10310,0.4996357865637117,0.9359393368558188,False
10311,-0.2953110870583005,-0.737645895622176,False
10312,-0.6082737458252871,0.0299816121403001,False
10313,0.1028230432190289,0.944641283734818,False
10314,0.354780120671451,-0.7978947929442474,False
10315,-0.8856254461457189,0.5640643372313412,False
10316,-1.0422782899042449,-0.4011613363755231,False
10317,0.2663922770119085,-0.1319736528629871,False
10318,-0.9018314480101642,-0.5502227591980191,False
10319,-0.6054701341398079,-0.9068977815095298,False
10320,0.1044584657409071,-0.6744009817420711,False
10321,1.1587005666244974,1.708494572950472,True
10322,-0.0537991064562907,0.9613909167015824,False
10323,1.577360668280022,-0.3730870629841716,False
10324,0.0092644516850464,0.8612920305126324,False
10325,1.2869939593577524,1.615477239171406,True
10326,1.8360750044488383,1.5432938185822274,True
10327,-0.7150250068647385,0.7431691698459502,False
10328,-0.5770027516127717,-0.777789357355408,False
10329,-0.5151518870018461,0.8473078869891171,False
10330,0.3292791349728836,-0.7520174159223177,False
10331,0.5303255089678306,-0.1351082646066626,False
10332,-0.2301467269228225,0.6843261434290526,False
10333,0.4982093009693773,0.8237516425642546,False
10334,-0.5675321900889353,-1.263461233577762,False
10335,1.3983173260223076,-0.4588558896192923,False
10336,-0.5178311260144105,-0.783867405369833,False
10337,0.7230282641009905,0.1233085775405112,False
10338,-0.1728962989198985,0.4264772028763466,False
10339,0.0052807559461725,0.4728836073113537,False
10340,-0.7478191077511857,-0.9094956375101472,False
10341,-0.4838335881678873,-0.0740240245244423,False
10342,-0.6650351998076063,-0.7301961459449282,False
10343,0.2331797963930566,-0.6490926076075497,False
10344,-1.0656693469493124,-0.7038471361105334,False
10345,-0.0393280133605707,-0.1849265034987971,False
10346,-0.3248925656957961,0.0233609474168198,False
10347,-0.0759593809186455,0.3556225403761304,False
10348,-0.824755060216585,-0.4985052533202009,False
10349,0.0146649470763551,0.5424813519523441,False
10350,-0.9085644408341303,-0.9175237629983996,False
10351,-0.0971710034117988,-1.2338827124233334,False
10352,-1.2569334224018076,-0.4537871979314687,False
10353,1.0385642358992226,0.3835209491485966,False
10354,-1.295847905393992,-0.3361001331420018,False
10355,-1.0709884204522733,-0.6573294508904556,False
10356,0.6610255354260858,-0.7857578957414809,False
10357,0.4501272268447012,0.6169655081156475,False
10358,-0.0613467537610833,0.3541064191388036,False
10359,0.3088090395264155,-0.7643515370405403,False
10360,-0.8425164739684468,-0.7822701094055385,False
10361,0.6123586985310263,-0.5023792322419351,False
10362,-0.0332071442905283,0.5533814635498907,False
10363,-0.8544214176540503,0.0864983795307526,False
10364,-0.42549909536855,-0.6798201191625066,False
10365,0.3661849456177487,-0.9070934623717508,False
10366,1.4045827204257233,0.6307411003237122,False
10367,-0.1178363382449237,-1.8230433018272096,False
10368,0.5891151890367522,-0.3141767672653317,False
10369,-0.4339175751344244,1.1136086607568998,False
10370,-0.3576362312744451,-1.196507458555031,False
10371,0.5258858289907222,-0.0670526184519922,False
10372,-1.0965079884816007,-0.6032796602695404,False
10373,0.0500599236534434,-0.9404314383519836,False
10374,-0.5315776744457299,-1.2881105998636846,False
10375,0.5622535709954811,1.0868307049525476,False
10376,-0.7603498716417189,-0.6759550350960344,False
10377,0.2456329891762894,1.1462164008399671,False
10378,-1.1729403543451902,-0.4772585195350337,False
10379,0.6985581607796777,0.419085355673732,False
10380,-0.9653977546164066,-0.553818858649191,False
10381,-0.991712735717612,-0.8680226468856036,False
10382,-1.1584789088424974,-0.7320185558869311,False
10383,0.0546581414230901,0.8665690507231892,False
10385,-0.2724409834928286,0.7938350083871243,False
10386,-0.6443067673844088,-1.2720074106387953,False
10387,0.7231596394592694,0.2714216727171565,False
10388,-0.7058366049588177,-0.7725832976913344,False
10389,0.5570372045223759,0.2012475131439426,False
10390,0.7330177837248137,1.1247736707083122,True
10391,-0.6745370476797644,-0.4237486503600987,False
10392,-0.7903467929332635,-0.9444012219516263,False
10393,-0.0232393272210675,-1.8057426138265789,False
10394,-0.984143884301229,-0.3517934483354761,False
10395,0.4126629651479356,0.833582157096708,False
10396,-0.8567762419537991,-0.9020031101718616,False
10397,1.2066079097765483,1.4214737593937783,True
10399,-1.2714547414676942,-1.1800241177348438,False
10400,-1.1690032705042293,-0.934249910881398,False
10401,0.211834782698342,0.3691079997062199,False
10402,-0.7915938630533528,-0.721156781572009,False
10403,-0.1631064926216563,-0.3688563247728061,False
10404,0.0953319481344869,-1.497891066396531,False
10405,-0.4223915899315962,-0.2262288110305252,False
10406,-0.4645870795914775,-0.6506714571656058,False
10407,0.2991831593871588,0.8354880155812688,False
10408,-1.2097571548777706,-0.5143033356043278,False
10409,0.3790406307659147,0.9965288860023204,False
10410,-0.8109184668225482,-0.3103226351687768,False
10411,-0.0378228434101821,1.0725865483986037,False
10412,-0.1805942396964976,0.725795754079048,False
10413,-0.8886382808777535,-0.2561864756372408,False
10414,-0.1518243085373443,0.8501426168588602,False
10415,0.8861214403155804,-0.4335527753144593,False
10416,-0.8447221428094269,-0.929388222013167,False
10417,-0.5452339370632496,0.1377290095081553,False
10418,-1.0703832464576817,-0.4444486293503245,False
10419,0.2414339263381593,0.6950223751825144,False
10420,-0.8499493098897153,-0.8626621307103705,False
10421,-0.1966896321810365,-0.4295288724378368,False
10422,0.5299238820604704,-0.9610269426372238,False
10423,0.7074174154401286,0.1249667258146961,False
10424,-0.8909274738597287,-0.8222788539850439,False
10425,0.4274916991141478,1.117314367572331,False
10426,-0.7771694972140873,-0.599976732791416,False
10427,0.1182169354016889,0.9457382840956438,False
10428,-0.7312143321353196,-0.5516890039039146,False
10429,1.285675047797889,0.5181382480078291,False
10430,-0.9078018462218514,-0.6274661912728362,False
10431,0.2014473780747718,-0.7546355859594337,False
10432,-0.5753609695568305,-1.3889347543172892,False
10433,0.9671657600331962,0.2127516826414142,False
10434,-0.9295567708890212,-1.200589520210599,False
10435,-0.2396037451076292,0.298460643303279,False
10436,-0.375835978317582,0.5962029262400974,False
10437,1.006575219390483,-0.8508745313635417,False
10438,-1.1646350101329757,-0.5879711904167533,False
10439,0.31977926559349,1.0747469519292887,False
10440,-1.0224827902095477,-0.0598032978970367,False
10441,0.7279182110509403,-1.1470535121578411,False
10442,-0.8559123102947213,-0.3037792203641135,False
10443,0.3206786777886098,-0.372918994608133,False
10444,-0.8547503128145661,-0.4191899211519355,False
10445,-0.0053857949500069,-0.3773894321778989,False
10446,-0.6212800147502127,-1.7503133295369722,False
10447,-0.2400754285373847,-0.2620946518809037,False
10448,-0.3555156624040592,-0.940213917590631,False
10449,1.6646791091277375,-1.1183279270750652,False
10450,-0.906574810115101,-0.8044977908439426,False
10451,-0.2342296750638419,-0.2759585608253586,False
10452,-0.7306305894399088,-0.7505373660125274,False
10453,0.5799997813601577,-0.3941740577526414,False
10454,-0.7732605404436036,-0.1650837384244835,False
10455,0.1575401569447181,1.0964569643675026,False
10456,-0.7324359206086075,0.4928143300421832,False
10457,0.5626823043370991,0.4737117968864426,False
10458,-0.6832471123750358,0.4482401690769795,False
10459,-0.1949143598548218,0.1561461441686815,False
10460,-0.8810100669382269,-0.9780890397251454,False
10461,0.7874890532763938,0.5783177294053389,False
10462,-0.0889185603095131,-1.6902738647707771,False
10463,0.7586664013978734,1.0637145693823284,True
10464,-0.8974653862555526,-0.5168185961083726,False
10465,-0.0886586257755227,0.888836509008109,False
10466,-0.916629596206932,-0.4975741073210563,False
10467,-0.472742927084874,0.2216270403263567,False
10468,-1.403495744162084,-0.8409353138905391,False
10469,0.2361724653934248,0.9645171461517408,False
10470,0.1764380945046831,-1.705132692616084,False
10471,0.1450620245558506,0.0320104068813079,False
10472,-1.2842218162816073,-0.8065768487695715,False
10473,0.105196164148699,0.9083598967480462,False
10474,-0.7354473110194938,-0.4219267868523522,False
10475,0.9068418184386934,1.3276085701017497,True
10476,-0.7400349059230351,-0.7620393606603075,False
10477,-0.041988538306689,-0.5844166226798726,False
10478,-0.2146011672013996,0.9248285299262728,False
10479,0.5008656153727226,-0.1986331922618033,False
10480,-1.2228658088821227,-0.5181588451866386,False
10481,1.0489418392512824,-0.4800938923613077,False
10482,-0.8517089830483442,-0.3082488448702641,False
10483,1.50713969211966,-0.5923320704738596,False
10484,0.6508190967555819,0.3122949174385266,False
10485,-0.7356389447173552,-0.3858022808390016,False
10486,-1.2173456987591948,-0.4769307144002772,False
10487,0.4396621635635632,-0.5978997519302603,False
10488,-0.7422565589804602,-0.4429956807276447,False
10489,0.7303446969806109,1.6271979700093433,True
10490,-0.3466099197523298,-0.6135861107716403,False
10491,-0.7805538837706144,0.902013086699111,False
10492,-0.3979531626873249,0.6292302365756987,False
10493,-0.2779724323537922,1.0887794349701565,False
10494,-1.2161549962165767,-0.3052708828003115,False
10495,-0.2991622269178678,0.4076956475022606,False
10496,-0.8509269351215291,0.6455492282548719,False
10498,-1.3841242631236763,-0.4356801254966731,False
10499,0.0866835700899537,0.6072445762961575,False
10500,-0.7427759774631213,-0.0854935092855415,False
10501,0.6075204577653508,0.9869102219782157,True
10502,-0.0361229741912342,-0.8171401589635282,False
10503,-0.1787507638407504,-1.317932877178729,False
10504,-0.1112981985378982,-1.0608550540255082,False
10505,-0.0203980898565049,0.8916416746894678,False
10506,-1.132529045259678,-0.3023478058029827,False
10507,1.3860716868177885,1.281720904581228,True
10508,-0.648674028751374,-0.3092917326290976,False
10509,0.0661325881402475,0.5509236318204553,False
10510,-0.1745835419220628,-0.9359000722045892,False
10511,-1.1667486057679275,-2.1324934073059247,False
10512,-0.5883656452277372,-0.121037112573644,False
10513,0.7389935017267094,1.3275584632508393,True
10514,-0.6641427798377282,-0.5449333369899416,False
10515,-0.1545969290265856,-0.3927459164245797,False
10516,-0.9065195842637306,-0.1656482766702517,False
10517,0.6018383253198791,-0.3423959171561229,False
10518,-0.4592407391061595,-1.050922669903297,False
10519,-0.5321818469895838,-0.3407553702841225,False
10520,-0.4441595340753391,-1.015879749615627,False
10521,0.1673986144053483,-0.7583188535285328,False
10522,-0.8231116951721246,0.7282697256516808,False
10523,-0.3184875907070639,-1.92811399787464,False
10524,-0.2519264722776163,-0.0272039247355092,False
10525,-1.461077633859065,-0.12559551913536,False
10526,0.7962447264358071,0.6231180172624604,False
10527,0.6553804174016166,0.7755704102105374,True
10528,-1.184492960032107,-0.2342209263415281,False
10529,-0.9461825147750632,0.0697662885674946,False
10530,-0.1281657861403606,-0.6832926020516024,False
10531,0.2368870686934738,0.6536378250136715,False
10532,-0.0127839888534922,-0.6237583194787557,False
10533,0.2800604556830101,-0.3625153757711272,False
10534,-1.2054326841975336,-1.4374288721140134,False
10535,0.5315376490664512,1.016405494247821,False
10536,-0.7556660557327531,-0.4213277526740052,False
10537,0.4642885916650832,-0.0325271998051906,False
10538,-0.9183810969685604,-0.3201360162413948,False
10539,0.0726102339156018,0.4252244335037209,False
10540,-0.0214903434665161,-0.7997006096789451,False
10541,-0.7703450039428635,-0.3946512886906373,False
10542,0.7633919734113943,0.3876567084183918,False
10543,0.5757788461781965,-0.920977005435569,False
10544,-1.1764142426865714,-0.9246719227944382,False
10545,0.105903219415226,0.5087686986961824,False
10546,-0.551942982266872,-0.3806805687452189,False
10547,-1.0622689071966551,-1.5524847646481,False
10548,0.1158431260543605,-0.7459409575364002,False
10549,-0.2077912510934048,0.2017694398950866,False
10550,-0.409040436060376,-0.8399995144729958,False
10551,0.2631421500469899,1.508901799410406,False
10552,-0.0834800261016295,-0.5598280569241476,False
10553,1.198600642306314,1.2973375470011128,True
10554,-1.2868775823506675,-0.1955866232333298,False
10555,-0.9892564039225132,-0.3233148195755897,False
10556,0.017188521469944,-0.7626967420514492,False
10557,-0.1103440331384019,0.9082026041255288,False
10558,-0.3268990615596816,-0.7537416330509098,False
10559,-0.6155899541736397,0.4040012103616422,False
10560,-1.05004045865268,-0.0109829447327209,False
10561,-0.3466139497162315,-0.0664958423182812,False
10562,-0.3944360083485375,-0.5476284251163965,False
10563,0.1491787346283749,-0.150253870533461,False
10564,0.1615785070438607,-0.7764949715100473,False
10565,0.5276791585617521,-0.3990403754522887,False
10566,0.0071813830674825,-0.7109658745779962,False
10567,-0.1236876398729377,0.7689313369271309,False
10568,-0.7414019737585101,-0.3334814305042815,False
10569,-1.3086625150298927,-0.4030586083298262,False
10570,-0.243268654130886,-0.8647280692162352,False
10571,-0.3307807007614444,-1.1699319601242548,False
10572,-0.7230109611095669,0.8611338641046347,False
10573,0.4834901975536789,0.8730433609578571,False
10574,-0.763494271621707,0.8716030996293982,False
10575,-0.3124660096181,0.8694482251272955,False
10576,-0.5586322180799447,-0.099041459639743,False
10577,0.6200596658340713,0.8330594397366715,True
10578,-1.018061000581861,-0.110953601081381,False
10579,0.6430141750486067,-0.0313960101077976,False
10580,0.2329352593171338,1.2130029288559787,False
10581,-0.2571436493102717,-0.5995692866565019,False
10582,-0.7877682054134059,-0.1208600939965548,False
10583,0.511339913147795,0.92312981370793,False
10584,-1.1633060458941409,-0.4884193756899071,False
10585,0.8921166980329589,0.4496907791355188,False
10586,0.4912122803144894,-1.3913969641718231,False
10587,-0.2775478385901226,0.5467567354570995,False
10588,-0.9585283413602412,-0.5652351299864947,False
10589,-0.7673128277758399,-2.021281221502485,False
10590,-0.0875170233239021,-0.2567870778850597,False
10591,0.5597709796257611,-0.2021426397244085,False
10592,-0.6983688990026682,-0.3984658900851142,False
10593,0.2501271365306942,-0.4911535672936871,False
10594,-0.101661457107915,-0.361200941851571,False
10595,-0.708286867858297,-0.481253568307919,False
10596,-0.7853049420887069,-0.4412838426614375,False
10597,0.7329646715656346,1.444296064511752,True
10598,-0.7818727546777074,-0.5202821870209637,False
10599,-0.6006047652137927,0.2279323089054994,False
10600,0.2114119607219313,-0.5285601233482559,False
10601,-0.0485973966772197,0.204757374251208,False
10602,-0.4752548934146286,0.5965368899191805,False
10603,-1.1273397999594714,-0.5154031456965705,False
10604,-0.1392410945487901,-0.6763335336092967,False
10605,-0.7996348434425323,0.4021196691237748,False
10606,0.1008985371830076,-0.8074535508954965,False
10607,0.4318401179281115,0.8243892000587396,False
10608,-0.445071461199977,-0.4189365186492955,False
10609,-0.740046564665808,-0.5470429225016253,False
10610,-0.736336451223916,-0.531296484480892,False
10611,0.41914869060624,-0.3684492385955016,False
10612,0.0899146606703205,1.4273439368990937,False
10613,0.4063253889262785,0.2822706423381846,False
10614,-0.4638118912894682,-0.4947071727299958,False
10615,-0.4188372378114233,-0.4928624660544123,False
10616,0.0690638720024086,1.175309279251825,False
10617,0.1109960248464371,0.8454249268485545,False
10618,0.0908161790931016,-0.4048910932472037,False
10619,-1.2072830759516096,-1.664302355084327,False
10620,-0.023101619905556,0.5599271063863758,False
10621,0.1049167448961359,1.5951805110838078,False
10622,-0.8646468268938632,-0.2332613033322755,False
10623,0.5465287691461245,-0.2053375540125811,False
10624,-0.7882364022980338,-0.5848022580491054,False
10625,0.6631529390723054,-0.5485372364880639,False
10626,0.2865598313255037,-0.8699836132596925,False
10627,0.0845595128165923,-0.4665245594545529,False
10628,-0.7569502676042449,0.043951230236947,False
10629,1.480750320880894,-0.1423156490184679,False
10630,-0.7910871557997736,-0.5361860126844699,False
10631,-0.21269823019459,-1.7508970944316713,False
10632,0.0691588496103501,-0.4504893712727966,False
10633,-0.0113086312972972,-0.8123555057328863,False
10634,-0.7424932002650784,-0.7338031808481724,False
10635,0.0729098239905012,1.2179561906587089,False
10636,-0.2146702494832634,-0.6037057907335807,False
10637,-0.6841370513612448,0.3580239512837869,False
10638,-0.2291669357334475,-0.5877222119455487,False
10639,-0.9313395616773196,-1.177397469017302,False
10640,-0.7617052142553603,-0.3618188362394077,False
10641,-0.1039172530165685,1.0843350286594864,False
10642,0.5874938568600268,-0.724046942851542,False
10643,-0.3110225373655929,-0.0815766791238132,False
10644,0.6090432551939635,0.9505890113517788,True
10645,1.3262823628314464,0.8025169376856996,True
10646,-0.9018359853184094,-0.177154296177372,False
10647,0.2374001671197521,1.200220222261263,False
10648,0.0810745181385207,-0.7983578215872112,False
10649,-0.5525470898691781,1.4203892238106255,False
10650,0.5037265614684834,0.0188958548307353,False
10651,1.1577580074988418,1.0628043338407382,True
10652,-0.7440042469816862,-0.5422258209342005,False
10653,0.95128310396446,0.619141548012566,False
10654,-0.1831282507932572,-0.6580411011872962,False
10655,-1.6855045051708528,-0.3223616875842943,False
10656,-0.7643239025761777,-0.3997190613398333,False
10657,0.4424571876063238,1.0071834295736,False
10658,0.0605312825996177,-0.4316784286462491,False
10659,0.4127605531255692,1.3055887643915127,False
10660,-0.6433137954144952,0.7847641793494317,False
10661,1.4244051107350932,1.4889869303905936,True
10662,1.0171848959345111,0.2466704041547767,False
10663,0.0165332956652259,-0.5495207279935572,False
10664,-0.3851105545532441,0.0086272736366253,False
10666,-0.3402717349441678,-0.6656251029521079,False
10667,-1.1748319630535724,-0.2330349433571253,False
10669,0.1691248886170275,0.6283550418223391,False
10670,-0.6722577696793424,-0.424115924261728,False
10671,0.058117673644049,0.8526863568208167,False
10672,0.022810335553477,-0.8294668971532027,False
10673,-1.2087328853019903,0.6637974990455738,False
10674,0.9469716599123494,1.0184043897857034,True
10675,0.8313918455192718,-0.2319291820802817,False
10676,0.835330738673167,0.1887905082572568,False
10677,0.7729111746030511,0.6118883288442791,False
10678,0.4443568615267498,0.8190522150385362,False
10679,0.2864016558968359,0.6515412739465549,False
10680,0.0025050072280702,-0.3578217261161579,False
10681,0.1546111382413811,-0.9391540487402226,False
10682,0.4620411171231228,0.6316916817770393,False
10683,0.6943277991974078,0.8540286307994063,True
10684,-0.3903283908534494,-0.5958443417844588,False
10685,0.0616014372683833,0.78742083105888,False
10686,-1.04520548428932,-0.6731181037277781,False
10687,0.420104181699229,1.023360497085302,False
10688,-0.6080901354563715,-0.4548275400386315,False
10689,-0.235502770083291,0.7795526604535721,False
10690,-0.6683204395773492,-0.5460849755060436,False
10691,0.9679250747732432,1.0253571821019287,True
10692,-0.4571995945726396,-0.5947226593636694,False
10693,0.0801181627351758,0.905884364226918,False
10694,-0.3018385463738063,-0.5957665035381317,False
10695,1.3488089196877415,-0.6369151974163711,False
10696,-0.4288183208730745,-1.3427179546962982,False
10697,0.6384680494504849,0.5811194992738263,False
10698,-0.7588640860303886,-0.0700916041936574,False
10699,0.3226924762550202,-0.8004911670528584,False
10700,0.661222918988462,0.747367221721726,True
10701,-0.4058334842161448,0.5802140278348515,False
10702,0.6668196616864913,0.5806900216864108,False
10703,-0.1263705429681421,0.7077018759311906,False
10704,-0.2267807409767554,-0.8830339419296961,False
10705,-0.1032719739267181,1.134084252742243,False
10706,0.0853976798453666,-0.5280385817844806,False
10707,0.6085744340368548,0.7735589683810988,True
10708,-0.2668790976711571,0.8052264522057867,False
10710,-0.0367255631048445,0.9316580347377958,False
10711,-0.1609719786490673,-0.4071484472891158,False
10712,-1.18576117030797,-0.5454398376080161,False
10713,-0.8765912182192601,1.158221958940545,False
10714,0.3325927870610518,0.2574453359320096,False
10715,0.7024831432578292,-0.9991872247730808,False
10716,-0.2283928154522333,0.8963493664296377,False
10717,-0.0241789514255111,-0.2769265760829618,False
10718,0.0553073365837502,-0.4030717900211581,False
10719,0.0441351213933066,0.5626522606644708,False
10720,-0.0875461796107805,-0.3603992288550095,False
10721,1.0017450738527638,-0.0898599242349675,False
10722,-0.4390348162164995,0.7764145998297637,False
10723,-0.6126687473639115,0.7247242715805183,False
10724,-0.1388723096171022,0.9413627777987824,False
10725,-0.2870790306957723,-0.2691834222646068,False
10726,-0.2824428379801552,1.1879535152208636,False
10727,-0.0147264242416314,-0.5573096880801354,False
10728,0.6146160497130286,0.6373246222696257,False
10729,-0.2302404988814578,-0.3820536131847078,False
10730,-0.6671354329685448,0.2852389161787971,False
10731,-0.7173755631278618,-2.0627895164666827,False
10732,-0.6070653234549133,-0.2326962583104588,False
10733,0.1272994474343879,1.0499709915173427,False
10734,-0.0487591074137226,0.0689623539653765,False
10735,0.6104573149360364,-0.4260252768360494,False
10736,-0.7423948440407364,-0.2495374001023232,False
10737,0.606664058058265,-0.0792952944622975,False
10738,-1.3156511881246484,-0.1487888100450345,False
10739,-0.5825518710632746,0.1185900044788565,False
10740,-0.9053728817118246,0.9924702184468036,False
10741,0.0992072072254242,-0.0182617463439445,False
10742,-0.8968288988192066,0.7968459055686907,False
10743,0.3158463546318136,0.0606377171937791,False
10744,0.1574113564823963,-0.4454255701667994,False
10745,-0.6634542086785388,-0.5584986274109107,False
10746,-0.0718773845246334,-0.3205756868081491,False
10747,0.9267725070347652,0.3358776117704113,False
10748,0.6008917222727967,-0.9170491906930592,False
10749,-0.266183865914057,1.132650363594573,False
10750,-0.359344384404369,-0.2394293713459876,False
10751,0.1183541754165163,-0.0265668598931266,False
10752,-0.6141891825269844,-0.434883133849324,False
10753,-0.0382442803040532,-0.5946710874810255,False
10754,0.2854693677177567,0.7898212986816634,False
10755,0.151954472205706,-0.3437065554589374,False
10756,0.5435783755112855,1.3380690489467215,False
10757,-0.1053557803316572,0.8497313972087043,False
10758,-0.4060333453179131,-0.1434570204713288,False
10759,-0.0961233332154828,-0.3444807368837819,False
10760,-0.3347922494620393,1.3446880521966729,False
10761,-0.3961066469293672,-0.4888923474851476,False
10762,-0.8826628077329849,0.8901358919405759,False
10764,0.7721520395692343,-0.7947849929793636,False
10765,-0.4879623347232124,-0.3848288106801488,False
10766,0.2528001943783225,1.2075920804386917,False
10767,-0.7488395687898548,-0.4447180392180735,False
10768,-0.5673653513555054,0.9839053658690916,False
10769,0.458311344924651,-0.2380548488119101,False
10770,-0.7384670425674719,0.7743344141175282,False
10771,1.1203111602964058,0.7615107554967977,True
10772,-0.7487218269319592,0.8576690527846659,False
10773,-0.8736502502809351,-0.5088201779752675,False
10774,-0.2985948089656999,-0.3469037897005922,False
10775,-0.9627975160643126,-0.2252152174174682,False
10776,-0.726426489733002,0.8787813529139917,False
10777,0.0647411183223956,-0.5689338114068176,False
10779,1.3451993771294397,1.1116795792671614,True
10780,1.0230155125767249,1.000678790505141,True
10781,0.1529134804409692,-0.3337054858721372,False
10782,-0.5560703844502901,-0.2791679897623528,False
10783,0.3497403154988334,0.4815202087274357,False
10784,-1.0519135507408703,-0.1037152649403562,False
10785,0.13292489289098,1.11640690971714,False
10786,-0.2919226981694046,-0.1976826460549056,False
10788,-0.498596802913638,1.3740062095867147,False
10789,0.7016138422342099,1.3068864388674626,True
10790,-0.1823104496418568,1.4160135661808542,False
10791,-0.2649060073824008,-0.3374430294772579,False
10792,0.7892174309110808,-0.8494805855922475,False
10793,0.77490674010658,0.0280038575223815,False
10794,-0.3672971465466183,1.0698945084483105,False
10795,-1.2210235803894065,-0.5000354118385526,False
10796,1.7988709162877126,-1.0671340987633744,False
10797,0.0738346133216713,-0.9161774703242032,False
10798,-0.8395291695575529,0.7225050597398902,False
10799,-1.0065235353709585,-0.476770658815368,False
10800,-0.1212193477836101,1.3438013097305332,False
10801,0.1937735939710577,0.8671581210810191,False
10802,-0.6522823967893053,-0.3736403211686956,False
10803,0.7845469661049663,1.167723541483674,True
10804,-0.7747711104177487,0.620620616295554,False
10805,1.0375946281377195,0.2053012931553289,False
10806,0.610181927355314,-0.977899422676938,False
10807,-0.5939143058967218,0.614169499311571,False
10808,-0.4126595305714889,-0.4256457475373023,False
10809,-0.2855128860620463,0.8907430494585623,False
10810,-0.8075071952343574,0.7145153566305769,False
10811,0.4991268282340215,0.3176229790703088,False
10812,0.6802515642325572,0.6798044254296762,False
10813,0.0957878739331135,-0.1424619649774005,False
10814,0.5060632957081099,-0.6282415316473788,False
10815,0.3112895580276695,-0.247419156999893,False
10816,1.145341483539132,1.7055899118287758,True
10817,1.1856112352976294,1.198670664549799,True
10818,-0.3199922150215687,0.910727675688362,False
10820,-0.567012351156269,-0.311616541184837,False
10821,-0.0725848446361934,-0.171050695652182,False
10822,-0.4905845987816098,1.383873272584517,False
10823,0.4327743255149395,0.899534241214992,False
10824,0.9998561188715582,-0.8893051123229061,False
10825,-0.9836658880728972,-0.0397628392039592,False
10826,0.3129670273325213,1.5689527001558303,False
10827,0.7950570547170921,-0.7946064935448266,False
10828,-0.4928544218212662,-0.4545684860054921,False
10829,0.1022929748893941,-0.106523800283538,False
10830,1.354582475157364,-0.6581557437501611,False
10831,0.1163911820926145,0.059145129667528,False
10832,1.336834527567595,-0.8470546682797703,False
10833,0.3615017680844922,1.279537688054246,False
10834,0.3969431125960471,-0.3837487095099436,False
10835,0.2097036223927151,-1.0233127836540616,False
10836,-0.4526079024323969,-0.2840259334009102,False
10837,-0.0390868544670952,0.3229094403562985,False
10838,-0.0213938984858104,1.2142144651347824,False
10839,1.018590944286886,0.8179594053431629,True
10840,2.008720426772178,0.772575156706067,True
10841,-0.4581957387800945,1.2975645438424828,False
10842,0.8115919262823912,-0.6255502364012848,False
10843,-0.1802306832522368,0.6236533125728807,False
10844,-0.3865490777060603,1.3409216812485605,False
10845,-0.1817347923933506,0.2761447366566604,False
10846,-0.6191396783807929,-0.5754195275869147,False
10847,-0.3064498683330247,-0.9062294182815692,False
10848,-0.4180886727129447,-0.3573839452363201,False
10849,-0.0274912345584344,0.1761043776735341,False
10850,0.3268651748273565,-0.4057470546036353,False
10851,-0.5065484616102796,-1.0598747422447052,False
10852,0.2144828631206227,1.4438355093670414,False
10853,-0.6282407882908345,0.5415832802107907,False
10854,-0.8610940605489789,1.1481466920553896,False
10855,-0.4583857808556028,0.6288165293173974,False
10856,-0.2328867110635877,0.7883674537208909,False
10857,0.3278639632865471,0.5244348106402639,False
10858,-0.3355017398772675,1.504318244230955,False
10859,0.00918760421613,-0.2217258212817461,False
10860,-0.6778292966041998,1.133683783996254,False
10861,-0.1466594896876579,0.6999529910493174,False
10862,0.889320008553128,-0.6207672280186988,False
10863,1.194507012022182,-1.4484318718577782,False
10864,-0.285082739969009,-0.6636815740019723,False
10865,-0.7302245714414127,-0.7635199231946679,False
10866,-0.5090408920365063,0.3211099215481989,False
10867,-0.1427616379109742,-0.3196780808827573,False
10868,-0.1638555207764896,1.2645414114554732,False
10869,-0.3329357133223042,0.5461958965888669,False
10870,-0.7295636412847057,0.8383642424815388,False
10871,-0.3075273673338167,-1.2847198655185226,False
10872,0.4076537634195585,-0.5734165586801762,False
10873,-0.5909201436068295,-0.1936470277130927,False
10874,-0.6208904032102615,1.2733987163723883,False
10875,-0.3387880363839592,-0.0656785508523916,False
10877,-0.4552647301334026,0.8293521197218757,False
10878,-0.4279352645175235,-0.1237426961235857,False
10879,0.5466803064851343,1.666492130323727,False
10880,-0.0427585443570525,0.2031128878323114,False
10881,-1.007218624615596,0.7380279389633406,False
10882,-0.5013483964816395,1.168462392289236,False
10883,-0.3359786720598192,0.7782795479381095,False
10884,-0.5850497075517869,0.9638668337342836,False
10885,-0.33127501375932,-0.3525437771506077,False
10886,-0.4606806599314295,-0.2454126408219675,False
10887,1.4013173420694098,-0.6379417593425594,False
10888,-0.5362092139322622,0.0399909956318246,False
10889,-0.698813785515431,-0.3906650823142694,False
10890,-0.7738067313919454,1.1710354360970072,False
10891,-0.0802534792336109,0.408288335947822,False
10892,-0.2809557365273936,0.9866070041161328,False
10893,0.1817686907072836,-0.6027642989178925,False
10894,-0.570602645450733,0.6860776471018276,False
10895,0.3225002284365624,-0.7505454025968517,False
10896,-0.6853135781682168,1.1032324369857267,False
10897,-1.4600349463278297,-0.7595683071857433,False
10898,-0.471031144342426,0.2996316265164537,False
10899,0.653153349765896,1.1868252127154175,True
10900,-0.3031118128212285,-0.0088281660941156,False
10901,-0.8026681919175495,-0.8647013082308876,False
10902,-0.3157655746875663,-0.0858098045427172,False
10903,1.0268488718108508,1.202539208039671,True
10904,0.8614434020361,1.0510144492436502,True
10905,-0.605057254641827,0.4568086180384087,False
10906,-0.3527461730214495,-0.0888191508936221,False
10907,0.1535666853890575,-0.2370299442006735,False
10908,-0.5251516921346784,0.0373534797949763,False
10909,1.328812413233818,1.6996541944235872,True
10910,-0.4859472648853574,-0.2294101687681155,False
10911,-0.5251827610417452,-0.9536580211090768,False
10912,-0.2108481714207302,0.0818387376893859,False
10913,0.8578170058766351,-0.3372188377403091,False
10914,-0.8116210378504602,1.1829951832882648,False
10915,1.4710930502518174,-0.3587734010881825,False
10916,-0.1809340978233288,0.3140529576097094,False
10917,0.1021196086008588,0.7561559171585996,False
10918,0.6802267271672617,-0.5914840497092599,False
10919,0.1535620644135087,-0.4394087926848501,False
10920,-0.5935551031262774,0.2695594323829314,False
10921,0.0144570299034482,0.0400388943681064,False
10922,1.5743935717574131,1.5100933911982124,True
10923,0.763464657762617,-0.3045687918886883,False
10924,-0.3999252891883086,0.2666605219352814,False
10925,0.5324373488991582,0.1081545578673253,False
10926,0.3701149230963098,0.8977130206697628,False
10927,0.2992260161800102,-0.2245348177092004,False
10928,-0.5928623087833786,1.0665252659130506,False
10929,1.5584086976750695,-0.620872693445174,False
10930,-0.5849225389806093,0.804579817515853,False
10931,-0.4241109751185086,0.3260458935834058,False
10932,0.1007946981770679,1.2930198208651429,False
10933,1.1832703292507176,-0.3848177918097051,False
10934,-0.2718484268071393,0.3720018701776427,False
10935,0.5455247338330138,-0.6336752423686134,False
10936,1.130778431850576,1.295910890033854,True
10937,1.2915232688493512,-0.7824406864584106,False
10938,0.0333073140542717,0.8163159556571402,False
10939,0.9814041537271933,-0.6585483474161644,False
10940,-0.4540592655422862,0.7848513024638515,False
10941,0.6534407731308883,-0.0418841227284279,False
10942,-0.488502173089692,0.6147932735378225,False
10943,-1.0623799316939335,0.8982660054924936,False
10944,-0.3283099733961248,0.7976612272894609,False
10945,0.3434815820404898,1.1999686104520615,False
10946,0.6412601980420842,1.2055972535781685,True
10947,-1.057058459251885,-0.9953739998879616,False
10948,0.6689914599518739,1.4244186938046033,True
10949,0.9206280946029136,0.4112498794302565,False
10950,-0.1543554268127027,-0.0075885175248341,False
10951,0.8802678231554095,1.143068280655883,True
10952,-0.4602606968091638,-0.6307211711168998,False
10953,-0.0992345571423378,-0.2871962118335522,False
10954,0.934122820271034,1.6411104966272774,True
10955,0.9645443400871148,1.557928213769482,True
10956,-0.5586868189187455,-0.3446491159694181,False
10957,-0.6320469770002314,0.1940757533453041,False
10958,0.1977358068181413,1.0444732551982292,False
10959,0.3698142917368908,1.05455579381539,False
10960,-0.2781247356208829,0.6775584723935488,False
10961,1.2251424110432207,1.1733557351100077,True
10962,0.0279435054042976,1.0160447855750885,False
10963,0.084385820568424,0.5612277436218223,False
10964,-0.53756688054936,0.9071475154568932,False
10965,-0.1038497309088378,-1.4585985478452317,False
10966,0.0491626053979988,0.9125459433957565,False
10967,1.120604377096958,-0.7878111705751624,False
10968,0.0047030686186021,0.5407244211134514,False
10969,-0.1185943822421001,0.636334450143451,False
10970,0.5069409413814777,0.3876212514254139,False
10971,-0.9423376947293908,-0.441801420490451,False
10972,0.7258422471067755,1.1725820155889832,True
10973,1.5013485263863589,1.1601458653068315,True
10974,-0.0313216417719988,0.0130929662572981,False
10975,0.3214315788955729,0.8131937787743976,False
10976,0.0604778943023568,0.7399330061097631,False
10977,0.4512383273819648,-0.6895436658693992,False
10978,-0.158501461377773,0.8971052449057216,False
10979,-0.2184019478291773,-0.2857995633151811,False
10980,-0.1470767039895746,0.9433755829765876,False
10981,1.1369521408825416,1.2906420715203557,True
10982,-0.7451751591661725,0.968251282733696,False
10983,-0.6839965115575557,-0.2334040385292534,False
10984,1.0566291385570024,0.4453961562661301,False
10985,1.1939635907765598,0.0192962194751949,False
10986,-0.2202825617947976,1.1166600516884055,False
10987,-0.4661243035656552,0.9288584732703172,False
10988,-0.0747588162247733,0.4147211272369818,False
10989,-0.9645661045642644,-0.398334172789504,False
10990,0.3479419628224539,1.2407352475595064,False
10991,1.0040555265086937,1.4973360031765632,True
10992,1.27735528324012,1.0860607577804915,True
10993,-0.8305422065423655,0.7032727755620465,False
10994,-0.6751382787562834,0.8150860399775551,False
10995,-0.1282018298219171,0.0374267982320566,False
10996,0.3540999633210631,0.9979436809334832,False
10997,-0.1108297641617811,0.8536883933608451,False
10998,0.3656910785895053,-0.3795693552000361,False
10999,0.3588511280635111,0.7094807521725227,False
11000,0.123340550529233,0.8435196981597904,False
11001,0.5652559858564845,-0.6533412050779324,False
11002,0.7214902277257202,-1.581379146972854,False
11003,-0.0945613963587985,-0.6271551155377043,False
11004,-0.3686405500366558,1.1010003503484271,False
11005,0.5823455299835169,-0.7155857503419439,False
11006,-0.0600471351628015,1.354022445654836,False
11007,0.674909989732719,-0.1754505249130484,False
11008,0.9910870938155546,0.551296200319987,False
11009,-0.319850016335349,-0.2236095229170588,False
11010,0.3240383283147589,0.7550928048826874,False
11011,0.4164239766415363,-0.4748711845902417,False
11012,0.5201868338726143,1.5187831638463054,False
11013,0.488214545439888,-0.804700913255197,False
11014,0.6079699222270336,0.8397253950799956,True
11015,1.4215145679784584,1.4635645578576393,True
11016,0.2037491102261238,0.7301785566988344,False
11017,-0.1815272855727408,-0.8420885302443241,False
11018,0.4314070250687691,0.7819232308209645,False
11019,0.315203623491245,0.956588764232648,False
11020,0.9955703752035814,0.6990602470568563,False
11021,0.8517894614695407,-0.7971351214359232,False
11022,0.3525423312865929,1.477127311415255,False
11023,0.2775288443964012,-0.8549179440259485,False
11024,0.6225608669898754,0.7692301213973641,True
11025,0.5891022463299885,1.6386495454238816,False
11026,0.182115195838496,0.693413789769254,False
11027,0.3304775273340224,-0.5583291824916768,False
11028,-0.3424250107801649,0.6836466435871349,False
11029,0.1636947179156231,0.6551732779344461,False
11030,-0.2103018513651461,1.1679146766529624,False
11031,-0.0054716384756137,0.5531334522075841,False
11032,2.1447235867155188,-1.0944598897303508,False
11033,0.5185232493672483,-0.5795802518225172,False
11034,0.0025461882320841,1.0242979528297342,False
11035,-0.6073741116358184,-0.8776076588682814,False
11036,0.2911584453436935,-0.7982804632348632,False
11037,1.4577426475931805,1.988511806022935,True
11038,0.1307899425372951,1.1361613310113683,False
11039,-0.1499650911809177,0.0400057614520959,False
11040,-0.5201941811670754,-0.7390848019585297,False
11041,0.2650576789887759,0.8901241844092714,False
11042,-0.0050545676655794,1.137680421667576,False
11043,0.2626729590120401,-0.0934025904375915,False
11044,1.5286885923464144,1.5588549164656555,True
11045,-0.8789677457445528,-0.5239355350635129,False
11046,-0.4609737864827836,0.9475073775286345,False
11047,0.1683829013097002,-0.1286403886412723,False
11048,0.7583011149773866,0.7822445851746344,True
11049,0.161481455003642,-0.7134839340180993,False
11050,0.0724614947671832,0.7404041474173666,False
11051,0.514609098445849,-0.0733738618396397,False
11052,0.2284089184736205,1.2990027959695831,False
11053,0.9672335973216808,0.6892032562057391,False
11054,-0.7622416462855368,0.8279936191488715,False
11055,0.0047273677734407,-0.2044227253751399,False
11056,0.2661657864534707,0.688614906470218,False
11057,0.8524194258097209,1.301759050072532,True
11058,-0.6878328688129025,1.2485323306913092,False
11059,0.7371094201815755,-0.7202792167670431,False
11060,0.2218450986404677,1.0905872096115394,False
11061,0.1018573994925676,0.150153018450772,False
11062,0.1423907505294101,0.5827382080114799,False
11063,1.0838828505805018,1.1322379139656544,True
11064,-0.8505876800434294,0.9092599276752482,False
11065,0.4428696453314004,-0.4494019566287296,False
11066,0.7434644218400296,1.3455208352011945,True
11067,-0.0989215962115467,-1.0326947133276383,False
11068,-0.6253078923973507,1.119706114423656,False
11069,0.5413226192733549,1.5972801379673087,False
11070,-0.6336770802894645,1.2770238104608431,False
11071,-1.0526925386821009,0.3103878272278094,False
11072,-0.713907303334404,0.6535389016571748,False
11073,0.6546532534512248,1.848282287809176,True
11074,-0.3800474757428003,0.1481470055174716,False
11075,0.8636043903161693,-0.5911329346791625,False
11076,-0.0666859179091168,0.6498456914137255,False
11077,-1.2478843896427092,-0.52279562759847,False
11078,0.7006158134347074,1.1058774110588248,True
11079,1.3963400874197225,-1.0944925611274103,False
11080,1.1027757265268685,0.0053003071128948,False
11081,0.5657781464424183,-0.0594800011266166,False
11082,0.1182545005997409,1.0261837200343291,False
11083,0.4202203455567053,0.6604022681689262,False
11084,0.373065106497206,0.8426322989760573,False
11085,0.0798764608610879,1.266260843686747,False
11086,-0.6687572032358816,1.2375198137169243,False
11087,0.1504424613457469,-1.3419615992546032,False
11088,-0.5508645889292902,1.3090756125559777,False
11089,0.6749320934158934,-0.694452217120795,False
11090,0.7972760639157059,1.3444963786592394,True
11091,0.0497021283354513,-0.1134199913758259,False
11092,0.2807423292072695,1.3993907593660535,False
11093,-0.2245075456816704,1.2751820349524443,False
11094,0.2373072585036239,0.7682468410087065,False
11095,-0.8165906118309467,-0.9933994597780595,False
11096,0.3865213665935328,1.3675241270108744,False
11097,-0.1268427300638933,-0.588479545016477,False
11098,-0.2923190945594877,1.1279106756696362,False
11099,0.0131128547839695,-0.1298459824570363,False
11100,0.2241723821731244,-0.6342227000789579,False
11101,0.065911390152872,1.1220965865470338,False
11102,-0.6465362693119701,0.946233220145588,False
11103,0.4094843580184732,-0.7742896747550316,False
11104,0.4294425792112131,0.9059748847019728,False
11105,0.163420945218218,-0.6060697748354819,False
11106,-0.2439268311056163,0.3471811963871999,False
11107,-1.0848909029751213,-2.332473627882127,False
11108,-0.2926523406764812,0.4820908190349727,False
11109,-0.037350664066683,0.4114456190178642,False
11110,1.744501729496136,0.7936156091335398,True
11111,-1.1477326663166592,-0.8926800873654421,False
11112,-0.457526783338757,-0.8170025708680818,False
11113,1.5968493864246565,0.5477676838379132,False
11114,0.6277929564346321,0.855351367950838,True
11115,1.397287267688724,-1.1698654501857035,False
11116,-0.6236641821404446,1.164776744422479,False
11117,0.1013789542448334,0.047038784313717,False
11118,0.7154321444245859,0.5803701930557216,False
11119,0.5807258627988615,-0.1494690741399636,False
11120,0.649184384119178,0.8192808235652285,True
11121,0.9153671453657276,1.2510127467672365,True
11122,1.4088798794085,0.8181098138294441,True
11123,0.1407187402591637,0.5735208345239944,False
11124,-0.0765510455614522,0.8766130630479748,False
11125,0.7010132801300205,-0.5260631518145413,False
11126,0.6006023228336057,-0.3364271896069805,False
11127,0.1257132037826512,-0.2648578418087031,False
11128,0.787429121214153,-0.3729883393336819,False
11129,-0.1959026645176703,0.9022223267759414,False
11130,0.10899953220028,0.47638048227908,False
11131,-0.6462834678908567,-1.1014156517172429,False
11132,0.436561026613792,1.7109385477414103,False
11133,-0.1070576806979855,0.5817889736743044,False
11134,-0.564855701192268,0.9600793208483196,False
11135,0.7900538115128417,-0.3148863261307805,False
11137,1.011188175596819,-0.0934033204289001,False
11138,0.514632248996552,-0.4342878540660261,False
11139,0.2358532783422104,-1.046771943957573,False
11140,0.5729774833732857,-0.7620238347161301,False
11141,0.7290863671951432,-0.1010214781191633,False
11142,0.3840959496183148,0.9078075861143496,False
11143,0.7546229359748257,-0.1436049982490405,False
11144,0.0103529934664752,-1.0116146230506644,False
11145,0.6864718117143467,0.5840645871827659,False
11146,-0.3727757283453883,1.0364087866447746,False
11147,-0.0749944565520494,0.4114858676909299,False
11148,0.9852545371798852,0.2286393797283658,False
11149,-0.7641339219264051,-0.6634288151639269,False
11150,0.6849179739186114,0.9387222282114568,True
11151,1.2044565852793965,1.2304955896031615,True
11152,-0.1445900439236232,0.8005180272358972,False
11153,0.7736693555770193,1.2776099248090174,True
11154,-0.5445534885983863,0.8148704610892814,False
11155,1.011566321082538,-0.9157373725698784,False
11156,-0.5310990774604667,0.8666065547422707,False
11157,1.3313235380639203,1.1583062529434367,True
11158,-0.2595421439054152,0.8419965434583303,False
11159,0.7112084256049973,-0.9762253050972384,False
11160,-0.2862358347019626,1.0935734203429854,False
11161,0.5542382197946951,-0.6174742390727535,False
11162,0.6790999745200746,0.8715391665313301,True
11163,0.5670167449716036,1.4561785163355294,False
11164,1.8508470147463123,-0.2195927278054817,False
11165,1.2456024216802692,0.6178509257112309,False
11166,-0.552817019264791,0.7547336258285029,False
11167,0.6277902183579223,-1.101303220715031,False
11168,-0.2768780624142067,1.3463676322300404,False
11169,0.448584611560553,0.3352576572415611,False
11170,0.3698990585873542,-0.3673309864008417,False
11171,0.136744764280588,0.8873959435182808,False
11172,1.5413746080934727,-0.1130598797265965,False
11173,1.6832777033724904,0.4341795122239595,False
11174,0.4808398149360815,0.85055202831556,False
11175,-0.3532695230026292,0.9574420806876384,False
11176,1.36747523859661,-0.4679161392262921,False
11177,-1.293657364256588,0.079871524103272,False
11178,-0.1686544036986771,1.1585332418762504,False
11179,1.2165218398051023,1.4743079087046405,True
11180,-0.1611887360951144,-0.6790928914001804,False
11181,0.3786117775600031,-1.1955290426544891,False
11182,0.2074724423755746,0.9557974859074928,False
11183,-0.2766914510863371,-1.1330110266310665,False
11184,1.0436581808662542,1.4218946968557606,True
11185,1.023401742243783,-1.6463524336551172,False
11186,-0.426034046920039,0.9433242811373398,False
11187,-0.4061362846712646,-0.1715115154497304,False
11188,0.7575330198303347,0.1377749592156472,False
11189,0.4280108172088761,0.2303681971402869,False
11190,-0.188167127905897,0.8989838556234806,False
11191,0.8654280952580594,1.1569202734600077,True
11192,0.5414820216644981,0.8157123175403269,False
11193,0.1076682899633816,0.6759163798824841,False
11194,-0.089791108654112,0.9626510144676704,False
11195,1.538050023084358,1.438098223905412,True
11196,0.0788835750133401,0.7379137452595963,False
11197,0.7366807542290044,-0.8935876460243597,False
11198,0.5091285304872746,-0.0537320952905773,False
11199,1.3455776516477087,1.0950285381146467,True
11200,-0.7349927315168977,1.1010910642912046,False
11201,-0.417888828653718,0.8344077888353247,False
11202,0.3889183129927153,0.7148629622796376,False
11203,0.5878723878538077,-0.8681097667624703,False
11204,0.5216774524671249,0.5718784796770215,False
11205,-0.1554788982758008,0.9478972237181482,False
11206,-0.8071371641447176,0.9661322297531296,False
11207,-0.0033139915639993,-0.3558923050579142,False
11208,0.6851519598412312,0.8338205076327276,True
11209,0.0794693661753498,-1.4930220163739336,False
11210,0.7118483713752806,0.2819621724157766,False
11211,1.4185801606535595,0.9762879339531928,True
11212,0.1293753760137019,0.8075473794961817,False
11213,-0.9187999443866844,-2.0793065089946143,False
11214,-0.3385954479882058,0.9485015562256972,False
11215,-0.9509149792744606,-0.6345328077186045,False
11216,-0.7156336434996641,-0.1001603848106917,False
11218,0.725989484134058,-0.399601206748206,False
11219,-0.1055868204126889,-0.8689319153128459,False
11220,0.0368000221947609,0.6988234697491663,False
11221,0.2982903507237395,0.9950461843357108,False
11222,-1.295068964479129,0.2007286496743535,False
11223,-0.226955064922482,0.1601066296422248,False
11224,-0.6336666831497088,0.2507147462217197,False
11225,0.2407361810324627,0.0743924771473977,False
11226,0.4500666981015366,0.3116735518093186,False
11227,0.8811800375136641,1.5156229370949212,True
11228,-1.5466132511894397,-0.0138470997519546,False
11229,0.75133551174006,1.0802064582181603,True
11230,-0.6047901170042954,0.962080486274614,False
11231,1.1489983677122368,1.6880930164071812,True
11233,1.708444000834244,1.8484819034148512,True
11234,-0.5919604350825324,-0.424196577639076,False
11235,0.3515162555796767,-0.0650902764445435,False
11236,-0.5695435655462985,-0.2644750867354646,False
11237,0.4357817554018611,-0.2548998492153906,False
11238,-0.7231009566378709,0.6116375185526299,False
11239,0.354898587858835,-0.5340642820008025,False
11240,0.0047596165782191,0.7633602021094104,False
11241,-0.2603877336250833,0.3751441029651306,False
11242,0.3075905252197892,0.7078305649793474,False
11243,0.7018433269924462,-0.6525326990723108,False
11244,-1.0694887777971271,0.0030476717718926,False
11245,0.4687170203266059,0.7446202140396694,False
11246,-0.008756244459036,0.7851693457060018,False
11247,0.3335769304125064,-0.1699609536011427,False
11248,0.3665753936881888,-0.8558222002404441,False
11250,-0.0246032159919898,0.1086006848951899,False
11251,0.963904567509549,1.42721171589123,True
11252,-0.6171272126821072,0.831287365132751,False
11253,-0.8036247636869964,-0.802338400063011,False
11254,0.3256894302882664,0.915031077656577,False
11255,-0.5509740699436054,-1.0708250016279992,False
11256,0.6348208260494452,-0.7766589688304468,False
11257,1.1949017897369805,1.4359512697796395,True
11258,-1.6014656256697497,-0.2785351810515232,False
11259,1.1930649001631457,1.5633432357907806,True
11260,-0.4832414464622817,0.7391718308850419,False
11261,-0.5754024322388032,-1.420587070058161,False
11262,1.128371864162791,-0.602606554361859,False
11263,0.7270997721992202,1.3571210311719648,True
11264,0.6516893435281813,-0.8259675031744517,False
11265,-0.5888617980862502,-0.5943277751009226,False
11266,-0.9416536817055908,-0.0036933981528921,False
11267,-0.0072387019606151,1.1430243166504406,False
11268,-0.7042846533857441,-0.464461457663538,False
11269,-0.2352746923067318,-0.0557983082155796,False
11270,-0.4272587325947704,0.1754113690176803,False
11271,-0.3227863941908856,0.6189214460859803,False
11272,0.51605133285285,0.9731398335928368,False
11273,0.3708781427658684,0.0682850407504574,False
11274,0.8227276862133888,0.8207111167850585,True
11275,0.0092499502527685,-0.4688331954207904,False
11276,0.7579991166836316,1.3052675075384317,True
11277,0.1248205076589129,0.3979888668124431,False
11278,0.4660471849857034,0.750639293727234,False
11279,0.3518240183550822,-0.4371880269321186,False
11280,-0.6495721937833461,-0.973009564117698,False
11281,0.8818482738802321,1.111861666137454,True
11282,-0.2541521466598466,-0.6461636284700376,False
11283,-0.4980486367085073,-0.1660938638521231,False
11284,-0.0241968470281388,-1.239285633646167,False
11285,1.486099261850176,1.692645416259224,True
11286,0.0503907644461833,1.326760150004182,False
11287,-0.0309373399103499,1.1071559680368137,False
11288,-1.0885686109029151,-0.5317465444426236,False
11289,-0.4264389798204843,0.9670967580303468,False
11290,0.5345387779183587,0.1462776795996406,False
11291,-0.0582401741144006,1.137349593717079,False
11292,-0.7176301237673604,-0.5383292742479241,False
11293,0.497379858757891,0.4035008715817629,False
11294,-1.1986387456893748,-0.667307757686644,False
11295,-0.0206394620231776,-0.2387785181436958,False
11296,-0.8468730781512055,-0.3928238577514524,False
11297,-0.506172414449006,-0.1387705475066888,False
11298,-0.9662636418260449,-0.5313077358633848,False
11299,-0.78405582398752,-0.3362278870726795,False
11300,-1.5041348552963385,-0.4048431623292213,False
11301,0.2733632928076761,-0.2554426867363715,False
11302,-0.3563238213008501,-0.8210464484844986,False
11303,-0.1741559428083546,-0.4729599842398239,False
11304,-0.4113680576065811,-0.3384542903019394,False
11305,-0.5822063231200594,0.9497736606217392,False
11306,0.7571706495453411,0.8911299213347004,True
11307,0.7870151724103489,1.5235911654256586,True
11308,-1.7063196498232016,-0.1801220550976318,False
11309,-1.0030541606334356,-1.0792455679137531,False
11310,1.6742790471885978,0.4719799866584605,False
11311,1.6613411076118665,-0.4461712756120967,False
11312,-0.895274122897873,-0.7657814367625048,False
11313,0.0211830141408079,0.6659398318298182,False
11314,-0.7165207695955661,-0.7207122197869693,False
11315,0.02131867532255,0.7437655640465163,False
11316,1.4907237268943585,0.8750607729885568,True
11317,-0.1354650898714389,-0.3606027183285421,False
11318,-1.585286867680815,-0.5418815018651825,False
11319,-0.1004736158537901,0.7553795204815492,False
11320,-1.4594741654033176,0.0393436583616142,False
11321,-0.0854674643919309,-1.0297483179693976,False
11322,-0.3314681565105304,-0.6028334310775791,False
11323,0.7644381041386871,-0.3778497058633135,False
11324,-0.8997378641343601,-0.4407741381384599,False
11325,0.46108108063352,-0.0600864842985363,False
11326,-1.6129021280301918,-0.4638496372208804,False
11327,0.1216959372448957,-0.6282151560845216,False
11328,-1.3626117826873685,-0.4344524785351239,False
11329,1.2358006805711312,1.291459750461676,True
11330,-0.0879073817537325,-1.0122204833752777,False
11331,-0.669006067919474,-0.9902123068086008,False
11332,-1.3232279012262125,-0.3299752945911763,False
11333,0.9074166832069448,1.1164436697488795,True
11334,-0.2021401421850227,-0.9377866019715492,False
11335,0.464719809012789,1.4790042136747217,False
11336,-0.5423572764908077,-0.600834809933162,False
11337,-1.414531641845177,0.0568823694298699,False
11338,-0.8444101380614383,-0.4174225082345936,False
11339,0.6368827924982186,-0.382066135592513,False
11340,1.436481541683362,0.7890362781313444,True
11341,0.0551328146994321,-1.2862600268944242,False
11342,-0.925840350965865,-0.2830935773918728,False
11343,-0.3268434573791596,-1.8722003613196887,False
11344,-1.6803873425791482,-0.5257924847582252,False
11345,1.68904752425122,-0.9783661048209588,False
11346,-0.1467914915970685,-0.9017839686016266,False
11347,0.2860866021036259,0.055249200485998,False
11348,0.1538445238554807,-0.5051798783827,False
11349,0.234565990023828,1.3948756381964662,False
11350,-0.6813978723826983,-0.3293448069511332,False
11351,0.0163199406756743,0.892279056902023,False
11352,0.8072884812452032,-1.0834516322154095,False
11353,0.6487252907712855,1.0427704562920863,True
11354,-0.5214772436633096,-0.4578802842068318,False
11355,0.95403068464161,-0.5184263544005604,False
11356,0.4619566674327663,0.7062678674364592,False
11357,0.0343263233903747,-0.3404855867527331,False
11358,-0.0538706606114266,-0.834847671770677,False
11359,0.1312933477554487,-0.4267091675061115,False
11360,-0.9570244407456612,-0.5873284050941744,False
11361,1.4876914126433054,0.1725706691893377,False
11362,-0.8355543730726843,-0.5486738890646884,False
11363,0.5608648637277445,0.3786585077918775,False
11364,-0.7867606060957659,-1.0523447106751622,False
11365,1.2345266378433355,1.609660323996569,True
11366,-0.7941318721219053,-0.5168887343613665,False
11367,0.4237517292967347,-0.4453840642374391,False
11368,0.236042168532368,-0.5770705701159385,False
11369,0.8559654391903304,-0.1594120069830662,False
11370,-1.3956062953242878,-0.432945201215752,False
11371,0.1339696491152588,-1.2239048040160831,False
11372,0.0488619393948817,-1.1696346076449793,False
11373,-0.6155663343255381,-1.203499893098303,False
11374,-0.3045431866739096,-1.3214109260981568,False
11375,-0.0061130969618123,-0.3173123065451008,False
11376,-0.8077025613465085,-0.442570171951147,False
11377,0.4953725221486436,0.104521728152778,False
11378,-0.3633845776679832,-0.6274033973221447,False
11379,1.5855359628185073,0.523080824681943,False
11380,-0.2088278176503813,-0.503263420570844,False
11381,0.0443890169208225,-0.902388323712459,False
11382,-0.2988592062962639,-0.8485055598925638,False
11383,1.0929630600633575,-0.7023429228728029,False
11384,0.0265709310244521,-0.7758882991213976,False
11385,0.7919126421382475,-1.0886481870406874,False
11386,0.4558807989341615,0.8195738568111951,False
11387,0.8242280721395044,1.2515815364197491,True
11388,0.3994396787977376,-0.78130239978053,False
11389,0.039283013691779,-0.6936523370459373,False
11390,-1.2630748814486428,-0.6613554110988408,False
11391,-0.6364117665002359,-0.9173013254127858,False
11392,-0.371026923163,-0.5560481393323439,False
11393,0.8009628003830633,1.3147678206866866,True
11394,1.0559162344345734,-0.8292962667788797,False
11395,0.8965940314663892,-0.0603767428195238,False
11396,-0.5212106034570445,-1.376143424386432,False
11397,0.346470267976555,-1.1941435681219106,False
11398,0.7084974009176515,-0.5621774279551388,False
11399,1.3458129713064269,1.1950658453975764,True
11400,0.1247132786217522,-0.6865502063427673,False
11401,-0.5807516929182633,-0.9703278477566304,False
11402,0.3710130556611901,0.799713956874772,False
11403,0.4537125778707567,-0.7122289753204553,False
11404,-0.389757689996107,-0.5860824878259252,False
11405,-0.0977745739889134,-0.7429151038548443,False
11406,-0.771697281568093,-1.0171570022396828,False
11407,0.7429991228033012,-0.7226268352922107,False
11408,-0.7174136025630179,-0.8431026112618204,False
11409,1.369142448260822,1.3464299576802772,True
11410,1.0730679928267894,-0.5356130719998058,False
11411,0.7243010361253662,-0.634316250419958,False
11412,-0.1928147359173776,1.0732431510435825,False
11413,-0.3240281733168741,-1.1626126153247616,False
11414,0.1010525429420731,0.8619341983419287,False
11415,-0.8117710178121028,-1.854456015468096,False
11416,0.1907790527066055,-0.6597665404050794,False
11417,0.5776550058969167,0.8494828448262792,False
11418,-1.391105284319039,-0.6105620914835828,False
11419,0.8283286049309487,-0.716858820034482,False
11420,-0.7523710069571329,-0.6732927611488875,False
11421,-0.0044995184700038,0.8843590310701338,False
11422,-0.1490763423416133,-0.6989030685712259,False
11423,0.0424011991057603,-0.0253515611049179,False
11424,-0.0992505505075756,-0.7644274120031498,False
11425,0.987534684511902,1.1823993823511385,True
11426,-0.3600434658310672,1.0439931751586609,False
11427,-0.1380978453684953,-0.8455410833593456,False
11428,0.4126139042631984,0.8869635264080944,False
11429,0.6545503457817441,-0.6913238679936746,False
11430,-0.0022679753283916,-0.8072073864220737,False
11431,0.8529913695548466,-0.6346685957062295,False
11432,0.3256580216865395,-0.3579005610818802,False
11433,0.1976238715432823,0.7444421179934327,False
11434,-0.8686525649864334,-0.3749286973708727,False
11435,-0.46275955394126,-1.3243039006211137,False
11436,1.004430801963728,-0.347706557633906,False
11437,0.6424688123461834,0.9575723256879712,True
11438,-0.6763839760176499,0.5062028963124316,False
11439,1.617546474772658,0.9457568460814084,True
11440,-0.1585471104273583,-0.8392733076121652,False
11441,-0.1265324111451108,-0.246008778736406,False
11442,-0.141558592158217,-0.9333177923701456,False
11443,1.4062204998116017,-0.6612468529739446,False
11444,-0.2443587102551623,-1.124337472532144,False
11445,0.2984204994935306,-0.6447549723659947,False
11446,0.0365466506349034,-0.8105264191878033,False
11447,1.4250950652557346,1.1569832572385086,True
11448,0.1042990550951762,-1.4857459769035697,False
11449,0.2186197617118463,0.1379011155582031,False
11450,1.1248085228639604,0.8518381129775809,True
11451,0.1845042377778226,-0.7215676250566224,False
11452,-0.3391519269666957,-1.0327229720884952,False
11453,0.3301071477139017,0.2438063372901432,False
11454,-1.0652068159952106,-0.8408179318760292,False
11455,-0.3104696397876459,-1.7029123635528705,False
11456,-0.3302891137090414,-1.3345473102511116,False
11457,0.5437436505363586,0.8063271833432071,False
11458,-0.3556883729024598,0.1871990391649494,False
11459,-0.2153445110460624,-0.1689153089277094,False
11460,0.2937400577772688,0.7012963479887534,False
11461,0.130414842543635,0.7777047609097512,False
11462,-1.3957907110342638,-0.6775440232734175,False
11463,0.1264162528953888,-0.4254043366371475,False
11464,-0.1022041721427304,0.0780321755623598,False
11465,-0.8481266938867592,0.5085346518227656,False
11466,-0.2894156634086686,-0.3607564254846832,False
11467,-0.1393933607809669,0.0769086543247035,False
11468,-1.4155881228357707,-0.4531286397677057,False
11469,1.266259291514375,1.1318370113053664,True
11470,0.2539822534191908,0.4796160035808692,False
11471,0.2170122458683046,-0.6046010334666791,False
11472,-0.4304611929283755,0.3287468603756378,False
11473,1.5636357097061084,1.6017916748925638,True
11474,0.5368511658573765,0.6939413742715433,False
11475,-0.5985241851117522,-0.7733344777541771,False
11476,-0.6507276810391874,0.5131880541674818,False
11477,0.0917139304910347,0.1254151820601685,False
11478,0.2401636315517759,0.5458204591329514,False
11479,0.181228968547789,0.9594188411190034,False
11480,0.0368885907263942,1.0354166699639218,False
11481,0.8229314515166791,-0.0913489338450622,False
11482,-0.4336525231688317,0.9147732862958452,False
11483,1.133451956636471,-0.4682676415521412,False
11484,-0.46331838016576,0.5338348358089621,False
11485,0.5839682254330633,-0.3493729518182086,False
11486,-0.037642756714939,1.1150467817324206,False
11487,1.3603825328810766,1.536727251376811,True
11488,0.6975884489929245,0.4805490996905699,False
11489,0.9992269168195108,-0.3291600200055959,False
11490,0.1214200564919629,0.7761527973980816,False
11491,-0.439626950109889,-0.2029381269730449,False
11492,0.5292683757297433,-0.086361926538327,False
11494,0.3606986671013867,0.7655807870101118,False
11495,0.6555776469462384,1.6260658814116842,True
11496,0.1708631429938022,0.6510353005637212,False
11497,-0.6404905570613337,-0.8047344958782773,False
11498,0.4045759703817929,-0.6413828840680061,False
11499,0.286290230722057,1.3172795782152864,False
11500,1.5692073540951017,0.901204275095473,True
11501,0.0907831807410699,1.3039773744736822,False
11502,0.4208705858180468,0.1827089121731431,False
11503,0.3482513656063025,0.6553968091236974,False
11504,1.1657629868785673,0.5328446224421874,False
11505,-0.7006900643799228,0.467758224209916,False
11506,0.6430195387685956,0.4968050825487972,False
11507,0.3864241619573483,-0.4982508071697332,False
11508,0.979194087263682,-0.7258727798089488,False
11509,0.6490716006986018,0.9000649770204214,True
11510,0.6525949796471306,0.7551833492912946,True
11511,0.0795796198895273,-0.8426586369576748,False
11512,0.8257813514432847,0.5453434454544677,False
11513,0.8029674012768355,1.1225563397571323,True
11514,0.127406043679901,0.7671648478388485,False
11515,0.0552500489194739,-0.3660777469725715,False
11516,0.3966995173004022,0.0487136137155335,False
11517,0.5704682844781201,-0.3534726754900196,False
11518,1.8752661880795625,-0.8238640485881585,False
11519,0.5495220495897267,-0.8854520278454338,False
11520,1.0485253289078231,0.5067673870774332,False
11521,-0.2232811169900137,-0.5119174558571209,False
11522,0.4726349564031704,0.9539689741764992,False
11523,0.7304535552683736,-0.6403300149583552,False
11524,0.4204668457229336,0.5038107721455682,False
11525,-0.1056033773068984,0.8707873342442007,False
11526,0.3024712513565661,0.8046134022509104,False
11527,0.9022612110826383,-0.2764573007612101,False
11528,0.0581678526483399,0.8236727677746952,False
11529,0.4205078116416669,1.1475990302014567,False
11530,1.0137355853056682,-0.035823933457801,False
11531,0.1645437831879806,-0.628366576851326,False
11532,-0.4401826462513616,0.7193982671464383,False
11533,-0.1515947237904144,0.7461911057260553,False
11534,0.0136013841389085,0.854977007181007,False
11535,-0.1905993781899251,-0.5007263421113933,False
11536,0.6630929240712761,-0.5133934870554369,False
11537,1.294064093144723,-0.2390703299593824,False
11538,-1.1185765201228377,-0.6997444949233445,False
11539,1.750219928340767,1.1270293510388965,True
11540,0.0344765047811731,-0.6959446086747023,False
11541,0.7422569207404974,0.8228557519013113,True
11542,1.0121750801055265,-0.1333713797366981,False
11543,-0.3692234153094749,-1.0226207879752114,False
11544,1.313529752100875,-0.157319925913849,False
11545,0.3348630903626653,-0.7425154379866495,False
11546,-0.9593697982206144,-0.878238504764535,False
11547,-0.2432521158677497,0.4906960328907758,False
11548,0.6491261000559106,1.157703705388064,True
11549,-0.159339901969836,-0.9217944914785988,False
11550,-0.4314882107374838,-0.5625675426541002,False
11551,0.8958477425575725,-0.3883690682371226,False
11552,-0.1095191622939428,-1.0073289028476902,False
11553,0.4355693012494605,0.9068349708833108,False
11554,0.3490668053211478,0.6422313671637473,False
11555,-0.4995487105878041,0.0768722406045224,False
11556,0.6359070880528117,-0.7370353641333315,False
11557,0.003992459883413,-0.8220750518124773,False
11558,-0.7916883292393656,-1.6327783661100943,False
11559,0.1592527190299362,0.6868046097654038,False
11560,-0.8480737602744961,-0.2763069410718696,False
11561,0.9220009910725808,1.199204808569384,True
11562,-0.6135480632641459,-1.1846062181040324,False
11563,0.950038133095638,-0.3943846162133485,False
11564,-0.3985004073202141,-0.4136835652662473,False
11565,0.2610326079993194,-0.8772574361664838,False
11566,0.6365187195918549,0.5972039674944067,False
11567,0.797646985383426,0.6921225785158815,False
11568,-0.4747494023125572,-0.5490773817251676,False
11569,0.9261155520722832,-0.5683548083049914,False
11570,-0.5020350191997421,-0.2226495792757312,False
11571,1.4383518636338253,-0.7530359298023905,False
11572,0.1761071201420827,-0.1878153181476239,False
11573,0.6746497606594388,0.2858351095529521,False
11574,-0.4110628689591684,-0.4384486738387707,False
11575,0.86625044339303,-0.7646572225756569,False
11576,0.7471730480093628,-0.1834466832641546,False
11577,0.699730787556868,-0.7207305989721143,False
11578,1.6094492542884198,1.6398286039052092,True
11579,-0.5550252112060818,-0.8252213733507229,False
11580,0.93596698055154,-1.370145157855163,False
11581,-1.0426617479218403,-0.2986729340168747,False
11582,0.9817892824629432,0.490857492441442,False
11583,-0.1415793349082367,-0.8593657529992748,False
11584,0.5236151647286184,0.8805445366079582,False
11585,1.2748001802058786,-0.9266780670868142,False
11586,0.6164628555024206,0.8372758368278247,True
11587,-0.4196018788904333,0.5545206414881273,False
11588,0.484757770432201,0.8209540956063746,False
11589,-0.1508248966246619,0.7032184432002444,False
11590,0.9980942874502868,0.3217069441728927,False
11591,1.1298277595223436,-0.8513337026899833,False
11592,0.6854608458789333,0.6668391155357978,False
11593,1.5121109584407608,-0.696177328151454,False
11594,-0.1144497506484496,1.574281896114155,False
11595,-1.1311514264460598,-0.6106140409016116,False
11596,-0.2778066079029744,0.7749617104827077,False
11597,-0.6119290482138956,-0.2195409834721694,False
11599,0.985477817973002,1.013515617218632,True
11600,-0.0257291086147043,0.6958176461847932,False
11601,-1.0685754437549837,-0.3129009298413217,False
11602,0.4909245454029093,0.0298652930987777,False
11603,1.2741103507843254,-0.9193915376179412,False
11604,-0.3215406274853745,0.4098922441491542,False
11605,2.073083455792419,-0.4477821053051571,False
11606,-1.0373397043469008,-0.3190217546761346,False
11607,1.2697891052766042,-1.4217943966700974,False
11608,0.7906601650537727,-0.724368753002427,False
11609,-0.6757168955508968,0.8949282234470298,False
11610,1.30034598697953,1.5907622273097142,True
11611,0.4816728460010681,-0.5387798259166833,False
11612,0.8329599792021455,0.956117201328465,True
11613,-1.1525113698300142,-0.7830719921369235,False
11614,0.9963898611221856,-0.4224968669274619,False
11615,1.016844093707198,-0.2679091372715552,False
11616,0.8531394553953464,1.2372346343722167,True
11617,0.312950334703942,0.1629936841951771,False
11618,0.799872123017143,-0.3846157746216047,False
11619,0.6175604067362912,-0.9830735948400452,False
11620,0.3592339348619501,-0.4865083677188049,False
11621,2.1425773146305693,-0.8420523677267215,False
11622,-0.1438125840292311,0.8344655882268587,False
11623,1.680291730943998,-1.0720168596602593,False
11624,-0.0599197133247373,0.0956035049820606,False
11625,0.6014660638476675,0.9506727834576334,True
11626,-0.0565643110769146,0.6998659403123799,False
11627,-0.7491658217637291,-0.0980459795442289,False
11628,0.8902624562857911,0.6333509156302278,False
11629,1.1696429052239672,0.3687521372263229,False
11630,0.2781351974328949,-0.5499804627635463,False
11631,0.3213205600323279,0.992739572252528,False
11632,0.2024852885612858,-0.1544212277717541,False
11633,-0.5915680359336208,-0.9437006392857994,False
11634,0.3493362690324875,1.0546615776488213,False
11635,-0.3992148133191884,-1.096410446003144,False
11636,1.4213360267013464,0.6525725325954824,False
11637,1.1282701884338928,1.0726693848794977,True
11638,-0.7662808498488278,-1.4481923513926394,False
11639,-0.3968442358198966,-0.8401216585407848,False
11640,1.7674422314005642,-0.5839847546561169,False
11641,2.1370829438455523,-0.0918884183116001,False
11642,-0.8043275903109418,0.4034778333646861,False
11643,0.1804172690052706,-0.4786533912201112,False
11644,-0.0979292049546412,-1.116679109643938,False
11645,1.5895701750176567,-0.4965891514831739,False
11646,1.1877600430880562,1.2896310775650033,True
11647,-1.286775470157564,-0.0947376622451975,False
11648,0.4588055923297838,0.7923473055610853,False
11649,0.101040431304821,-0.8458744562810083,False
11650,0.3571714089744151,0.5291720781593416,False
11651,0.2091933370902903,-0.8280717743465981,False
11652,-0.7852251111236536,0.1640702713944674,False
11653,0.081063000893547,-0.2037685789526782,False
11654,0.2570825803496194,-1.0330883429360171,False
11655,1.7173277255599186,-0.5018724396248277,False
11656,-0.2017123633508815,-0.1671273568367292,False
11657,1.344191348888393,-0.2110633433039054,False
11658,-1.1298808379930267,-0.1561088005727438,False
11659,0.8765548188577925,-0.1598508308943018,False
11660,1.895358726656009,-0.1727068796796526,False
11661,-0.1762459081776888,-0.0203221017352967,False
11662,-0.2374271449837963,0.8130536066407366,False
11663,-0.4372162170052442,0.8759211725416092,False
11664,-0.9329856602259328,-0.8444096873741082,False
11665,1.054842174650089,-0.1072417105277844,False
11666,-1.5284965556161074,0.1839216111257902,False
11667,1.7804431333926665,-0.4082905420278158,False
11668,-0.6786252342880918,-0.9222196329835116,False
11669,-0.5430721092118618,-0.1560251890946051,False
11670,-0.40143953659456,0.697643455791614,False
11671,-0.6732961429628911,-0.1885285622268901,False
11672,0.4805115572423383,-0.2033463155083404,False
11673,-0.5316312367105108,-0.2847999965257917,False
11674,-0.5798003413832343,-0.8527785699411699,False
11675,-0.1819042308806519,0.4712662870517011,False
11676,0.7563538621747437,1.278534298380498,True
11677,-0.2488823465447499,-1.3306626170133165,False
11678,-0.8899158094242641,-0.6378695216227299,False
11679,-0.4770137429314537,0.1520423680206465,False
11680,0.7404135344317314,0.8214147426998759,True
11681,0.1796494547298125,0.0328088149941681,False
11682,-0.0828019658937563,0.0680886334126743,False
11683,-0.5323786104438569,-0.4219422968535848,False
11684,0.1260108126769016,-0.4037136775818241,False
11685,-0.3554701881546604,-0.5620741499519867,False
11686,0.1065033635153313,-1.1942978277331109,False
