component_id,residual_public_support_gap_z,canonical_2024_q75
1,0.6945729374719869,False
2,0.1599106441151364,False
3,-1.5016574006196344,False
4,0.3844138936095426,False
5,-0.7918755876521044,False
6,-0.9970866031094308,False
7,-0.720952374017728,False
8,-0.7872260799513723,False
9,-0.7448992515188773,False
10,0.4388083889471267,False
11,0.5094962477941762,False
12,1.0582073725081682,True
13,0.579952026436752,False
14,0.3938759144908112,False
15,-0.2716025025333001,False
16,0.3296653335520514,False
17,0.4310717895898023,False
18,0.8837815780025102,True
19,1.0361687025059831,True
20,0.7664991591554208,False
21,0.8233538601347177,True
22,1.604453951499122,False
23,1.0269017227826789,True
24,-0.5708152215644171,False
25,0.7348355913916379,False
26,1.2150956971264777,True
27,0.3395447988071618,False
28,-1.3043472657914503,False
29,-1.048509741160958,False
30,-0.5586619506436945,False
31,0.670643973841313,False
32,1.8288143791498648,True
33,0.1492029724513602,False
34,-1.2650620548094291,False
35,0.468478137377412,False
36,0.9749543820255616,True
37,1.0854787529165195,True
38,0.7296893283116723,False
39,-0.7150992188435796,False
40,0.816341713954054,False
41,0.3603730916310371,False
42,1.0574756634017146,False
43,0.4771370632309085,False
44,0.7412531807714393,True
45,0.633127730683921,False
46,1.481358467994897,False
47,-0.182649450227931,False
48,0.7901449070663249,True
49,0.715313759799006,False
50,-0.651401945861366,False
52,0.9994743011645092,False
53,1.1788151418299426,True
54,-0.87443631259105,False
55,0.9198258618157108,False
56,1.7138787678168583,True
57,1.1571526271618344,False
58,0.8146354264598807,False
59,-1.1249782593471007,False
60,0.7101127110983949,False
61,1.196781849124893,False
62,0.808822794125676,False
63,-0.8135314451522146,False
64,0.8892654096759904,False
65,-0.6709477342077803,False
66,1.2055578008160623,True
67,-0.8065497466586227,False
68,-0.3109223371579273,False
69,-0.64290409517997,False
70,-0.7741304635936093,False
71,0.7652084177318219,False
72,-0.3213540860070665,False
73,-1.2821223659065062,False
74,-0.4674834094664126,False
75,-0.6865964558764313,False
76,-0.7429510319517165,False
77,0.6134798296054887,False
78,0.2738352853441191,False
79,-0.417517747596472,False
80,-0.2384826548536222,False
81,0.3777304468191612,False
82,-0.6768538804671398,False
83,-0.5819364165952725,False
84,1.4563749556754733,False
85,-0.6733268592958286,False
86,-0.8702303608169689,False
87,1.3625855305278545,True
88,-1.273354568385931,False
89,-0.972425481331327,False
90,0.9772357717991909,False
91,0.9842321638877122,True
92,1.3099971616494082,False
93,1.3187943451681683,True
94,1.387427978201513,True
95,1.2929192136564127,True
96,0.4959965692106166,False
97,-0.673698875418048,False
98,1.1384365825100482,True
99,1.3721447512430258,True
100,0.0756080827293006,False
101,0.6646993235434795,False
102,-0.7136804804404007,False
103,0.3616706191167306,False
104,-1.063284223934995,False
105,0.8358635769973801,False
106,1.0422578584661433,True
107,0.7388817136101014,False
108,0.933918290695736,False
109,-0.4123597419993581,False
110,-1.0245865741800702,False
111,0.5365322319959029,False
112,0.0914506648186203,False
113,0.243509358927521,False
114,1.5327665239805517,False
115,0.8473528267836985,False
116,-0.7360585107428906,False
117,-0.6988447921470493,False
118,0.2918387887543481,False
119,1.2216678557420555,True
120,0.8945311975395692,False
121,-0.8871597269161215,False
122,-0.7597495748340933,False
123,1.0236294577235496,True
124,0.3924819094921857,False
125,0.9481567701764226,False
126,-0.7996371586181639,False
127,-0.4102797374103498,False
128,-0.5047672497758456,False
129,-0.4592347598348113,False
130,-0.1138126182083814,False
131,1.0294288526530373,False
133,-0.6225646349937839,False
134,0.8854348936875884,False
135,-0.0861855264656056,False
136,0.968361380495168,True
137,0.4594497531648511,False
138,0.4592073246716118,False
139,-1.364715441004805,False
140,0.430204908759082,False
141,1.168584878332651,False
142,-1.3186672188137336,False
143,0.6474700871362576,False
144,1.4980518135278378,False
145,0.6387432186670068,False
146,0.7075829712879267,False
147,0.0719501936829951,False
148,0.6000208718432456,False
149,-1.3433658273122009,False
150,0.8930873373236555,False
151,0.4786053754983055,False
152,-0.602635450493316,False
153,-0.8228592153110086,False
154,-0.5897668405184027,False
155,1.6015194193823006,False
156,0.5343223295047617,False
157,0.9302647626075736,True
158,-0.2179061415619927,False
159,0.9155438175140186,True
160,-1.356382667022724,False
161,0.7087216172718317,False
162,0.9146750171779208,False
163,0.4060376728205165,False
164,1.21054829035983,False
165,0.0520809059531522,False
166,0.145731352423405,False
167,0.7783378859222387,False
168,1.072295550090693,False
169,0.6120921850615453,False
170,0.9098353470539609,False
171,0.4867603770808102,False
172,0.7014050980525461,False
173,-0.9351741899611148,False
174,0.6721320470529311,False
175,1.806098428271044,True
176,-1.4207886064673718,False
177,0.7158033474224776,False
178,-1.4606565230030797,False
179,-0.8853330112072582,False
180,-1.4161632873560834,False
181,-0.6899063764655191,False
182,-0.913726178828721,False
183,0.8568205574382775,True
184,-1.3432188329065482,False
185,0.6494178447079939,False
186,0.728405046559758,False
187,1.293891753003735,True
189,0.3909585365314352,False
190,0.8209612508768274,True
191,0.1490903019035849,False
192,0.5340784655209687,False
193,-1.2717311279848298,False
194,1.349339757411071,False
195,-0.6560293653874247,False
196,-0.47940411558687,False
197,-0.8074820669000456,False
198,1.046931668598806,False
199,0.7125187065970708,False
200,0.6177400886218963,False
201,0.3763865092774005,False
202,-0.9756246465475812,False
203,-0.5898855003831054,False
204,0.2335349316597308,False
205,-1.436568517917188,False
206,4.522037667156317,True
207,0.5884616137662849,False
208,1.671991885845858,False
209,0.9936758255369598,True
210,1.283487363970383,False
211,0.4260563960377171,False
212,-1.072424669368365,False
213,-1.1842862927348352,False
214,-1.1763819994596725,False
215,-0.6006654661346027,False
216,0.5264292250184102,False
217,-0.5439017797286922,False
218,0.7135901447072968,False
219,0.7917567682376215,False
220,1.6166580052597346,False
221,0.8098043114516058,False
222,0.603476524044982,False
223,0.9619456737942578,True
224,0.3572864124884557,False
225,0.5731292170884148,False
226,1.6923573509162146,False
227,-0.749839752762839,False
228,-0.5710572939741502,False
229,0.488778467726237,False
230,0.3076476771668154,False
231,-0.3000115233892477,False
232,0.8046530226419677,False
233,1.5064129860522857,True
234,1.5445792991176623,False
235,-0.5468410475407284,False
236,1.5689820788647395,True
237,-0.1020805606711026,False
238,-1.3716990852704214,False
239,0.5567430010949215,False
240,0.4275103695552309,False
241,-1.1121932737173978,False
242,-0.4397014507566945,False
243,0.647718188372361,False
244,-0.6252148141861442,False
245,1.4903948264531204,True
246,-0.3739950365378413,False
247,-0.6455877967769763,False
248,0.0935037159977085,False
249,-0.6148309434996908,False
250,-1.2989447025243537,False
251,-0.2242404739150583,False
252,-0.8886804587468078,False
253,-0.2514098020620424,False
255,0.8477738441234783,True
256,0.3700373486312101,False
257,-0.9905540416881524,False
258,-0.0398510154675985,False
259,0.3052583949964572,False
260,-0.8665670892371449,False
261,1.0049501163242158,True
262,1.4588551869623665,False
263,-1.060290533987263,False
264,0.0890815022959109,False
265,-1.0133795636481993,False
266,0.4540291650910493,False
267,0.4678856499269093,False
268,0.0886288756302104,False
269,0.8342312108829305,True
270,1.433478751954208,False
271,-1.1743806337895466,False
272,0.8978776724505546,True
273,0.5380373448935963,False
274,-0.6865823246684977,False
275,-0.3810381365211548,False
276,-1.1516225200264751,False
277,1.36548390345425,True
278,0.8032599658037486,True
279,0.3708027505913187,False
280,1.2343882743565178,True
281,1.2229256495993055,True
282,1.3139741434855057,True
283,-0.042460143620403,False
284,1.0987834052402214,True
285,1.1211767602400868,True
286,-0.0799821715501358,False
287,0.4494551163907808,False
288,-1.4407367386184715,False
289,0.1758254944521424,False
290,-0.0042864214353968,False
291,-1.262102548617596,False
292,-0.0460544923769928,False
293,-0.3263677921786424,False
294,2.044671901051329,True
295,-0.7152851931230868,False
296,-1.1827467324786498,False
297,1.4161835897754615,False
298,0.1787654363525623,False
299,-0.6129445583422954,False
300,-0.4699073265304547,False
301,0.3233178266189466,False
302,0.2101394595386301,False
303,-0.7473810902248437,False
304,-0.2988656173944722,False
305,-0.5429997003805774,False
306,-0.8667553002983165,False
307,0.4242720875959424,False
308,1.3539007028207446,False
309,0.6107627459088908,False
310,-0.307439822579281,False
311,1.351068452503846,False
312,-0.6333751368458301,False
314,-0.2944066255284633,False
315,-1.1537067717920195,False
316,-1.2955524648995602,False
317,0.8633903657287536,False
319,0.0900685991232222,False
320,1.2904300576273968,False
321,-1.2164086315408382,False
322,0.4798762162038524,False
323,-0.5678356371243579,False
324,-0.8426100002469132,False
325,-0.6015158596371065,False
326,0.7621059032850821,False
327,0.8899927539962571,False
328,0.2109990994347619,False
329,-1.139323852831687,False
330,0.3848153313376421,False
331,-1.1755851603069924,False
332,0.0997089832807878,False
333,1.052034852262428,False
334,-0.374331525340965,False
335,-0.7639764592904988,False
336,-0.0155295705632094,False
337,-0.7294548338685515,False
338,0.5304444423847652,False
339,1.181628384234095,False
340,-1.264641392065317,False
341,-1.231206240231115,False
342,-0.8821284570293502,False
343,-0.8499134483107497,False
344,0.8512019396112229,False
345,-1.6457147118504225,False
346,-0.5205479382134002,False
347,-0.9473627918014964,False
348,-1.505985266918722,False
349,-0.4267644963926257,False
350,0.4917563001533707,False
351,-0.3971467929502326,False
352,0.7274107022893181,False
353,-0.4245591953363008,False
354,1.5736356111866598,False
355,0.3084629593085558,False
356,-1.4643705549854549,False
357,1.597778774506722,True
358,-0.2550654887320163,False
359,-0.349407627936739,False
360,-0.814406582976082,False
361,0.1318012101760697,False
362,0.79969383267488,False
363,-0.7824259254747192,False
364,1.1810082926558665,False
365,-0.983508996391688,False
366,-1.2016879143048134,False
367,-0.7412705895837098,False
368,-1.0992007858345607,False
369,2.911855161269824,True
370,1.0308029316919791,False
371,1.1051901714949586,False
372,1.435111157962663,True
373,0.97878134306391,False
374,0.6395557865749423,False
375,0.351548263872117,False
376,-0.8445754075595845,False
377,1.2393001496973604,True
378,-0.6857101910144225,False
379,0.529250319064434,False
380,0.6841366163371452,False
381,0.4044081220622972,False
382,1.3405761048797369,True
383,1.4379791551533578,False
384,-0.7252497082819529,False
385,1.5572784522703376,False
386,0.2277028568586305,False
387,0.6868479931568382,False
389,-0.7520873357125414,False
390,-1.5285240068995771,False
391,-1.2005211323114182,False
392,-0.3485483147354216,False
393,1.6968829153498488,False
394,-0.2335050848408963,False
395,0.6577751520088373,False
396,-1.0153025037858856,False
397,0.715186605699384,False
398,-0.7691288090405866,False
399,-1.340303873394913,False
400,0.1869661602841055,False
401,1.4807011720848051,False
402,0.836020152606067,False
403,-0.1469281085412721,False
404,0.8266777625233694,False
405,-0.5304539356040969,False
406,1.407152879317057,True
407,-0.2303321182599387,False
408,-1.3731428616631347,False
409,-0.3263018484724624,False
410,-0.3868204049780661,False
411,-0.6600323020823773,False
412,-0.7206735556345314,False
413,-0.5550162920328067,False
414,0.9865188948694824,True
415,-0.8649477137993864,False
416,1.2056338855849085,True
417,0.6584509769337513,False
418,-0.2499052855077116,False
419,0.8962290151662814,True
420,-0.271735395533644,False
421,1.0180770971095476,False
422,-1.089729173551682,False
423,-1.3031539953334557,False
424,-1.0272698446660404,False
425,-1.34638449263149,False
426,1.352315685349913,True
427,-1.7531140245252403,False
428,1.3967202968225387,False
429,0.9107425483510728,False
430,-0.4768031077136685,False
431,-0.2958346433903334,False
432,-0.2804985153482541,False
433,-0.8356827014758126,False
434,1.2669228467185605,True
435,1.150694128336555,True
436,-0.0340926326157076,False
437,0.2108318886172718,False
438,0.9176997968299996,True
439,0.7101809041397038,False
440,1.1876170143441689,True
441,-1.0896396191688236,False
442,-0.5439517051184399,False
443,-0.045543273738844,False
444,0.2785300682763214,False
445,0.3459210944401775,False
446,0.6096972051528958,False
447,-0.483047293558279,False
448,-0.4016584245324978,False
449,-0.7989028043437943,False
450,1.3942186137369734,True
451,1.381792080988523,False
452,-0.7053599022378798,False
453,0.1450667667289052,False
454,1.2328457327086095,False
455,1.69093831267367,False
456,-0.8401475546829473,False
457,-0.1078868667895514,False
458,-0.0057914767658378,False
459,-0.0389362748843548,False
460,-1.3571275388481938,False
461,-0.8446126446381863,False
462,0.5664770070975672,False
463,0.1746188143627298,False
464,0.7539926881136285,False
465,-0.1831975729390509,False
467,-0.5771095676754108,False
468,0.0391022589027654,False
469,-0.6542477821764159,False
470,0.2954280809382083,False
471,0.8406801547042433,False
472,0.6208996977162095,False
473,0.0795302401755548,False
474,0.6279355928472233,False
475,-0.8056813292858251,False
476,0.250107842375989,False
477,-1.2087790577494633,False
478,-1.2166062060976996,False
479,-0.5876677210918533,False
480,-1.1144514349682315,False
481,0.9117099924650668,True
482,-0.026881033224853,False
483,-0.7925721102513568,False
484,0.5627286813738865,False
485,-1.1396089321214746,False
486,0.6552096427609024,False
487,0.7945776284230149,False
488,1.2440311080892617,False
489,-0.4947459557848322,False
490,0.7630103766216078,False
491,0.56470141972856,False
492,0.5628812954437201,False
493,-1.315436018065698,False
494,0.0735011894603885,False
495,-1.1972074462091034,False
496,0.4358356197610913,False
497,0.7052760942805402,False
498,-0.6184542324510871,False
499,-0.7427162846524806,False
500,-1.1260763637992603,False
501,-0.5787018601210647,False
502,-0.0948902101128155,False
503,0.3504598940324728,False
504,1.2664175106496165,False
505,-0.8558590547600937,False
506,-0.8660673506057853,False
507,-1.3098878495640882,False
508,-1.084789788085089,False
509,-1.2772777084610654,False
510,-0.722440394619631,False
511,0.5763100208051783,False
512,1.4038256260197464,False
513,-0.5910313282721725,False
514,0.6692597747276818,False
515,1.0564917987764444,False
516,-0.9976490527610182,False
517,-1.158512645631677,False
518,1.7327953883687006,True
519,3.4029571442555326,False
520,1.7166937059666725,True
521,1.100750776837372,False
522,0.2239935274555758,False
523,0.4761598090614701,False
524,-0.5717843992143385,False
525,0.6664558309012225,False
526,0.6812839677961076,False
527,-0.5350328599669008,False
528,0.5263288685259556,False
529,1.0734394192371148,False
530,0.8726745565752403,False
531,1.0311649400481038,False
532,-0.4233182774091719,False
533,0.3222420533952277,False
535,1.4976525300718635,False
536,-0.8567863956787828,False
537,-0.7387860429108671,False
538,-0.3793636045780639,False
539,1.2127591830782487,False
540,-0.3811657368646304,False
541,1.5993506433815494,False
542,-0.2680031949594648,False
543,-0.3075958854381267,False
544,-0.2572092470104556,False
545,-0.5029554665112959,False
546,-1.4023182858517929,False
547,-0.515177215660247,False
548,-0.8137781355336301,False
549,-1.0023958781290987,False
550,-0.271036119832267,False
551,-0.661462546724279,False
552,-1.0905847314544734,False
553,-0.6188513980728534,False
554,0.6277457244583922,False
555,-0.0694757406310619,False
556,0.4812883606022561,False
557,-0.4515833690013777,False
558,-0.6642727921826805,False
559,-0.988918068021612,False
560,0.7919767547225727,True
561,-1.3246830516452115,False
562,-1.0479284824039632,False
563,0.5452286491319713,False
564,-0.8289658767295178,False
565,0.738817388545713,False
566,-0.3904650446524077,False
567,1.27858461152585,True
568,-0.7345240706473664,False
569,-0.0462070122484876,False
570,0.6336292874810012,False
571,-0.6319396104596513,False
572,-0.7211902819486984,False
573,-0.9155042401544736,False
574,-0.23869197278075,False
575,-0.2122026121834201,False
576,0.7266099228317031,True
577,1.304862944055333,True
578,1.2871060932857112,True
579,-0.3249120601071668,False
580,0.5125119510951225,False
581,-0.6219802440128313,False
582,0.4466418883891467,False
583,0.5784466948298411,False
584,0.9248188587675434,True
585,-0.1409218576242965,False
586,-0.5401777904889724,False
587,1.2470212774607772,False
588,-0.8964765380191482,False
589,0.3241295141675009,False
590,-0.8129893643988486,False
591,-0.7982088438018036,False
592,-0.5748301982090892,False
593,-0.6829344044121874,False
594,-0.6422891317079854,False
595,0.7556933093551536,False
596,1.111857081981367,True
597,-0.9693199968198248,False
598,-0.0468492223185104,False
599,0.2002971809889272,False
600,1.567616920738406,False
601,-0.1039671514379638,False
602,-0.9247946649643872,False
603,-0.2317501325907833,False
604,-0.241928114107377,False
605,-0.4409934305135166,False
606,-0.6177354642312571,False
607,0.2845360224077266,False
608,1.242492313857974,False
609,-1.0586425220298823,False
610,1.0985847229984975,False
611,0.7229628779156452,False
612,0.2758117353536991,False
613,-0.5121833755085953,False
614,-0.5040104026362158,False
615,0.8581736491814429,False
617,0.7066932965862132,False
618,0.5679308059973305,False
619,-1.4670691883290394,False
620,-1.5578000062286392,False
621,-1.2776271838962348,False
622,-0.978771877251458,False
623,1.084450951517362,False
624,-0.9377380731656112,False
626,-1.5891872050969695,False
627,0.7113590795197495,False
628,-1.3244905856021232,False
629,-0.2125992292813634,False
630,0.7883652198628309,False
631,1.475340247795343,False
632,-1.0746344775892056,False
633,0.7545601076391927,False
634,1.2662029220450464,False
635,-1.1181633863367622,False
636,0.6820958228207951,False
637,-0.8950193454963997,False
638,0.8162954959510136,False
639,0.498663832268987,False
640,-1.1816383758382272,False
641,-1.1560519563194958,False
642,-1.089314513596812,False
643,0.9146341262360348,True
644,-1.0949593104656328,False
645,-0.6248612713394222,False
646,1.5840468302735768,False
647,-0.3563613497436122,False
648,0.6871307602576879,False
649,-1.3981290760935892,False
650,-0.3251674517565976,False
651,-0.9793484261283202,False
652,-0.5722556239177893,False
653,0.8847061811988063,False
654,0.5418530521512688,False
655,-0.6847521312551532,False
656,0.6375323906749558,False
657,0.4902533802593342,False
658,-0.884864023272699,False
659,-1.686447998044957,False
660,0.5641109660231728,False
661,3.329805800231349,False
662,0.7103087464681874,False
663,1.4256002858410135,False
664,-0.2514359821068301,False
665,0.4297967241370839,False
666,-0.8326175121683301,False
667,0.1385558845999364,False
668,0.9600466499720536,False
669,-1.0550360274582404,False
670,-0.7650861724684754,False
671,0.7571617833977986,False
672,1.3912108341988103,True
673,-0.5472507204277639,False
674,0.1323303202463975,False
675,0.4210270137911635,False
676,1.280316499572624,False
677,-0.7991507210854966,False
678,-1.0298948503537146,False
679,-1.1137558010625423,False
680,1.073097379448333,False
681,-0.5491670594612506,False
682,0.6911746411575077,False
683,-0.5747472895700716,False
684,-1.547300355827085,False
685,-0.0932482307479767,False
686,-0.8379605456600822,False
687,0.5076907730217356,False
688,-1.0100606018802876,False
689,-0.2757223798130814,False
690,-0.6213574150085638,False
691,-0.7443899748699006,False
692,-0.3672632553022774,False
693,-0.3145414655507212,False
694,-0.7619829362835042,False
695,0.8367448917096134,True
696,-0.881862436364155,False
697,-1.1246792714526777,False
698,-0.7266792962272675,False
699,-0.6895429541948424,False
700,1.5340048449517856,False
701,-0.8903380896392012,False
702,0.7169039038017169,False
703,0.9474713301844618,True
704,0.6657442088969575,False
705,-0.2742277662927533,False
706,0.6758422773423548,False
707,0.6109466896151764,False
708,0.5330095555537262,False
709,-0.6495490223064744,False
710,-0.5912226690152241,False
711,-0.0243957144587792,False
712,0.5706558830865753,False
713,-0.5899942638887655,False
714,1.0170697883814646,True
715,-0.6983408334931029,False
716,0.0987558949480529,False
717,0.9691983725328694,True
718,0.6794456668321998,False
719,-0.1462678402170921,False
720,-0.0716154501985893,False
721,-0.1894523965778629,False
722,0.8080954312791149,False
723,-0.7927163859326863,False
724,-0.5702811038783193,False
725,-0.7748665052623873,False
726,-0.7652877846340814,False
727,-0.2797321968921264,False
729,-0.224896222356291,False
730,-0.3326951640417763,False
731,0.6326909498555129,False
732,-0.5414948046967606,False
733,0.2826728392335411,False
734,0.7988498439553966,False
735,-0.721430267588003,False
736,-0.679603362204189,False
737,0.2526745225484538,False
738,-0.511436335648037,False
739,0.1666333345572321,False
740,-0.7206450577508853,False
741,-0.7779110117739274,False
742,-0.1403771241258689,False
743,0.0313188796399509,False
744,-0.9393878505277504,False
745,-0.1439177470060303,False
746,-0.1526131864978035,False
747,1.2503132032930733,False
748,-0.558148473766571,False
749,-0.3653992644179402,False
750,0.4720287590472946,False
751,-0.2442601793386428,False
752,-1.320218316386833,False
753,0.6026426719979315,False
754,0.9006497250604586,False
755,-0.4254784502285899,False
756,1.3252843720823335,False
757,-0.9002428610584818,False
758,-1.4386789139929803,False
759,-1.018825032315433,False
760,0.7144572663897408,False
761,0.7660586508394588,False
762,-0.9024836232899474,False
763,1.6398749621649564,False
764,-0.6784752016713201,False
765,0.341436707149888,False
766,0.0268003599443886,False
767,-0.5580611311032638,False
768,-0.6091942285949186,False
769,1.3776385847928725,False
770,1.0300809679715432,False
771,1.6090207025188965,False
772,-0.0653938699027084,False
773,-0.8899465707844633,False
774,1.8451193575317943,True
775,0.1954696085572749,False
776,-1.9396785074568288,False
777,-1.1253672720825894,False
778,-0.3667733506988962,False
779,-0.6196969670593186,False
780,-0.4819488381997379,False
781,0.6651886199604793,False
782,1.2039680686939522,False
783,0.6989913827302416,False
784,-1.3610489436067297,False
785,0.5991660628289253,False
786,-0.5585012048320239,False
787,-0.9081477922812804,False
788,-0.692832073138131,False
789,0.4948249507564722,False
790,0.696115828232228,False
791,0.8121632708144751,False
792,-1.0053388468912865,False
793,-1.0191560690594494,False
794,1.4396811424055058,False
795,2.648021704795395,True
796,1.7525341744014526,True
797,-0.2164776050973251,False
798,-0.774237125278106,False
799,0.4441505684416667,False
800,0.3909563402473656,False
801,0.6670222301497908,False
802,1.0268808046131477,False
803,0.1357025856577126,False
804,-0.8924671231448053,False
805,-0.5455604987341818,False
806,0.8717343273924258,True
807,1.7153471880980131,False
808,-0.2907277685006606,False
809,0.9906902327406556,False
810,-0.9945523615863,False
811,0.6878117629681662,False
812,-0.1190986327456745,False
813,0.4425173173959085,False
814,1.1297243478536467,False
815,0.2371747257345874,False
816,-0.1885086086940235,False
817,0.9397954720464508,False
818,-0.2326475753889727,False
819,-1.269005782775062,False
820,-0.9931599115451532,False
821,-0.5279778003752864,False
822,-0.848959127658132,False
823,-0.5083177880557935,False
824,0.0208884780004174,False
825,-0.6557558638736156,False
826,-0.378341564065346,False
827,-0.8507772367178342,False
828,1.331043960576512,True
829,-0.4424078323376741,False
830,-1.484650337005747,False
831,0.901583300306542,False
832,-1.0164743858730392,False
833,0.6263595588292754,False
834,-0.7567060233181284,False
835,-1.3441683372018705,False
836,1.013351190112087,False
837,-0.4043528473381468,False
838,-0.5069688370972534,False
839,0.0570766800872924,False
840,-0.3131701767674644,False
841,0.1719795760347415,False
842,-1.1739253443196782,False
843,0.7136798080705004,False
844,0.4117169342460675,False
845,0.1623820841475989,False
846,1.072990277363293,True
847,0.7564055069042692,True
848,-0.3161612219860255,False
849,0.2605973341913552,False
850,0.670538726105766,False
851,0.9170148114191818,False
852,-0.8543744674632487,False
853,-0.3481701083932705,False
854,0.0220198430037561,False
855,0.5520819764523409,False
856,0.909903473259394,True
858,-1.002147363886427,False
859,-0.7031851744099508,False
860,-0.3859675970869612,False
861,-0.1679182559783057,False
862,-0.6473754632838139,False
863,1.041277178884409,False
864,0.1838029891331486,False
865,-1.0410134459534062,False
866,1.3310139299121075,False
867,1.3831223836865267,False
868,-0.4696329540087824,False
869,0.833372432057189,False
870,-0.8659506962017837,False
871,0.3580529055712703,False
872,-0.8562744222274571,False
873,-1.2643640457733905,False
874,-0.9106027259109148,False
875,1.30991255773445,False
876,0.8460031794491794,True
877,0.6553231105781574,False
878,-0.4934731688102752,False
879,-0.4920737094519353,False
882,0.1317657851898811,False
883,0.5605855135914405,False
885,-1.037763634740304,False
886,-0.5913189479580412,False
887,-0.8082999417707847,False
888,-0.390467025233889,False
889,0.5630330863401385,False
890,-1.017435998963885,False
891,0.4507525785988033,False
892,-0.6106464102523292,False
893,-0.5505762955488218,False
894,0.2972922010392794,False
895,-0.02977494072223,False
896,-0.2090149860081322,False
897,0.7055819490002767,False
898,0.278645824280521,False
899,0.6732101206154752,False
900,-0.9744537480927398,False
901,-0.9005103584292674,False
902,1.317735234903983,True
903,0.6049178818556821,False
905,-1.0452187836483622,False
906,-0.9700904758013996,False
907,-1.018942723528004,False
908,-0.409369165368787,False
909,-1.2070167466033648,False
910,1.1380990505388069,False
911,0.6761037020399573,False
912,-1.5755822709627345,False
913,-1.0979826655905325,False
914,-0.6128636550446416,False
915,-0.8370279871104189,False
916,-1.1283230108523457,False
917,0.92503886758002,False
918,0.7068621282900418,False
919,-0.7003264352847373,False
920,0.5615347595822946,False
921,-0.7460664842999489,False
922,0.8004386157708471,True
923,0.5711638929929035,False
924,0.1801381220039863,False
925,-0.5394400156823089,False
926,0.563339648029891,False
927,0.3480810448236175,False
928,-1.1964612929055265,False
929,1.7602527135566717,True
930,-0.7378322647051585,False
931,-0.976481208268302,False
932,-0.8217634674169675,False
933,-1.3790685819484028,False
934,-0.2216998943735162,False
935,1.6223216373836544,False
936,-1.0444155579115852,False
937,1.0018448833928866,False
938,-0.77621185311286,False
939,-1.0387343234805604,False
940,1.78870108088664,False
941,-0.8957041845521984,False
942,-1.3991948322307837,False
943,-0.6389191101639777,False
944,-0.1613384146501373,False
945,-0.5901131138574931,False
946,-0.6387588720429713,False
947,0.919355064379754,False
948,-0.6772564267805153,False
949,-0.0871907956410016,False
950,-0.5434999796799902,False
951,0.2738350885532938,False
952,-1.215332411802551,False
953,-0.8450045574133793,False
954,-0.6705481097226991,False
955,-0.4767725454227591,False
956,-0.6664767368274377,False
957,-0.687891357550587,False
958,1.2197171264004605,True
959,0.98053410014602,True
960,-0.8724625845437364,False
961,-0.846179445576382,False
962,0.1737983456034578,False
963,-0.3350685686323189,False
964,-0.0943864119194084,False
965,0.4346436681843817,False
966,0.1236704401588033,False
967,1.2590095427030987,True
968,-0.676590408258834,False
969,-0.1510298600999733,False
970,-0.9983657481104268,False
971,0.2626275258995457,False
972,0.9083113004426492,True
973,-0.5262839832281714,False
974,-0.7532792517688606,False
975,0.7582763845436649,True
976,0.1174799247429469,False
977,0.104716472328639,False
978,-0.3877941348431433,False
979,0.6222822992806294,False
980,0.1738934652770927,False
981,-0.7634760407394274,False
982,0.1009707670260497,False
983,1.485385526538586,False
984,1.0406091185383102,False
985,-0.4275595547262591,False
986,0.5655111009522615,False
987,-0.1288889241075701,False
988,1.406311503221286,False
989,-1.0816741885354726,False
990,0.1373702062703076,False
991,-0.3849940140409318,False
992,-0.904211870077948,False
993,-0.593954619158913,False
994,-1.375942630546811,False
995,1.464335945157564,False
996,1.4190762988492815,False
997,-0.7181445671171269,False
999,1.0850111634282464,False
1000,-1.0098032396427687,False
1002,0.96468286945408,False
1003,0.4773758530846077,False
1004,0.9920872849197936,False
1005,-0.5462540373391401,False
1006,-1.3438740087767782,False
1007,-0.7430978976762905,False
1008,-0.6972862469650326,False
1009,0.861598832031702,False
1010,-0.3770479154707356,False
1011,1.19209014203698,False
1012,-0.5343244171606761,False
1013,-0.046386927543627,False
1014,1.441307653248671,False
1015,-0.4984916150945304,False
1016,-0.3039483752293794,False
1017,0.8507465682388762,False
1018,1.220518030485766,False
1019,0.3932398288581711,False
1020,0.5300001034795135,False
1021,-1.1754284370053925,False
1022,-0.1870340977288386,False
1023,0.5603793425909496,False
1024,-0.7675176013151473,False
1025,-1.409546610888618,False
1026,-0.1704037181002332,False
1027,-0.6175929361068533,False
1028,-0.6263411313309979,False
1029,-0.8006717856942556,False
1030,1.2554890498964224,False
1031,-0.0097611623380973,False
1032,-1.4014272928967406,False
1033,0.7214881511014022,False
1034,1.395298314892217,True
1035,-0.91362800761111,False
1036,-0.9257183507121676,False
1037,1.2367714855580112,False
1038,0.2293687029172481,False
1039,-0.4540729384921575,False
1040,0.2091965443870249,False
1041,-0.2658305984593476,False
1042,0.9365459664377364,False
1043,0.4660500785516143,False
1044,1.217556710147397,False
1045,-1.1130818714397974,False
1046,0.3962106034381342,False
1047,0.36660237358616,False
1048,1.6475595060271555,False
1049,0.7948015917988707,True
1050,-0.9501590771276855,False
1051,-1.032677249603386,False
1052,-0.5380261325914544,False
1053,0.2635764277934,False
1054,0.6512380320728632,False
1055,1.618645051505849,False
1056,-0.6664299334985218,False
1057,-0.8600295545552535,False
1058,-0.9976972271371448,False
1059,-1.3160496387743386,False
1060,0.8506054383715131,False
1061,-0.8428612873383379,False
1062,1.776277526275304,False
1063,0.8082332618600472,True
1064,-0.3224922854631218,False
1065,-0.8483760879241868,False
1066,-1.2653503922699418,False
1067,-0.6843869434436768,False
1068,0.0443924861523946,False
1069,-0.3748036868118343,False
1070,-0.5318893197774957,False
1071,1.5676973010362871,False
1072,-0.9638290007938388,False
1073,-0.712089134478805,False
1074,-0.582061140165286,False
1075,-0.1132692097173848,False
1076,0.6304173710080017,False
1077,-0.6141895792191583,False
1078,0.7695934757476378,True
1079,0.6627697820679765,False
1080,-1.0872935631732366,False
1081,-1.0367087551623386,False
1082,-0.5894954824975878,False
1083,-0.4669394841029731,False
1084,-0.9036012009199468,False
1085,1.3673589874568752,False
1086,0.5289781701585704,False
1087,0.8232816517530368,False
1088,-0.057849591161725,False
1089,0.6737438388144293,False
1090,1.068413897005355,True
1091,-0.4704999898823228,False
1092,0.9067916491028898,False
1093,0.9434503494084564,True
1094,-0.9208162196722024,False
1096,-0.4186701660391251,False
1097,0.1465210320583739,False
1098,-0.8185372321460028,False
1099,1.0821407398617933,False
1100,1.0853952932947388,False
1101,0.0113904228877861,False
1102,-0.6526502422907081,False
1103,0.1689370684236059,False
1104,0.5853689515470618,False
1105,0.9737768429832948,False
1106,1.2734546464322922,True
1107,0.667185956994431,False
1108,-1.082078359028948,False
1109,0.5656934245247744,False
1110,-0.6906170207615834,False
1111,1.343296577930141,False
1112,-0.7125864163359907,False
1113,0.5116300057677223,False
1114,0.3636168908415677,False
1115,1.4484194024276484,False
1116,0.6133691847860914,False
1118,-0.1924713496048259,False
1119,0.4997435744620745,False
1120,1.053077004962474,True
1121,-0.9392512035727906,False
1122,-0.9102251030994872,False
1123,-0.7143881849814866,False
1124,-1.04454793672585,False
1125,0.7587982864877794,False
1126,-1.3228547132329604,False
1127,1.0622981678337438,False
1128,0.8301979052576962,False
1129,0.6763009344500706,False
1130,0.35484138306649,False
1131,-0.6045529956363223,False
1132,-1.0925484808797723,False
1133,0.2780115490102296,False
1134,-0.6511031754838532,False
1135,0.7267602810481507,True
1136,1.4136864978521493,False
1137,1.483992971227723,True
1138,-0.3017380355208355,False
1139,0.8839114843573422,True
1140,0.220033240898415,False
1141,-0.8359229038397701,False
1142,-0.6783622570947281,False
1143,-1.132202864501796,False
1144,0.0282538189996256,False
1145,-0.9172277141082056,False
1146,0.3090480696470073,False
1147,-0.4020617388607439,False
1148,-1.4218994909777654,False
1149,1.014300034541495,False
1150,-0.8227516548406743,False
1151,-0.927511401371889,False
1152,1.1100759608257047,True
1153,0.8490456806682878,False
1154,0.7398985361327385,False
1155,0.3291212791445165,False
1156,0.7781780597555719,False
1157,0.5800663179117069,False
1158,0.6533767226406411,False
1159,-0.3901663580863405,False
1160,1.4195407171428456,False
1161,-0.6050002172010013,False
1162,-0.8190116246999743,False
1163,0.8758144357344828,False
1164,0.8121430082990779,False
1165,0.4541786568572552,False
1166,-1.0261564055385304,False
1167,0.3048687177477154,False
1168,-1.0317328241153745,False
1169,0.0781353511982028,False
1170,-1.116404112410165,False
1171,0.9428008657120454,False
1172,-0.4067968272671012,False
1173,1.126230304040629,False
1174,-1.4235945561098675,False
1175,0.8709656322360352,False
1176,-0.3437146614679978,False
1177,1.6150636051505136,False
1178,1.498814255646611,False
1179,-1.2745899253524262,False
1180,-0.8404636129714308,False
1181,0.5268363263774195,False
1182,-0.5029106661589294,False
1183,-0.5566783863143068,False
1184,-0.2695083027049123,False
1185,-0.0625125247455187,False
1186,-0.4766908154278437,False
1187,0.2558373076880437,False
1188,-0.6834791989957094,False
1189,-0.400670708458062,False
1190,-0.5081756166748408,False
1191,1.6815377681698551,False
1192,-0.9447247978732678,False
1193,-0.5073937911459631,False
1194,0.6716043407383798,False
1195,0.5018071193492298,False
1196,0.4016656071531136,False
1197,-1.0898989215002597,False
1198,0.366331267949415,False
1199,-0.407336102290583,False
1200,0.6296105173885562,False
1201,0.7116481480183272,False
1202,0.8708760250868401,False
1203,0.430383265551524,False
1204,0.6305918707595928,False
1205,-0.0206831455992388,False
1206,-1.1522417351736804,False
1207,0.0131907504020249,False
1208,0.1086297753479554,False
1209,-0.9046091864157308,False
1210,0.5508696580869648,False
1211,-0.3830605902890016,False
1212,0.176576407456388,False
1213,-0.4395454899144981,False
1214,0.2458246220006775,False
1215,0.9895375595989958,False
1216,0.6930433655664284,False
1217,1.104297636332749,False
1218,-0.5884481690376805,False
1219,0.8062758933485605,False
1220,-0.860373279205092,False
1222,-0.4365477546075699,False
1224,0.36356925552565,False
1225,0.0362561200043255,False
1226,-0.8171755734588939,False
1228,-0.8272214339291672,False
1229,0.7411967539298646,False
1230,0.6253620791164163,False
1231,-0.9023757676872652,False
1232,-0.6048525305157892,False
1233,-1.1870721260416064,False
1234,-1.444682209529936,False
1235,-0.7100202059926097,False
1236,-0.7890998497556911,False
1237,-0.0189887087570296,False
1238,-0.2935333740320664,False
1239,-0.2738056386422918,False
1240,-0.6544532828512455,False
1241,-1.2283865810843535,False
1242,1.037593499994599,False
1243,0.216787087441693,False
1244,-1.4399260233100482,False
1245,1.466960060514842,False
1246,-1.268586226906895,False
1247,-0.7210976182751158,False
1248,0.4474301514481875,False
1249,-0.9041017870725836,False
1250,-1.7207018623443424,False
1251,-0.7934946771993878,False
1252,-0.7572638326534289,False
1253,-0.0400387563764899,False
1254,-1.4227383644068037,False
1255,0.3027534209227643,False
1256,1.3113986970541551,True
1257,-1.5467797507250365,False
1258,0.7534864346984844,True
1259,-0.1515772458772806,False
1260,-0.8126992482832587,False
1261,0.6362060565299834,False
1262,-0.583014900234281,False
1263,0.5744615415722925,False
1264,1.358301957991816,False
1265,0.6791893159112359,False
1266,1.439691803904119,False
1267,0.3923139119638662,False
1268,-0.2739005856252398,False
1269,-0.7362065423580062,False
1270,-1.311311641443886,False
1271,-1.0480988405783402,False
1272,-0.5287535833405651,False
1273,0.3660573714695631,False
1274,-1.5722585991763487,False
1275,0.7881581477578835,False
1276,1.4907691363838256,False
1277,0.4057195963303559,False
1278,0.4595714584549546,False
1279,0.710546402004301,False
1280,-1.1878335046556958,False
1281,0.6520077591165835,False
1282,-1.0472681670702275,False
1283,1.6775534970285155,False
1284,-0.4531947615616555,False
1285,0.0856828018356166,False
1286,-1.0070304313166234,False
1287,-1.072726151486553,False
1288,-0.4493265806865016,False
1289,-1.121414773635659,False
1290,-0.5020143838016136,False
1291,-0.9867983536978456,False
1292,0.5848664706036446,False
1293,-0.2306824177677604,False
1294,-0.908271252697124,False
1295,-0.6512233334444544,False
1296,-1.1544295010709056,False
1297,-0.2364327905428135,False
1298,-0.5280475154956397,False
1299,0.5846929745525502,False
1300,0.5349237010166565,False
1301,0.5188928131994048,False
1302,1.4496148137930058,False
1303,-0.9423592099258356,False
1304,-0.0217186116318846,False
1305,-0.9972224442454805,False
1306,0.2504683139246881,False
1307,-0.4145547991865483,False
1308,1.065787168584177,True
1309,1.0965152488491203,True
1310,0.0309375961181634,False
1311,0.7606858381805883,True
1312,-0.9492113992619536,False
1313,-0.4327281050813283,False
1314,-0.0571231051719745,False
1315,0.5851179782307165,False
1316,-0.7684357480324939,False
1317,0.9819889566273892,False
1318,-0.0958153010260155,False
1319,0.011552090710724,False
1320,-0.0600176722878573,False
1321,1.430002584869313,False
1322,-0.1235664711121793,False
1323,-0.8053638098048645,False
1324,0.048117657305446,False
1325,0.594261803631158,False
1326,0.0812431962728135,False
1327,0.5782893643021952,False
1328,-0.4584156136963648,False
1329,-0.6944154420249611,False
1330,-0.4418035264572075,False
1331,0.1216050690444721,False
1332,0.4483886216201618,False
1333,0.4727095281267475,False
1335,-0.3717332807674701,False
1336,0.6026086436129434,False
1337,-0.5154168519510768,False
1338,-0.6967270936243894,False
1339,-0.8047275758238416,False
1340,0.0781093052616066,False
1341,-1.1626737257005788,False
1342,0.2964551037383126,False
1343,-0.6420838606413966,False
1344,0.7948714385028712,False
1345,-0.6417254304331224,False
1346,-1.2726034653817675,False
1347,0.6952156710185953,False
1348,-0.8470294314780351,False
1349,0.7482647916581695,True
1350,1.3171820247609365,False
1351,-1.0977273665658915,False
1352,-0.0193703442404433,False
1354,-0.6471260663801297,False
1355,-1.1355432572477628,False
1356,-0.4982110218192784,False
1357,-1.08667578661918,False
1358,0.7016042345531466,False
1359,-1.0545810583141548,False
1360,0.8282791652124886,True
1361,-1.345851086666929,False
1362,-0.5390531746802808,False
1363,-0.5180367790274835,False
1364,0.1845064000149184,False
1365,0.5000585581132688,False
1366,-0.5425360137585996,False
1367,1.0919138326626163,True
1368,0.3600740007722807,False
1369,-0.8914168848302688,False
1370,0.4413337469627879,False
1371,-0.057287459626932,False
1372,1.1249978674262635,False
1373,0.9572061013430448,True
1374,-0.4638333389941088,False
1375,-1.0369562826019565,False
1376,1.605078025783505,False
1377,-1.6986806191132406,False
1378,-1.285327675156021,False
1379,0.194552794860646,False
1380,1.3329608990465347,False
1381,-0.6425263706630645,False
1382,0.6498756310407957,False
1383,0.3902684896056638,False
1384,0.6554270438357575,False
1385,-0.1501912150067845,False
1386,0.7404075830419512,False
1387,0.248693073121295,False
1388,-0.4556569039264302,False
1389,-1.398665712809235,False
1390,-0.5679932650945676,False
1391,-0.6209081913567287,False
1392,0.5307027685062342,False
1393,-0.4937622837901383,False
1394,-0.9344138944893786,False
1395,-0.0183500010197729,False
1396,-0.141850897982388,False
1397,-0.6912991808171256,False
1398,-0.8991809631735115,False
1399,-0.5341615767999064,False
1400,-0.1341363152536208,False
1401,-0.6283656633593225,False
1402,-0.5010687648705725,False
1403,-0.4031374663369169,False
1404,0.5233807202322627,False
1405,1.5407575467054944,False
1406,1.053081720007627,True
1407,-0.0898034629249277,False
1408,-0.7954623489594909,False
1409,-0.3422061524086437,False
1410,1.0079079374524824,True
1411,0.7168379267880726,False
1412,0.900958866197496,False
1413,-0.975673350265914,False
1414,1.030436400796856,True
1415,0.00101117301892,False
1416,-0.0654784122955183,False
1417,-0.3093017198012618,False
1418,0.9645054670545928,False
1419,-1.1631140243070528,False
1420,-0.6781673537648581,False
1421,0.673332292819243,False
1422,-0.6194745071723162,False
1423,1.5705294302654862,False
1424,-0.4505478215031457,False
1425,-1.5309797113539467,False
1427,0.5936063250071689,False
1428,1.4978621548162825,False
1429,0.2551807102336644,False
1430,-0.3762301861393393,False
1431,-0.6636474726100855,False
1432,-0.9007489379907194,False
1433,-0.0033231161858963,False
1435,0.6016198177161379,False
1436,-0.5428810364518418,False
1437,-0.5360018117211678,False
1438,-0.7093165903658571,False
1439,0.2752052288375536,False
1440,0.7015752313863028,False
1441,0.0973774184288187,False
1442,0.4237109697097945,False
1443,1.189493518936682,False
1444,0.627945550188227,False
1445,1.711668528965454,True
1446,-1.029258604859446,False
1447,0.4779370510611337,False
1448,-0.8943078093224521,False
1449,0.979348754261506,True
1450,0.836894128235489,False
1451,-0.2737187047204826,False
1452,-0.6913445900958181,False
1453,0.6686534661429563,False
1454,-1.1521126220354647,False
1455,-1.26547381674294,False
1456,-0.5172946291487821,False
1457,-1.321887541666344,False
1458,-1.1465984044342192,False
1459,-0.970928437069793,False
1460,0.2397250173780619,False
1461,-1.0277659380978754,False
1462,-0.2689995107854714,False
1463,-0.0476725910848581,False
1464,-0.3855873421040596,False
1465,1.566208356393516,False
1466,0.7550180253924638,False
1467,0.3696652311699551,False
1468,0.6406229526619532,False
1469,1.6190352401767862,False
1470,0.2512016042198314,False
1471,-0.3757664978993472,False
1472,0.847685800652877,False
1473,-0.9470745745467388,False
1474,-0.4477725719761919,False
1475,-1.135284829634012,False
1476,-1.210706020895515,False
1477,0.2963879336233868,False
1478,1.0252326031157604,False
1479,0.9207664096383829,False
1480,0.786211058417846,False
1481,0.3033116378206656,False
1482,0.9338326045697938,True
1483,1.3660411999999704,False
1484,1.0886879959624016,False
1485,-0.7838931968128995,False
1486,-0.2908256444799397,False
1487,-0.6507334690344266,False
1488,-0.1496691284639251,False
1489,0.8614766280164337,False
1490,-0.8582672713237576,False
1491,-0.2730674919188904,False
1492,-0.1624750906751149,False
1493,-1.0754959731119396,False
1494,-0.3589825246613605,False
1495,-0.3179411421900823,False
1496,0.6421536962319249,False
1497,-0.8804867811981751,False
1498,-0.5375655702655247,False
1499,-1.8611645642373893,False
1500,1.1625371038466126,False
1501,-1.019272094237042,False
1502,-1.3570526495878883,False
1503,-0.597476163790646,False
1504,0.7467366104998774,True
1505,1.3645936624523902,False
1506,1.1365813400819045,False
1507,1.3120263701064443,True
1508,0.6712628402379706,False
1509,0.9076335261066512,True
1510,0.9822764463550866,False
1511,1.0473733231366595,True
1512,0.4401869064700131,False
1513,0.150670163465499,False
1514,0.6735489128169061,False
1515,-0.8343116805651509,False
1516,-0.0530667385020844,False
1517,-1.0263523131465306,False
1518,-0.2845534988821677,False
1519,-1.0508121494912743,False
1520,-0.5586296207877127,False
1521,-0.2623881824274185,False
1522,0.8131241017788096,False
1523,1.6572324543432528,False
1524,-0.6803023745403086,False
1525,-1.4149189230392305,False
1526,1.1852421814277092,False
1527,0.8519026059524198,False
1528,0.7477103903086009,False
1529,-1.1707971402506008,False
1530,-0.1774911317739191,False
1531,-0.5927111923915178,False
1532,1.0648131826989116,False
1533,-1.8205544909832936,False
1536,0.1677333141629733,False
1537,-0.5309588094094158,False
1538,0.3967816853203868,False
1539,-0.7012656487099983,False
1540,-0.6201284340578737,False
1541,-1.177303055077958,False
1542,-0.9274509587582438,False
1543,-0.8197505991941749,False
1544,-1.124019827205876,False
1545,-0.8613277707699547,False
1546,-0.6161963053173711,False
1547,0.8708496805120928,False
1548,-0.9613945793991988,False
1549,0.6138299184460472,False
1550,0.8532252016932206,False
1551,-0.3647659153449675,False
1552,-1.147797108749855,False
1553,0.7903335584906253,True
1554,-1.3092702921022978,False
1555,-1.104845383038262,False
1556,-0.4954242660085677,False
1557,-0.8682257345449587,False
1558,0.1529819021003777,False
1559,-0.904480668581506,False
1560,-1.2340271594216263,False
1561,0.5725810755976983,False
1562,-0.3011159718807004,False
1563,0.4126381581614835,False
1564,-0.9272940674681968,False
1565,0.5015001777840052,False
1566,0.6654308123012123,False
1567,0.4666250474936083,False
1568,1.0700100511088246,False
1569,0.172256444840141,False
1570,-0.5908624127504749,False
1571,-0.4632323219401175,False
1572,-0.5264661653208298,False
1573,0.51695865852309,False
1574,0.4583669664599125,False
1575,0.5425836259074284,False
1576,0.3193198120738875,False
1577,1.1276526527996906,False
1578,0.2735937605584793,False
1579,1.7642699771569328,False
1580,0.6806893774314233,False
1581,1.1709988526138866,True
1582,-0.267640765380619,False
1583,1.765879306296192,True
1584,1.5489547479997448,False
1585,-0.3095296851493101,False
1586,0.4488531367495794,False
1587,-0.9504419990963228,False
1588,-0.6180637351047508,False
1589,-0.3130023126585521,False
1590,-0.4054676216285682,False
1591,-0.199962261687604,False
1592,-0.4876169340253686,False
1593,-0.5136029082528313,False
1594,-0.689959689859778,False
1595,-0.2951141967347827,False
1596,-0.3598484781537434,False
1597,0.3694889053285924,False
1598,-0.2999476095286819,False
1599,-0.2577072562456626,False
1600,-0.2587472528038225,False
1601,1.3783236470907674,False
1602,0.3189357678997671,False
1603,1.248159881342641,True
1604,0.4656162271598115,False
1605,-1.597090774390431,False
1606,1.040584619058012,False
1607,1.1806375478018805,True
1608,0.3913515678490584,False
1609,1.2119244618323948,True
1610,-1.4437674376535654,False
1611,0.556596449433875,False
1612,1.6128427540129529,False
1613,-1.2849674695474833,False
1614,1.0526191881754274,False
1615,-0.5784208330395972,False
1616,0.1163030750056504,False
1617,-0.9652724836859936,False
1618,0.638829034755187,False
1619,-0.5115301542881766,False
1620,-1.1606859342045115,False
1621,0.6166262776346383,False
1623,0.646596110064114,False
1624,1.1239634465354602,False
1625,2.151788348489902,False
1626,0.69298234115365,False
1627,-0.411087314905645,False
1628,-1.326649161840577,False
1629,0.6010561336315992,False
1631,0.3662844093065063,False
1632,0.2309416792003906,False
1633,-0.7349408513662197,False
1634,-0.2928244514877069,False
1635,-1.1835393027724486,False
1637,-1.1229961635485932,False
1638,1.4348982831249455,False
1639,-0.5266282182865388,False
1640,0.7267697625442896,False
1641,-0.7624677650370026,False
1642,-0.8289841828819705,False
1643,0.0099541470736926,False
1644,-0.8860756993096476,False
1645,0.7006031044149394,False
1646,-0.7424059437132922,False
1647,-1.4716928627666237,False
1648,-1.4528044885939218,False
1650,-0.4816302934520346,False
1651,-0.9569858850022556,False
1652,0.6317591704877125,False
1653,-0.6620816095287586,False
1654,1.4523450963641846,False
1655,-0.7576208790305903,False
1656,-1.0361740163976545,False
1657,0.5583975048596314,False
1658,1.355647956727318,False
1659,1.4454787378300311,False
1660,-0.6503536935889735,False
1661,-1.1568024346589774,False
1662,0.7580228293392537,False
1663,0.8628231663353678,False
1664,0.7061531685121707,False
1665,0.3321361264208585,False
1666,0.7329501393592138,False
1667,-1.0231188117311598,False
1668,0.5002052757894637,False
1669,0.8158322926865953,True
1670,0.1395504833867243,False
1671,-0.4308512553421632,False
1672,0.3890837018336626,False
1673,0.6049111697936652,False
1674,0.3717483191728468,False
1675,1.2406096899567556,False
1676,0.9598116516465424,True
1677,-0.8569478039936361,False
1678,-0.2852420659901981,False
1679,1.7652782632856987,False
1680,-1.0671122790345282,False
1681,-0.383152292684356,False
1682,-1.0239655352509387,False
1683,-0.2789258907127389,False
1684,-0.1839967382184711,False
1685,-1.074679455416417,False
1686,-0.1033439192018343,False
1687,-0.7843670397836677,False
1688,0.2979330395279895,False
1689,-0.4859829746242663,False
1690,-1.0112818492510631,False
1691,-0.4513889602740655,False
1692,0.3501243983835128,False
1693,-0.7937296306819446,False
1694,-0.2190483478677797,False
1695,0.8065186047673059,False
1696,1.4973277799419864,False
1697,1.4222457669682886,False
1698,-1.8325176888593049,False
1699,1.8828186509079592,False
1700,0.7401347235722605,False
1701,0.8129565435837773,False
1702,0.4100067955286084,False
1703,0.468887987993714,False
1704,-0.0839672587833879,False
1705,-0.2481519979169482,False
1706,-0.2737274777952364,False
1707,1.071573139707048,False
1708,0.2753706550241119,False
1709,-0.546152647927135,False
1710,0.1441294446055455,False
1711,-1.246624893888456,False
1712,1.4152451934632773,False
1713,-1.0174132539117624,False
1715,1.047097202985758,False
1716,0.4610958358917105,False
1717,-0.7561309739385549,False
1718,-0.2233560901328544,False
1719,-0.4173497604772522,False
1720,-0.6224541912668655,False
1721,0.1058141235556449,False
1722,0.7161342954896734,False
1723,0.9908252963137706,False
1724,0.6785572256248797,False
1725,-0.4243123849455935,False
1726,-0.6315642131562391,False
1727,1.2285066348344318,False
1728,0.8548790637721956,False
1729,-0.7388548959925015,False
1730,1.259165178302823,False
1731,0.9988954865820212,False
1732,0.3467341943863936,False
1733,-0.8443205772658935,False
1734,0.6397322606290281,False
1735,0.606299116020279,False
1736,0.4664616518916693,False
1737,-0.5721678421600424,False
1738,-0.6811417761733147,False
1739,-0.975084675874867,False
1740,-0.6888067959221444,False
1741,-1.1334288645480923,False
1742,-0.6460416632769739,False
1743,-1.2050656296934903,False
1744,-1.0457827071384374,False
1745,-1.1033412093824997,False
1746,-1.3973584864865098,False
1747,-0.6256880199658967,False
1748,-0.2327352610332502,False
1749,0.884818601926148,False
1750,-0.1616721213077457,False
1751,0.7706479720286226,False
1752,0.7038569538911246,False
1753,1.225188317905629,True
1754,0.6862494371193789,False
1755,1.048907729874481,False
1756,0.2569572751589258,False
1757,1.7385808460601144,True
1758,0.9120437893978148,False
1759,-0.6934841963772461,False
1760,0.7098797549428195,False
1761,-0.5911234642260601,False
1762,0.5873460611019984,False
1763,-0.2604127060906013,False
1764,-0.2142788499152539,False
1765,0.6842386872672084,False
1766,0.5780685732806722,False
1767,0.8362574528522511,False
1768,0.2737930272614468,False
1769,-0.8156197567914053,False
1770,-0.2105726595512291,False
1771,1.5116946507755549,False
1772,-0.6853118141575119,False
1773,-0.9760472511550088,False
1774,-0.7093666029483737,False
1775,0.5353150298791881,False
1776,0.0033684648981748,False
1777,-1.075051231601737,False
1778,-0.2806546054485486,False
1779,0.1809211220288102,False
1780,0.1896651762174093,False
1781,-0.8054014190383376,False
1782,-0.7541523968717951,False
1783,-0.8523901732238041,False
1784,-0.1408354940219567,False
1785,-0.4645235107959455,False
1786,-0.8655113438615771,False
1787,0.744844968583714,False
1788,-1.25771244012908,False
1789,-0.0827101837032801,False
1790,-0.6988980992773546,False
1791,0.4736753195913986,False
1792,0.3226870294865025,False
1793,-1.011667340184813,False
1795,-0.0819897789655247,False
1796,-0.3131674146123277,False
1797,-0.2169793071606352,False
1798,-1.0191077571452771,False
1799,-0.074935742316712,False
1800,0.6844052205631489,False
1801,-0.6420832305530692,False
1802,-1.149696381351175,False
1803,0.5604838668068264,False
1804,0.624449471401415,False
1806,-1.0336058180408767,False
1807,0.0083346908275684,False
1808,1.0322052153662535,False
1809,-0.7292824451407932,False
1810,0.8462452241872761,False
1812,0.0569164402402589,False
1813,1.5783815580929217,False
1814,-1.018679651500364,False
1815,-0.9887473716190062,False
1816,-0.1588194858731362,False
1818,-1.2181840674520297,False
1819,0.6748804103071813,False
1820,1.5992280746868683,True
1821,0.603708127138959,False
1822,-1.3578039505937107,False
1823,0.8208756131357033,False
1824,0.8221945344967074,False
1825,-1.6804870893335786,False
1826,-0.5339380346426689,False
1827,0.8365835400237555,False
1828,-0.6280265603806849,False
1829,-0.4911607975414019,False
1830,-0.9426103586781224,False
1831,-1.0980491920155082,False
1832,-1.044758249473286,False
1833,-0.5500087697282317,False
1834,-0.2642257089000246,False
1835,-1.003637437272722,False
1836,-1.351633254423986,False
1837,1.327185741443916,False
1838,-0.3531626072324088,False
1839,1.314699034666293,False
1840,-0.2410292908785383,False
1841,-0.6162840016543598,False
1842,1.4992149358033573,False
1843,1.0476528891007826,False
1844,0.5025814911431568,False
1845,1.05254566654049,False
1846,-0.0489868075037467,False
1847,-0.818871737743341,False
1848,0.9909599492822186,False
1849,0.8831845139366256,False
1850,0.4199931369317549,False
1851,0.8157831263974956,False
1852,-0.2360226663839569,False
1853,0.6311376654307217,False
1854,0.930390701427882,False
1855,1.3534822530903197,True
1856,-0.5309837659793558,False
1857,-1.0892693300365954,False
1858,-0.13594017002706,False
1859,1.8595774783999537,False
1860,-1.2345881684880478,False
1861,-0.2189367948130005,False
1862,-1.7906516985705243,False
1863,-0.7812549141966125,False
1864,0.0509604451106344,False
1865,-1.6468499686642477,False
1866,-0.9359473800853222,False
1867,0.0136611512593365,False
1868,-0.0198647788442629,False
1869,-0.6539329579635349,False
1870,-0.5144336359970909,False
1871,-1.073465088069335,False
1872,-0.1990947743787229,False
1873,-0.2954075482410976,False
1874,-0.925284955476189,False
1875,0.84233378302444,False
1876,-1.4055590572455354,False
1877,1.2009057731859636,False
1878,-0.8116415635731165,False
1879,1.1525201991717815,True
1880,0.9189810969581662,False
1881,-0.990181854899852,False
1883,1.3911931273639708,True
1884,-0.1598908962283975,False
1885,-0.0214724048538351,False
1886,-0.4790213506595722,False
1887,-0.767170709892537,False
1888,1.036757922588856,False
1889,-1.1829175100342388,False
1890,0.2685581413382018,False
1891,0.3124950655259686,False
1892,0.8082106482859749,False
1893,0.8909354653213445,False
1894,-0.9724062124054658,False
1895,-0.2316034603950675,False
1896,-0.4260918279077126,False
1897,-0.2797578294825882,False
1898,0.8054218471379073,True
1899,0.3840252409197532,False
1900,0.387555759277403,False
1901,-1.5208789973398835,False
1902,-0.8259624763353569,False
1903,-0.4811727968491035,False
1904,-0.5165015397923693,False
1905,-0.481779159441215,False
1906,0.5724213533377553,False
1907,1.0215399587903122,False
1908,0.069464446519677,False
1909,-0.9566800601996884,False
1910,-1.3387680954569667,False
1911,0.7417566434794869,False
1912,0.7191373640104831,False
1913,-1.59999237580297,False
1914,1.0376308702029973,False
1915,-0.746579343931773,False
1916,-0.6745668817445392,False
1917,-0.7058805880945741,False
1918,-1.1967858825907245,False
1919,-0.9174454699528268,False
1920,-0.950323782403067,False
1921,-0.8830750373085713,False
1922,-1.0890746245177891,False
1923,-0.1296949059327568,False
1924,-0.8888041186408187,False
1925,-0.6374525262065769,False
1926,-0.0253252080975767,False
1927,0.1767233101491891,False
1928,0.9211867115920904,False
1929,0.2683717248967631,False
1930,0.5396022073649351,False
1931,-0.6855788223304284,False
1932,-0.4863255369272642,False
1933,-0.5805344179184162,False
1934,0.7225868530079456,False
1935,-0.6918970955896327,False
1936,0.269377151603132,False
1937,0.829111767642175,False
1938,0.3536602907791802,False
1939,0.6140330458238998,False
1940,0.4682391602368564,False
1941,1.286550691787978,True
1942,0.4795373223090809,False
1943,-0.7537500225923528,False
1944,0.5501227683815731,False
1945,1.6492304205101846,False
1946,-0.7839279312608618,False
1947,-0.9192390039786998,False
1948,-0.993078253326772,False
1949,-0.3789991076219901,False
1950,-1.1319139799677878,False
1951,-0.3638068554648965,False
1952,-0.3637602255682087,False
1953,-0.7554576226757027,False
1954,-1.2892583542575435,False
1955,0.0893667166738838,False
1956,-1.1697855734906482,False
1957,0.8613150674533139,False
1958,0.683825464608851,False
1959,-1.1098953859819607,False
1960,0.250730933318541,False
1961,-0.6402559513438525,False
1963,0.8111130361335934,True
1964,0.9423320975996856,False
1965,0.8870903995225293,False
1966,0.0198641208952394,False
1968,-0.3354325092855922,False
1969,-0.8826407275863618,False
1970,0.2604106963964511,False
1971,-0.6418770835182218,False
1972,-0.6457233831134224,False
1973,0.7435166535161039,False
1974,-0.5567969933664825,False
1975,1.221142698429574,False
1976,1.725820495838898,False
1977,0.2685189402792111,False
1978,-1.0865556587775629,False
1979,-0.1252826764530787,False
1980,0.8005044332948517,False
1981,0.183086388845349,False
1982,-0.2331519864248097,False
1983,0.5782667948727578,False
1984,-1.0829412310627349,False
1985,-1.5343081550618969,False
1986,0.6581821983365101,False
1987,-0.4891257428327169,False
1988,1.7398490643281703,False
1989,-0.6788076976920698,False
1990,-0.0803430914451706,False
1991,-0.8406300919090004,False
1992,0.0823111066717416,False
1993,-0.759346382498611,False
1994,1.201843221099752,False
1995,0.7310966605077093,False
1996,-0.2843665436408254,False
1997,0.7693989090650838,False
1998,-0.9865949566410912,False
1999,-0.8996333705846958,False
2000,-0.7918218395532435,False
2001,-0.3611870794385723,False
2002,-0.3255126581605048,False
2003,-1.104413390389581,False
2004,-0.5713056062919677,False
2005,-0.8633775636834512,False
2006,-0.9129213052182764,False
2007,-0.2622170820988638,False
2008,0.6773032742322215,False
2009,-0.6179922190895158,False
2010,-0.6334660627237616,False
2011,1.0161187307619557,False
2012,0.3651261891187711,False
2013,-0.9617122720375636,False
2014,0.5017210882668706,False
2015,0.5626509042865209,False
2016,-0.4770709735906948,False
2017,0.6315552093433296,False
2018,0.8983147631217796,False
2019,0.3818673284814793,False
2020,0.8280582644587932,False
2021,1.351629438695701,False
2022,-0.2794035314859102,False
2023,0.8443170174930335,False
2024,1.1524891448211418,True
2025,0.2658295596740131,False
2026,-1.244355704339882,False
2027,-0.379008457866952,False
2028,0.1120252798977308,False
2029,-1.2341282477652986,False
2030,-0.0797530833429673,False
2031,-0.7227137065904479,False
2032,-0.7399945261037293,False
2033,-0.3813279681136072,False
2034,-0.6688519509180011,False
2035,-0.3142235962336017,False
2036,-0.5576432096918333,False
2037,-1.6935432406901938,False
2038,-0.3112666528214114,False
2039,-0.8135445160865469,False
2040,0.3337658154649143,False
2041,1.385826807498193,False
2042,0.4442201512557868,False
2043,-1.7419680829043789,False
2044,1.152665082122193,True
2045,1.2005883607913723,True
2046,-0.2905543763139169,False
2047,0.1645941773900346,False
2048,-0.3075279957957465,False
2049,0.0949868312498438,False
2050,-0.5498720213652528,False
2051,-0.2646988330400363,False
2052,-0.826401864754456,False
2053,-0.6444886041864855,False
2054,-0.6292215760700384,False
2056,-1.5939867711155289,False
2057,0.5853601724876178,False
2058,-0.9506469256778828,False
2059,-0.5808322386133667,False
2060,-0.1164684753505394,False
2061,0.5353295038167133,False
2062,-1.0516604134833647,False
2063,0.5165897468869568,False
2064,1.4253588552918952,False
2065,0.6456640017340856,False
2066,-0.8108355061498514,False
2067,1.544898402405863,False
2068,0.452649619712947,False
2069,-0.6089543405050059,False
2070,0.7787177745761032,False
2071,1.0085478442286435,False
2072,0.2826536801170389,False
2073,0.8977751018073397,False
2074,0.8004385797121978,False
2075,0.9542197943495228,False
2076,0.1984312932104913,False
2077,-0.4884212586056734,False
2078,0.8249577614371161,False
2079,-1.0988898029495855,False
2080,-0.7675187167316965,False
2081,-1.2606188472723436,False
2082,-1.7711108430860063,False
2083,-1.0971362326703118,False
2084,-0.4118562789674824,False
2085,-1.0549105619358548,False
2086,-1.3126089590590064,False
2087,-1.287070206121978,False
2088,0.7234367198504539,False
2089,-0.9359732262813292,False
2090,-0.7560502641848926,False
2092,0.4599455656564193,False
2093,0.0732894861681871,False
2094,-0.0036918916207962,False
2095,-0.7362271987538467,False
2096,-0.8054200387415136,False
2097,0.086949845198205,False
2098,1.6192733203660354,False
2099,1.4545080304594886,False
2100,0.7910850324123488,False
2101,-0.262773049543544,False
2102,-0.5181347012344503,False
2103,0.964498483838637,False
2104,0.7049663144177039,False
2105,0.7103320443202132,False
2106,-0.8750399335826873,False
2107,-0.5044555624533594,False
2108,0.604439791946798,False
2109,-0.8956422110320847,False
2110,-0.2950188857582843,False
2111,0.9615245246515562,False
2112,0.0127819407778021,False
2113,-0.834162679338905,False
2114,-0.1621155882549885,False
2115,-1.0652592053382777,False
2116,-0.3835154926410249,False
2117,-0.4508182066822142,False
2118,-0.6873578220989295,False
2119,-0.2941705782512355,False
2120,1.2810022528384517,False
2121,0.6496385982351549,False
2122,0.0458375111548639,False
2123,0.3446652329605808,False
2124,1.1091577470857217,False
2125,0.019902684847966,False
2126,-0.4181776402976727,False
2128,0.1110598614057956,False
2129,-0.0673226513170629,False
2130,-0.1569521423732199,False
2131,-0.4867245758484881,False
2132,0.1555777652155613,False
2133,-0.1879399087492798,False
2134,-0.7581104360770466,False
2135,1.2831185455975471,False
2136,0.4768982298998048,False
2137,0.3276295156675077,False
2138,-0.64406534635483,False
2139,-1.020656959531978,False
2140,-1.572150316040791,False
2141,-0.3961781843339418,False
2142,-1.3923656441749386,False
2144,0.5334657256231975,False
2145,1.3214128009851356,False
2146,-0.3129813648421143,False
2147,1.0807998523017868,False
2148,0.6826781379770176,False
2149,-0.8268468959291018,False
2150,0.5824039783415167,False
2151,0.8903472577789661,True
2152,0.5509342964469235,False
2153,0.9391748898652912,False
2154,1.398107101844538,False
2155,-0.4986487034336631,False
2156,0.6842195411631757,False
2157,-0.9194426659658512,False
2158,0.6846712854435324,False
2159,-0.7111384244636586,False
2160,-1.0372379815031176,False
2161,-0.8822300108914343,False
2162,-0.7565256655181657,False
2163,-0.7818279514907363,False
2164,-1.4607053551983329,False
2165,-0.6620825822383304,False
2166,-1.0489563597425495,False
2167,-0.4508592549744279,False
2168,1.736541661900957,False
2169,-0.745824211856822,False
2170,0.4467720773122659,False
2171,-0.6095002908123897,False
2172,0.5897519828432854,False
2173,0.1566924451510016,False
2174,1.5388947043375498,False
2175,1.7118887122733633,True
2176,-0.7442044281326854,False
2177,0.9426939646746392,False
2178,-0.5968422731309575,False
2179,0.1429567732074674,False
2180,0.6310502446006698,False
2181,-0.7157130387329562,False
2182,-1.496440239603278,False
2183,0.9620106472223432,True
2184,0.9224769792904604,True
2185,0.2373046812908814,False
2186,-0.2086421696681986,False
2187,-0.3474757206506356,False
2188,1.3376636471145358,False
2189,0.8320234223771509,True
2190,0.752941370641374,False
2191,-0.4031597899127501,False
2192,-0.9146996702563686,False
2193,-0.6001910793369464,False
2194,1.298746728787045,False
2195,-0.6135338651598703,False
2196,-1.1922207094641633,False
2197,-0.4192741734361304,False
2198,-0.6571897779794256,False
2199,0.7353985104720804,False
2200,0.1763069387468916,False
2201,0.2063294697716715,False
2202,0.371697353711502,False
2203,0.8877987554538722,False
2204,1.06523062754497,True
2205,-1.0731666082543023,False
2207,-0.7759624062911711,False
2208,-0.7632764130356916,False
2209,0.5049501216380337,False
2210,0.0472747171332772,False
2211,-0.4269973464160385,False
2212,0.7014879358118015,False
2213,0.1128160105285631,False
2214,0.8269945551178854,False
2215,0.2289903012399653,False
2216,0.7295171415660152,False
2217,-0.638186556619886,False
2218,1.074700026274238,False
2219,-1.0480070740671354,False
2220,-0.5889771019008812,False
2221,-1.0559408084652289,False
2224,0.3106693834785078,False
2225,1.5606817185472397,False
2226,1.1201533767460723,False
2227,-0.0969721345666307,False
2228,0.3388797379575552,False
2229,1.0883091482883844,False
2230,1.0802125116076562,False
2231,0.1647385577460349,False
2232,0.8738572192975889,False
2233,1.124859917772831,False
2234,0.8897019854400956,False
2235,0.7709443752368823,False
2236,0.0369488230166273,False
2237,-0.984763838115654,False
2238,-0.372963043681473,False
2239,-1.116968061294783,False
2240,-1.324140195827555,False
2241,-1.3830191245985826,False
2242,0.5228789476279866,False
2243,-0.1771165880191196,False
2244,1.4049569779594355,False
2245,-1.087820311154544,False
2246,-0.7980924896121939,False
2247,1.6670077331458644,False
2248,-0.8447913602575224,False
2249,-0.4688542662281949,False
2251,0.4726348008137936,False
2252,0.6782164356632918,False
2253,1.131954110451675,False
2254,0.4828562919932665,False
2255,-0.3746623063505252,False
2256,-0.7627098522508837,False
2257,0.716995530901409,False
2258,-1.675275760484301,False
2259,-0.2290750199335156,False
2260,0.626172130951912,False
2261,-0.9378084428661416,False
2262,0.8841387449631275,False
2263,0.4660250232024588,False
2264,-0.230945506457189,False
2265,0.1216079149806859,False
2266,0.6062027911360259,False
2267,-0.3148336194849386,False
2268,-0.7752472150502687,False
2269,0.7632332288594562,False
2270,-0.6912605186929672,False
2271,-1.0447787056483353,False
2272,0.2318168845872612,False
2273,-0.6342792039230617,False
2274,-0.0822362944044643,False
2275,-1.2159560928615596,False
2276,-1.195788931547134,False
2277,-1.051045924451954,False
2278,0.2451981529525911,False
2279,1.4775671982109544,False
2280,-0.1394638677591533,False
2281,-0.8530915387216513,False
2282,-0.1796645860360484,False
2283,1.3585583019221623,True
2284,-0.9168346735955748,False
2285,0.5582474061659951,False
2286,1.0545753828009647,True
2287,-0.1893131359664397,False
2288,1.4442677323439317,False
2289,-0.4300122179328169,False
2290,-1.2707620514391769,False
2291,1.4915751178721812,False
2293,0.4343672499441118,False
2294,0.7017938536548642,False
2296,-0.5817250074627205,False
2297,-0.1984978871580062,False
2298,0.6679935787856139,False
2299,1.3692037743127616,False
2300,-1.057220486176132,False
2301,0.2634217673536283,False
2302,0.6624066346021689,False
2303,0.7008006571152445,False
2304,-0.9544552163875384,False
2306,-1.0990312150030404,False
2307,-1.0067688238897363,False
2309,1.1114813319934742,True
2310,0.2829048658721543,False
2311,0.7738658420177257,False
2312,1.202747819365039,False
2313,0.8844476765539975,False
2314,0.528937303947814,False
2315,-0.9321463729381436,False
2316,0.0192415115427228,False
2317,-0.6599241096624618,False
2318,-0.1076665429288605,False
2319,-0.915635983558317,False
2320,-0.7031086238855297,False
2321,-1.0662119537672563,False
2322,-0.3463345508747286,False
2323,-1.1569638073250623,False
2324,-0.9595261228466296,False
2325,-1.1940296375909023,False
2326,1.8122643743578608,False
2327,-0.3424011099281103,False
2328,-0.929033337828371,False
2330,1.4851409990895403,False
2331,1.1292619666997483,False
2332,-0.7290584400375575,False
2333,1.1412819668939471,True
2334,-0.3224895551985036,False
2335,-1.2525125614310784,False
2336,0.7906856150264234,False
2337,-0.1009782343357026,False
2338,0.3295647909216422,False
2339,-1.1718396099916133,False
2340,0.7642684177831557,False
2341,1.6200583744106651,True
2342,-0.7181276104776462,False
2343,-1.005361668203017,False
2344,0.7936471496162947,False
2345,-1.095784971687911,False
2346,0.4256008227017835,False
2347,0.0976821510764591,False
2348,-0.6396151826163929,False
2349,-0.2772126115887412,False
2350,0.1122311774818269,False
2351,0.8286996806162584,False
2352,-0.6078538387671448,False
2353,-0.9891228220023196,False
2354,-0.7258775597128592,False
2355,-1.1518248090041725,False
2356,0.7142213596609245,False
2357,1.4371431505373329,False
2358,-0.0503973079932058,False
2359,-0.8640535039466464,False
2360,-0.4675035248582161,False
2361,-0.77016156124151,False
2362,-0.3218019984655882,False
2363,0.4839091294809935,False
2364,-0.1209999703806424,False
2365,0.1309316352872395,False
2366,0.6036678880866335,False
2367,-0.361218936122049,False
2368,-1.2401632008023364,False
2369,0.4387035141003106,False
2371,-0.0291905817250985,False
2372,1.3130119368803084,False
2373,0.8375044780157819,False
2374,-0.117140052442108,False
2375,-0.8637313631593806,False
2376,0.289438421400419,False
2377,1.098151665550899,True
2378,0.5666299848984234,False
2379,0.5624921267693117,False
2380,0.5259330682479914,False
2381,0.0312452131613902,False
2382,0.179308084425025,False
2383,-0.3039859660991711,False
2384,-1.1224027328222224,False
2385,0.0668804668080412,False
2386,-0.8201688938785185,False
2387,-1.113198732612087,False
2388,1.1807015273707622,False
2389,0.0770232277554757,False
2390,0.3559557581340845,False
2391,-0.8924566058500466,False
2392,-0.39580217162832,False
2393,-0.2181401002332738,False
2394,1.7853791063887376,False
2395,-1.3822212467688468,False
2396,-0.912921870950426,False
2397,-0.7517755272474764,False
2398,-0.4834703020993935,False
2399,-0.9777839757316472,False
2400,-0.6825952515094114,False
2401,-0.6792180578176342,False
2402,-0.6759835423112472,False
2403,-0.4323788965228842,False
2404,0.3607897985904332,False
2405,1.2889686967292406,False
2406,0.3392367195348252,False
2407,1.5239911023924235,True
2408,-0.3883436385114605,False
2409,-0.4797783801637031,False
2410,0.6424054253397949,False
2411,0.9550051440828324,False
2412,0.8443492578102344,False
2413,1.0428246366587808,False
2414,-0.9243448055775804,False
2415,0.8952793391503305,False
2416,0.3735210045351402,False
2417,-0.7740237338157978,False
2418,-0.1073548913578328,False
2419,0.5967571402801047,False
2420,-1.4300846343639724,False
2421,0.75451906688088,False
2422,-0.9233064255324944,False
2423,-0.1331192515187977,False
2424,-0.4545084425753989,False
2425,0.7662321856595128,False
2426,-0.1449128582708647,False
2427,-1.9062803775146249,False
2428,0.2776931329697245,False
2429,-0.8957495489858414,False
2430,0.977993984048872,False
2431,-0.0572422903180063,False
2432,1.272958454252605,False
2433,0.668530007741595,False
2434,0.5435638445791167,False
2435,1.237122285484219,True
2436,-0.7493985012267395,False
2437,1.36182441106991,False
2438,-0.9752147490819836,False
2439,-0.0123205569024947,False
2440,0.5996594292022028,False
2441,-0.2750626835871026,False
2442,0.5756273872079569,False
2443,0.5183198491434138,False
2444,-0.2672261748805126,False
2445,0.3960870004512304,False
2446,1.4178327249607037,False
2447,-0.7588151066097799,False
2448,-0.3369233323602313,False
2449,0.6226483696444274,False
2450,0.6484105157781086,False
2452,0.5193427437574223,False
2453,0.8685514644064487,False
2454,-0.5956770984439137,False
2455,0.3040757339983145,False
2456,-0.4842788070245374,False
2457,-0.7129640613679477,False
2458,-1.426759996041839,False
2459,0.1461072519603919,False
2460,0.8264561021037037,False
2461,-0.5518398326107763,False
2462,0.5254379435468916,False
2463,-0.9163614142851272,False
2464,-0.5878061513259787,False
2465,0.441030957234831,False
2466,-1.4969799412651743,False
2467,-1.4283737027571763,False
2468,-0.9549746003172892,False
2469,-0.2413244624594085,False
2470,-1.4286998201499244,False
2471,-0.9157484735983336,False
2472,0.8278665822605384,True
2473,1.039433485981245,False
2474,-1.2100995346803771,False
2475,0.1799109229986209,False
2476,0.5830860102117025,False
2478,-0.1206993745629282,False
2479,-0.2821271376638721,False
2480,-0.6336265382319811,False
2481,0.8754873874964287,False
2482,0.7753915078532629,False
2483,0.4485445191327826,False
2484,0.8762781637122219,False
2485,0.7747038403335451,False
2486,0.8453904368762181,False
2487,0.6275416950407305,False
2488,-0.3591014267259003,False
2489,-1.595207116053512,False
2490,0.6519578067823009,False
2491,-0.6427634350384828,False
2492,0.4399823412008313,False
2493,0.6410893649176433,False
2494,-0.5040697371541014,False
2495,-0.1584438246868817,False
2496,0.1649419244541388,False
2497,-0.2946777348262717,False
2498,1.2103768143297973,False
2499,1.6475866251863325,False
2500,-0.8738777880297952,False
2501,1.5231980721290848,False
2502,1.1204462124462866,False
2504,-1.8255261295292995,False
2505,-1.0039826571494352,False
2506,-0.3331292337624066,False
2507,0.3826780401725028,False
2508,0.3868173802104993,False
2509,0.639071177182534,False
2510,-0.8574276703085599,False
2511,0.6747692239761944,False
2512,-0.4116197625461452,False
2513,0.8256977244741914,False
2514,-0.0685893359633617,False
2515,1.7660317248869446,False
2516,0.6360341545340569,False
2517,-0.949517321973952,False
2518,-0.7695968404290243,False
2519,1.4789501803803249,False
2520,1.0905364719726651,False
2521,0.674619754277523,False
2522,0.1527316226533679,False
2524,-1.289945803003194,False
2526,-0.7340294463760606,False
2527,-0.9091111641320248,False
2528,-1.0830108391773443,False
2529,-0.8439548571612652,False
2530,-0.1871421962735903,False
2531,-0.5592735278433897,False
2532,-0.597554083681008,False
2533,1.048825427947429,False
2534,-0.5802787016990559,False
2535,1.175024986624682,False
2536,-0.8901165983761873,False
2537,-1.0421798930935935,False
2538,-1.3219990928074183,False
2539,0.7680206625949159,False
2540,0.7812007312667165,False
2541,-0.9659859320997616,False
2542,0.8916201868463269,True
2543,1.5492349963958618,False
2544,-0.4312770788373185,False
2545,0.7331104752406647,False
2546,0.3920938906950222,False
2547,1.0339804406043545,False
2548,0.4475447653056171,False
2549,-0.6549726911485105,False
2550,-0.5519479254193211,False
2551,1.4807918711214048,False
2552,1.314755625480338,False
2553,0.4304965751682988,False
2554,-0.2618010390771332,False
2555,0.3157292353030052,False
2556,1.4241834260795838,True
2557,-0.2494029741854364,False
2558,0.894481877662259,False
2559,0.6466370975645225,False
2560,-0.3437868285685053,False
2561,-0.2912058353185224,False
2562,-1.2623431167529544,False
2563,-0.0313973616694305,False
2565,-0.0896206963137862,False
2566,1.5321563591405511,False
2567,-1.2071462960806234,False
2568,1.581740049593945,False
2569,0.075299123036987,False
2570,1.517079176188266,False
2571,-0.4136260427696354,False
2572,-0.3116235317714543,False
2573,-0.2336580420940286,False
2574,-0.4591607992303487,False
2575,0.4471438830363066,False
2576,-0.7000964824352209,False
2577,1.1140931978585018,False
2578,0.4717197670404809,False
2579,-0.2849865148862444,False
2580,-0.881774353766739,False
2581,1.6932328146675846,False
2582,-1.2086478328374954,False
2583,0.5590228926832692,False
2584,-0.5025219749634097,False
2585,-0.7028973145452546,False
2586,0.6110930186245671,False
2587,1.0659258437089572,False
2588,0.2977621356514264,False
2589,-0.6361007619285592,False
2590,-0.6043858107513015,False
2591,0.6533767837787563,False
2592,-0.5585161752177713,False
2593,-0.4509838365990573,False
2594,0.6024279429671282,False
2595,-1.2224624263783426,False
2596,0.6611107174436502,False
2597,-0.6763457013361545,False
2598,-0.8753968182547551,False
2599,1.5328604533578196,False
2600,-0.6641897893855914,False
2601,0.7690001142130304,True
2602,-1.5329662682116352,False
2603,-1.0833028255128654,False
2604,1.501363659772256,True
2605,0.7205608993976713,False
2606,-0.916092409076646,False
2607,-0.6974448272344653,False
2608,0.7721508883624087,False
2609,-0.6387035161078941,False
2610,-0.3952025995281043,False
2611,0.7406452541515949,False
2612,1.494805764878956,False
2613,0.6186100601888269,False
2614,-0.7426848993281372,False
2615,-0.950921098631567,False
2616,0.2750793230820098,False
2617,0.9036081723407255,True
2618,-1.2697147928368349,False
2619,0.275189250887864,False
2620,0.737264830635807,False
2621,0.7291351220654907,True
2622,-0.4052949428728194,False
2623,0.6903306140293625,False
2624,0.6666085876825701,False
2625,-0.3793457443485277,False
2626,-0.3222014546896063,False
2627,-0.4325149350720632,False
2628,-0.0411782888618257,False
2629,1.2107572248377476,False
2630,0.2907439167665946,False
2631,0.7623108673597642,False
2632,-0.7221812098073319,False
2633,0.8331127799262087,False
2634,0.4733549059303022,False
2635,0.0538843085740059,False
2636,-1.958265337191881,False
2637,-0.4655998225479731,False
2638,-0.1345166481355049,False
2639,-0.2375369678234626,False
2640,0.6750809903588603,False
2641,-1.1671457201141744,False
2642,-0.260088994562017,False
2643,0.3198473343734345,False
2644,-1.271035536230917,False
2645,1.2530887759670035,False
2646,0.2362055219567147,False
2647,0.6014985763653695,False
2648,0.7872650257972994,True
2649,1.501817963918043,False
2650,0.531242902856976,False
2651,1.1977628813823724,False
2652,0.5944741583395783,False
2654,-0.3614620365111499,False
2655,0.164735053398941,False
2656,0.5930677098627268,False
2657,0.6985422510523803,False
2658,-0.7056398611513938,False
2659,-1.2220130671828473,False
2660,0.1380801437791748,False
2661,1.0751850523207662,False
2662,-1.161245275033059,False
2663,1.4469957983533148,False
2664,-0.5253619980182922,False
2665,0.8839705651761958,True
2666,-0.6495118047088982,False
2667,-1.2180006970945327,False
2668,-0.1887586403188131,False
2669,0.6168694552915106,False
2670,0.6577156578245071,False
2671,-0.5620456226161474,False
2672,0.7486939957043777,True
2673,0.4615404416102645,False
2674,-1.3119312255687172,False
2675,0.9665159161151168,False
2676,-1.3649359401241958,False
2677,0.4296893310982695,False
2678,-0.4997820297031179,False
2679,-0.3603928397025133,False
2680,-0.8817191054381763,False
2681,1.7662450516225243,False
2682,0.4011165233537244,False
2683,-0.5822474486451062,False
2684,1.546222776630914,False
2685,0.6603215144498774,False
2686,-0.5134467725340974,False
2687,0.4784924787423387,False
2688,-0.9041310624724784,False
2689,0.7963417081419313,False
2690,-0.428573155701202,False
2691,-0.2107699386978856,False
2692,0.2732860286873434,False
2693,0.6917285617197154,False
2694,-0.6460822471305959,False
2695,0.4050371149376309,False
2696,-0.9562065705573416,False
2697,0.3836213882449747,False
2698,0.1976390743976596,False
2699,0.096459573071864,False
2700,1.1604953897400383,True
2701,-1.402159255843742,False
2702,1.3250666798593578,True
2703,-0.4251523499989396,False
2704,0.393479463347042,False
2705,-0.9836066044412484,False
2706,-0.7443514454646882,False
2707,1.4349578887712129,False
2708,0.0035222781018083,False
2709,1.0912237683131312,False
2710,0.7720711899704747,False
2711,0.6811166494014309,False
2712,-0.6413134297425798,False
2713,1.089086686447536,False
2714,1.3845673222197774,False
2715,1.2606367794656892,False
2717,0.8330952834013409,False
2718,-0.8971075657600689,False
2719,0.3313813253280671,False
2720,0.8772170565763193,True
2721,-0.6788520335867421,False
2722,0.7930685402723148,False
2723,-2.37019942394961,False
2724,-0.3023964284452322,False
2725,0.3630847366714506,False
2726,0.9279887349575522,True
2727,1.191053074317776,False
2728,-0.8256057904519258,False
2729,1.2171102338891893,False
2730,-0.9742587244313148,False
2731,-1.4598542025978989,False
2732,-0.7266218211302586,False
2733,-0.912705983963693,False
2734,-0.9642972128489506,False
2735,-0.8012925671615831,False
2736,-0.6028817779037878,False
2737,1.5715689088714593,False
2738,-0.2813487857471137,False
2739,-0.8924984724882673,False
2740,1.257086435639962,False
2741,0.4618334531233637,False
2742,-0.4043011346043727,False
2743,-0.4411360549581959,False
2744,-0.973033919783306,False
2745,0.9921211207628368,True
2746,0.542184921725122,False
2747,-1.0869222821443216,False
2748,0.8908970456789835,True
2749,1.8675251288422137,True
2750,-0.447188928637809,False
2751,0.4798170300908384,False
2752,-0.4131178889362712,False
2753,-0.358412809592443,False
2754,-0.190305533804347,False
2755,-0.1651678103101097,False
2756,-1.3290485109910988,False
2757,1.2004908345665906,False
2758,-0.4508094920400806,False
2759,0.6492272210960451,False
2760,-1.1468791700303913,False
2761,1.548174609725444,False
2762,0.3579763943446195,False
2763,0.0431312680733272,False
2764,1.1431488499112428,True
2765,-0.1504566014008974,False
2766,0.8421500105118656,True
2767,-0.6993042797080081,False
2769,-1.2453816227523506,False
2770,-0.0172929139069586,False
2771,0.7158980925949705,False
2772,0.2969632226003719,False
2773,1.5220734189782084,False
2774,0.53366145789448,False
2775,0.2539782963386773,False
2776,-1.1211429379572362,False
2777,1.5891669297271296,False
2778,1.0675315442601967,True
2779,1.7313138777634784,False
2781,0.2978093360771023,False
2782,-0.7285284096455472,False
2783,0.3728427485992849,False
2784,0.8593669394166088,True
2785,0.3332707587033005,False
2786,-0.796145311104314,False
2787,-0.3835076971386089,False
2788,0.6878842107970569,False
2789,0.8985056650032427,False
2790,-0.4100762332561425,False
2791,1.3613497754923776,False
2792,-0.8190147418598581,False
2793,1.1143716240036912,False
2795,-1.917442123872383,False
2796,-1.0182246832395907,False
2797,0.5875129200790459,False
2798,-0.7604772147902404,False
2799,-0.8373119195592615,False
2800,1.378100849430328,True
2801,0.4530655065221486,False
2802,-0.8827687728525926,False
2803,0.6754204010881917,False
2804,0.695121453339693,False
2805,0.8137261148597665,True
2806,-0.3003248535441631,False
2807,0.817152445900799,False
2808,1.5686310669259111,False
2809,0.8256711653830212,False
2810,-1.002065604761967,False
2811,0.3000130905209608,False
2812,1.262445445778042,True
2813,-0.0233749684899253,False
2814,-1.070517082614428,False
2815,-0.1606039112987043,False
2816,0.2572160124762868,False
2817,0.2101202985486521,False
2818,-0.2126296881236127,False
2819,-0.7001475000264825,False
2820,-2.065185266416462,False
2821,-1.221793249202628,False
2822,0.4470336240879418,False
2823,-0.0182199604608821,False
2824,1.453905988776682,False
2825,1.06538212627559,False
2826,0.0024433330896258,False
2827,1.120425755711141,True
2828,-0.6090805517781405,False
2829,0.7723185749992357,False
2830,-0.654193535045183,False
2831,0.5825302325247881,False
2832,-0.7943243644933553,False
2833,0.7144125190036216,False
2834,0.6601015941320577,False
2835,0.7504050852125952,False
2836,0.8924559340326701,False
2837,0.4790789214188085,False
2838,0.2818159602092029,False
2839,-0.9116073520789172,False
2840,-0.3313781337363748,False
2841,-1.9342683562499576,False
2842,1.1033216121512155,False
2844,-0.9390794655112292,False
2845,0.6125079311545517,False
2846,-0.7768896279844315,False
2847,-0.5326698980472877,False
2848,0.6265522053536123,False
2849,-0.8426383164240971,False
2850,-0.0332475309125657,False
2851,-0.2754278007281912,False
2852,-1.01171889080153,False
2853,-1.0239857560515144,False
2854,1.1445803448705134,False
2855,-0.4875200175897281,False
2856,0.5286466051434625,False
2857,-0.5379135046330972,False
2858,-0.9879736172952284,False
2859,-0.3595214812712599,False
2860,-0.6492293030643068,False
2861,-1.1016293394563836,False
2862,-0.9154118634649078,False
2863,0.7757759865953233,True
2864,1.4568021386987524,False
2865,0.6534905869311763,False
2866,1.341957113941376,False
2867,1.5401736965594828,False
2868,-0.6322134889238706,False
2869,-0.6973218094054243,False
2870,0.4721213692051699,False
2871,0.9154497906963196,False
2872,-1.092176889872898,False
2873,-0.9359639814457756,False
2874,1.8231521877309875,True
2875,1.5947347990162646,False
2876,0.050838599577683,False
2877,1.366756099132348,False
2878,-0.7233502830155834,False
2879,-1.201669664509046,False
2880,-0.713974259097473,False
2881,-0.1586908353420513,False
2882,-0.6982673107957975,False
2883,0.0277926043873593,False
2884,-0.5634862410446912,False
2885,0.5530766338000515,False
2886,0.5789330247744882,False
2887,0.2111650596215048,False
2888,0.8859265089248867,False
2889,1.0424800586537777,False
2890,-0.7755015469280109,False
2891,0.1967158341942788,False
2892,1.253803571750992,True
2893,0.0473082328838831,False
2894,1.202281556957561,True
2895,-0.2042439208441677,False
2896,0.361919367538229,False
2897,1.0151760707763473,False
2898,0.4910207243592182,False
2899,0.4854279511535235,False
2900,0.3675699979722937,False
2901,0.8531345680311899,True
2902,-0.7806378432376917,False
2903,0.6955146403926878,False
2904,0.3136281923373889,False
2905,1.1999547181117285,False
2906,0.417346059861147,False
2907,-0.5517935783823402,False
2908,1.1525266039682878,False
2909,0.5458457960709012,False
2910,1.3425201857238294,False
2911,-0.6581892079453338,False
2912,0.2879849271354091,False
2913,-0.6977364509278966,False
2914,0.950270078119252,False
2915,0.8732403751116139,True
2916,0.3805270824825499,False
2917,-0.7498906009206289,False
2918,-1.2018642556920414,False
2920,-1.716243060494951,False
2921,-1.061394903146846,False
2922,-0.6689098030704729,False
2923,-0.7735802392231628,False
2924,-1.1819181729896373,False
2925,0.4858398480977896,False
2926,0.4921126837024669,False
2927,0.3415250495492694,False
2928,0.7146784492232297,False
2929,1.7260096344353302,False
2930,1.7601877087455409,True
2931,-0.5718394389437937,False
2932,0.5714866270379246,False
2933,0.604718836913091,False
2934,0.9452759537825548,False
2935,1.2715522871824818,False
2936,0.857188374016043,False
2937,1.387327823590777,True
2938,-0.3816473804034914,False
2939,-0.4819883998552402,False
2940,-0.6981728443694477,False
2941,-1.3245126429320762,False
2942,0.178380977152931,False
2943,-0.5549745806895481,False
2944,-0.1134366577746588,False
2945,-1.2142932311467611,False
2946,0.091668725078922,False
2947,0.5682324936763304,False
2948,-0.4004586301868332,False
2949,1.0958402668472471,False
2950,0.9179015914756766,False
2951,0.6601085207387063,False
2952,1.3820885340585125,False
2953,-0.4340685601561995,False
2954,1.136171053063165,True
2955,0.2772881886771283,False
2956,-0.4967629682865258,False
2957,-0.4824801428424377,False
2958,1.3293355537254612,False
2959,0.6281651491662044,False
2960,-0.7293139917116234,False
2961,0.4623311004939643,False
2962,-1.1152019127088797,False
2963,0.4979634362059438,False
2964,-0.9207608668116164,False
2965,-0.3392019565239142,False
2966,0.8800263716923027,False
2967,-0.9769742352312548,False
2968,-1.535581839756925,False
2970,0.4959849719506548,False
2971,-1.9654388876586228,False
2972,-0.563715835257816,False
2973,0.0066931267266759,False
2974,0.9651727907736074,False
2975,0.9149416313155287,False
2976,-0.7547777708525181,False
2977,1.1771387785094618,False
2978,-0.7790732256681165,False
2979,-1.1624235280954005,False
2980,-0.9668273792015252,False
2981,-0.983426096001088,False
2982,-0.2234814923761945,False
2983,-0.6619255951250315,False
2984,-0.8247077698949408,False
2985,-0.3501413249769098,False
2986,-0.6316383090769313,False
2987,-1.206142621353988,False
2988,1.2259637645269927,False
2989,0.3458397587085647,False
2990,0.8550522149394092,False
2991,-0.3316409712184172,False
2992,0.8544987763627045,False
2993,0.558027068329892,False
2994,0.5319868736808128,False
2995,-0.0729040966983397,False
2996,-0.3980403424676965,False
2997,-1.1773476269900347,False
2998,-0.4007651217268253,False
2999,-0.4930569430279754,False
3000,0.1544216351025226,False
3001,-0.2981171769479692,False
3002,-0.1955447367243901,False
3003,-0.7836615893557877,False
3004,-0.7162675173122869,False
3005,-0.7211326080452081,False
3006,0.277667009034876,False
3007,0.8220831285557355,False
3008,-0.2238670007935594,False
3009,0.4426360464058405,False
3010,1.4531095841993131,False
3011,0.7822889098763303,False
3012,-0.5027309009239529,False
3013,1.181062289756403,True
3014,-1.0506587415469673,False
3015,1.0417549096160723,False
3016,1.949928268744994,True
3017,-0.6172716525150765,False
3018,-0.0149532998220096,False
3019,0.7503794457782739,False
3020,1.4567915067583568,False
3022,-0.3853164591643889,False
3023,-0.5417268188894201,False
3024,1.011821471283756,True
3026,-0.7007005669889639,False
3027,-0.8067349153936954,False
3028,0.0026393291030738,False
3029,0.5235397007570743,False
3030,-0.6381716917787313,False
3031,0.1571853184475281,False
3032,0.2250783950880956,False
3033,-0.2099376430513558,False
3034,-0.1074037828805138,False
3035,1.066004417014825,False
3036,-1.0792514825152049,False
3037,1.3950961402521054,False
3038,-0.816602644503158,False
3039,0.5581494870574706,False
3040,0.4960493838440379,False
3041,-1.1325517263442482,False
3042,-0.9134460582453858,False
3043,1.6018408583713466,False
3044,-1.325428570122099,False
3045,-0.5753247075290779,False
3046,0.973277874124826,False
3047,0.4193954282579586,False
3048,-0.9116523361319616,False
3049,0.5943473867211884,False
3050,-0.0875788567179184,False
3051,-0.4247958141874015,False
3052,0.7177890840914742,False
3053,0.7894138589714144,False
3054,0.2884825897448278,False
3055,-0.941623949207959,False
3056,0.8646475791554302,True
3057,1.0727445241269946,False
3058,-0.6399056877823517,False
3059,1.2102555175343543,False
3060,-1.219886867426558,False
3061,-0.2624252362046967,False
3062,-1.1677120263022416,False
3063,-0.4579409088282393,False
3064,0.0356803469222886,False
3065,-0.8691049466552295,False
3066,0.3982006459614049,False
3067,1.134820011663042,False
3068,-0.7515792863019921,False
3069,0.6227352603988063,False
3070,0.7585954332137259,False
3071,-0.4462677020399019,False
3072,-0.0024721849770189,False
3073,-0.7276780383248206,False
3074,0.5628489094403133,False
3075,0.6246578210606257,False
3076,-0.6465420782021156,False
3077,0.9516201326833622,False
3078,0.3717502904448174,False
3079,0.5553645901189277,False
3080,1.5670712632373387,False
3081,0.5270578554038885,False
3082,-0.7086015263296007,False
3084,1.0060164477156404,True
3086,-0.449179930193226,False
3087,0.3738852133906118,False
3088,-1.0545559192136638,False
3089,0.2450639721576204,False
3090,-1.3134362291144337,False
3091,-0.841589013594985,False
3092,0.1742890586748103,False
3093,0.7775314716152366,False
3094,0.1258356026156321,False
3095,-1.1253849100085656,False
3096,0.3506013339959366,False
3097,-1.30313023610032,False
3098,-1.1150620941227816,False
3099,1.0492977802481676,True
3100,-1.4041329938461908,False
3101,-0.5742354842877344,False
3102,0.2008541458723484,False
3103,-1.5707633509523684,False
3104,-0.4381750548858225,False
3105,-1.0614904307940511,False
3106,0.491363725393841,False
3107,-0.5256816210565955,False
3108,0.7410965956052287,False
3109,-0.6680271035637942,False
3110,-0.6425508811010614,False
3111,1.3279742332890208,True
3112,1.2710242775928289,True
3113,0.762891693773009,False
3114,0.7738730752361365,False
3115,1.0965183821874582,True
3116,1.0295637860363454,True
3117,-0.4564073331198794,False
3118,0.0253330205277437,False
3119,-1.236000765736684,False
3120,-0.8864654211144726,False
3121,-1.3312347446893833,False
3122,-0.3230810900340763,False
3123,0.0225829430143345,False
3124,-1.0848035951534472,False
3125,-0.0340198387716019,False
3126,0.6909511002361758,False
3127,-1.188931343107766,False
3128,0.7536503578264012,False
3129,-0.0164073851840927,False
3130,-0.6527230739737386,False
3131,-1.0349325507676923,False
3132,-0.4652898522270144,False
3134,0.4526599111242809,False
3135,-0.100139974011404,False
3136,0.0220493641441617,False
3137,1.3980783909181622,False
3139,0.214092275439324,False
3140,-1.8480714407549583,False
3144,-0.4667629313292579,False
3145,-0.0315856356115475,False
3146,-0.4134707665787198,False
3147,-0.1443193415780723,False
3148,1.262256483520288,False
3149,1.0192187373795916,False
3150,0.7939477571389262,True
3151,-0.1069990093856541,False
3152,0.4171971982192631,False
3153,-1.1002453808004813,False
3154,0.4923987832418608,False
3155,-1.3227424291448249,False
3156,0.9675439214584908,False
3157,0.8025120695295342,False
3158,0.9630730965677304,True
3159,-1.149336257584062,False
3160,0.0520539957254435,False
3161,-1.0339316611963545,False
3162,-0.8736950348840904,False
3163,-0.9893289199538156,False
3164,1.7418729493388558,False
3165,0.5489548928779826,False
3166,0.6031633550120894,False
3167,-0.4348156631025219,False
3168,0.7801823333081382,False
3169,0.6489579559978232,False
3170,-0.920178777114068,False
3171,-0.9385499911182064,False
3172,-1.5485740181825836,False
3173,-0.4202374888257069,False
3174,-0.2119014840875095,False
3175,-0.794296700208101,False
3176,-0.3598982081781412,False
3177,-1.3021482140472318,False
3178,-0.4202892205730611,False
3179,-0.3429152432707152,False
3180,-0.0599427235601375,False
3181,-0.5445871622906566,False
3182,0.2880766215550769,False
3183,-0.7722605859723188,False
3184,0.4612814978779367,False
3185,-0.3794206137337531,False
3186,-0.7853373258488342,False
3187,0.2446129915901243,False
3188,-0.833008702725772,False
3189,-0.2557637953171068,False
3190,-0.4185609191628183,False
3191,-0.8650049414134623,False
3192,1.6196116040149922,False
3193,-0.960229403482998,False
3194,0.6081325090176245,False
3195,1.5758393300727676,False
3196,-0.8338970601760748,False
3197,0.454402723346665,False
3198,0.8136842115278842,False
3200,0.4474645921993099,False
3201,0.0088487980544114,False
3202,-0.981160739520627,False
3203,0.5247517757966171,False
3204,0.4133925539597257,False
3205,-1.132831270079864,False
3206,0.0609175001413663,False
3207,-0.2485650836682202,False
3208,0.4978788214127196,False
3209,0.3716546596736202,False
3210,1.1882572463577603,False
3211,-0.6050253676237346,False
3212,-0.4874780171820043,False
3214,0.7327083053787242,True
3215,-0.6781542229053215,False
3216,-0.6799779010868477,False
3217,-0.7242995470620225,False
3218,-0.8082281643927589,False
3219,0.6079068040805303,False
3220,1.1724644055632365,False
3221,0.4869027956436383,False
3222,-0.8211923757445745,False
3223,-0.6904035797092509,False
3224,1.5436101283694674,True
3225,0.6718793229081457,False
3226,0.7112189051027659,False
3227,-0.1230176588296884,False
3228,1.7612526914644304,True
3229,-0.8657073047870929,False
3230,-0.2431967842036562,False
3231,-0.5003965699430022,False
3232,-0.389164447464975,False
3233,-0.9076157962564512,False
3234,0.4612904881700975,False
3235,-0.2039249915723955,False
3236,-0.0620425752892488,False
3237,-1.1387328284555835,False
3238,0.813273123182597,False
3239,-0.7068470803012363,False
3240,0.7737300822196934,False
3241,0.9947079982016904,False
3242,1.6291516221508506,False
3243,-1.0993157359805883,False
3244,-0.5242198208622383,False
3246,-0.663759506960265,False
3247,0.7178191023618052,False
3248,1.273827706114647,False
3249,1.6787264209607853,False
3250,1.57756344757167,False
3251,0.4460280359630104,False
3252,-0.9948357392207838,False
3253,-0.8821837386899034,False
3254,0.7535952269620728,False
3255,0.1890676335183918,False
3256,0.5939015429641814,False
3257,1.4681609062261507,False
3258,-1.1881457124606278,False
3259,0.7711618250566944,True
3260,-0.6460158928170484,False
3261,0.7570493810407105,False
3262,1.3930059523384504,True
3263,0.9817276907995724,False
3264,0.6895113084511127,False
3265,-0.9450639338532414,False
3266,0.8623290320962147,False
3267,-0.195593837370733,False
3268,0.2226994809420891,False
3269,-1.1380784808606228,False
3270,0.8949212855800674,False
3271,-0.9354890061575863,False
3272,-0.1631679248574673,False
3273,-1.0066565537560113,False
3274,1.0669574054142958,True
3275,-0.8256112727552198,False
3276,0.7512508351225518,False
3277,0.7099062688227729,False
3278,-0.815924047087647,False
3279,0.57920445511527,False
3280,0.7765554976674072,True
3281,1.5602028491856816,False
3282,0.4675126652651518,False
3283,0.1883737033477709,False
3284,0.1901400999128911,False
3285,-0.5007407172706675,False
3286,-0.4218177242937272,False
3287,-0.1892093907430718,False
3288,-1.208668678507646,False
3289,-1.2835863511022092,False
3290,-0.3103462658304847,False
3291,-0.1283417331842291,False
3292,-1.3159542293375783,False
3293,-0.9584617391119632,False
3294,-0.2439557657428177,False
3295,1.0704639478664224,False
3296,0.8846069189929274,False
3297,-0.5569480172745986,False
3298,-0.6714839401091934,False
3299,0.6450267490589434,False
3300,0.1171871139736235,False
3301,0.8750256284752636,True
3302,-0.3532862233893787,False
3303,1.0568170268388073,False
3304,0.7837879407670986,False
3305,-1.3755505063211655,False
3306,0.5474596933743974,False
3307,-0.3854554352932411,False
3308,1.550800825928369,False
3309,1.3719001770045232,False
3311,0.4049483915859947,False
3312,1.424120636886557,False
3313,-0.592707853330152,False
3314,0.7346332176544426,False
3315,1.556501099908063,False
3316,1.1201770218810634,False
3317,0.1280960789977939,False
3318,-0.0954139471257674,False
3319,0.6215746533816854,False
3320,-1.185042811850225,False
3321,0.7116305027895884,False
3322,-0.5785454796185524,False
3323,-0.2886283160811991,False
3324,-1.2375282360550883,False
3325,1.0125487578826462,True
3326,-0.914827887756464,False
3328,-0.5284860370994101,False
3329,0.2203300138150873,False
3330,0.7098638320182294,False
3331,0.3528732938075862,False
3332,0.3328713696470989,False
3333,-1.0867913138997118,False
3334,0.739843954961087,False
3335,0.7719438152732059,False
3336,0.278055925380714,False
3337,0.6128358083076139,False
3338,-0.8796757841039307,False
3339,1.2300772570943947,True
3340,-0.6570128074833474,False
3341,-0.7005229769041426,False
3342,-0.0330754349016897,False
3343,-1.1075386289241635,False
3344,0.5573337958780603,False
3345,-0.9141268091108246,False
3346,-0.1893070637308336,False
3347,-0.5886337726639654,False
3348,0.0724272383246004,False
3349,-0.3883455064091861,False
3350,0.4664256397605114,False
3351,0.7746329812180421,False
3352,0.4477510869834929,False
3353,-0.8606171647969125,False
3354,0.835295670324909,False
3355,0.1740323810512669,False
3356,-0.5374660841506504,False
3357,-0.5688176155096759,False
3358,0.4344237879028694,False
3359,1.1703663309733692,False
3360,0.5556836237047118,False
3361,1.7060799953800554,False
3362,0.9776747260632764,False
3363,1.4517682432209444,False
3364,1.417881629408483,True
3365,0.0855311899967012,False
3366,0.4882292099501018,False
3368,-0.2807780048455379,False
3369,0.6804661587787413,False
3370,0.058307271947793,False
3371,-1.0573853451025228,False
3372,0.4511483402223539,False
3373,0.4665537213640852,False
3374,0.2865522648633104,False
3375,-0.9296112133892176,False
3376,0.9803013897398892,False
3377,-0.1602404351505434,False
3378,-0.4068715566519619,False
3379,-0.3841132586522109,False
3380,0.4783991444944674,False
3381,-0.8374894205622603,False
3382,-0.6741393746877259,False
3383,-0.2020145781925177,False
3384,-0.1428790641172573,False
3385,-0.2188346722519234,False
3386,0.2169031486042105,False
3387,-0.9253165925936152,False
3388,-0.4774665491734885,False
3389,0.9233316798815404,True
3390,-0.1858348161904204,False
3391,-0.8603324247098407,False
3392,-0.6800799151059447,False
3393,-0.5412388567991095,False
3394,-0.2021062481836295,False
3395,-1.304189269589757,False
3396,-0.219850608243199,False
3397,-0.5543671899376624,False
3398,0.7386467838415853,False
3399,-0.9257313822469057,False
3400,-0.1669416648748705,False
3401,-0.8888881464388017,False
3402,0.3616036114104915,False
3403,-0.3587534977107249,False
3404,0.6302392621830798,False
3405,1.373205763063336,False
3406,0.7574558476827834,True
3407,0.6270161822769336,False
3408,-0.759612884476204,False
3409,0.4228192514254275,False
3410,-0.2464636728394016,False
3411,0.4377783175345132,False
3412,-0.6772213013959376,False
3413,0.3719861191334711,False
3414,1.421901123574731,False
3415,0.7832960366702516,False
3416,-1.4307108979948628,False
3417,1.1149836612311173,False
3418,0.7666651576467656,False
3420,0.2175436884181854,False
3421,0.2706858636122279,False
3422,0.5532162316718648,False
3424,1.0421922485568955,False
3425,-0.9522095413872028,False
3426,0.8866415712047311,False
3427,0.2303027939873767,False
3428,0.7168134166370312,False
3429,0.7326756133327867,True
3430,0.4557597594139149,False
3431,-0.8348748924996923,False
3432,-0.210367121430948,False
3433,-0.914847448453984,False
3434,1.7076821900304298,False
3435,-0.5121387743156618,False
3436,-0.2059300113780144,False
3437,-0.9060769882252416,False
3438,1.6223941702758762,False
3439,1.6963124341707734,False
3440,0.6604962279077637,False
3441,0.4105254268191711,False
3442,-0.7087565528566537,False
3443,-0.9975350841252304,False
3444,0.3512940048599685,False
3445,0.4205828164744633,False
3446,-0.4669124572003809,False
3447,-0.2348878471131261,False
3448,1.0426570835901194,False
3449,-0.2325401953814263,False
3450,0.7661277875931699,False
3451,0.3368090366727571,False
3452,-0.1617201139938939,False
3453,0.0759153839926989,False
3454,-0.6287384050807225,False
3455,-0.3082333155063985,False
3456,-1.1940608125758685,False
3457,1.5484597893400798,False
3458,1.6816630466890066,False
3459,-1.3768904289937738,False
3460,-0.5975458527248675,False
3461,0.5921850554695812,False
3462,-0.320594483780207,False
3463,0.0529048516429162,False
3464,-0.5104968286116864,False
3465,0.4783937526077649,False
3466,-0.420666890837459,False
3467,0.832244617819228,False
3468,-0.904463577683404,False
3469,1.2588556304652334,False
3470,-1.3151847322839294,False
3472,-0.568864766465007,False
3474,-0.2504226129468869,False
3476,-1.3545241742830785,False
3477,0.6043610090935365,False
3478,-0.2655601882278088,False
3479,0.3186341433796065,False
3480,0.7134543239754217,False
3481,0.0187145342128353,False
3482,0.9079023203346868,False
3483,-0.1404032269263599,False
3484,-0.9423844774313016,False
3485,-1.5191516691394118,False
3486,0.455942905877025,False
3487,-0.3831518959404945,False
3488,-0.8991109072180297,False
3489,-1.118137038486288,False
3490,-0.523210432210664,False
3491,-0.7570769673881768,False
3492,0.5940933845842262,False
3493,-1.2900515189105586,False
3494,-0.9832864786050616,False
3495,-0.4678154113132891,False
3496,0.7442108702294846,False
3497,-1.0237573159616074,False
3498,1.300693173075706,True
3499,-0.6703496780538805,False
3500,0.5300493024081405,False
3501,-0.6186937997955587,False
3502,-0.4386253933656767,False
3503,-0.1760169103939418,False
3504,-0.1254999484433459,False
3505,-0.7907030997617249,False
3506,-0.8230220688406154,False
3507,-1.348324900365588,False
3508,0.5262292861247091,False
3509,0.5249476801592802,False
3510,-0.1292260777488317,False
3511,-0.9659105445233638,False
3512,0.6915317602922302,False
3513,-0.243726334371106,False
3514,0.897939593167355,False
3515,-0.7893474241924913,False
3516,1.3215640340040289,False
3517,0.3866905360504615,False
3518,0.0119406809929335,False
3519,-0.6235353672491469,False
3520,0.4410565697489312,False
3521,1.4166272464300331,False
3522,0.9963143006245012,True
3523,-0.0601122719464278,False
3524,-0.8055401602902165,False
3525,-1.3497660165268952,False
3526,-1.3704211300540543,False
3528,0.0533187431718785,False
3529,-0.5957531614651093,False
3530,-0.5264982631711355,False
3531,0.7475318291858093,False
3532,0.5733671027733924,False
3533,0.6325452892315404,False
3534,0.8800180096428931,False
3535,-0.5131261708022679,False
3536,-0.7657757786814812,False
3537,-1.5029898425607833,False
3538,0.7181812713224387,False
3539,-0.8940886221808876,False
3540,-0.6676111115380475,False
3541,-0.8117649408380465,False
3542,1.698108917511651,False
3543,0.5222534150639416,False
3544,0.3872084624087346,False
3545,-0.8168908813980817,False
3546,-1.1184070186248765,False
3547,-0.4960642998917888,False
3548,0.1472772915913963,False
3549,-0.1911360298064585,False
3550,-1.566292655172628,False
3551,-0.4216142197446086,False
3552,0.3429233561548784,False
3553,-0.8691684631556946,False
3554,0.5958073692097937,False
3555,-0.6717843603531368,False
3556,-0.4442744786650372,False
3557,-0.092403907561301,False
3558,-1.1225339804773342,False
3559,-0.8561499633027021,False
3560,0.1432887076625579,False
3561,1.5672025282755078,False
3562,0.3275496065025345,False
3563,-0.8244795027026398,False
3564,-1.3095445169062043,False
3565,0.1677055071977118,False
3566,-0.0185036769469025,False
3567,0.0185519105093849,False
3568,-0.3040959328224448,False
3569,0.6779745783022287,False
3570,-0.6475671601287168,False
3571,-0.939183616748065,False
3572,0.3107452059683457,False
3573,1.2262845046479631,False
3574,0.3398937067708034,False
3576,-0.9099402971432816,False
3577,1.337220372476695,False
3578,-0.199418868765441,False
3579,1.0348563877185424,False
3580,0.6408821280250468,False
3581,0.7612593048709344,False
3582,-0.5765170711264708,False
3583,-0.7685867203866954,False
3584,0.9500079300127512,False
3585,-0.7233643129731353,False
3586,0.3495899155810465,False
3587,-0.691299041488769,False
3588,-0.3020956344566228,False
3589,-1.1263212334431825,False
3590,1.7969755373592495,False
3591,-0.8394820487274381,False
3592,-0.9176740301395104,False
3593,-0.823315457259311,False
3594,1.5901311683574173,False
3595,-0.6944851588790133,False
3596,0.3854389884666832,False
3597,-0.7656807037206453,False
3598,-0.5443976356828024,False
3599,0.6546788033566026,False
3600,1.6565062697604436,True
3601,0.7725142591781733,False
3602,0.4336258423314932,False
3603,-0.7554434684030844,False
3604,0.1598314989474776,False
3605,-0.379150613784202,False
3606,0.4926997799608882,False
3607,-0.4748764013399399,False
3608,-0.3268486297258348,False
3609,-0.1479575457395623,False
3610,-1.1010504548404167,False
3611,-1.6043579733624973,False
3612,0.2289272482872785,False
3613,0.1920834646530453,False
3614,0.4270979484149116,False
3615,-0.5198957061396934,False
3616,-0.7143371176312396,False
3617,1.1029171120313568,True
3618,0.4323293044000476,False
3619,0.7405599821175222,False
3620,-0.2804749881053658,False
3621,0.6454647119655285,False
3622,-0.4827187901015695,False
3623,-0.8907596921775786,False
3624,0.3999882560276909,False
3625,1.564710746520642,False
3627,-0.6754477400546748,False
3628,-0.3657448215912044,False
3629,0.8163428274509229,False
3630,-1.3733675688952964,False
3632,-0.8065669268877045,False
3633,-0.576482752467173,False
3634,-0.309514634109608,False
3635,0.6444039091571973,False
3636,0.6191654460749503,False
3637,-1.3621495582929617,False
3638,1.4837194934616436,False
3639,-0.9810905193428412,False
3640,-1.0455450731671792,False
3641,-0.9525100567868656,False
3642,-0.5784362881596745,False
3643,1.612930559981694,False
3644,-0.4160147807555693,False
3645,-1.3728408998469424,False
3646,0.6791694038936622,False
3647,-0.5905772518490569,False
3648,0.3289232149078943,False
3649,-1.1143864191870403,False
3650,-0.7778505522864316,False
3651,-0.9084767618729928,False
3652,1.2249857655620957,False
3653,0.8839390046314102,False
3654,-0.5864410031152988,False
3655,-0.6207899605420981,False
3656,-0.4045473121077333,False
3657,0.1795886308952801,False
3658,0.6979851168601512,False
3659,0.207605453155999,False
3660,-0.3791676912225465,False
3661,-0.9698665391016398,False
3662,-0.0715897569886789,False
3663,1.385279112365752,False
3664,1.4782776329985288,False
3665,0.8787795354661295,False
3666,0.9211073732732772,True
3667,0.8131462678767026,False
3668,-0.4994352475034376,False
3669,0.242755036731441,False
3670,-1.0783039112990498,False
3671,0.6108568723556868,False
3672,0.5376723362097072,False
3673,-0.6290364672595166,False
3674,-0.7393448243074844,False
3675,1.6626818872059284,False
3676,1.4634957290269583,False
3678,0.8602068260378963,False
3679,-0.737611830215612,False
3681,0.9822407551091334,False
3682,0.3841084415660712,False
3683,-1.0328660021397569,False
3684,1.1295098588327732,False
3685,-0.1588470148563555,False
3686,0.9701548128837928,False
3687,0.7908026753411979,False
3688,-0.607924648129191,False
3689,1.6524162881332154,True
3690,-0.5937127557352313,False
3691,0.7417642596733779,False
3692,-1.2119804786510369,False
3693,-1.0476084384215203,False
3694,-0.5271846848936134,False
3695,-0.8869509410412295,False
3696,-0.9152861418706862,False
3697,-0.7652769556852559,False
3698,0.4895712875490536,False
3699,-0.4428587330723664,False
3700,-0.6107257858548325,False
3701,-0.9272995094165924,False
3702,0.8442906419618708,False
3703,0.4214344010784682,False
3704,-0.9698570485084476,False
3705,-0.7274087225408951,False
3706,0.5640742684415759,False
3707,-1.0704696054843068,False
3708,-1.0947721528256724,False
3709,-0.5236217423382605,False
3710,-0.4320155459513644,False
3711,-0.4874474522742005,False
3712,-0.5583631906488721,False
3713,0.1430717854573034,False
3714,0.7326096808848076,False
3715,-0.6776815347611738,False
3716,0.6658159090957697,False
3717,0.105305257437598,False
3718,-0.3952460706940057,False
3719,0.4408952161604358,False
3720,1.4391594367113825,False
3721,-0.2829911825531426,False
3722,-0.6507268703155091,False
3723,0.8710735565364345,False
3725,-0.1661173174931725,False
3726,1.6945029266626748,False
3727,-0.7879286512342387,False
3729,-0.3106337853679931,False
3730,0.464209950164171,False
3731,0.9054024699700772,False
3732,1.0153350016023035,True
3733,0.6598646827115406,False
3734,0.7824369473774195,False
3735,0.8932530402283319,False
3736,-0.4359424740989144,False
3737,0.8468506867960165,False
3738,-0.9059249401164065,False
3739,-0.9013583353094144,False
3740,-1.2766032034517247,False
3741,-1.2955151987048366,False
3742,-0.560064039021178,False
3743,-0.809126252358402,False
3744,0.7046709758790409,False
3745,-0.5124033839225552,False
3746,0.4956077106487396,False
3747,-0.4852612635683291,False
3748,-1.0022367371226282,False
3749,1.7788078150358737,False
3750,1.8276949779702312,False
3751,0.8798504319846361,False
3752,-0.9535693373131608,False
3753,-0.0148478658363724,False
3754,-0.1851438341470124,False
3755,-0.4099493514365795,False
3756,-0.7565533464518288,False
3757,-0.1471575742961323,False
3758,-0.0918241723639203,False
3759,-0.9383276204395846,False
3760,-1.1997006919101296,False
3761,1.4020210746702668,False
3762,-0.0879056614637289,False
3763,0.5839893747156627,False
3764,0.2982163596756828,False
3765,0.9965301602937688,False
3766,1.6468778356128824,True
3767,-1.1847958335068598,False
3768,0.6009052348041237,False
3769,0.4911824806480381,False
3770,-0.7239317762146995,False
3774,1.2585754029809828,False
3776,-0.6180537578849244,False
3777,-1.4119972693463143,False
3778,0.1079488458141857,False
3779,0.945732503840848,False
3780,0.9680456118620132,True
3781,0.4326325874587737,False
3782,0.4343558623998333,False
3783,1.299302768835978,False
3784,-0.7404934482951039,False
3785,-0.6822517319185142,False
3786,-1.0248388313925545,False
3787,-0.3143491735227535,False
3788,-0.9622802091907232,False
3789,-1.3389269144945484,False
3790,0.2051116647445842,False
3791,-0.5796928700739423,False
3792,-1.206832228163292,False
3793,-0.5549057814976057,False
3794,0.9259794745673756,True
3795,1.8124615285878456,True
3796,0.5514534076455657,False
3797,-1.301390217350499,False
3798,-0.8359944135932282,False
3799,-0.7575878849459368,False
3800,-1.12602495782335,False
3801,-0.4777254505316879,False
3802,0.8617736864910668,False
3803,-0.7653970145248292,False
3804,-0.794258124538233,False
3805,-0.3017221018628966,False
3806,0.1917654914253164,False
3807,0.7563825986196324,False
3808,-1.5573991417034057,False
3809,0.2488315304539277,False
3810,0.6521236025934845,False
3811,0.000169510677737,False
3812,-0.8254484323801701,False
3813,0.7238411589116469,False
3814,0.8576659320791479,False
3815,-0.9411727455509468,False
3816,1.374956872236539,False
3818,0.6757558873601963,False
3819,0.0431061084041743,False
3820,-0.5737987391284818,False
3821,-1.0266691692764802,False
3822,0.5853155315784331,False
3823,0.5520325384435574,False
3824,0.69279321071542,False
3825,0.6594389381672288,False
3826,0.8489353601359051,False
3827,-0.9518173727680324,False
3828,1.5709517460840865,False
3829,-0.6929151842826058,False
3830,-0.8390310054852015,False
3831,-0.593526804929621,False
3832,-1.074891273845533,False
3833,-0.5820530764071745,False
3834,-0.071377846933877,False
3835,-0.8701071153688176,False
3836,0.7439600031367991,False
3837,-1.0572321548147854,False
3838,-1.1892833853425222,False
3839,2.0309826823085397,True
3840,0.5481878885201796,False
3841,0.5368822491988018,False
3842,-1.4117619625069515,False
3843,-0.4840759965165111,False
3844,-0.8017492757396701,False
3845,-0.5779636554659513,False
3846,-0.1931255560913705,False
3847,-0.665665269235538,False
3848,0.1193984351351166,False
3849,-1.1921001243133311,False
3850,-0.2943961215662598,False
3851,0.5985327722031325,False
3852,0.7868936420915879,False
3853,1.3793644203864766,True
3854,0.561689754075466,False
3855,-0.2869106519310787,False
3856,-0.1988950266848769,False
3857,-0.6071720373203816,False
3858,0.587626100885709,False
3860,-0.9761317509884824,False
3861,0.9212161719767012,False
3863,0.2534857505533601,False
3864,-0.1106720721155125,False
3866,-0.3087155394953085,False
3867,-0.7986884744745143,False
3868,-0.2830098413264383,False
3869,-0.6811320696608355,False
3870,0.4392545000036902,False
3871,-0.3141061934160922,False
3872,-0.4757381022379937,False
3873,0.7835113306640175,False
3874,-0.7791654513682715,False
3875,-0.1116602351010756,False
3876,-0.8312906406757283,False
3877,-0.8671228573063694,False
3878,-0.3105697710738584,False
3879,-1.1293582478234776,False
3880,-0.896367114875225,False
3881,-0.5912034956164127,False
3882,-0.2621191370526458,False
3883,-1.3163995344452593,False
3884,0.3342941679664971,False
3885,0.5200379033240392,False
3886,0.8658614143355956,False
3887,-0.067467759004664,False
3888,-0.5811756693585841,False
3889,-1.1504156417191431,False
3890,0.0537783312350861,False
3891,0.1011448201133187,False
3892,0.0102800902257,False
3893,-0.3642579075381558,False
3894,-0.3671202681311611,False
3895,-0.5635463882838767,False
3896,0.3497564069139879,False
3898,-0.8711771398113786,False
3899,0.5665397560652059,False
3900,0.2226953332515179,False
3901,-0.9668416360505752,False
3902,-0.3204674581381428,False
3903,-0.7711163788427351,False
3904,0.5877953554002423,False
3905,-0.538590567364478,False
3906,0.3848884383226105,False
3908,0.8047141093018632,True
3909,0.8009284340712377,False
3910,-0.530792154786776,False
3911,1.7066585713545102,False
3912,0.8266614535845289,False
3913,-0.6140302925636318,False
3914,0.6684459882442848,False
3915,0.8695724296239341,False
3916,0.5585131918848725,False
3917,1.356003549759964,False
3918,-0.7679613331493917,False
3919,-0.4411157240109252,False
3920,-1.268033496148958,False
3921,-0.486984552720305,False
3922,-0.6461200825050525,False
3923,-0.8983004176641898,False
3924,1.6776433809657112,False
3925,-0.5102292835140262,False
3926,-0.7654073733874979,False
3927,-0.6868125904672155,False
3928,0.6607741314800841,False
3929,0.7727420865508247,True
3930,0.821292297914386,False
3931,0.6731266439557593,False
3932,-0.9421185064978816,False
3933,0.4572931308500705,False
3934,-1.0110140653083133,False
3935,-1.2079423049268925,False
3936,-0.0408762047865308,False
3937,-0.6304622356467342,False
3938,-0.4986284284478484,False
3939,-0.7198358803070943,False
3940,1.4912527907779976,False
3942,-0.590575706515018,False
3943,0.4979594150337079,False
3944,1.151700284088394,True
3945,1.0282121621224811,True
3946,0.428961321509714,False
3947,0.585862074246337,False
3948,0.7244872889560272,False
3949,-1.1774396143250507,False
3951,0.8911527832302164,False
3952,0.331789119484577,False
3953,-0.3311676908534855,False
3954,-0.3149795459987246,False
3955,0.7912423209398282,False
3956,-1.4404880978675598,False
3957,0.4022282703661851,False
3958,-0.7230516819247577,False
3959,0.3492990239624498,False
3960,0.458597700335422,False
3961,-0.7067185508754474,False
3962,-1.3345764532484583,False
3963,-0.9042328991643712,False
3964,-1.1464985930494014,False
3965,-0.9254599603873296,False
3966,-1.1747935464501231,False
3967,1.5503034064407364,False
3968,-1.039847376066564,False
3969,-0.6747607956122967,False
3970,-0.8748022485528594,False
3971,1.69490979955771,False
3972,0.61741244231572,False
3973,0.5520137903577265,False
3974,1.4098300368920862,True
3975,-0.1440635142902044,False
3976,-1.3506663916140895,False
3977,0.6746320511339801,False
3978,-0.7962242794684764,False
3979,0.0512472896549529,False
3980,-0.6253603705639765,False
3981,-0.399163722299664,False
3982,-1.264550328299884,False
3983,1.6877542976855482,False
3984,0.8671852754170033,False
3985,-1.1196433803236123,False
3986,0.3449038880795751,False
3987,-0.1919100373792271,False
3988,0.813520683248177,True
3989,0.5638149227238852,False
3990,0.2489591577967143,False
3991,0.2578354007864853,False
3992,-0.6919150437716626,False
3993,0.5909406856221575,False
3994,-0.268347909668182,False
3995,0.1086072472148559,False
3996,-0.8551045310307385,False
3997,-0.9629260218453048,False
3998,1.2841059209003705,True
3999,-0.0615520800604131,False
4000,-0.7368752464495443,False
4001,0.5830587834790366,False
4002,0.3278571314546614,False
4003,0.789128748321474,False
4004,-0.8850161669258185,False
4005,-0.9533062189793896,False
4006,0.5129736985867511,False
4007,-0.5465281305891487,False
4008,-0.6412863164051897,False
4009,1.504085582126392,False
4010,0.8740769459284841,False
4011,-0.2581128104985253,False
4012,-0.7289875238918893,False
4013,1.2175818034283326,True
4014,1.2747232315039936,True
4015,0.9198121759386534,False
4016,0.6795788830945514,False
4017,-0.4044057047076204,False
4018,-1.5744944471738371,False
4019,-0.9620485902090368,False
4020,-1.1245608822547688,False
4021,-0.1229346378979911,False
4022,-0.1335088596578288,False
4023,-0.9850056627466626,False
4024,-0.6484834620658069,False
4025,0.2185211054392155,False
4026,1.567443814559934,False
4027,-0.8840747492158622,False
4028,-0.3249716916218481,False
4029,-0.2109566083979121,False
4030,0.6320194154481953,False
4031,0.1944340686565602,False
4032,-0.6965816566898169,False
4033,0.9744314397166088,False
4034,-0.8223553015828179,False
4036,-0.5686846771464503,False
4037,0.4860206188287428,False
4038,-1.0099669357306391,False
4039,-1.504850767895976,False
4040,1.3746172752332748,False
4041,-0.1901164988296227,False
4042,-0.6669853305190308,False
4043,1.0262588465394806,False
4044,0.5265831411594258,False
4045,0.2968768706049508,False
4046,-0.752102497829892,False
4047,-0.7625502068607863,False
4048,-1.314118944601863,False
4049,0.5208414162463133,False
4050,-1.0332521695254302,False
4051,-0.094451886911745,False
4052,-0.0324468299305598,False
4053,-0.3591129800801447,False
4054,1.0156387549703985,False
4055,-1.043911362164382,False
4056,-1.1659212521159017,False
4057,0.6488900820572941,False
4058,-0.9499462009608468,False
4059,0.1904218758343929,False
4060,-0.9442602397185688,False
4061,-1.1573796707932216,False
4062,-0.5015074294948874,False
4063,0.8522558402050632,False
4064,-0.3007418063058995,False
4065,-0.7806172473638349,False
4066,1.0393603759270615,False
4067,1.4518449364193036,False
4068,1.1945682237947135,False
4069,-0.1015524027734917,False
4070,-0.59462121245473,False
4071,0.1382436009350366,False
4072,0.5749621802913971,False
4073,0.7284805377387927,False
4074,-0.7497602525422165,False
4075,-0.5904918797381055,False
4076,-0.1519034235163514,False
4078,-0.7815014791833981,False
4079,0.8257581476097928,False
4080,-0.8650170982537426,False
4081,-1.3890362725980538,False
4082,1.1082598227259832,False
4083,0.0726315935059825,False
4084,0.7916395316937485,False
4086,0.6927333870886854,False
4087,-1.4573763365319514,False
4088,0.5566388784464824,False
4089,-0.8586843891150322,False
4090,-0.7157543397893953,False
4091,-1.3751367589449386,False
4092,-0.6283604570166068,False
4093,-0.1086513987908989,False
4094,-0.5976630227716763,False
4095,0.4281708485979674,False
4096,1.6908077858962882,False
4097,1.170963247716856,False
4098,0.948818931847904,True
4099,1.3434529187876163,False
4100,0.8552112497974044,True
4101,-0.3207224721310444,False
4102,0.2831797844793771,False
4103,-0.828152360370389,False
4104,-0.1439679961923814,False
4105,-0.42971327143472,False
4106,-0.0361050585070359,False
4107,-0.588368147463149,False
4108,1.3989253383022553,False
4109,0.6364362409654306,False
4110,-0.8100468507620596,False
4111,0.1454360815504543,False
4112,0.9841012800966736,True
4113,0.859131306476001,False
4114,0.8426652882608934,True
4115,0.3813889864446849,False
4116,1.0203034778365536,False
4117,-0.4354389628239452,False
4118,0.373555628277751,False
4119,-0.3701331117550166,False
4120,-0.0466844157138514,False
4121,-0.6250986730430335,False
4122,-0.6043601255772024,False
4123,-1.2395552700489645,False
4124,-1.0849095821056671,False
4125,-1.3180066588057886,False
4126,0.7077302437864338,False
4127,0.5804510002317846,False
4128,0.8179521506168205,True
4129,0.0373585219366787,False
4131,-0.6486737653415111,False
4132,-0.6040599165419839,False
4133,-1.0495620519604174,False
4134,-0.8529014746471532,False
4135,-0.0514003626907662,False
4136,1.7017715239551032,True
4137,0.7005481505244952,False
4138,0.3783095765709323,False
4139,0.4880004183010824,False
4140,-0.8572534476422597,False
4141,-0.185559311638223,False
4142,-1.779919400399038,False
4143,-1.300188081150905,False
4144,1.6764718792861908,False
4145,0.4244346167429224,False
4146,-1.184533763714261,False
4147,-1.6826010951800376,False
4149,1.6556280226028677,False
4150,-0.9295142370068676,False
4151,0.8902394396120171,False
4152,0.7503165924731964,True
4153,0.8268844192340256,False
4154,-0.1718962766238563,False
4155,0.7143839100102995,False
4156,0.5461962699145624,False
4157,-0.9349543282027224,False
4159,-0.8261216925509698,False
4161,-0.7069315052779254,False
4162,-0.7223388278054674,False
4163,0.6722852636367496,False
4164,-0.1840707703284174,False
4165,-1.548549006919476,False
4166,1.1193819785835235,False
4167,0.188496302390233,False
4168,1.5731789664126812,True
4169,-0.6284647146773651,False
4170,-0.1541437623926025,False
4171,-0.6497308048375551,False
4172,-0.8559418830786315,False
4173,1.671293796803381,True
4174,-0.4512753409642173,False
4175,1.1130097290037395,True
4176,1.04396431433118,True
4177,0.4356914178940381,False
4178,0.6267278671798474,False
4179,-0.920856094126156,False
4180,-0.337930352330936,False
4181,-1.5117914825930552,False
4182,-0.5142118311021406,False
4183,-0.4311743514149766,False
4184,-0.4022315758596544,False
4185,-0.4892469292546497,False
4186,-1.1003256780397188,False
4187,1.176079411084774,False
4188,0.1530435404257573,False
4189,-0.5480171791037579,False
4190,0.3800392074866851,False
4191,-1.2924146164799435,False
4192,0.8206261657901388,False
4193,1.3008585035402882,False
4194,0.8842410854682542,False
4195,0.735379862538914,False
4196,-0.6961029375303365,False
4197,-0.3634290765394291,False
4198,0.7148390526111683,False
4199,-1.0621203744733618,False
4200,0.6303879668081508,False
4201,-0.5061194034532747,False
4202,0.994642501489627,False
4203,-0.1529691485141394,False
4204,1.4180409294274052,False
4205,-0.4059952285073832,False
4206,0.8794109760024278,False
4207,-0.450910403370201,False
4208,-0.3375002837178329,False
4209,-0.4677096812581511,False
4210,0.2545774790838037,False
4211,-1.1532137475168796,False
4212,-0.7779423925911434,False
4213,-0.0981164885517634,False
4214,1.797781331605494,True
4215,1.5790234193067914,False
4216,1.1789044540909408,False
4217,0.6766969270713055,False
4218,-1.1838229739858463,False
4219,-0.3649630915744455,False
4220,-1.095855269315575,False
4221,-0.4358869495159576,False
4222,-0.2840204162967026,False
4223,-0.4546694967801944,False
4224,-0.4068715514625213,False
4225,1.6535643809653215,True
4226,0.8863408620580131,False
4227,-0.7134859041783322,False
4228,1.1840360884222672,False
4229,-0.4377756531336746,False
4230,0.9239997612030312,False
4231,1.997503852723774,True
4232,1.1963238368622628,False
4233,0.3168952554434969,False
4234,-0.8563403824319964,False
4235,0.3417732225408242,False
4237,-0.4765116639507252,False
4238,0.8745072831145753,False
4239,1.1258782050390728,False
4240,0.615479600733712,False
4241,-0.3001321289621463,False
4242,0.6052977673659066,False
4243,-0.4198206655974049,False
4244,0.7774396875944056,False
4245,0.8868978396571242,False
4246,-1.0577446461282811,False
4247,-1.0799770422547232,False
4248,1.86126709687936,False
4249,-0.9198840327466192,False
4250,-0.7188576202196729,False
4251,1.3235934271742402,False
4252,0.9684564097184152,True
4253,0.7494121458500519,False
4254,0.8656111836677121,True
4255,0.5825597541127712,False
4256,-0.8390678072675659,False
4257,-1.026718031825916,False
4258,0.6847779889173068,False
4259,0.1084687721561056,False
4260,-0.7073194941245331,False
4261,-1.2600541117842714,False
4262,1.516636462816129,True
4263,1.3500475541652472,True
4264,1.1941765009790166,False
4265,0.6939377459712839,False
4266,1.2885576869803348,False
4267,0.0088557493083949,False
4268,1.5444622601567977,False
4269,0.4149985318153908,False
4270,-1.0838387320729397,False
4271,0.4501877102950208,False
4272,-0.7786348125275971,False
4274,-0.9171314857408692,False
4275,-0.6295550325727068,False
4276,0.4895267322588015,False
4277,-0.8712621446643927,False
4278,0.4394149138281601,False
4279,-0.0907242015942686,False
4280,-1.3195648719969926,False
4281,-0.7873826147561397,False
4282,1.47042664629425,False
4283,0.6880647087409982,False
4284,-0.787544509679205,False
4285,-0.5132349495993844,False
4286,0.1158631478780625,False
4287,-0.6632801282601233,False
4288,-0.3142823377047787,False
4289,0.7789560175322414,True
4290,0.8152020878569668,True
4291,0.8359028850264623,False
4292,0.7171945439943952,False
4293,1.1920241703971672,False
4294,-0.6152388883073554,False
4295,-1.3536233986495805,False
4296,0.8274321451096743,False
4297,0.9580262483951604,False
4298,-0.9042418907537472,False
4299,-1.4793658508298906,False
4300,-0.8891757180868545,False
4301,-0.4509606370639267,False
4302,0.4406230662800328,False
4303,-1.1569452953676207,False
4304,0.5650815279462618,False
4305,-0.8945548707129003,False
4306,-0.2430594395002132,False
4307,0.7774467099126712,False
4308,1.1572925515004846,False
4309,0.7881167523059115,False
4310,-0.745751019608218,False
4311,0.496924590123889,False
4312,-0.2177381579309201,False
4313,-0.6681581521436031,False
4315,0.7435715577989892,False
4316,-0.9740814658363076,False
4317,-0.5205093426205324,False
4318,1.490094364652521,False
4319,0.2981440667971076,False
4320,1.5616673371130974,False
4321,0.0670518301054846,False
4322,0.5329639596794328,False
4323,-1.0509680067942302,False
4324,-1.1194982199513714,False
4325,-1.1091191536085343,False
4326,-1.3116080306613842,False
4327,-1.0303463794832703,False
4328,0.773656199298226,True
4329,0.026927824714752,False
4330,1.5770303503188434,False
4331,-0.1612798199569665,False
4332,-0.357773172525893,False
4333,-0.7418816942168849,False
4334,-0.819427108133119,False
4335,0.983980230513664,False
4336,-0.5312370081932778,False
4337,-0.5193555342145699,False
4338,-1.4432549482482022,False
4339,1.2696984670728897,True
4340,0.3689984853088529,False
4341,-0.8600957246678252,False
4342,-0.7359109181594757,False
4343,-0.7827949040214784,False
4344,-0.1775229743626948,False
4345,-0.0582073444946173,False
4346,0.9405947749757632,False
4348,-0.8317747486011853,False
4350,-0.8626183437081518,False
4351,-0.6475349785596918,False
4352,0.4923069607819171,False
4353,-0.6657289321722601,False
4354,0.1007323130866066,False
4355,0.9358839099479505,False
4356,-0.5213868508260089,False
4357,-1.0250422696749248,False
4358,1.2926986318379654,False
4359,1.4014469841989998,False
4360,1.143338660720026,False
4361,-0.941468469599502,False
4362,0.4894688085749057,False
4363,-1.1384186453867178,False
4364,-1.237344095213771,False
4365,-0.6073568442225245,False
4366,1.2427733047711156,True
4367,1.185191838840836,False
4368,1.591482119405442,False
4369,0.6947846775675504,False
4370,-0.5080592106350101,False
4371,-0.6748458385832964,False
4372,0.5487587386930508,False
4373,-0.2097166670226191,False
4374,-1.0354415986051455,False
4375,1.283499668493838,True
4376,0.0587351521959659,False
4377,0.1381366294148504,False
4378,1.4149732477563917,False
4379,1.7206995296915917,True
4380,-0.5050559442062555,False
4381,0.4183545993591794,False
4382,-0.5667172001152266,False
4383,1.57982382452125,True
4384,0.7653208102386397,False
4385,0.3921606115905338,False
4386,-1.3744664275914371,False
4387,0.6018963576067777,False
4389,-0.896925241952005,False
4390,-0.8887196209860706,False
4391,0.6092580131131106,False
4392,0.6484045465730799,False
4393,-0.014892604824624,False
4394,0.0699802155280857,False
4395,-0.8150579291253452,False
4396,1.5599472457862549,True
4397,1.2402820249667947,False
4398,-1.1711081561517376,False
4399,-0.7138818411287381,False
4400,0.5510730895301892,False
4401,-0.6103401545184793,False
4402,1.9307044071084831,False
4403,1.6733852398332605,False
4404,0.7551953988814768,True
4405,-0.353498129699133,False
4406,0.562205553615081,False
4407,0.7813746255519555,False
4408,-0.2535340915830673,False
4409,-0.9696278920245964,False
4410,-0.0055057459540106,False
4411,0.1933360659360964,False
4412,-0.6887492300471141,False
4413,-0.5757924587666781,False
4414,-0.278351743060973,False
4415,-1.0313691594527308,False
4416,0.3314251750065934,False
4417,-0.7759780019621481,False
4418,-1.024819419451955,False
4419,-0.4781140261784998,False
4420,0.2004809413040847,False
4421,1.5988857695407996,True
4422,0.7916731832258301,False
4423,1.4791296586926048,False
4424,-1.2144891578356036,False
4425,0.2406507017542145,False
4426,-0.8872945033641617,False
4427,-0.7318238141116354,False
4428,0.610116793062173,False
4429,-0.914471000979296,False
4430,0.0432417679013817,False
4431,-0.3227728213329699,False
4432,0.8860662633939771,False
4433,-0.4327552156447775,False
4434,1.008966920182803,False
4435,-0.5827711124572231,False
4436,-1.791700332568919,False
4437,-0.4360370283342158,False
4438,0.6584829587247152,False
4439,-0.7341527740460057,False
4440,-0.8619498294020668,False
4441,-0.7356518680655578,False
4442,1.6261205889128114,False
4443,-0.8878973005674422,False
4444,-0.6077295177259705,False
4445,0.6910988005922648,False
4446,-0.5477363163237174,False
4447,-0.870089229671564,False
4448,1.2093323481846667,True
4449,-0.1074945543392298,False
4450,-0.5983513021464371,False
4451,-0.0698432056242051,False
4452,-0.5747370968433692,False
4453,-0.0075861235272248,False
4454,1.3507617385120272,False
4455,0.1263675297767804,False
4456,0.4849547906945769,False
4457,-0.781457975569146,False
4458,1.5535860474859216,True
4459,-0.9534154358159348,False
4460,0.0827497003718056,False
4461,0.8992235524649967,False
4462,0.0878191572766854,False
4464,-0.7318625580229121,False
4465,0.647680850398463,False
4466,-0.2932470637983499,False
4467,-0.7334357610346314,False
4468,1.1179258017821794,True
4469,-0.4023220572451947,False
4470,-0.6428391329504373,False
4471,-1.0788922538597698,False
4472,1.5209865251069408,False
4473,1.4538449773839917,False
4474,-1.2361493072623009,False
4475,-0.8224233716202346,False
4476,-0.8999652851315685,False
4477,-0.7577487788431757,False
4478,-0.6882003548098079,False
4479,-0.5400833585048355,False
4480,0.8482892039906789,True
4481,-0.711353023387331,False
4482,-0.1277082520638233,False
4483,-0.9077083023525347,False
4484,-0.134480580932256,False
4485,-1.1021181887263127,False
4486,1.186215928251506,False
4487,-0.6241208374364562,False
4488,-1.528696425222221,False
4489,-0.4983636743972612,False
4490,-0.6300843061503321,False
4491,0.7814580687024041,False
4492,-1.026503881005121,False
4493,-0.5463836730468222,False
4494,1.1343250278639925,False
4495,1.6044930199543423,True
4496,-0.5369411200862898,False
4497,0.6018473043559779,False
4498,0.3422788271425343,False
4499,-0.7008629464449998,False
4500,0.6270766547165632,False
4501,-0.0495133283573528,False
4502,0.6769372799764805,False
4503,-0.3799913204723182,False
4504,-0.7635967715085659,False
4505,-0.0359108278583882,False
4506,-0.1935049234255255,False
4507,-0.0570606665738138,False
4508,-0.4953555029470974,False
4509,0.3518814232705752,False
4510,1.391880364760266,False
4512,-0.9724100891150484,False
4513,0.6033131786388899,False
4514,-0.8226537316163544,False
4515,-0.8229973675997093,False
4516,1.8714836296124169,False
4517,0.9174927946872036,True
4518,0.8932839683934968,False
4519,-0.7461387242785701,False
4520,0.4609344026940536,False
4521,-0.381682379379195,False
4522,-1.102567265687714,False
4523,0.9155113096830452,False
4524,0.113051865158265,False
4525,-1.043658021494705,False
4526,-0.679362884511334,False
4527,-0.729617403651021,False
4528,0.4769973892517776,False
4529,-0.4897283365298713,False
4530,-0.6973856685826422,False
4531,-0.7516502411639611,False
4532,1.5422274249033077,False
4533,0.1090291917834786,False
4534,0.6830662834357208,False
4536,0.2628981360570597,False
4537,-0.1315818831793106,False
4538,-0.7715937741892236,False
4539,1.0685305085295722,False
4540,-0.4806630312410973,False
4541,0.8602713619386122,False
4542,-0.6990455645780063,False
4543,-0.1230411040267297,False
4544,-0.2434644928596162,False
4545,-1.0244291121043552,False
4546,1.097105151115879,False
4547,1.2877308547897868,False
4548,-0.5454265863609502,False
4549,-0.7453516518303294,False
4550,0.9378134494011494,False
4551,-1.3599598489572815,False
4552,-0.3272613832837105,False
4553,1.1460876927079289,False
4554,0.4876761413174793,False
4555,-0.712510344843846,False
4556,0.6453468795216368,False
4557,0.1294096933098324,False
4558,-1.096679740654772,False
4559,-0.4570400388290279,False
4560,0.8076451920158477,False
4561,-1.0236482086242575,False
4562,-0.9022587663533352,False
4563,-0.4216351338341981,False
4564,-1.250573176806067,False
4565,0.3055522402792356,False
4566,-0.5110852757775675,False
4567,-0.940012036633662,False
4568,-0.3025283338331566,False
4569,2.293135191174287,True
4570,-0.7308841086476855,False
4571,1.017917284020757,False
4572,0.9715185498140432,False
4573,-0.6518467530330387,False
4574,0.0993003695844071,False
4575,0.8198050449712071,True
4576,-0.7748337558591918,False
4578,-0.4687986235137997,False
4579,0.6578535166876941,False
4580,-0.5203814081996876,False
4581,0.0074344974668289,False
4582,0.2624199159052966,False
4583,1.0856412230440542,False
4584,-0.3603072167783337,False
4585,-0.9465718496009708,False
4586,-0.622869883439112,False
4587,0.5255423248015126,False
4588,0.8112174877090317,True
4589,1.272737276226587,False
4590,0.6557898570805453,False
4591,0.5666166527006009,False
4592,-0.421190852932604,False
4593,-1.6393593411329626,False
4594,0.7816786788084805,False
4595,-0.851727449817472,False
4596,-0.9446856663183758,False
4597,0.8282767452664642,False
4598,-0.2179535077858798,False
4599,-1.4365515301224945,False
4600,-0.3623276939747271,False
4601,-0.469684553253036,False
4602,1.3995301184502908,False
4603,-1.0714016162936264,False
4604,-0.8460017256243269,False
4605,-1.2115391830073994,False
4606,1.6828285593690522,True
4607,0.949696229782478,True
4608,0.5553059854417358,False
4609,0.2645627918086495,False
4610,-0.8438387563882543,False
4611,0.7709882080051018,False
4612,-0.5895920030667805,False
4613,-0.8440505955426462,False
4614,0.6434664709027245,False
4615,0.76390340145464,False
4616,-0.6659244878438451,False
4617,-0.1188084374713634,False
4618,0.428121253750488,False
4619,0.5860308730815116,False
4620,1.023387351612906,False
4621,0.0098667431851867,False
4622,0.7941471612769753,False
4623,-0.7370237288627229,False
4624,0.9922487698877293,False
4625,-0.954805341150982,False
4626,-1.0491410732875337,False
4627,0.6673204492278055,False
4628,1.2630953460649992,True
4629,0.6700347024023331,False
4630,-0.659712370009466,False
4631,0.0087924328538239,False
4632,-0.1822439138263358,False
4633,-1.0540227987356738,False
4634,-0.1121431317232913,False
4635,1.0103067397514192,False
4636,-0.8238917748324751,False
4637,-0.423899049156867,False
4638,-0.9523246556416272,False
4639,0.966655157478778,False
4640,-1.9863241255749933,False
4641,0.8431090523456383,False
4642,-0.3862546423561915,False
4643,1.8540140430465823,True
4644,-0.3890264847282315,False
4645,0.7478711603126711,False
4646,0.5152206324097257,False
4647,-1.4398223753333592,False
4648,0.6892469011796204,False
4649,-1.3357671043899102,False
4650,-0.7699341068091013,False
4652,-0.3665899783953965,False
4653,1.4423324627874423,False
4654,-0.3721932723469935,False
4655,-0.8864813096603384,False
4656,0.2453585599645775,False
4657,1.619186948500551,False
4658,1.3561607398706104,False
4659,0.1729365335882328,False
4660,-0.7731198629184002,False
4661,0.6505254571348573,False
4662,-0.861953295946992,False
4663,1.2435066241996413,True
4664,1.758731990781078,False
4665,1.5473710500466475,True
4666,-0.3495855400740076,False
4667,0.4422540315517577,False
4668,0.6088888849295082,False
4669,-0.2900947035303218,False
4670,0.9100888756093608,False
4671,0.0029661535711323,False
4672,-0.7224082832751693,False
4673,-0.5961774058082898,False
4674,0.0574925871785489,False
4675,-0.703708692952493,False
4676,1.0510782071907805,False
4677,2.249941198628325,True
4678,-1.0802060592631195,False
4679,-0.2507058067694394,False
4680,1.7192593390008335,True
4681,1.299035381251806,True
4682,0.8352722849121001,False
4683,1.265390825401943,False
4684,-0.6007074214096169,False
4685,-0.8737976901290903,False
4686,-0.5114468951532264,False
4687,-0.5187931865751206,False
4688,0.7719489456182828,False
4689,0.9990456614495412,False
4690,-0.0811075847327755,False
4691,-0.5983286514156883,False
4692,-0.4350141343424502,False
4693,-1.8726635561127696,False
4694,-1.2675688507497334,False
4695,-0.7825705747908942,False
4697,-1.1445179974668367,False
4698,0.358111708593174,False
4699,-0.5673378509984737,False
4700,1.2134953259569297,False
4701,0.8501635052186636,True
4702,1.749254132159745,True
4703,1.5364398925486324,True
4704,1.952904897406465,True
4705,0.954392524134016,False
4706,0.2264625599120607,False
4707,-0.877959303994639,False
4708,0.8426528535937858,False
4709,-0.6876565464925987,False
4710,-0.4307095570429466,False
4711,-1.3646434233353426,False
4712,-0.7933666801914725,False
4713,1.376186709966321,False
4714,0.1409090071353129,False
4715,-0.3107295027567235,False
4716,0.7047227275958947,False
4717,1.0134400437579905,False
4718,0.7541571212261483,True
4719,0.4160322770676953,False
4720,1.4391346466337105,False
4721,-0.5077191800894589,False
4722,0.7339579951053601,False
4723,-0.0305209102882045,False
4724,-0.9291601419927464,False
4725,0.4015190548232956,False
4726,-0.7867957112884848,False
4727,-0.6870272846301612,False
4728,-0.4655719573561963,False
4729,0.4673630492292077,False
4730,0.3961138537990728,False
4731,1.2501108287356923,False
4732,-0.2167614948860983,False
4733,0.1035462815117287,False
4734,-0.8450806446127582,False
4735,0.6963271874281787,False
4736,-0.6908637570316156,False
4737,0.1411803056695905,False
4738,0.8673795368205538,False
4739,-1.4918034569494325,False
4740,1.1025211456998252,True
4741,0.6725927909215703,False
4742,-0.247371499193812,False
4743,-0.6170746257411613,False
4744,-0.2615905379788004,False
4745,0.6130034002763652,False
4746,-0.7151325007304491,False
4747,-0.2193106663779587,False
4748,-0.6031096087868919,False
4749,0.6482924903162706,False
4750,1.616548627919281,False
4751,-0.2405243100643488,False
4752,0.6955377410141,False
4753,1.636360256103787,True
4754,0.7470469608047848,True
4755,0.2589359506194648,False
4756,0.7001520722094818,False
4757,-1.007660000702031,False
4758,-0.1666446911233157,False
4759,-0.7940592221827211,False
4760,0.0828030332917377,False
4761,-0.6093927947333755,False
4762,-0.5126605236783079,False
4763,1.1663499358650895,False
4764,-0.7390935660049167,False
4765,0.9264632953017576,False
4766,0.3033762839443014,False
4767,-1.316575261305705,False
4768,-0.844643936214897,False
4769,0.2349085207213451,False
4770,-1.0846226192149433,False
4771,0.2174744484473705,False
4772,-0.718835539824746,False
4773,-0.7181196775505541,False
4774,1.7639532044767283,False
4775,-0.710650440033723,False
4776,0.5015623854805437,False
4777,-0.2190049486142698,False
4778,-0.7770628232493472,False
4779,0.8474594032491791,True
4780,-0.1511197343142319,False
4781,0.35660528161046,False
4782,-0.5242558345434845,False
4783,1.2892197171796769,True
4784,-0.940323486118256,False
4785,0.6793977980096526,False
4786,-1.411961041032238,False
4787,-0.4596256511058284,False
4788,0.6893285145193642,False
4789,1.4234648324999903,True
4790,-0.064665842577251,False
4791,0.1763880466140624,False
4792,0.5998949583074665,False
4793,0.6459788044503343,False
4795,0.2194840063206777,False
4796,0.1996083108593297,False
4797,-0.9950969439859636,False
4799,0.7405253437572334,False
4800,-0.4052219952657397,False
4801,-1.1049394382534878,False
4802,-0.7068291280444764,False
4803,1.211945765756504,False
4804,-0.6497523064826423,False
4805,0.3077487179973803,False
4806,-0.7812575704671358,False
4807,0.1536931151987856,False
4808,-1.4866361756565425,False
4809,-1.2056536180206463,False
4810,1.5131230315058342,False
4811,1.659661010753652,False
4812,1.3053315321552754,False
4813,-0.4177212291110199,False
4814,-0.2594379711429313,False
4815,-0.5431166991474927,False
4816,-0.6624338177153772,False
4817,0.7280796327517646,False
4818,0.7593198024360241,True
4819,-0.3623040661158754,False
4820,-0.486312639005245,False
4821,1.3512050917667813,False
4822,-1.0483026809334222,False
4823,-0.612634976822871,False
4824,-0.8013455392232732,False
4825,0.7456848900080195,False
4826,-0.3957447613871218,False
4827,-0.1916913986979065,False
4828,1.3777352296685277,False
4829,0.4816592015997675,False
4832,0.585650942987479,False
4833,-0.2345272645246921,False
4834,-0.6018082151673694,False
4835,0.3941275422252758,False
4836,-0.633757094927237,False
4837,-1.26853355940767,False
4838,-0.7713132063111917,False
4839,-0.8381055210434105,False
4841,-0.3416461341675736,False
4842,1.7218436657179228,False
4843,-0.8536491540549502,False
4844,1.4768808124790604,False
4845,0.1877545426740112,False
4846,0.8984158614148782,False
4847,1.610942846386807,False
4848,-0.1774716116968486,False
4849,-0.413655572328071,False
4850,-0.9237410206224902,False
4851,0.7972942729844186,False
4852,-1.4778423735403954,False
4853,-0.9746174476819724,False
4854,0.7486587503141638,False
4855,-1.3559310264736355,False
4856,1.1784391006354178,False
4857,0.3904177452725975,False
4858,0.3059880456057397,False
4859,-0.1740921692688394,False
4860,0.3792516368345437,False
4861,0.6558972848306678,False
4862,0.0034379721935691,False
4863,0.7093923197182533,False
4864,1.8341969043039936,True
4865,0.552753117776766,False
4866,-0.8264462640456389,False
4867,0.4893194255528809,False
4868,-1.1342254547410322,False
4869,-0.4531641868099462,False
4870,-2.003491267360922,False
4871,-0.8020515600403385,False
4872,1.1429723867754913,False
4873,1.0037272898155176,False
4874,-0.4997991739233092,False
4875,1.1896353836882765,False
4876,-0.7549381856678672,False
4877,-0.5561229450823932,False
4878,0.5310480804411333,False
4879,-0.2748220616617093,False
4880,-0.8633504682956062,False
4881,-0.4949764431277798,False
4882,-0.7640613585226844,False
4883,-0.2776505337199034,False
4884,0.6782397348693859,False
4885,-1.0007226652598984,False
4886,-1.1585460560180396,False
4887,0.5172875437005802,False
4888,-0.820470377038973,False
4889,1.152722348830402,False
4890,-0.7764404797889589,False
4892,0.6819117308603272,False
4893,-0.0240373829976378,False
4894,0.6854851995964105,False
4895,0.5531480269039933,False
4896,-0.0704052383869555,False
4897,-0.0065779665151554,False
4898,0.9070565943878832,False
4899,0.9380555609300842,False
4900,0.7964692709311028,False
4901,-0.6509805973242874,False
4902,0.54777010288892,False
4903,-0.562919438057344,False
4905,-0.5410531120196513,False
4906,-0.5129912266101688,False
4907,-0.6576909750422388,False
4908,1.257226305703966,False
4909,-1.198386765480021,False
4910,1.2858615690986497,False
4911,0.3425304434008441,False
4912,0.8478365500330562,False
4913,0.949333304264706,False
4914,-0.5389161171754,False
4915,-0.3039314090036635,False
4916,0.6253282370851858,False
4917,0.5817536344923135,False
4918,-0.2359672492281699,False
4919,-0.6488369130571119,False
4920,1.1572499752032863,False
4921,-1.158402719852652,False
4922,-1.0256250132801614,False
4923,-1.253989072619153,False
4924,-0.0721954935309728,False
4925,0.6342436042055348,False
4926,0.501838757748149,False
4927,0.6223556038046418,False
4929,-1.2426532276216935,False
4930,0.6224556101258,False
4931,-0.3906276857928295,False
4932,0.715277455350219,False
4933,-0.6868953243758038,False
4934,-1.60172142570837,False
4935,0.4892077577964899,False
4936,0.8698712273685365,False
4937,-1.140068143116041,False
4938,0.6336234580622515,False
4939,-0.8673407232157594,False
4940,0.5222096386232056,False
4941,-1.05113617594502,False
4942,1.837504380823704,True
4943,0.8183788720329026,True
4944,0.681833270945363,False
4945,-1.0465292642446395,False
4946,-1.0338717770707029,False
4947,-1.111878932110588,False
4948,0.8953233784192027,False
4949,0.6061408723364191,False
4950,-0.4572020363882916,False
4951,-1.1445381361474332,False
4952,-0.1074510778349717,False
4953,0.1275319909375298,False
4954,-0.6969078287625549,False
4955,-0.7878688752308342,False
4956,-0.7397335799754368,False
4957,0.0202193695026237,False
4958,0.9622226996284816,False
4959,0.4508537319834629,False
4960,0.4376816447401861,False
4961,-0.8514774357759404,False
4962,0.5261440544876229,False
4963,-0.8330683873792295,False
4964,0.3002235292161591,False
4965,-0.1206235148661764,False
4966,0.0700865697786672,False
4967,-0.6481136596897894,False
4968,0.4327109290430816,False
4969,0.9004286517166317,False
4970,-0.7117556499836467,False
4971,-1.3007174827547907,False
4972,1.5529759320883627,False
4973,1.6027672890580142,True
4974,-1.1458979749338942,False
4975,0.3211391490892775,False
4976,0.999513073306348,False
4977,-0.1308576632445093,False
4978,-0.8758865554099861,False
4979,-0.0924498583772961,False
4980,0.6068329698567707,False
4981,-0.5120303616988511,False
4982,1.3168882911693591,True
4983,0.4182828662403044,False
4984,-0.7230193987850787,False
4985,0.6470931740659251,False
4986,-0.5161066075384917,False
4987,1.6086594783777772,True
4988,0.1893231799488953,False
4989,0.62447717947117,False
4990,0.9955713812162722,False
4991,0.5080982875636904,False
4992,-1.0038617478212877,False
4993,0.1490396955968586,False
4994,-0.4125774978213117,False
4995,0.593496725832111,False
4996,-0.6286063083568478,False
4997,-0.405553796325926,False
4998,-1.1216496057749468,False
4999,0.4339899717804822,False
5000,0.3617228549518646,False
5001,-1.178786739232824,False
5002,-0.6125304149042311,False
5003,-0.6366471907826283,False
5004,0.0128680232118876,False
5005,-0.8777370305582184,False
5006,1.439771372863392,False
5007,-0.6603383576624546,False
5008,-0.0170352840306502,False
5009,-1.0248533965423277,False
5010,-0.3649948076331187,False
5011,0.7947267267290418,False
5012,-1.1697700185938968,False
5013,1.5129764816417457,True
5014,0.4883038849465546,False
5015,-1.4495521439515553,False
5016,0.7828867620085367,False
5017,-0.6905517730259879,False
5018,-1.418141210275364,False
5019,1.4836453370404032,False
5020,0.598252749907612,False
5021,-0.6165154123979222,False
5022,0.4972539570337609,False
5023,-1.2924451771208956,False
5024,0.9993316229806865,False
5025,-0.8865896582797299,False
5026,0.2328317199492519,False
5027,-0.4261794502824637,False
5028,-0.4887483821130307,False
5029,-1.1726429918847845,False
5030,1.070079881113556,False
5031,-0.6070088530177342,False
5033,-0.6616824342565446,False
5034,-0.3956124384454462,False
5035,0.3310848961639586,False
5036,-1.3387153238143468,False
5037,1.662143487708356,False
5038,0.2925662308891857,False
5039,-0.2982626712722636,False
5040,-1.2637961357646537,False
5041,-1.1276848672052644,False
5042,0.4871802637414231,False
5043,-0.5857698408525789,False
5044,1.403392961193363,False
5045,0.1062957674146065,False
5046,-0.2530646637818126,False
5047,-0.547665041232948,False
5048,-0.5576307347913333,False
5049,1.8142489291586168,True
5051,0.5520606196751284,False
5052,-0.3449654770548785,False
5053,0.1153301823715616,False
5054,0.915792021215129,False
5055,0.1756224962781535,False
5056,0.5751190491108797,False
5057,0.9439871379219624,False
5058,-0.4183951046220219,False
5059,0.4597397633259458,False
5060,-1.1735487855446214,False
5061,-0.5640113535626219,False
5062,-0.5353828697689993,False
5063,-0.4449926410291219,False
5064,-1.0804649612240742,False
5065,-1.374917980362903,False
5066,1.6105621156280394,True
5067,-0.9770318032920172,False
5068,1.0445146090279285,False
5069,0.5422830858274312,False
5070,-0.4220272757701966,False
5071,-0.6138289070955337,False
5072,0.6433243440851052,False
5073,0.7625314049817203,False
5074,0.0426991120638662,False
5075,1.1701461835735285,True
5076,-0.1089223949609509,False
5077,1.3987172455919672,True
5078,0.9289956202660794,False
5079,-0.7677630787456694,False
5080,-0.3084947346968556,False
5082,0.5233557785119456,False
5083,0.9102009900546288,False
5084,0.6424477811365181,False
5085,-1.130980881702106,False
5086,1.0218687633983912,False
5087,0.69565073265819,False
5088,-0.0627589389570885,False
5089,0.9149170505035766,False
5090,-0.4889035438211553,False
5091,0.2823890351907945,False
5092,0.7902774937285744,False
5093,0.6430649733705707,False
5095,-0.401526444528882,False
5096,0.5709911433971371,False
5097,-0.1120602637380537,False
5098,-1.36342618679676,False
5099,0.3206178261788124,False
5100,1.5940589612690927,False
5101,-0.2717598363446707,False
5102,-0.5802089676051899,False
5103,1.1398424665392752,False
5104,0.5511618685698044,False
5105,0.0881476653341524,False
5106,-0.7845898245525161,False
5107,0.5468606398964039,False
5108,-0.4313680329952452,False
5109,1.242104094231834,False
5110,0.2769267857410717,False
5111,0.4286857963739003,False
5112,0.6436880363672302,False
5113,-0.0372524802789557,False
5114,0.4663225941064188,False
5115,-0.978443582934315,False
5116,0.7201488735434057,False
5117,-0.654467047935889,False
5118,-0.9754780126877532,False
5119,-0.5573672532186649,False
5120,0.1527915252921323,False
5121,0.3238569780831057,False
5122,-0.8734277855024357,False
5123,-0.964937945720582,False
5124,-1.60646127381881,False
5125,-0.6077311167492935,False
5126,0.4033599512579354,False
5127,1.4179386902778357,True
5128,-1.4832365403577694,False
5129,0.2649066181909347,False
5130,-1.3229928861468658,False
5131,-0.3294675586618691,False
5132,-0.1698083314745679,False
5133,-1.059018466718059,False
5134,0.6794064983560012,False
5135,0.1814844575488214,False
5136,0.7996184697363042,True
5137,0.5863288170307511,False
5138,-1.8200006339265336,False
5139,0.8095554985468482,False
5140,0.4570353466562175,False
5141,0.071975156911525,False
5142,0.4479433635208101,False
5143,0.9709295823979964,False
5144,0.6986354124590572,False
5145,0.5751697673526266,False
5147,1.645935330309345,False
5148,0.5329226903136746,False
5149,-0.5588513958062533,False
5150,-0.3064542008461115,False
5151,-0.9810907282193242,False
5152,-0.8345581405941768,False
5153,-0.670774484929639,False
5154,-0.5009640688362782,False
5155,-0.2257344682173665,False
5156,-0.9239879582571868,False
5157,-1.0457019532755605,False
5158,-1.185609266622821,False
5159,1.4603652213764788,False
5160,-0.5204482828286818,False
5161,1.1101901903882327,True
5162,1.2920918083082418,False
5163,1.144223081279958,False
5164,-0.4306602745145391,False
5165,-0.4876917959716076,False
5166,0.4944995068218306,False
5167,0.7939917425490248,False
5168,-0.7719158887585027,False
5169,0.1511091024936995,False
5171,0.737416077365657,False
5172,0.8916430203608491,False
5173,0.8632585417628281,False
5174,-1.1720235740421023,False
5176,-0.232086672247833,False
5177,0.7531280987453651,True
5178,-0.2304761925006351,False
5179,0.8939570686529383,False
5180,-0.5743119102986045,False
5181,-0.854967794328238,False
5182,0.9162799845828165,True
5183,0.4957789698191731,False
5184,1.349742963361196,True
5185,0.5003179378990626,False
5186,-0.2270760595882003,False
5187,-1.061225927782026,False
5188,0.5031858092949416,False
5189,-0.3195654194076818,False
5190,-0.8248696868651774,False
5191,-0.4534055745552038,False
5192,0.8121621208062791,False
5193,-0.6561892733675041,False
5194,-0.450064592239511,False
5195,1.2764083511522903,False
5196,1.1592386864083255,False
5197,-0.8040939140334067,False
5198,0.4238138735688332,False
5199,1.2761732070763216,False
5200,0.7358612603318444,False
5201,-1.1242076716272584,False
5202,1.1082678450961243,False
5203,1.0221693496309634,False
5204,0.6320560175720024,False
5205,-0.7322128941973658,False
5206,0.8121814132937765,False
5207,-0.4998523526183818,False
5208,-0.6499170553860545,False
5209,0.1493634867931506,False
5210,-0.3869689423915943,False
5211,1.0222200095742942,False
5212,-0.4592390107594638,False
5213,-0.5780688352153438,False
5214,0.634592118208273,False
5215,-0.5108521391463499,False
5216,-0.7363521779577873,False
5217,0.6301572751320889,False
5218,-0.208971885056181,False
5219,-0.4679559269351962,False
5220,0.9171096695107908,False
5221,-0.327853688398519,False
5222,-1.0844336290144718,False
5223,0.8011078102533726,False
5224,-0.4753596555554956,False
5225,-1.7722762293965733,False
5226,0.6274186625887588,False
5228,0.7751879034261746,False
5229,-0.8301059424125181,False
5230,0.2122012921688469,False
5231,-0.5215337511735905,False
5232,0.0051715135634186,False
5233,-0.7454734317731921,False
5234,-0.7285983775686024,False
5235,-0.6221134032169898,False
5236,1.0431796494157837,True
5237,0.5290680908384138,False
5238,-0.7749732231972284,False
5239,-0.8762578361022988,False
5240,0.3633751471953225,False
5241,-0.8040249638742393,False
5242,0.6519557830663465,False
5243,-0.924264261618507,False
5244,-1.457282009983329,False
5245,-1.0861306920742315,False
5246,-1.068293397616521,False
5247,-0.6624931451401089,False
5248,0.9166336373011724,False
5249,-0.9168456831250756,False
5250,-0.7738054831764409,False
5251,1.0503784017298885,False
5252,-0.6344459527850662,False
5253,0.6180502925809479,False
5254,0.0990960470900328,False
5255,-0.4620410512203313,False
5256,0.4806676602032064,False
5257,-0.2814764662104778,False
5258,1.7748642109138473,False
5259,-0.3359250818968374,False
5260,-1.5008975202794586,False
5261,-0.9359072700134043,False
5262,0.8182361756371461,False
5263,-0.236434407805002,False
5264,0.7701649464998356,False
5265,1.4894965471817243,False
5266,0.5845948548255295,False
5267,-0.556846382173112,False
5268,-0.6676723494841942,False
5269,-0.3588497042077248,False
5270,0.5672590070929325,False
5271,-0.8252915999191839,False
5272,-1.1576124366038667,False
5273,1.1823356758953374,True
5274,-0.4496588930042722,False
5275,-0.4491436510243229,False
5276,0.4993412711003879,False
5277,-0.6836997387974547,False
5278,-1.016986026525048,False
5280,0.9348970085358472,False
5281,0.0746378337238485,False
5282,0.7520869900721092,True
5283,-0.2506904678283701,False
5284,0.6547450294349597,False
5285,0.7476921306967437,False
5286,0.785826646750081,False
5287,0.7461308151846374,False
5288,-0.9165254347981387,False
5289,0.8584424042469617,False
5290,-0.2503469944730919,False
5291,0.1011414824368386,False
5292,0.787805691927341,False
5293,-0.0256373731179663,False
5294,-0.9188914334226228,False
5295,-0.916884932485586,False
5296,-0.0978799448895713,False
5297,0.8380275466676473,False
5298,1.9489093952745853,True
5299,-0.95683437339417,False
5300,-0.8487576740601019,False
5301,-0.8845078956924872,False
5302,0.3868689231731976,False
5303,1.3274752351695782,False
5304,-0.4017103477651971,False
5305,0.9753701646441512,False
5306,0.8644937369195691,False
5307,-0.2870274315563675,False
5308,-0.4777020151845652,False
5309,0.4320492195356313,False
5310,0.3388682833998484,False
5311,-0.8104343741287761,False
5312,0.2765473342381076,False
5313,0.5496250198140273,False
5314,-0.6531727565995662,False
5315,-0.5185179313626919,False
5316,-0.4477083319381343,False
5317,0.5066047334433649,False
5318,-1.0352307791329156,False
5319,1.4199768022811854,False
5320,0.7423379987986304,True
5321,-0.5909116915435011,False
5322,-1.2806963444435242,False
5323,0.294165724646443,False
5324,0.0106713905684284,False
5325,-1.1549114976044077,False
5326,-0.9827083734821606,False
5327,-0.2232879172092268,False
5328,-0.6019877627580712,False
5329,0.4597479945593012,False
5330,-0.2440527376817396,False
5331,1.3282254771332134,False
5332,-0.8920408684273089,False
5333,0.9785454307639896,False
5334,0.28620482054894,False
5336,0.8307712178629416,False
5337,-0.9655960006152488,False
5338,0.7908963565619263,False
5339,0.4589947453010919,False
5340,1.2513046511307542,False
5341,-0.4414291599405473,False
5342,-1.835703810179071,False
5343,0.3695413723491828,False
5344,-0.6778723501729221,False
5345,-0.1507534497970117,False
5346,0.9553715469426368,True
5347,1.0749740740902547,False
5348,-0.6931459062133255,False
5349,0.7885942658493794,False
5350,-0.839786490330495,False
5351,-0.5434577237002679,False
5352,0.435002458755675,False
5353,0.1150468412981837,False
5354,0.5357400336008996,False
5355,0.5521305242134115,False
5356,0.1509642606356755,False
5357,0.1621435357102082,False
5358,1.1255529054372857,False
5359,-0.8347732148964353,False
5360,1.1874800513158226,True
5362,0.4994069219009691,False
5363,-0.0873479429976059,False
5364,0.3452039774966297,False
5365,0.5661848380806217,False
5366,1.5194018819150907,False
5367,-0.4470198559542545,False
5368,-0.5024793973515593,False
5369,0.7900700566612525,True
5370,-0.8481653749593656,False
5371,-0.7863407752183791,False
5372,0.8087336394284357,False
5373,-0.7222843936691559,False
5374,-0.7409758551409272,False
5375,0.0662225528731324,False
5376,-0.457508128268651,False
5377,-0.6288528339366,False
5378,2.005805150226252,True
5379,-0.849272989998001,False
5380,-0.4805199470864194,False
5381,1.3199482788259649,False
5382,-0.072234256651134,False
5383,0.6825937864444925,False
5384,0.7807270381957555,False
5385,-1.279129321121076,False
5386,-0.1925733404271076,False
5388,-0.1350570324362616,False
5389,-0.9044756816791544,False
5390,0.3996442492711608,False
5391,0.3822079420672045,False
5392,-0.364890409792403,False
5393,0.7020920465490169,False
5394,-0.594585348379735,False
5395,-0.6192616108847762,False
5396,-0.2665515628984143,False
5397,0.3947664119813886,False
5398,-0.5574661152365437,False
5399,-0.913334499228928,False
5400,-0.4559503985959608,False
5401,0.5433130239156717,False
5402,-1.0866536865195546,False
5403,-0.933374987569385,False
5404,-1.0338264922681788,False
5405,-0.1844095650437391,False
5406,0.8000593558009269,False
5407,0.2155588274668243,False
5408,-0.5494688443655735,False
5409,-0.0248638933029001,False
5410,-0.5897629658792094,False
5411,1.1306671250591065,False
5412,0.7296697907475467,True
5415,0.5603167005806642,False
5416,0.5801517220045054,False
5417,-0.1997031632425144,False
5418,0.7418007566771182,False
5419,-0.8862148222917644,False
5420,0.5052280752648624,False
5421,0.194474845088399,False
5422,-0.4330987851787917,False
5423,-0.6442795725356921,False
5424,-0.806950206821436,False
5425,-0.9819644074008618,False
5426,0.0666802560229144,False
5427,1.4020325800942337,False
5428,-0.9218801786645744,False
5429,0.8040755655679488,False
5430,-0.2175498328956173,False
5431,-0.4217206615301569,False
5432,1.4382353097273075,True
5433,-0.5451026111074853,False
5434,0.6027577049681567,False
5435,0.7668285678508411,False
5436,-1.0157992230199782,False
5437,0.0770213860970628,False
5438,0.9163356178674856,False
5439,0.6967656288643335,False
5440,-0.7584654704665288,False
5441,0.8349227383516384,False
5442,-0.7594127927954826,False
5443,-0.4059866282013175,False
5444,-0.817942716770839,False
5445,-0.410490643242526,False
5446,-0.9287639028839236,False
5447,-0.3355377342781478,False
5448,-0.7098433389912524,False
5450,-0.4959169039902056,False
5451,-0.4622398023992774,False
5452,-0.1455380940564561,False
5453,-0.9341317133627928,False
5454,0.987918704507594,False
5455,0.1151606847500563,False
5456,-0.8092272375149178,False
5457,0.541752760059139,False
5458,-0.3893861047461235,False
5459,-1.0830794661595329,False
5460,-1.0449328107480274,False
5461,0.1050110616518402,False
5462,-0.14299928951563,False
5463,-0.4994837210996133,False
5464,0.3173893327661692,False
5465,-0.5247453436451806,False
5466,0.6443584789759982,False
5467,-1.151143772959945,False
5468,0.8469923252180065,False
5469,-0.8321666284483672,False
5470,-1.4152859425767963,False
5471,-0.5896538333839495,False
5472,-1.1550886254509107,False
5473,-0.6693332768835902,False
5474,0.9680234559865878,False
5475,-0.2996830611271446,False
5476,0.9617128772489532,False
5477,1.211405392031586,True
5478,-0.6911582176650908,False
5479,0.3387327727986444,False
5480,-0.0945996899264212,False
5481,-0.5449618140603227,False
5482,0.3969666574884159,False
5483,-0.4356185515826383,False
5484,-0.0143400733482657,False
5485,-0.7981384317922888,False
5486,-1.069945610905822,False
5487,0.6719564459425035,False
5488,0.3393763559477387,False
5489,0.1935878453179758,False
5490,1.609113074993581,False
5491,0.921441760897002,False
5492,0.853728920294458,False
5493,-0.606338662726894,False
5494,-0.8710421478414551,False
5495,0.7872120334121345,False
5496,-1.310152359920317,False
5497,-0.5484532222514711,False
5498,-0.4260258746592817,False
5499,0.8987762409763482,False
5500,-1.0676619997701946,False
5501,0.3436130005544346,False
5502,1.2368820099325477,False
5503,-0.6933383691577206,False
5504,1.5196232516057906,False
5505,-0.7622636782143795,False
5506,-0.1978289687080437,False
5507,0.991423984803706,False
5508,-0.1347489567022513,False
5509,0.3921388751638871,False
5510,-1.272627526286572,False
5511,0.7914296490729202,True
5512,1.0845987733743503,True
5513,0.3347630548660609,False
5514,0.4017057939605175,False
5515,-0.9263407847725856,False
5516,1.0157963224613338,False
5517,0.758120196534642,False
5518,-0.932097678939579,False
5519,-0.2828459280166743,False
5520,-0.9903958337289992,False
5521,0.4616968764299529,False
5522,-0.7307679553364579,False
5523,-1.171473152059206,False
5524,-1.2036980747477612,False
5525,0.2058404025997236,False
5526,-0.6837198246460341,False
5527,-0.9895428208852656,False
5528,1.7405896699204837,False
5529,-0.5835359528042372,False
5530,0.8145107737148305,False
5531,0.460949557421454,False
5532,0.0816103834317982,False
5533,-0.2011012789903425,False
5534,0.8742699443706607,False
5535,-0.9342885182215016,False
5536,2.229087222560536,True
5538,0.6148629246141459,False
5540,-0.7519701033230348,False
5541,1.3331073133229916,False
5542,-0.9068590991349356,False
5543,0.3747031183079649,False
5544,0.7465685397505418,False
5545,1.0211987211556484,True
5546,0.418485003449929,False
5547,1.1245404912800718,False
5548,-1.0526706332437337,False
5549,1.0759690562019508,False
5550,-0.7345411621897266,False
5551,-1.3676717141274126,False
5552,-0.6070073570587796,False
5553,-1.2197832395690718,False
5554,-0.2488717163593584,False
5555,0.4407534053495267,False
5556,0.7067154828679791,False
5557,1.0134384371724867,False
5558,0.8666025627065008,False
5559,-0.7179384810173157,False
5560,-0.5788948807271913,False
5561,0.8101739464305027,False
5562,0.5396157239591985,False
5563,-0.8153265868337605,False
5564,-0.6920708067217027,False
5565,-0.4993326196762064,False
5566,-1.1476321949752617,False
5567,0.444519901982322,False
5568,0.2436766502637695,False
5569,0.8866211955368659,False
5570,1.5777220163711008,False
5571,-0.7509107406697725,False
5572,-0.9030438236449216,False
5573,1.0219082906431878,False
5574,-0.9599912376590032,False
5575,0.8494120324089038,True
5576,1.777956559715509,False
5577,-0.6444075891597518,False
5578,-0.2889741088196974,False
5579,1.0239897086320306,False
5580,0.7954386473090501,False
5581,0.9843459958102916,False
5582,1.1652595304737376,True
5583,1.1527887544986235,True
5584,-0.3687066831704085,False
5585,0.4159954234215939,False
5586,1.0805253614032813,False
5587,1.2821087212571154,False
5588,1.452289008384574,True
5589,-0.8261690216540204,False
5590,-0.9661301189668164,False
5591,-0.2428396961905986,False
5592,0.5739402864298082,False
5593,0.6732976442831762,False
5594,-1.3883675628986625,False
5595,-0.3453895381177196,False
5596,0.6875871865649844,False
5597,-0.6453515327598598,False
5598,-0.8990257891375878,False
5599,-1.2913827998713958,False
5600,-1.220088417573562,False
5601,-0.5511800927888721,False
5602,1.2430076953935765,False
5604,-0.3780827149609486,False
5605,-1.7091273560586444,False
5606,1.8385519551069835,True
5608,0.455578033362092,False
5609,1.5816744204464217,True
5610,-0.9470278913970888,False
5611,-0.4357202661565244,False
5612,-1.5275726598935688,False
5613,0.73274736736961,False
5614,0.99035418658206,False
5615,0.8020419350466805,True
5616,1.702196433675655,False
5617,-0.4140061436173596,False
5618,-0.657741239962461,False
5619,1.2708337902954665,False
5620,-0.0018061251561458,False
5621,-1.1201119993204125,False
5622,0.6038728187535951,False
5623,-0.3089833332196361,False
5624,1.6018128381219197,False
5625,0.5894446142309099,False
5626,1.2620338693432238,False
5627,0.126436280046975,False
5628,-0.7185593774296792,False
5629,1.0753879222172928,False
5631,0.650671122209668,False
5632,-0.4156246354800593,False
5633,-0.6807671881330789,False
5634,-0.5537453024314655,False
5635,-0.5923084099793157,False
5636,0.0787426740349584,False
5637,0.7571063599949206,False
5638,0.5951118855195213,False
5639,-0.8480776162042651,False
5640,-1.939507962802489,False
5641,-1.1953437122859687,False
5642,1.363034838849218,False
5643,-0.0762633666961507,False
5644,-0.9546106862004732,False
5645,0.5900097403470222,False
5646,-0.0865516360395151,False
5647,-0.500018365531439,False
5648,0.7481976077211736,True
5650,-0.782425941578608,False
5651,0.8131939314153216,True
5652,-0.523080170382568,False
5654,0.3267765178039654,False
5655,0.651087687251258,False
5656,-0.5470131972343056,False
5657,-0.0115184953984342,False
5658,-0.5377244052900445,False
5659,0.5408916461463581,False
5660,0.8606065750183467,False
5661,0.4741129893446912,False
5662,-0.72143940396501,False
5663,-0.6045148742328164,False
5664,1.433220195856622,False
5665,-0.5605147101218656,False
5666,-1.0148047929462043,False
5667,0.3953503917422974,False
5668,-0.7260409823822732,False
5669,-0.6057472731772492,False
5670,0.7522556567790241,False
5672,0.6005459055199974,False
5673,-0.266451610622553,False
5674,0.8066406352870756,False
5676,-0.3463647675188142,False
5677,1.3505493155105202,False
5678,-0.9587975940305148,False
5679,0.0546253878156812,False
5680,-0.6139918850788288,False
5681,0.3558162582348503,False
5682,0.299507987164067,False
5683,0.9544271989490458,False
5684,-0.5224512486363926,False
5685,-0.7412518482726305,False
5686,0.033293977008732,False
5687,-0.5949852196460017,False
5688,-1.0773115135161688,False
5689,-0.910571612707309,False
5690,-0.9922156512003296,False
5691,-0.642826554913905,False
5692,-0.1344984959896563,False
5693,1.0752831933679183,False
5694,0.7898140450112532,False
5695,-0.573947239777422,False
5696,0.7811318917025399,False
5698,0.4495722052086258,False
5699,-0.483804622461507,False
5700,-0.3798141836161662,False
5701,1.509932717129347,True
5702,-0.3867707589240987,False
5703,-1.0822170686865606,False
5704,0.809256900863891,False
5705,0.6213609274581497,False
5706,-0.0795644522339799,False
5707,-0.0183129929077635,False
5708,0.7241791679998526,False
5709,1.755721205775746,False
5710,-0.861204181216381,False
5711,-0.5270209835801815,False
5712,-0.822024003783806,False
5713,0.3814820993203258,False
5714,0.4447727061885619,False
5715,-0.2159504207802074,False
5716,-0.9147126791046064,False
5717,1.2400937856098893,True
5718,0.388276843540318,False
5719,0.65933576419881,False
5720,-0.6061493587429224,False
5721,-0.6977401414037444,False
5722,0.9198189055340982,False
5723,-0.7893397028324293,False
5724,-0.1588870487506557,False
5725,0.8979201125886822,False
5726,0.7081755423115821,False
5727,-0.3405433618503019,False
5728,-0.5583844724919973,False
5729,1.141021696217752,False
5730,-0.401510070047215,False
5731,-1.0691038775762016,False
5732,1.266362572964383,False
5733,-0.2882771899124694,False
5734,-0.2266917621868887,False
5735,0.3614373889338546,False
5736,0.4205254062832707,False
5737,-1.1461282721070345,False
5738,-0.8393678298317983,False
5739,-0.4426295258675399,False
5740,0.5669085926580261,False
5741,-0.2919646578285715,False
5742,1.3289914747950855,False
5743,1.0290808284042412,False
5744,-0.944311403350662,False
5745,0.5387558212853589,False
5746,0.1652758775553254,False
5747,0.94771357855574,False
5748,-0.6877631330326046,False
5749,-0.3844684075007862,False
5750,1.3109966305125889,False
5751,-0.4771413239414043,False
5752,-0.1772884345393234,False
5753,-0.6586663627732454,False
5754,-0.1151994145731385,False
5755,0.5701887148100769,False
5756,1.0326377163233864,False
5757,1.267727744095769,False
5758,1.4041201183294183,False
5759,-0.8598497139964232,False
5760,1.7332664759975358,True
5761,0.5535061611261897,False
5762,1.5280267847189262,False
5763,-0.4701639615507333,False
5764,0.3374404795666312,False
5765,-0.5013566080688421,False
5766,0.610114898759627,False
5767,0.5478322889379035,False
5768,0.7321806897343826,False
5769,-0.3843636829397673,False
5770,-0.8552692386116831,False
5771,0.4273864846154301,False
5772,-0.3274286386418934,False
5773,-0.8931760779977962,False
5774,-0.8973178302054393,False
5775,-0.7821603070896294,False
5776,0.7713711502628863,False
5777,0.6704285792502249,False
5778,1.1988093599340208,False
5779,-0.7973882265798995,False
5780,1.8684691464719656,False
5781,1.342852624211323,True
5782,0.3456446802244002,False
5783,0.8946672026318871,True
5784,-0.6842325298280376,False
5785,-0.485512339388905,False
5786,-0.7706716454839135,False
5787,1.045463405702955,False
5788,1.475728787272964,False
5789,0.6216237818081819,False
5790,0.889301928631834,False
5791,-0.3991904703497155,False
5792,0.9615976832436224,False
5793,-0.9395959543347544,False
5794,-0.7784024497060631,False
5795,-1.0939229585136665,False
5796,-0.514854075550663,False
5797,0.2950394405789984,False
5798,1.072560243630711,False
5799,0.4290496753646886,False
5800,-0.8405460570689461,False
5801,0.9370424436362704,False
5802,0.3957988095651542,False
5803,-0.8768787868846738,False
5804,-0.2744651639253413,False
5805,0.0233963205202309,False
5806,-0.4554358639191078,False
5807,1.361806878586999,True
5808,0.8518877195438467,False
5809,0.533259341389854,False
5810,-0.3552348430567377,False
5811,-0.7907999351808139,False
5812,1.0346767604903977,True
5813,-0.6798422338058165,False
5814,-0.8142937705021893,False
5815,1.0250043071638577,False
5816,-0.8276666332981186,False
5817,-0.4888433356307935,False
5819,0.91438569546123,False
5820,-0.0573179806801707,False
5821,0.7756351737188886,False
5822,0.8562328421337722,False
5823,-1.1793832479054476,False
5824,-0.910621751344444,False
5825,1.4739919669087878,True
5826,-1.162582135112424,False
5827,-0.0409206723420359,False
5828,0.4914228120417766,False
5829,0.8935488284388746,True
5830,-0.3644829405169515,False
5831,-0.9034228868106524,False
5832,1.4949849021225865,False
5833,-0.3951112842683795,False
5834,-1.1610342302456873,False
5835,-0.8485549488508027,False
5836,-0.2043853434203615,False
5837,0.7030932532282694,False
5838,0.4490346476607203,False
5839,1.3621515391192276,False
5840,0.0284246584345633,False
5841,-0.3686201833107505,False
5842,0.5281417428064581,False
5843,-0.6696961968243019,False
5844,-0.100910161533743,False
5845,-0.1153945809938754,False
5846,-0.7245883546958518,False
5847,-0.5652815607340478,False
5848,1.4363666305492104,False
5849,0.8847618780369453,True
5850,1.0141448687493213,False
5851,-0.8672361835566641,False
5852,1.124293651359081,False
5853,-1.1364733734161327,False
5854,-1.2976566218406766,False
5855,-1.0383046040081292,False
5856,-1.1070673252412415,False
5857,-0.5696110880973932,False
5858,0.9222712037791718,False
5859,-0.6239501752347966,False
5860,1.0181486661358958,False
5861,1.1254100638804236,True
5862,-1.2625221939213962,False
5863,-0.0868642224486597,False
5864,1.4726856627284317,False
5865,-0.6288211455211588,False
5866,-0.812220820394878,False
5867,-1.2521826119893855,False
5868,0.5304944403266716,False
5869,-0.5271398825258465,False
5870,-0.1660863717585101,False
5871,-0.897656139530403,False
5872,0.2405218219458393,False
5873,-0.2338319303850345,False
5874,-0.2010380711608278,False
5875,-1.5951186509410231,False
5876,-0.4177090929033722,False
5877,-0.3526899090218085,False
5878,0.4625198995191709,False
5879,-1.2205135466381185,False
5880,-0.9441703112048148,False
5881,-0.5249150491511465,False
5882,1.4745974300876274,False
5884,-0.5256987356546672,False
5885,1.1875998437593889,False
5886,-0.794616798707504,False
5887,-2.1762234814304264,False
5888,0.4598513233440637,False
5889,0.7071955977650527,False
5890,-0.062909923027644,False
5891,-1.1065905124480295,False
5892,1.444913829418527,False
5893,0.7410624524947876,True
5894,0.9540611932997952,True
5895,-0.5898299572056747,False
5896,-0.9358076927450129,False
5897,-0.0618131213551667,False
5898,0.6100254058572001,False
5899,-0.4479397465962504,False
5900,-0.5326381509143668,False
5901,0.002251209626532,False
5902,0.8618992993593825,False
5903,0.5024966311287087,False
5904,-0.716360340844516,False
5905,0.9709912884636264,False
5906,-1.0453024123633998,False
5907,0.0981782987815581,False
5908,0.3928724056449925,False
5909,0.8665421132211568,False
5910,-0.7372195395314887,False
5911,0.8598855623087529,False
5912,-0.5991559685650623,False
5913,-0.9637543320932224,False
5914,-1.1586947528897018,False
5915,-1.3768756700661389,False
5916,0.4797624344736194,False
5917,1.2063792034490062,False
5918,1.1584912218043062,False
5919,-0.4872396727555692,False
5920,1.1633159124836785,True
5922,0.7374696682515626,False
5923,-0.2805198684505406,False
5924,0.2868874821365361,False
5925,-0.1531422293299237,False
5926,1.1361939215991153,False
5927,0.951598374962091,False
5928,-0.42174926801808,False
5929,-0.6013006344830492,False
5930,1.1147391241306652,False
5931,-0.9271916155141322,False
5932,-0.8575917185240416,False
5933,-0.2346744448341848,False
5934,-0.2469385035868228,False
5935,1.8156010796330428,True
5936,1.2758182331396049,False
5937,0.5434661291225645,False
5938,-0.2862084985847442,False
5939,-0.7284793335031955,False
5940,0.3821451584394542,False
5941,1.478730247533236,False
5942,0.8575154889415271,False
5943,-0.322527457613777,False
5944,-1.638580024340791,False
5945,0.2105237185497472,False
5946,0.2114417609565321,False
5947,-0.2875073196426004,False
5948,-0.5630667963860436,False
5949,1.580997489113286,False
5950,-0.6217431495385886,False
5951,-0.8891700413136869,False
5952,-1.4782530760152417,False
5953,-1.0641420178258654,False
5954,-0.0962584419477522,False
5955,1.2498757425214146,False
5956,0.9231620494930672,False
5957,-0.5550698574456958,False
5958,-0.3688845624159271,False
5960,0.6002281886539433,False
5961,1.2081010410462762,False
5962,0.9702526494000314,False
5963,-1.609850001869766,False
5964,1.339469040140189,False
5965,1.1555116076248997,True
5966,-0.0903378217111293,False
5967,-0.3029957283893312,False
5968,1.302864352500258,False
5969,-0.7261241826372946,False
5970,-0.929112104668404,False
5971,-0.696524205072539,False
5972,-0.1750981402087923,False
5973,-0.2572942394507785,False
5974,1.0101473343843226,False
5975,1.026648101424211,False
5976,-0.8205338669529162,False
5977,-0.4331913952574758,False
5978,0.6392845162043806,False
5979,-1.2234914444566505,False
5980,0.3506108889383737,False
5981,-1.7022260324373315,False
5982,-0.7217426543078707,False
5983,0.8337695379230186,False
5984,-0.7332255189564816,False
5985,0.4194419220483263,False
5986,-0.696178361304707,False
5987,-1.5827655077952911,False
5988,-1.4616874251033538,False
5989,-1.2926761407361904,False
5990,-0.5451278749315642,False
5991,-0.3451535245780488,False
5992,0.0112908899730551,False
5993,1.0118454161093122,False
5994,-0.6049012509748819,False
5995,-0.320173647365093,False
5996,0.7152323215523466,False
5997,0.901667776866464,True
5998,0.7558239428305209,False
5999,-0.0516189349348933,False
6000,-0.6428664765335586,False
6001,0.6887512972804548,False
6002,0.625220717979608,False
6003,0.948172280007664,False
6004,-0.3567255293855822,False
6005,-0.3060811217419458,False
6006,-1.3742999801212683,False
6007,-1.0030246905507592,False
6008,-0.7888548734614352,False
6009,-0.5381547309209085,False
6010,1.0558304982924356,False
6011,-0.8628189036550724,False
6012,-0.7976505708025743,False
6013,-0.3316530789136461,False
6014,-0.6019830559710934,False
6015,1.0743414029328977,False
6016,0.5638792738695797,False
6017,-0.3323050417607025,False
6018,-0.7153623003195339,False
6019,-1.3244899734997715,False
6020,0.5868372741021992,False
6022,-0.1847442742533508,False
6023,1.1684317465707033,True
6024,-1.376823984641361,False
6025,0.4074885827265403,False
6026,-1.0901460739763815,False
6027,0.843801331624733,False
6028,0.2817323824479963,False
6029,-0.7404200040413413,False
6030,0.7884746292780259,False
6031,-1.0970422254636965,False
6034,-0.6710661808014173,False
6035,-0.910489759866328,False
6036,-1.0715037136923589,False
6037,-0.4560694854480555,False
6038,0.5522796848181277,False
6039,0.60915477366272,False
6040,-0.8299950764091655,False
6041,-0.5138142244790219,False
6042,-1.3811045439694265,False
6043,-1.0973510809832772,False
6044,-0.3224933733400217,False
6045,1.1343811073641474,False
6046,0.7365536518142661,False
6047,0.4086812310379489,False
6048,0.1615174301116142,False
6049,0.1418758766061624,False
6050,0.513709256262059,False
6051,1.582985255554877,False
6052,1.3209133997640996,False
6053,0.1175599764747785,False
6054,-0.6332683141415725,False
6055,1.3394674676407703,False
6056,1.1572400493604054,False
6057,-0.6068269886394394,False
6058,-0.3996302462528616,False
6059,-0.2729208608823078,False
6060,-1.0257269975024172,False
6061,-0.3923793682389881,False
6062,-0.1643274352669115,False
6063,0.913779605433176,False
6064,0.3331201557309328,False
6065,-0.8254992045116106,False
6066,-1.177506735771671,False
6067,-0.6908739399672812,False
6068,0.1225697573202027,False
6069,1.94522808386016,False
6070,-0.1182737966681405,False
6071,-0.649907703136426,False
6072,-0.4503949373789454,False
6073,-1.075839119044696,False
6074,0.3315604962012761,False
6075,-0.5776365707176707,False
6076,-0.8561221366277383,False
6077,0.2102086044852255,False
6078,-0.8672254738348519,False
6079,-1.2875840586935017,False
6080,-0.4693962268658425,False
6081,0.6190360472775244,False
6082,0.7825383467323459,False
6083,0.0690961850491415,False
6084,-0.3123894756029258,False
6085,0.9808938967206856,False
6086,0.2107207160204753,False
6087,0.7211157106662291,False
6088,-0.4157453074546663,False
6089,-0.373103601198474,False
6090,-0.4406198222204256,False
6091,-0.189979963095745,False
6092,0.8624424784809737,True
6093,-0.4640428828723639,False
6094,-0.6778440465215988,False
6095,0.890478802693404,True
6096,-0.4759906097047395,False
6097,-1.0355048795725603,False
6098,-0.6389888600888118,False
6099,0.9549562167889772,False
6100,0.9301349413658504,False
6101,-1.022637544485978,False
6102,1.210083422753671,True
6103,1.5065079906571324,True
6104,1.3594399059587938,False
6105,0.6570796325260878,False
6106,0.1487419079439286,False
6107,-0.6083180650508841,False
6108,-0.977492036236241,False
6109,-1.8505217463516872,False
6110,1.1678474907574012,False
6111,0.0002817077339103,False
6112,-0.1248488431421661,False
6113,-0.8589628352551057,False
6114,-0.8023668309815386,False
6115,-1.245786051015419,False
6116,-0.6741030964906953,False
6117,-0.4623312949691965,False
6118,0.5751596655636144,False
6119,-0.928445190208992,False
6120,-0.0424331919935502,False
6121,1.0839750165093676,True
6123,0.5193609931921773,False
6124,-0.1310509494835346,False
6125,1.775133643731636,False
6126,-0.765880605885183,False
6127,0.5759907303304092,False
6128,1.0034012789198348,True
6129,-0.5445973381294062,False
6130,-0.6449527433929456,False
6131,-0.925564097528376,False
6132,-1.2762554248062732,False
6133,-1.0094005272726096,False
6134,-0.693756657070655,False
6135,0.790576575169072,False
6136,0.3693097092032948,False
6137,-0.8384474424245183,False
6138,-0.7002368171038256,False
6139,1.400917231685623,True
6141,-0.813944333190703,False
6142,1.4422124600819852,False
6143,-1.2111684792562447,False
6144,-0.4077992107377735,False
6145,0.9630365091761958,False
6146,0.8451482573592705,False
6147,-0.0981604562073932,False
6148,-1.0676063673202931,False
6149,1.7574908138815712,False
6150,-1.2231249821598702,False
6151,1.1352993794170665,True
6152,-0.7047829762754223,False
6153,0.912606073706867,False
6154,1.113241999506443,False
6155,1.0885338128864317,False
6156,-0.642187721433066,False
6157,0.7499599965084841,False
6158,0.5308879081541794,False
6159,0.481697418145884,False
6160,-0.0645861389313051,False
6161,-0.4982696258079153,False
6162,-0.6803511716909324,False
6163,1.2203759448164373,False
6164,-0.4160011624684596,False
6165,-0.7941220935047726,False
6166,-0.3470650201023034,False
6167,-0.7085106523794205,False
6168,-1.269999145823115,False
6169,-0.1856071637644549,False
6170,0.3308316610642159,False
6171,1.3392754669877305,False
6172,0.7658156329835739,False
6173,-0.509855496103973,False
6174,-0.4271576258029358,False
6175,0.7094275578699706,False
6177,-1.1814931704538716,False
6178,-0.925821456478332,False
6179,-0.7339338363663808,False
6180,1.0124717769364435,True
6181,0.0734488258719554,False
6182,-0.6825898906303944,False
6183,0.7081813217426591,False
6184,-1.4505212276444,False
6185,-0.52191737876918,False
6186,-0.1331695716058076,False
6187,-0.6531812761982638,False
6188,0.3166562691924972,False
6189,-0.8605770967950583,False
6190,-0.8829044659412262,False
6191,-0.3165292820144685,False
6192,0.3900957320464828,False
6193,-0.0848801082147335,False
6194,-0.4177100137496096,False
6195,-0.8874502370513603,False
6196,-0.2885096198428827,False
6197,-0.9158930536870208,False
6198,-0.3128696616918071,False
6199,-0.999168415712392,False
6200,-1.0329981844502802,False
6201,-0.8172403331008613,False
6202,-1.2388435359861132,False
6203,-0.9866431540279628,False
6204,0.3486759189940691,False
6205,1.005165369032021,False
6206,0.9129844185202648,False
6207,-1.513368650021257,False
6208,1.179061281000314,True
6209,-1.0553913334128109,False
6211,-1.9683409492564912,False
6212,-0.1247609272687312,False
6213,-0.4098464970448721,False
6214,-0.3704158445949826,False
6215,-0.3864523136673788,False
6216,-0.7048850020533244,False
6217,0.7701780843419705,True
6218,-1.0950880576694546,False
6219,-0.5318288424828431,False
6220,-0.3069116479695499,False
6222,1.5827098734371634,False
6223,1.565002107368119,False
6224,-0.8388093308087097,False
6225,0.7796998476255009,True
6227,1.752274637315553,False
6228,-1.3383534091815217,False
6229,-0.5624599731634358,False
6230,-0.9656472809162682,False
6231,0.7801672477947885,False
6232,0.6923465218027698,False
6233,-0.6638522068012833,False
6234,1.7188424112318064,False
6235,-1.0143505374837851,False
6236,-1.6954706506486144,False
6237,-0.4081370090597633,False
6238,-0.2553505481360361,False
6239,0.4263007668135025,False
6240,1.094279402057942,False
6241,-1.1279347301745657,False
6242,-0.5723983121842011,False
6243,0.4941847887830352,False
6244,-0.7659581168551518,False
6245,1.5153074376262738,False
6246,0.920332256756063,False
6247,-0.8446211044672802,False
6248,0.7537003847458617,False
6249,-0.2276935304931152,False
6250,-0.0971244294566545,False
6251,-0.6977426986193133,False
6252,-0.6646122357154953,False
6253,-0.8192188457833882,False
6254,0.0129657360283612,False
6255,-0.3973674587507128,False
6256,-0.6972916335725088,False
6257,-0.3004079729617022,False
6258,0.8905252909648655,False
6259,1.145953107780065,True
6260,0.9788943954918796,False
6261,-1.0466393709377373,False
6262,-0.2403952494839974,False
6263,-0.135583245795439,False
6264,-0.9325521711398924,False
6265,0.4472441323053827,False
6266,-0.0799284251910349,False
6267,-0.4660435367099118,False
6268,-1.3293681928090149,False
6269,-1.144362004440305,False
6270,0.0799989568891228,False
6271,-0.7478323559363114,False
6272,-0.4712505124977483,False
6273,0.0260175538651689,False
6274,0.9895841927078682,False
6275,0.5745121908064607,False
6276,0.5941233737871671,False
6277,0.9772960898517284,False
6279,-1.0957526727369802,False
6280,-0.5158948216460979,False
6281,-0.6156600091077424,False
6282,1.5399430479235912,False
6283,1.0777185879638744,False
6284,2.322844697251345,True
6285,-0.6339817014190376,False
6286,-0.4590441722227377,False
6287,-0.9323969652114192,False
6288,-0.7015721572998384,False
6289,1.1276744663762188,False
6290,-0.9280061970571972,False
6291,0.2921192101515504,False
6292,0.9457553354065072,False
6293,0.585270052333054,False
6296,-0.7247934894219059,False
6297,1.5043839520757345,False
6298,-0.7181407901004864,False
6299,0.1200374074032893,False
6300,2.022866483852384,True
6301,-0.8573134627811991,False
6302,-1.4834607407341602,False
6303,-0.1179134895371265,False
6304,0.7476755417163665,False
6305,0.7580726861502642,False
6306,0.7613675279648319,False
6307,0.8586461398289161,False
6308,0.4111131527791633,False
6309,0.2691716662208299,False
6311,1.0226454226231196,False
6312,0.8071305540954568,False
6313,-0.1488159235711045,False
6314,0.5315486103112883,False
6315,0.9562122925759756,False
6316,-0.6671791343131882,False
6317,-0.7698631042304309,False
6318,0.2759729909332186,False
6319,-0.9115155395675026,False
6320,-0.2425599462192804,False
6321,-0.9854706455107268,False
6322,1.512328443160092,False
6323,0.704824898927736,False
6324,0.1290823124406793,False
6327,1.15274156279237,False
6328,0.5667395676492768,False
6329,-1.063376068979734,False
6330,-1.1129748129327863,False
6331,0.1942970834943985,False
6332,1.610711735703234,False
6333,-1.3377447220743444,False
6334,-0.3734517555957685,False
6335,-0.4985887008278757,False
6336,0.4496939860049993,False
6337,0.7021093020474102,False
6338,1.006987352030134,False
6339,0.6683199002414373,False
6340,0.5090278394424061,False
6341,-0.0721721771737959,False
6344,-0.8576280125196774,False
6345,-0.7009580235818991,False
6346,0.736771648073422,False
6347,0.0080886813834281,False
6348,-0.7083968141061978,False
6349,-1.0032329441406826,False
6350,-0.7263202500509809,False
6351,-0.5652043678884984,False
6352,0.9186367545683202,False
6353,-0.6272805441892182,False
6354,0.9288884506946452,False
6355,0.6402413893775349,False
6356,0.0572136168179487,False
6357,-0.2283884606264823,False
6359,0.9251510559288776,False
6360,0.85285024279418,False
6361,-0.6777846355718512,False
6362,0.4398289731237698,False
6363,-0.3259558241398447,False
6364,-0.2781500083620115,False
6365,-1.13968014563261,False
6366,0.0209085292846566,False
6367,-1.3466689059772046,False
6368,0.9452893415052764,False
6369,-0.4898159066243331,False
6370,-0.7249404553675194,False
6371,0.9835496993059264,False
6372,0.2909848890357168,False
6373,-0.1423321850876554,False
6375,0.3128386162370042,False
6376,0.9491017865888812,False
6377,-1.5943031561290066,False
6378,-0.9131749670787772,False
6379,-0.8581561881785476,False
6380,-0.3690514873795734,False
6381,-0.955187549737764,False
6382,-0.3427495780487125,False
6383,-0.201389490122954,False
6384,1.087559394987373,False
6385,0.2335394121700582,False
6386,-0.1338396314155444,False
6387,0.1439211299844801,False
6388,-0.0181729408654024,False
6389,0.7328526050171005,False
6391,-0.4664698928006004,False
6392,-0.2859335218098492,False
6393,-0.9282737281807112,False
6394,-0.9595596160684748,False
6395,-0.5863203003099269,False
6396,-1.026432282105307,False
6397,-0.8131601516461944,False
6398,-0.5264880502998762,False
6399,0.8187129324852513,False
6401,0.970012869456417,False
6402,0.6531107057079293,False
6403,1.1623806092086215,True
6404,0.26929307677102,False
6406,-0.7446314779743118,False
6407,-0.4161956876034484,False
6408,-0.5676391771987502,False
6409,-1.0341190527690949,False
6410,-0.4307742106030535,False
6411,-0.9232662862529804,False
6412,-0.8467778963179482,False
6413,-1.3505102037350758,False
6414,1.2725576350790009,False
6416,1.5738470683061825,False
6417,0.3849247893360826,False
6418,-0.6764607235746609,False
6419,0.8548807764081072,False
6420,1.538536783764903,True
6421,0.869770796897672,False
6422,-0.43364786153568,False
6423,-0.4749212898590223,False
6424,-0.3363759774504592,False
6425,-0.6587789029485362,False
6426,1.400022854721016,True
6427,-0.922990986544428,False
6428,-0.7780956674676278,False
6429,0.06730329788779,False
6430,0.0960503416206821,False
6431,0.6939383246407829,False
6432,1.0663005834851482,False
6433,-0.2257383189749656,False
6434,1.1613102924605914,False
6436,-0.9986832760644572,False
6437,0.774880746527685,False
6438,-0.4172895560143822,False
6439,0.6864691229847076,False
6440,-0.6090852673389149,False
6441,0.7777498733611484,True
6442,-0.6017392486298099,False
6443,-0.5886466883970165,False
6444,0.879108916287245,False
6445,1.2559158697721964,False
6446,0.9201063026474358,False
6447,0.7384873384091882,False
6448,1.1833042170266677,False
6449,-0.037920499373385,False
6450,-0.011813987838038,False
6451,0.863478953465064,False
6452,-0.062596194003313,False
6453,0.4343208686319325,False
6454,0.8223755344269328,False
6455,-0.7473521152116429,False
6456,1.050975889542754,True
6457,1.0574416658676005,True
6458,-1.106564008709069,False
6459,0.4365271631963814,False
6460,-0.0315876037516958,False
6461,0.521395852426789,False
6462,0.5908344175070638,False
6463,-0.5009974170326529,False
6464,1.4009971573619413,False
6466,1.2904319029251194,False
6467,-0.318650400280432,False
6468,1.4084187246497684,False
6469,-0.3313905746799411,False
6470,-0.2871020702852302,False
6471,1.903696581331849,True
6472,-0.8044984026325491,False
6473,0.2590000776630383,False
6474,1.2791558531243783,False
6475,0.54854332487641,False
6476,1.2104313190532194,False
6477,1.162527202549301,True
6478,-0.0456563007965209,False
6479,0.3638466189244438,False
6481,0.9123422278559236,False
6482,-0.1650433045301223,False
6483,1.2387794897056672,False
6484,0.4988563688573282,False
6485,-0.9132501020386512,False
6486,1.7688255090526526,False
6487,-0.8034163094787556,False
6488,-1.4046370270760196,False
6489,1.0921464639617513,False
6490,0.9962597961936251,False
6491,1.1145769115481343,False
6492,0.48254456881968,False
6493,0.172179183874124,False
6494,1.1257134846986534,False
6496,0.7731555848112904,False
6497,0.5694604390106486,False
6498,-0.7643792805032392,False
6499,-0.4589584642085555,False
6500,-0.5842210561884118,False
6501,-0.8082577519725539,False
6502,-1.2628774295603218,False
6503,0.147565561026972,False
6504,-0.0082446396430456,False
6505,0.2063796938830817,False
6506,1.049729824861135,False
6507,1.0888591536153744,False
6508,-0.3724969947797543,False
6509,1.1707044670617623,False
6511,1.6236143725365408,False
6512,-0.3209048957144584,False
6513,-0.443486063989941,False
6514,-0.646349588363072,False
6515,-0.1826325655748559,False
6516,0.940892377715576,False
6517,-0.8397066486463478,False
6518,-1.3500104450759598,False
6519,0.5783152156099595,False
6520,0.2606337886876791,False
6521,-0.8559431462564024,False
6522,0.3915080506993937,False
6523,0.9861622330572912,False
6524,0.6984434367667944,False
6525,-0.3009667765945898,False
6526,-1.099261710401124,False
6527,0.0174410979991274,False
6528,1.469348891396315,False
6529,-0.9479106486775096,False
6530,1.316875378002572,False
6531,0.8121394484526885,True
6532,-0.7061400512988713,False
6533,-0.8349362339156987,False
6534,0.3404975122875526,False
6536,0.1446907136083997,False
6537,0.9005095589723286,False
6538,-1.1016205890601218,False
6539,0.6163195406499228,False
6540,0.5366583693494716,False
6541,-1.2846800420106286,False
6542,0.571340357739627,False
6543,0.925356158233246,False
6544,0.2321466058886041,False
6545,-0.7642071923086149,False
6546,0.8068957952233264,True
6547,-0.7370128540263385,False
6548,-0.5375993590640644,False
6549,0.4806177735320034,False
6550,1.076383173897297,False
6551,1.6329445083705671,False
6552,0.9005550679344054,False
6553,0.7725417004394302,False
6554,0.6302655764733954,False
6556,1.1714300053031432,False
6557,0.7290733908613914,False
6558,-0.2640317069480223,False
6559,0.6052167045279324,False
6560,1.3239925055241903,False
6561,1.0135026353595606,True
6562,-1.0590206538655362,False
6563,0.0119261743990499,False
6564,0.4689817158081137,False
6565,0.9419043700801052,False
6566,-0.1241778628798035,False
6567,0.3463077562193807,False
6568,0.5133930063416736,False
6569,0.7089491256775825,False
6571,-0.5832456410627141,False
6572,-0.918990577806564,False
6573,1.467109888446109,False
6574,-1.7468956880926836,False
6575,1.277032778594296,False
6576,0.734979218541154,False
6577,-0.796051089567366,False
6578,0.2789475140328417,False
6579,0.4721366361754883,False
6580,1.1375048034008026,False
6581,0.8957437741604196,False
6582,0.8100922678065292,False
6583,0.6816648812228867,False
6584,1.121413239831534,False
6585,-0.5829914934728513,False
6586,1.025841218065255,False
6587,-0.0494768098815768,False
6588,0.8800002730476805,False
6589,-0.3323598963060768,False
6590,1.5726811967969594,False
6591,-0.7644858745025037,False
6592,-0.561821597755056,False
6593,-1.1748440508903075,False
6594,0.4522142189344031,False
6595,-0.3722348353634452,False
6596,-0.9701083613217032,False
6597,1.025571525767898,True
6598,0.0104094186207093,False
6599,0.4566800191857918,False
6600,-0.5260677763086301,False
6601,-0.3742522549340807,False
6602,-1.2225925373165112,False
6603,-0.85844763537655,False
6604,-0.1419694544049877,False
6605,-1.0559132922166632,False
6606,1.6638879191362748,False
6607,-1.1029932304968904,False
6608,0.5129705211796792,False
6609,1.0979779517447723,False
6610,1.256815648042496,False
6611,-0.3074463325377428,False
6612,0.2036920467914505,False
6613,1.1913141757501904,True
6614,0.5082167405779704,False
6615,-0.0135229816996559,False
6616,-0.3573349246765877,False
6617,-0.6459147319735598,False
6618,-0.8453872867213685,False
6619,-0.1279899715450062,False
6620,0.965584629546134,False
6621,-0.9209845174815076,False
6622,-1.020779600539552,False
6623,-0.9142387431904824,False
6624,1.571762284731265,False
6625,1.2404596231871805,False
6626,-0.7583470883022991,False
6627,0.5816699767561221,False
6628,-1.45730979983768,False
6629,-0.2340548785221157,False
6630,-1.1419272433517418,False
6631,-0.937936199343586,False
6632,-0.8024282674037017,False
6633,-0.8079777439158653,False
6634,-0.3873385817737996,False
6635,0.4507413100039673,False
6636,1.2260027599238246,False
6637,-0.5171314063607213,False
6638,-1.1458487725857696,False
6639,1.1023259463508754,True
6640,0.8870458946656437,False
6641,-1.4540022114849147,False
6642,0.9260895630189308,False
6643,1.4164459241526808,False
6644,0.4592481089285031,False
6646,0.3685240086624846,False
6647,-0.437399096678601,False
6648,0.3800891040424857,False
6649,1.134033673223387,False
6650,1.3579158225094297,False
6651,-0.7963542198962712,False
6652,-0.5481892532322723,False
6653,-0.7147563365371963,False
6654,-0.2581969869019842,False
6655,0.6674700229218803,False
6656,0.7009849549716147,False
6657,0.1682452986501935,False
6658,-1.2572139542872365,False
6659,0.1372351397489051,False
6661,-1.5690855993563253,False
6662,-1.187096698089661,False
6663,-0.1113386483568032,False
6664,-0.7708769925757767,False
6665,1.3403990719995271,False
6666,0.8920239837008909,True
6667,-0.7367163407343098,False
6668,-0.5071318191967438,False
6669,1.065265218345176,False
6670,1.4538340165112742,False
6671,1.6575444732282356,False
6672,0.4118472351680315,False
6673,-0.4027656165527238,False
6674,0.5954895458474049,False
6676,1.3994555054151143,False
6677,-0.9164757465566156,False
6678,-0.5736840460338939,False
6679,0.7190076328051831,False
6680,1.2457582834281486,False
6681,0.8631690100146188,True
6682,0.1158670983359122,False
6683,-0.4685988353799736,False
6684,0.8007066100097807,False
6685,0.6344848308612253,False
6686,1.3788896691636154,False
6687,0.5769699235289848,False
6688,1.4245774592614373,True
6689,1.159121152641991,False
6690,1.5024968735518758,False
6691,-0.8507501707066036,False
6692,-0.8975355958844027,False
6693,-0.9165739045271768,False
6694,0.4160610069238778,False
6695,0.4927403077685244,False
6696,-1.254209874097756,False
6697,-0.3967995951914114,False
6698,-1.110129200409471,False
6699,0.3140173973023448,False
6700,0.586625370895681,False
6701,1.1899258036432576,False
6702,0.6138778635559327,False
6703,-0.6667340377332287,False
6704,0.1521894244427013,False
6705,1.0655106718803764,False
6706,-0.6012744190347071,False
6707,-0.8778290897849934,False
6708,-0.8498143350856445,False
6709,0.6942312948818228,False
6710,0.8205694418907574,False
6711,1.2253324305167193,False
6712,-0.7957064497736721,False
6713,0.4560638409811424,False
6714,1.3162399173439885,False
6715,-0.6526703754367865,False
6716,-0.8880514180469864,False
6717,0.9560465393570516,False
6718,-0.967937047351999,False
6720,1.4668983612733173,False
6721,0.9127230827464174,False
6722,-0.2865402049875865,False
6723,-0.981465525585134,False
6724,-2.334200599713844,False
6725,0.7581260080175962,False
6726,-0.9413836034236934,False
6727,-0.394329682607631,False
6728,-0.7758887381279238,False
6729,0.777939868574814,False
6730,1.2618108193673998,False
6731,-0.5515961205937908,False
6732,-0.9928618099344184,False
6733,-0.5509281117823204,False
6734,0.3048983099098465,False
6735,0.4514524804129838,False
6736,1.1427885151881048,False
6737,-0.5341212208717707,False
6738,0.539747270221764,False
6739,-1.1178852301206068,False
6740,1.18158691247514,False
6741,0.010396823848336,False
6742,-1.2989945565825178,False
6743,-1.1289728793056764,False
6744,0.8076076814191991,False
6745,-1.48066182839586,False
6746,1.3368882512416826,False
6747,-0.7147734068235885,False
6748,0.5877097698005027,False
6749,0.1234995320909915,False
6750,1.7763040682196805,True
6751,-0.7351402288686624,False
6752,-0.3587947650398433,False
6753,-0.4311795749966956,False
6754,-0.0127782384834268,False
6755,1.2076064092709662,False
6756,-0.9396158740028075,False
6757,-0.9094512234131608,False
6758,1.207648608670533,False
6759,0.4554036415885505,False
6760,-0.3559747153563474,False
6761,1.633634923914818,False
6762,-0.9484322767346752,False
6763,0.4089946637931196,False
6765,0.6962131223559249,False
6766,-1.16123201840183,False
6767,-0.3969753594735541,False
6768,-0.1056745527027189,False
6769,-0.3520213291265397,False
6770,-0.8088930585121834,False
6771,-0.1428483577344039,False
6772,1.5678883207245784,True
6773,-0.7241589913465374,False
6774,1.162545972319706,False
6775,-0.7686561384768905,False
6776,-0.9645862779887806,False
6777,0.8863069827312572,False
6778,-1.1788983570848988,False
6779,0.8833740863794262,False
6781,-0.9392827375721928,False
6782,-0.1519912740685632,False
6783,-0.1767960241650039,False
6784,1.3830614726895725,True
6785,-0.912379881893472,False
6786,-1.3076253257445682,False
6787,-1.0343798698059226,False
6788,0.6397960336982784,False
6789,0.5105292972470861,False
6790,-1.186742361274528,False
6791,-0.0005142206722418,False
6792,0.5553892490722774,False
6793,0.8644730173713497,False
6794,0.606779186685116,False
6795,-0.7196475661590467,False
6796,-1.1525278022543055,False
6797,0.8433209238434316,True
6798,-1.2464158405666184,False
6799,-0.3470456701669709,False
6800,-0.7416079783267141,False
6801,-1.3740194333625806,False
6802,-0.634264997051548,False
6803,-0.1499182780266441,False
6804,-0.8867776821582225,False
6805,-1.139434687730775,False
6806,-0.6675907692325128,False
6807,-1.6824170368752531,False
6808,0.39483227403556,False
6810,0.8261358899874651,True
6811,-1.3767074865848028,False
6812,1.25552466213159,True
6813,-1.2627863256720768,False
6814,-1.141483203341864,False
6815,0.6128528279437568,False
6816,-1.011099490905808,False
6817,-0.4417794448286478,False
6818,-0.5280881407120436,False
6819,0.4785919388705595,False
6820,-0.3265775522804531,False
6821,-0.7781890511557144,False
6822,0.2553685706199207,False
6823,0.1062189452057335,False
6825,0.684981070604104,False
6826,-0.3986291585253747,False
6827,-0.2870084798669047,False
6828,1.059313823422647,False
6829,-0.7549887441088827,False
6830,0.8631940629303442,False
6831,1.5967552246153516,False
6832,-0.5524300255404817,False
6833,-1.169276137815987,False
6834,1.0115226343535393,False
6835,-1.0085767464940625,False
6836,-0.77975712417158,False
6837,-1.5264628169159598,False
6838,-0.7596750123378367,False
6839,-0.1129609140145335,False
6840,1.3596532977273077,False
6841,-0.893348067586389,False
6842,0.1047676847932116,False
6843,-1.02705385062582,False
6844,-0.1457146445684036,False
6845,0.7525905669422105,True
6846,0.4175596045903361,False
6847,-0.4095865967846581,False
6848,-0.300178178884107,False
6849,0.46649632982799,False
6850,-0.8015938966525966,False
6851,-0.6845234455491795,False
6852,0.0586178146717931,False
6853,-0.0639051415931732,False
6854,0.4645087235357522,False
6855,1.5485331986688438,True
6856,1.2726548869860443,False
6857,-0.5397977510371766,False
6858,-0.3920833484036806,False
6859,1.475892076572089,True
6860,0.812859691486595,False
6861,0.3995273152413229,False
6862,-1.1708521208625955,False
6863,1.003823332914051,False
6864,0.1184253074358883,False
6865,-0.0738913917575453,False
6866,0.1714193327018762,False
6867,0.9893806227730528,False
6868,0.2761113020764583,False
6869,1.7226736818626696,False
6870,0.2633353509265562,False
6871,0.5819436593283914,False
6872,-0.8171587009346086,False
6873,0.6117840143783427,False
6874,-0.8201025940514257,False
6875,-0.873170627328153,False
6876,-0.3955089860849885,False
6877,-0.7601819074954286,False
6879,-0.2001996974557448,False
6880,0.7137737355099681,False
6881,1.1268843239983304,True
6882,-0.9792467500338432,False
6883,0.5414222311547594,False
6884,0.3097430604510356,False
6885,-0.8383617688063174,False
6886,-0.2479826627668632,False
6887,-1.5691952340838802,False
6888,-0.5923413473019387,False
6889,-1.480819357586172,False
6890,1.2710683307459478,True
6891,-0.9896480403930162,False
6892,0.701561453261554,False
6893,-0.220770822744212,False
6894,-0.873352399278991,False
6895,-0.286065370533115,False
6896,0.152529234107318,False
6897,-0.9428141531701064,False
6898,-1.1379072624788509,False
6899,-0.4196989024510011,False
6900,-0.2227521445159203,False
6901,1.358746599687575,True
6902,1.1729362237348075,False
6903,0.7600914248642983,True
6904,-0.8704995795811572,False
6905,-0.5109553944258935,False
6906,0.2154768567748659,False
6907,0.628818376551266,False
6908,-0.1192709031850773,False
6909,0.003305463782853,False
6910,0.5785144005907035,False
6911,0.9473307332216732,True
6912,-0.5184722441927379,False
6913,-0.8883159186104279,False
6914,-0.2295754722230764,False
6915,0.7187804618298838,False
6916,0.175862866427797,False
6917,-1.1482681996202777,False
6918,-0.6247169702199245,False
6919,0.3325667600415615,False
6920,0.3221553951206395,False
6921,0.1018482683916347,False
6922,-0.5082986661964366,False
6923,-0.6724899959750551,False
6924,0.1976554488829862,False
6925,0.9686868709600732,False
6926,-0.0671517618713891,False
6928,-0.3821531288032033,False
6929,-0.4334607848677996,False
6930,1.0833978172972645,False
6931,1.0562425171796623,False
6932,-0.8494426348459636,False
6933,-0.4806800554961278,False
6934,-0.1740020787754865,False
6935,-0.9022960272344644,False
6936,-0.4060348261083734,False
6937,-0.1434147475557717,False
6939,0.7296797697634461,True
6940,-0.9154397563981526,False
6941,0.366569273072697,False
6942,-0.4614555346739202,False
6943,-0.4955502659060321,False
6944,0.6065674805628356,False
6945,0.4671068597121607,False
6946,-0.904282842925802,False
6947,-0.1804601261783657,False
6948,-0.5169424309168369,False
6949,-0.9835177477463988,False
6950,-0.7649822190237567,False
6951,0.548783260947194,False
6953,0.7018984958867149,False
6954,1.1354859125404486,False
6955,-0.4229192592145504,False
6956,-0.3326576918407659,False
6957,-0.0482670653544759,False
6958,0.8879921646904289,True
6959,1.0544821987835769,True
6960,-0.5474823701581082,False
6961,-0.8014594298705799,False
6962,-0.3118295376321919,False
6963,1.011473524354818,False
6964,-0.550011817564867,False
6965,-0.2119909630091634,False
6966,-0.4357678202080488,False
6967,0.9150818584656316,True
6968,1.6125120420708756,False
6969,-0.3396515978816347,False
6970,-0.6802852316141992,False
6971,-0.7940045498095003,False
6972,-0.8022905279945038,False
6973,-1.0447924842963867,False
6974,-0.6673986872969511,False
6975,-0.7597255961529965,False
6976,0.8103245371435832,False
6977,-0.342482605542269,False
6978,-0.6109581010354108,False
6979,-1.0960233897134513,False
6980,0.5178726899390843,False
6981,-0.1710271473726167,False
6982,0.7910511196976597,False
6983,-0.6388675294897185,False
6984,0.558226963776687,False
6985,0.8473954168265676,False
6986,-1.2749617409419685,False
6987,-0.2433506602998846,False
6988,-0.6062791178775476,False
6989,0.9433036855337747,False
6990,-1.1384056634511976,False
6992,-0.4537250195407872,False
6993,1.0768928108375275,False
6994,0.678154338391404,False
6995,-1.6338531188620102,False
6996,-0.705325672830682,False
6997,-0.1307798421266635,False
6998,-0.5571149807774451,False
6999,-1.0932778744034073,False
7000,0.3908394518020172,False
7001,-0.0390804391659442,False
7002,0.7435094137446818,False
7003,-0.4525313911859953,False
7004,-0.2841632721168441,False
7005,-1.2605768054066484,False
7006,0.9677451580719244,True
7007,1.1308024384688533,False
7008,-0.6792756695214313,False
7009,-0.450634695872134,False
7010,1.62162788228473,True
7011,0.7989396583652826,False
7012,-0.6877092157478364,False
7013,-0.8579847933188077,False
7014,0.9044293325937424,False
7015,1.0914416778827365,False
7016,1.3128341107060717,False
7017,0.1033064843513762,False
7018,-0.2094010809689713,False
7019,0.6167343606426327,False
7020,0.4715903821346491,False
7021,-0.5273053110437718,False
7022,-0.4366578147008109,False
7023,0.7560885328447273,False
7024,0.8583303107072313,False
7025,-0.3644467298518885,False
7026,1.636818949168671,False
7027,0.8413352520690168,False
7028,0.8120022823496343,False
7029,-0.1622501445434342,False
7030,-0.3276410235537395,False
7031,0.917490427684072,False
7033,-0.9253988034005024,False
7034,-0.6865755965928201,False
7035,-0.5970964991849781,False
7036,-1.084976192535661,False
7037,0.951620661068294,False
7038,-1.527152294853773,False
7039,-0.7196085891514151,False
7040,0.3961704859837009,False
7041,0.9762310616446596,False
7042,-0.732024133845871,False
7043,-0.1886153183044394,False
7044,0.2319509550901405,False
7045,1.456389643868292,False
7046,-0.1260804850317325,False
7047,-0.9102378112633582,False
7048,-0.3562191122150484,False
7049,0.2590863492031343,False
7050,1.16627615833085,False
7051,-0.2589799250413533,False
7052,-0.5079082457738126,False
7053,-0.9164217432070676,False
7054,0.4076708313628668,False
7055,-0.2360719940520714,False
7056,-0.2665814651640783,False
7057,-0.4155802415716618,False
7058,-0.5611631343530935,False
7059,-0.7818939686266374,False
7060,0.6150159108774678,False
7061,-0.4557941468515011,False
7062,-0.4040003315206986,False
7063,0.8627487786835496,False
7064,-0.9569067630188,False
7065,0.2400475058303436,False
7066,-0.3163844663522051,False
7067,-0.9127940785397504,False
7068,-0.3517750512993324,False
7070,1.0110638336707858,True
7071,-0.1228136106454493,False
7072,1.112687950687996,False
7073,-0.6198515875747372,False
7074,-0.4879627477954164,False
7075,-1.3365392034350931,False
7076,0.8195557291637507,False
7077,-0.7900346646276635,False
7078,-0.8190374947933071,False
7079,1.0198461405909676,False
7080,1.533503160889945,False
7081,-0.3626755045176303,False
7082,0.2770994849745174,False
7083,0.017055773811387,False
7084,0.8347608864078644,True
7085,-0.8056084055468067,False
7086,-0.6494254059892793,False
7087,-0.4713282582339172,False
7088,-0.2432703846435112,False
7089,0.938890295904771,False
7090,-0.8733407281239085,False
7091,-0.9038906600798624,False
7092,-0.2801870399563866,False
7093,-0.3737352538748886,False
7094,0.9330427064079518,False
7096,-0.7212275735899871,False
7097,0.0272126364694581,False
7098,-0.5327350342047468,False
7099,-1.382482204750668,False
7100,-0.8597281790358096,False
7101,1.118385536486019,True
7102,0.8140041401070215,False
7103,-0.7518568739703966,False
7104,-0.3177961372080682,False
7105,-0.4840845112107721,False
7106,0.2750646793699797,False
7107,-0.5949894921775366,False
7108,0.551448640906024,False
7109,1.5608409541632988,True
7110,1.0300748790868264,False
7111,-0.3398877259535763,False
7112,0.1032094847430801,False
7113,-0.6664097143368277,False
7114,-0.3079664372961888,False
7115,1.1903222184656286,False
7116,-0.4059620851561956,False
7117,-0.312650189366896,False
7118,-0.2175675031218178,False
7119,0.0483346283204153,False
7120,-0.8819169077451858,False
7121,0.6771764454749803,False
7122,1.0119681175500792,True
7123,0.5311168710452957,False
7124,-0.5495493180184337,False
7125,0.0058842533214495,False
7126,-0.1073187211451605,False
7127,0.1733212856642403,False
7128,0.7449866021454262,False
7129,-0.665595575574659,False
7130,-0.8549270201617218,False
7131,-0.6052231308067919,False
7132,-0.2899919535155006,False
7133,1.13487064574836,False
7134,0.0553698531184514,False
7135,0.4566110793032976,False
7136,0.4750386641719655,False
7137,-0.5515423893077044,False
7138,-0.1365843401992367,False
7139,-0.4740267963180046,False
7140,-0.3622470847876277,False
7141,1.0337313335182876,False
7142,-0.8599402808935592,False
7143,-1.1000746979284373,False
7144,-0.5492642144856811,False
7145,-0.9258882185948908,False
7146,0.2420728699373493,False
7147,0.4538212071643174,False
7148,1.2225311404995458,True
7149,0.1280449001440333,False
7150,1.11008843913681,False
7151,-1.02878400408628,False
7152,-0.5295604708369875,False
7153,0.647779122693081,False
7154,1.0735357088610031,False
7155,-0.4021201665681082,False
7156,-0.7090605714247368,False
7157,0.6082953175697277,False
7158,-0.5979605258549744,False
7159,0.5602471587096001,False
7160,0.7084755243677405,False
7161,-0.8610057334409986,False
7162,0.6406062987588226,False
7163,-1.570370269447482,False
7164,-0.7012498797373291,False
7165,-0.443382214888018,False
7166,-0.2702857558804874,False
7167,0.907782078820403,False
7168,-1.0018244724263985,False
7169,-0.6394627554122824,False
7170,-1.1300446257716124,False
7171,-0.2860299219044799,False
7172,-0.2730552148244413,False
7173,0.748657325291416,False
7174,-0.5020671930179088,False
7175,0.7566397420506199,False
7176,1.2645837429047917,False
7177,-0.3155043774760227,False
7178,-1.1288796815115254,False
7179,0.0467432422188647,False
7180,0.8578554116636155,False
7181,-0.3811618810536024,False
7182,0.6490092606379696,False
7183,-0.7495889593531382,False
7184,-0.8082191026521708,False
7185,-0.1857319915375566,False
7186,-0.510554901478073,False
7187,0.5608110630024286,False
7189,1.2553663621837785,False
7190,-0.8240449129785727,False
7191,-0.3724583298975064,False
7192,0.593183258815059,False
7193,1.104339555856673,False
7194,-0.5844948719131295,False
7195,0.1774855555538063,False
7196,0.6054065238187023,False
7197,1.4737586991864482,False
7198,1.2082848805804818,False
7200,-0.2632411084679871,False
7201,0.6273025242055957,False
7202,-0.2382767972667159,False
7203,0.6537579511405157,False
7204,-0.5348629775581811,False
7205,0.0610367778515611,False
7206,0.8123032221902606,False
7207,-1.1948433842055628,False
7208,-0.7543532542154973,False
7209,-0.0067922429608765,False
7210,0.0711282916037397,False
7212,1.2113084952972302,True
7213,0.4889843735708641,False
7214,-0.4109580672429967,False
7215,-0.36594313605737,False
7216,-0.5657155128576961,False
7217,-0.6524246213465299,False
7218,0.99488312786267,False
7219,-0.8108056948914342,False
7220,-0.7465029656334823,False
7221,-0.3626086833999391,False
7222,-0.8838747063270327,False
7223,0.8078664455907958,False
7224,0.8962616307158776,False
7225,0.6641487858264737,False
7226,-0.7224122728156752,False
7227,-0.4707165103679358,False
7228,-0.3898602695109526,False
7229,0.5441632248267674,False
7230,1.3296571172173397,False
7231,-1.1599984885529917,False
7232,-0.480632316075046,False
7233,-0.8169302521315118,False
7234,-0.4954457651689883,False
7235,1.0994573988215943,False
7236,0.6392548963398783,False
7237,0.6659565870153688,False
7238,-0.4983707190472653,False
7239,0.1103085017408198,False
7240,-0.5129144999161273,False
7241,-0.4433613013907387,False
7242,1.234107234186753,False
7243,-0.8188081370055078,False
7244,-1.111157490311916,False
7245,0.6398355050064612,False
7246,-1.0078304675852814,False
7247,-0.3548780824747048,False
7248,-0.5975371555370114,False
7249,-0.7666932997168365,False
7250,-0.9231928795158232,False
7251,-0.1780084256915021,False
7252,0.112989151670273,False
7253,1.093607687250432,False
7254,-1.2910676619397374,False
7255,-0.7223352971604926,False
7256,-0.5527488245587395,False
7257,-0.9285963570830288,False
7259,0.668274224025476,False
7260,-0.5651000734382754,False
7261,-0.3591854973518202,False
7262,-0.3136841630035569,False
7263,-0.2823177751188216,False
7264,1.7489299416533088,True
7265,-1.2669239561241534,False
7266,-0.232373603176497,False
7267,-0.8705000372359171,False
7268,-0.6366060261269996,False
7269,0.926461185647018,False
7270,0.717522161264046,False
7271,-0.588251601547493,False
7272,0.685711809981072,False
7273,-0.1778324967594813,False
7274,0.8980955187221581,True
7275,1.4992326394894435,False
7276,-0.8843455585980347,False
7277,-0.7378165172062576,False
7278,-0.6616941667325096,False
7279,-0.9022014082090364,False
7281,1.0553859751077148,True
7282,0.6933599839767318,False
7283,-0.4479935223570174,False
7284,-0.5421531191478203,False
7285,0.8758020019899249,False
7286,1.5898058901121306,False
7287,-0.8968696179594049,False
7288,-0.4299805521768355,False
7289,0.6380984901002509,False
7290,-0.9259561019067888,False
7292,0.7525445036446068,False
7293,-1.3776415860151017,False
7294,-0.0490100079113312,False
7295,-0.3512740585533403,False
7296,0.4330856119969742,False
7297,1.4712018093590638,False
7298,-0.7796722808247152,False
7299,-0.9619853878570876,False
7300,0.4911323838816633,False
7301,-0.9339691865109818,False
7302,0.6522585612753018,False
7303,0.8697452990342903,True
7304,-0.8485632489007173,False
7305,-0.1111346358571881,False
7306,-0.249988973542804,False
7307,0.7794269007157658,False
7308,1.8923405780201168,True
7309,-1.0783593281743429,False
7310,-0.5638141312597647,False
7311,0.0495632867275015,False
7312,0.8382047404925836,False
7313,0.1049228575535592,False
7314,0.5599581081582352,False
7315,-0.6150818884845156,False
7316,-0.2967603031297859,False
7317,-0.2227960592572901,False
7318,-0.016093018202456,False
7319,1.474094269222036,False
7320,0.919147346505945,True
7321,0.2436964545171981,False
7322,-0.1857775112905033,False
7323,0.546239629685326,False
7324,0.5928968716806047,False
7325,0.6331776537839007,False
7326,-0.2901762225031029,False
7327,0.7067277702552001,False
7328,-0.2675389811925034,False
7329,0.2824257222499898,False
7330,1.674824562860961,False
7331,-0.5759033210670113,False
7332,-0.8264833986652693,False
7333,-1.1479274201851952,False
7334,0.8345494486148866,False
7335,1.378464862224447,False
7336,-0.5665274501986759,False
7337,-0.8640984389853293,False
7338,-1.0553150947667156,False
7339,-0.1672574248351507,False
7341,1.3581202551210414,False
7342,-1.139829297719716,False
7343,-0.0542424997691992,False
7344,-0.0048401070849473,False
7345,0.957793480106699,False
7347,-0.6305880331713907,False
7348,-0.6174732232577393,False
7349,-0.745900412092089,False
7350,-0.1060897492930403,False
7351,0.4186218685277244,False
7352,1.3708807732683306,False
7353,-0.8268608601589715,False
7354,-0.9364222355646488,False
7355,-0.8557266708080736,False
7356,0.6881181062621398,False
7357,0.4703809390920329,False
7358,-0.4728155292594814,False
7359,-0.3355588675434376,False
7360,-0.2406133958931214,False
7361,-1.2504941059955212,False
7362,-1.007244545753177,False
7363,0.3727026708142941,False
7364,-1.191145402822033,False
7365,0.7080855104214099,False
7366,-0.7174685508095703,False
7368,-0.910141459722797,False
7369,0.8047551546465013,False
7370,-1.0411475604899163,False
7371,-0.3177115438138719,False
7372,0.5950945735804668,False
7373,1.442973127188237,False
7374,-1.1510117105536557,False
7375,1.3606187319126368,True
7376,0.6288048508320456,False
7378,-0.6688658076390263,False
7379,-0.5090349092848856,False
7380,-0.7156942977392708,False
7381,-0.3388831051577864,False
7382,0.5154920672085905,False
7383,1.6415936936874391,False
7384,-0.8870859168432519,False
7385,-0.0877914370507368,False
7386,1.7433587011181588,True
7387,-0.0267973905089213,False
7388,-0.6341094634907727,False
7389,-0.4445235635566491,False
7390,0.8653944034369152,True
7391,-0.1266056959507717,False
7392,-0.3746102269658926,False
7393,1.7144842289299822,True
7394,-0.7203766203671331,False
7395,-0.5048099524719782,False
7396,0.6464007197463033,False
7398,-0.5090479829645917,False
7399,-1.0413860820486622,False
7400,-0.7966263869710462,False
7401,-0.6001624109792244,False
7402,1.1459332861165716,False
7403,0.5827094796760353,False
7404,-1.0620721038245928,False
7405,1.2226620911975157,False
7406,-0.1254463325615042,False
7407,0.8815831073764335,False
7408,1.1720043282187915,True
7409,0.9938922734010506,False
7410,-0.2836845484998208,False
7411,-0.7798331722058509,False
7412,-0.0010086177377311,False
7413,1.4010151611139117,False
7414,-1.0711033656619775,False
7415,-0.7895194514983472,False
7416,-0.7356120856048155,False
7418,-0.355237172814099,False
7419,-1.0163274125022208,False
7420,-0.2433657428337349,False
7421,-0.5119796730665199,False
7422,0.4678967395932942,False
7423,0.5315736919747178,False
7424,-1.0615987880283786,False
7425,-1.1194823665255809,False
7426,-0.6233138521329274,False
7427,-0.1112718296831737,False
7428,-0.9938271162165082,False
7429,-0.2160874746881726,False
7430,-0.8922706486157179,False
7431,-0.543307073057645,False
7432,1.0549558472826948,False
7433,-1.0345635727049702,False
7434,1.8354656325574312,False
7435,-0.064591254356288,False
7436,1.1363984983214603,True
7437,-0.4452654668219876,False
7438,-0.5643535075653728,False
7439,-1.0447531506159118,False
7440,-0.0817615572032585,False
7441,0.9630710530134168,False
7442,-0.4748696147685605,False
7443,1.5054036555512558,False
7444,-0.2422420141422875,False
7445,1.4465900667662654,True
7446,1.5060575256541275,False
7447,-0.8858161062336755,False
7448,0.3948057987551122,False
7449,0.3519355128261195,False
7450,1.7850225568347278,False
7451,-1.0894850604408457,False
7452,0.3384710072142126,False
7453,0.5982492244885886,False
7454,0.293035124099414,False
7455,-0.8357307431565172,False
7456,-0.8345957817912725,False
7457,-0.8017814275318907,False
7458,0.6329720541530263,False
7459,-0.7339475195742452,False
7460,-0.3359440807825824,False
7461,0.3880780170323235,False
7462,-0.6784944660524822,False
7463,0.2860764702178007,False
7464,0.8664132340451096,False
7465,-0.8092940426675916,False
7466,1.253223918819522,False
7467,0.6139466120759879,False
7468,0.9404824767262852,False
7469,-0.6105692542714682,False
7470,-0.7912093663347631,False
7471,-0.1913471372193586,False
7472,0.8815748101963805,True
7473,0.578183992976042,False
7474,-1.2702659744607223,False
7475,-0.7287074552992744,False
7476,-0.177140269681801,False
7477,-0.085910373292836,False
7478,-0.8064695731559932,False
7479,0.6503073835272282,False
7480,-0.5796865146044304,False
7481,0.6772179068745084,False
7482,0.5591434900798904,False
7483,0.7767751474216105,False
7484,-0.8619501466472421,False
7485,0.732120058356856,False
7486,0.8756914025310097,False
7487,-0.4364144470709272,False
7488,-0.8811874138332203,False
7489,0.9634422363671512,False
7490,-0.8105058498658119,False
7491,0.7910024878876375,False
7492,-0.3784982583525636,False
7493,-0.8963998163011675,False
7494,0.3486933436047561,False
7495,0.8403891426534081,False
7496,-0.3030880703922081,False
7497,1.5230490020504208,False
7498,0.7997938639878899,False
7499,-1.167020768101496,False
7500,-0.2919664774654334,False
7501,0.9620809455561784,False
7502,-0.6728808302288634,False
7503,0.4865024475046717,False
7504,-0.7371116826641081,False
7505,-0.4421626313524969,False
7506,-1.3159754487823383,False
7507,1.226076324210041,False
7508,-1.1521115329050722,False
7509,-0.5084980794149503,False
7510,-1.0301927005881175,False
7511,-1.0214866050358893,False
7512,-0.1328526833229633,False
7513,-0.791912707021854,False
7514,-0.0779138423391505,False
7515,0.3471550054642885,False
7516,-0.0180567350656056,False
7517,0.5523465140471999,False
7518,-0.4379564370381291,False
7519,-0.17071766270823,False
7520,-0.7857435253882444,False
7521,0.060804510725312,False
7522,-0.8116653292125943,False
7523,-0.742376591442775,False
7524,-0.9249564466755048,False
7525,-0.723365395964932,False
7526,0.5738452899015529,False
7527,-0.1428554568049742,False
7528,-0.1930285845081842,False
7529,-0.4230357958985027,False
7530,-0.3676613783927512,False
7531,-0.5106789580366539,False
7532,-0.4884854733262616,False
7533,-1.1663618143043504,False
7534,-0.4469155829197072,False
7535,0.3181693947762772,False
7536,-0.0530233544550438,False
7537,0.4620703307654145,False
7538,-0.6408994439784153,False
7539,0.9045471747454236,False
7540,-0.2573970943535015,False
7541,-1.1627618772396504,False
7542,0.9160389935840252,False
7543,-0.5314830232122814,False
7544,-0.4186403637898046,False
7545,0.797061269836783,False
7546,-0.1536443890617723,False
7547,-0.4302186954944692,False
7548,-1.67954444111153,False
7549,1.5324478095065657,False
7550,-1.325468311598999,False
7551,-0.7565789389760715,False
7552,-0.526023911002208,False
7553,-0.1034640209497221,False
7554,0.7539368016864954,False
7555,0.8135627158136824,False
7556,-0.3440949578567194,False
7557,1.0066665135461657,False
7558,1.4902400546656855,False
7559,-0.288049150788759,False
7560,0.7876303815171724,True
7561,-0.68858911503821,False
7562,0.7454706488663643,False
7563,-0.6075364555773588,False
7564,0.3456660588729611,False
7565,-0.587394934180107,False
7566,0.8079283056151613,False
7567,1.5587018320289832,False
7568,-0.8617259470082479,False
7569,-0.6720722293101938,False
7570,0.3906089586593742,False
7571,-0.1556292655116692,False
7572,-0.7294407481273009,False
7573,-1.3612493291247496,False
7574,-0.4188713925870112,False
7575,1.0139289279509385,False
7576,1.71844757953995,False
7577,-0.8629780563244211,False
7578,1.0077420998212956,False
7579,0.603470106291724,False
7580,0.9930340421417946,False
7581,-0.293657420145836,False
7582,-0.7467339052757864,False
7583,0.0570395929585139,False
7584,0.4672091564953076,False
7585,1.326683752614553,False
7586,-0.4907511509282858,False
7587,0.8783697682847329,False
7588,-0.2796387661319252,False
7589,1.080549197148327,False
7590,-0.5815986686411285,False
7591,-1.3404344144121134,False
7592,0.4530435785102976,False
7593,-0.0492542498495279,False
7594,1.6767205449048572,False
7595,-1.320386135734097,False
7596,-1.133704606314196,False
7597,-0.7779274040051315,False
7598,-0.2166348824896438,False
7599,-1.4524231307859563,False
7600,-0.9933298288669364,False
7601,0.4214657971480251,False
7602,0.94274224190722,False
7603,-0.6631185899117589,False
7604,-1.0602119589515109,False
7605,1.0133221398460712,False
7606,0.9612628247175126,False
7607,0.8079733927640086,True
7608,-0.9900931373638876,False
7609,-0.2653919652588705,False
7610,1.4457549148674624,False
7611,-0.9601233515574968,False
7612,-0.364771944814564,False
7613,-0.8289216457110519,False
7614,-0.3834330740052837,False
7615,-0.0377666771295422,False
7616,0.5880478700459961,False
7617,-0.5678294567054402,False
7618,1.4362891932931674,False
7619,-0.4860250663116474,False
7620,-0.8401781120816035,False
7621,1.1166346519103447,False
7622,1.0731207509264915,False
7623,0.6109715622633995,False
7624,0.6269942611812679,False
7625,0.2770140936292996,False
7626,1.738841035320433,False
7627,-0.3646550091893812,False
7628,-0.2965409165206516,False
7629,-0.0237827940117041,False
7630,0.7972339361682644,False
7631,-0.4637401956501104,False
7632,0.8302464970339757,False
7633,1.0132069305412266,True
7634,1.54209146505683,False
7635,-0.3269071345917926,False
7636,0.2101220912344218,False
7637,-0.6398105206259743,False
7638,1.0527424200175437,False
7639,-0.1543169943585701,False
7640,-0.4284963073741705,False
7641,0.5745144980708144,False
7642,-0.1368867389765195,False
7643,-1.3231796672975895,False
7644,-0.5674066025550926,False
7645,1.299440204086901,False
7646,-0.3263579463216379,False
7647,-0.0215585144022005,False
7648,1.091356153618945,False
7649,-0.6327941845766877,False
7650,1.664516936686638,False
7651,-0.661941404730231,False
7652,-1.1943506425316748,False
7653,0.5002817996560592,False
7654,-0.6879349316669866,False
7655,-0.1134123558926063,False
7656,0.5889055429077029,False
7657,0.4430731614580956,False
7658,1.814416734612157,False
7659,-1.176757766504957,False
7660,0.5071656668896586,False
7661,-0.4748323845831407,False
7662,-0.4849256077403322,False
7663,-0.6596433859403652,False
7664,0.7776781385188462,False
7665,0.7373431706068,True
7666,0.0932602517364724,False
7667,-1.134747897981551,False
7668,-1.1706368879253422,False
7669,-0.6809754605459152,False
7670,-0.4636421974922361,False
7671,-0.2308874207584505,False
7672,1.228209161274728,True
7673,0.5426642524439439,False
7674,-0.395346107697243,False
7675,-0.290455057746779,False
7676,-1.227761491775049,False
7677,-0.1929496803570328,False
7678,-0.1834594048543624,False
7679,0.9389089434054736,False
7680,-1.1510183241429943,False
7681,0.5635659366694744,False
7682,1.2329510517506208,False
7683,-0.0664122433079157,False
7684,-0.7821826600507147,False
7685,-0.4430403273444377,False
7686,-0.5412504120551049,False
7687,-0.7719166336966744,False
7688,0.275295931184176,False
7689,0.2693583936803365,False
7690,1.3167492400047367,False
7691,-0.8071342454853074,False
7692,-0.8447332665887708,False
7693,0.7389626172247007,False
7694,0.9030878802035038,False
7695,-0.5906103086255636,False
7696,0.5581534430357828,False
7697,1.344077087638976,True
7698,-0.5807211148961501,False
7699,-0.7977581306380939,False
7700,-0.8999260545346414,False
7701,-0.9642941349224238,False
7702,-0.1843862849902801,False
7703,-1.488448453655277,False
7704,1.0901879814717723,False
7705,-0.8027755562772583,False
7706,1.0982750058740671,True
7707,-0.6864979419326844,False
7708,0.515725183042305,False
7709,1.1995252922253654,False
7710,1.0378194089570063,False
7711,-0.7452928383782277,False
7712,0.2446320572710002,False
7713,-0.1537157584737349,False
7714,-0.4274292301247844,False
7715,-1.1756151901533776,False
7716,-0.5673213449220273,False
7717,0.7726461513857039,False
7718,-0.3863335854209906,False
7719,-1.1878805394757874,False
7720,-0.3118563449276494,False
7721,-0.6454537003178253,False
7722,0.4273954348129981,False
7723,-0.2501411518912362,False
7724,1.2050203265209611,False
7725,-0.4977305155783167,False
7726,-0.6519258155807872,False
7727,0.8710216292673509,False
7728,-0.596477463591363,False
7729,-0.8840950797409841,False
7730,-0.6558473381867729,False
7731,0.884299789842311,False
7732,0.3666558063652307,False
7733,0.452527712375698,False
7734,-0.1525131360332307,False
7735,-0.5910542635632317,False
7736,-0.8406566871638665,False
7737,0.4917365144747425,False
7738,-0.1378087559955024,False
7739,-0.5596050185033735,False
7740,-0.4557073341374718,False
7741,-0.7438264854793984,False
7742,-0.9050071446197928,False
7743,0.8132750980956601,False
7744,0.5392069096831585,False
7745,-0.3293863994632137,False
7746,0.1636698268372144,False
7747,-0.2635662448065058,False
7748,0.7378131546379283,False
7749,-0.497219200986156,False
7750,-0.7849203301201289,False
7751,-0.0722912704340665,False
7752,1.1763783361340427,False
7753,0.9669616648429912,True
7754,0.9836326315422056,False
7755,-0.1544161192648865,False
7756,-0.3484367052805579,False
7757,-0.6145794909914244,False
7758,-0.2977942221322543,False
7759,-0.2116967548859658,False
7760,-0.7632357015416286,False
7761,0.726083562137433,False
7762,0.9644071352032638,False
7763,-1.3462050906246432,False
7764,0.7032981527881014,False
7765,1.154768930124746,False
7766,0.7300524301314456,False
7767,-0.6636914883305836,False
7768,1.3092082640096672,False
7769,0.7415273395996073,False
7770,-1.260743447072743,False
7771,-1.5371681749674828,False
7772,0.8173427599278448,False
7773,0.0327299497662348,False
7774,1.2347904229755435,True
7775,-0.7950157020117055,False
7776,0.4308169817950348,False
7777,-0.8725485910201358,False
7778,0.6425913803576978,False
7779,1.180318218736324,False
7780,-0.3411108881822138,False
7781,0.6838447392367122,False
7782,0.8027414006811406,False
7783,-0.6170033066970377,False
7784,-0.4187288578623125,False
7785,1.7045485974498082,True
7786,-0.8101013728519832,False
7787,-0.9835524037749186,False
7788,0.0634960748563926,False
7789,0.6761001894787138,False
7790,0.7999384948738845,False
7791,-0.6425109844526831,False
7792,-0.704274465025914,False
7793,-0.4219644060885072,False
7794,-1.2102856836324654,False
7795,-0.7521510207519164,False
7796,-0.5299916230084663,False
7797,-0.4356984138826759,False
7798,-0.7589262168013673,False
7799,-0.9857782689490726,False
7800,0.4751985906730334,False
7801,0.8190921524186566,False
7802,-1.0209519221233594,False
7803,0.7714761180252898,False
7804,-0.6915883186116485,False
7805,-1.177036570209411,False
7806,-1.2797140553389204,False
7807,-0.4462973079415385,False
7808,0.9380643360874736,False
7809,-0.3436295945425066,False
7810,0.7933802823590997,False
7811,0.91611264209679,False
7812,-1.1306790640202022,False
7813,-0.7033391513346325,False
7814,-0.4728630245775105,False
7815,0.4562865407853264,False
7816,0.3917213866536565,False
7817,-0.1016887594985593,False
7818,-0.4804993293731448,False
7819,-0.2546500370066902,False
7820,-0.9683928729553072,False
7821,-0.386332351646353,False
7822,-0.5071650293843086,False
7823,0.3420183746197474,False
7824,0.7047805945764845,False
7825,0.538142428540661,False
7826,-0.5079683681296014,False
7827,0.2049487476559436,False
7828,-0.2109537820222328,False
7829,-1.6249061071106985,False
7830,-0.1981186373636917,False
7831,-0.3698018556476751,False
7832,0.6952428442371158,False
7833,-0.6700429077416192,False
7834,-0.7957385777906616,False
7835,0.9114604885756216,False
7836,-0.926319984386966,False
7837,-0.8774065395443941,False
7838,-0.4504984932303653,False
7839,1.2017591211079273,False
7840,-1.1646099920293154,False
7841,-0.6312619359726842,False
7842,0.6678265832652382,False
7843,0.0723842390217586,False
7844,-0.5979481323023828,False
7845,-0.5518055832142381,False
7846,0.2210089617427498,False
7847,-0.2241328151228949,False
7848,-0.2905542542782598,False
7849,-0.2514643249439977,False
7850,-0.8653355625811079,False
7851,0.8745718256716812,False
7852,0.4408611354746563,False
7853,1.2768939034976277,False
7854,-0.7073987202958334,False
7855,-0.9689857074098652,False
7856,0.6312293820949091,False
7857,-0.2318789111057167,False
7858,0.5115984393165965,False
7859,0.6434509219347346,False
7860,0.7307513698541648,False
7861,-0.6361985965036385,False
7862,-1.214426123219907,False
7863,-0.2907660539185804,False
7864,-0.812717868279989,False
7865,1.1280417145942918,True
7866,-0.9995995281847534,False
7867,-0.3076363201691187,False
7868,-0.7164973849302125,False
7869,-0.4425085274059888,False
7870,-0.4555319367789122,False
7871,0.7518872462719391,False
7872,-1.04883819497714,False
7873,-0.5843390391988492,False
7874,1.114892544994827,False
7875,-1.2448535427805527,False
7876,-0.8345704994666575,False
7877,0.8787970064212308,False
7878,-0.1548631854891958,False
7879,-0.0190018365469734,False
7880,-0.6357133628674569,False
7881,1.6427173220725342,False
7882,-0.90367138722427,False
7883,-0.2211951697732794,False
7884,0.6705468022579344,False
7885,-0.8206043221489149,False
7886,-0.39033552871132,False
7887,0.7247419557477192,False
7888,-0.7946616594747191,False
7889,-1.2781446331242885,False
7890,-0.9141315520794384,False
7891,1.191178857485966,False
7892,1.2575965776169906,False
7893,0.6384553594294651,False
7894,0.2382252497071947,False
7895,-0.6777322763949085,False
7896,-0.922827885316643,False
7897,-0.7198069043464728,False
7898,-0.195165042435716,False
7899,0.4733033119316175,False
7900,-0.0596006657594026,False
7901,-0.845854609764572,False
7902,-0.4443208332487632,False
7903,-0.7462441887440323,False
7904,0.681048635629515,False
7905,0.412714122466647,False
7906,1.3806192288347574,False
7907,-0.2520547360629616,False
7908,0.6112684680175836,False
7909,-0.3179002782272224,False
7910,-0.7057257523639144,False
7911,1.6929223110758362,False
7912,1.084199227289055,False
7913,1.2587717149282769,False
7914,-1.0051521899166946,False
7915,-0.6342678466059566,False
7916,1.1752432180112924,False
7917,-1.234438471739579,False
7918,0.7580970418061312,True
7919,-0.4525269983870905,False
7920,-0.9495324890357402,False
7921,0.8671291540032744,False
7922,-2.0672814857180875,False
7923,0.8206212323501807,False
7924,-0.6372673268565499,False
7925,0.2814303131862627,False
7926,-0.1290881769669697,False
7927,-0.6259361493678922,False
7928,0.0860120976510936,False
7929,0.3721201191650729,False
7930,1.649223769423514,False
7931,-0.9260239865963112,False
7932,0.6947558014938774,False
7933,0.0166632139944866,False
7934,-1.135023331039102,False
7935,1.2367545750795397,True
7936,1.2051682147463794,True
7937,0.2470945991264629,False
7938,-1.067202591321772,False
7939,-0.3253100697859604,False
7940,-0.4121948876766284,False
7941,-0.8285536827782066,False
7942,-0.3841989811064158,False
7943,-0.7713438946514295,False
7944,0.3576474207581557,False
7945,-0.8967327483657224,False
7946,0.0537123655259458,False
7947,1.044123616959043,False
7948,0.7876961811584499,False
7949,-0.6682507127890864,False
7950,0.549539424877529,False
7951,0.8328517199175166,False
7952,-0.7195836445953927,False
7953,0.7420488699081224,False
7954,-0.1479192600675336,False
7955,0.7869798488185794,False
7956,1.079843168625085,False
7957,0.8012102668488555,False
7958,0.099993254378694,False
7959,-0.8562336191212887,False
7960,0.3629272592096761,False
7961,-0.5982165017782842,False
7962,-0.8344299853586956,False
7963,-1.070898716706154,False
7964,-1.118642919047259,False
7965,0.4746750017422388,False
7966,-0.8921822330190996,False
7967,0.4379402452113591,False
7968,0.5601450732552969,False
7969,1.1954405506856436,False
7970,0.0789602893604241,False
7971,-0.1795673238607655,False
7972,0.6434541617413377,False
7973,-0.2331244386888806,False
7974,-0.5699370112207112,False
7975,0.6729795032730118,False
7976,-0.7809855909220093,False
7977,-0.3163819002191522,False
7978,-1.035713775206899,False
7979,0.5393391414828713,False
7980,-0.3311252492985377,False
7981,0.6948620640792722,False
7982,0.1815460087917564,False
7983,-1.048899444194331,False
7984,-0.5217353465819987,False
7985,0.5779902760027653,False
7986,1.5791729523182485,False
7987,-0.3922806982733946,False
7988,0.5470431368418951,False
7989,0.6157929246073505,False
7990,-0.6247590950962676,False
7991,0.9105279594837256,True
7992,-0.8861994010423002,False
7993,1.5062526464999229,False
7994,-0.4464575399831139,False
7995,0.5733630167306178,False
7996,0.9267221395077466,False
7997,-1.132939879627625,False
7998,1.0711646031837732,False
7999,-0.6577111812388147,False
8000,1.6083815234833794,False
8001,-1.4707977292550365,False
8002,-0.7214870004584102,False
8003,0.5080086203356439,False
8004,0.8804223630040837,False
8005,0.8937959565063778,False
8006,-1.0721804056994717,False
8007,1.0157246259565136,False
8008,-1.1401470782871497,False
8009,-0.483145116606923,False
8010,0.7150889038433228,False
8011,1.370809534783556,False
8012,-0.8490955493316378,False
8013,-0.6261936070842961,False
8014,0.8984161510243901,False
8015,-1.2614298536397393,False
8016,-1.1097684984310132,False
8017,1.400577339101034,False
8018,-1.001765424507993,False
8019,-0.1811181229565355,False
8020,-0.6810086143889909,False
8021,0.8480248186252426,False
8022,-0.6528383069497012,False
8023,0.3289788353563633,False
8024,1.3855444771852488,False
8025,-0.6258347496996945,False
8026,-0.4904054449666241,False
8027,-0.4874464509783691,False
8028,0.7224582367754732,False
8029,-1.0992012612070732,False
8030,-0.9086493575449432,False
8031,0.1837343503756192,False
8032,-0.9618968420157908,False
8033,-0.3803572506601008,False
8034,0.1050149316746861,False
8035,0.5457937810161397,False
8036,-0.2207481790263372,False
8037,-0.4332923562672828,False
8038,0.9493669015190392,False
8039,-1.0929882583751516,False
8040,-0.3660274526692155,False
8041,-0.5293985327785563,False
8042,1.6150544917240135,False
8043,-1.3157097042630626,False
8044,-1.288279478659763,False
8045,0.7438118922362219,False
8046,0.6905475942748167,False
8047,-0.4878920428953351,False
8048,-0.3058508970581686,False
8049,1.2692671778067617,False
8050,-1.28421791161112,False
8051,1.4173335582766542,False
8052,0.7604995756774049,False
8053,0.3275911899327562,False
8054,-0.4390133904252403,False
8055,0.7193342750000172,False
8056,1.2621060801427364,False
8057,0.0176740021270851,False
8058,0.2766111885899189,False
8059,-0.6201096694171254,False
8060,-1.3270536187472497,False
8061,-0.5103855208344947,False
8062,0.5759288110842854,False
8063,-0.4536524103001103,False
8064,0.774263198009574,False
8065,0.7059127939830815,False
8066,-0.4707586705632128,False
8067,0.6960776960165772,False
8068,1.0110452933201732,False
8069,-1.3088724223897268,False
8070,-0.0707423545211864,False
8071,-0.0764246653039774,False
8072,-0.5392777851249699,False
8073,0.229508795530984,False
8074,0.7710119446310888,False
8075,-0.4598012882276239,False
8076,0.4476619948309231,False
8077,0.6671348998673913,False
8078,1.203542497450044,False
8079,-0.0534570142619439,False
8080,1.1194571780683362,False
8081,-0.1010997971416529,False
8082,0.6790642623363343,False
8083,-0.1657114844890635,False
8084,-0.4009530932688166,False
8085,-0.6522400158993502,False
8086,1.5397027672008234,False
8087,-0.8338767743272454,False
8088,1.5330085726226177,False
8089,1.2438225517164954,False
8090,-0.2426424757327511,False
8091,0.2801479998539525,False
8092,1.4157297133678122,False
8093,-0.4672185044843038,False
8094,-0.4197832735275558,False
8095,0.4478414247591418,False
8096,-0.8882921926330211,False
8097,-0.6537874800430754,False
8098,0.957590536982045,False
8099,-0.5600890962103529,False
8100,-1.1876427986151654,False
8101,-0.3963894287641303,False
8102,-1.0416523155340995,False
8103,-0.8386877923904918,False
8104,0.1094155403858799,False
8105,0.0030898429456103,False
8106,-0.445060325918912,False
8107,0.8979311321738224,False
8108,0.8079998543541664,False
8109,0.550605352827793,False
8110,1.3417249547038883,False
8111,-0.8813706585109998,False
8112,-0.8131988417895921,False
8113,-0.3549346827299889,False
8114,-0.5465262976564604,False
8115,0.8744651447074369,False
8116,1.4159231587352463,False
8117,-0.9809198930955608,False
8118,-0.8644287949812232,False
8119,0.6696253791414803,False
8120,-1.2108782018194395,False
8121,-0.5379850532462421,False
8122,0.823348467487343,False
8123,-0.1333207451089755,False
8124,-1.1320504237117588,False
8125,-0.735821210072441,False
8126,-0.7359679608708857,False
8127,0.885777462547913,False
8128,1.0258531745664663,False
8129,-0.4878010311724006,False
8130,-0.8104347314913829,False
8131,-1.0970667065078206,False
8132,-0.692376618503226,False
8133,0.8094849648944635,False
8134,0.81091803520927,False
8135,-0.1727834310850011,False
8136,-0.5452052429472091,False
8137,0.4648004058242432,False
8138,-1.126889604313445,False
8139,-0.3501162693775364,False
8140,0.8146004533018619,False
8141,-0.4790119060255644,False
8142,0.5859440181916022,False
8143,-0.6162151073992568,False
8144,0.0521884712719422,False
8145,0.8139941448856569,False
8146,1.3459377455531014,False
8147,-0.2429329672580329,False
8148,-0.859928044667168,False
8149,-0.1831961558955054,False
8150,-0.7202945703523745,False
8151,-0.8220454884762256,False
8152,1.4327546840897185,False
8153,-1.0544698548694882,False
8154,-1.166994488044817,False
8155,0.8421033641478652,False
8156,-0.7849311758181363,False
8157,-0.9841318730524572,False
8158,0.6982630496279342,False
8159,-0.8916824639192394,False
8160,1.257469603583327,False
8161,-0.7606704072419711,False
8162,0.4378880979595579,False
8163,-0.4388418250404936,False
8164,0.6759354911735044,False
8165,-0.6309719265529841,False
8166,1.467222016195225,False
8167,-0.6864695108676573,False
8168,-0.43343154168191,False
8169,0.4715806742446546,False
8170,0.2478669439024913,False
8171,-0.4558781660053073,False
8172,0.6268208593107223,False
8173,-0.438218879491599,False
8174,-1.1788471533317728,False
8175,-0.3472874220795618,False
8176,0.6441934757250325,False
8177,-0.8692331599979235,False
8178,0.8126137235368004,False
8179,-0.6787284249130572,False
8180,-1.0073097556607649,False
8181,-0.9433144435257912,False
8182,1.009844615881017,False
8183,-1.5255430111888455,False
8184,-0.4115499623424948,False
8185,-0.7839773705180244,False
8186,0.7474492796831753,False
8187,-0.7647026652729669,False
8188,1.6583520759865122,False
8189,-0.0717905829370166,False
8190,-1.022299285571099,False
8191,-0.1863444744584853,False
8192,-0.4482835490965534,False
8193,-1.0076253815256817,False
8194,0.6967980391977298,False
8195,-0.3217156724522798,False
8196,0.6394539020855123,False
8197,-1.63741518865191,False
8198,-0.2890784737493795,False
8199,-0.613615333575389,False
8200,0.618224306344514,False
8201,-0.7491758153957918,False
8202,-0.3013297114785044,False
8203,-0.0711369413380831,False
8204,-0.960246568449782,False
8205,0.7153580049266709,False
8206,0.5686865840604548,False
8207,-1.0135404850663603,False
8208,0.2296656946123358,False
8209,-0.865511244342664,False
8210,0.8844795452922123,False
8211,-1.013301538995437,False
8212,0.5703858040590681,False
8213,-1.0531387915319963,False
8214,0.4888256684790958,False
8215,0.4039196405414595,False
8216,-0.901022238468286,False
8217,1.2882214715686586,False
8218,0.8742974476643997,False
8219,-0.5158020019885008,False
8220,0.4162836429033839,False
8221,-1.4244719457358668,False
8222,0.8621262054506236,False
8223,0.0044493395179412,False
8224,1.4057704115842773,False
8225,-0.99244785237471,False
8226,-0.7036838663545346,False
8228,-0.5240599577227962,False
8229,-0.6953042327915018,False
8230,1.5413180025052762,False
8231,-0.3833874259669672,False
8232,0.5466172417715984,False
8233,-0.344131783854015,False
8234,-0.6540524039077831,False
8235,-0.4380572645680652,False
8236,0.9187506718668476,False
8237,-0.6484429831324345,False
8238,-1.4430889728389384,False
8239,0.2252740888610009,False
8240,-0.4031483179956487,False
8241,0.6255452566583739,False
8242,0.6428534349801712,False
8243,-0.897921979349015,False
8244,1.0749154640075629,False
8245,-0.3841664741806195,False
8246,0.489915338433606,False
8247,-0.1591029589628786,False
8248,0.7934895449452941,False
8249,-1.304092987535188,False
8250,-1.2997107765995308,False
8251,-0.6536096582019505,False
8252,0.5182374068680082,False
8253,0.2421351473559727,False
8254,0.8185554455793741,False
8255,-0.6315021028288041,False
8256,-0.7627627197732059,False
8257,-1.1229749409548162,False
8258,-0.9051134576564114,False
8259,-0.1685010223329206,False
8260,0.7415036210138276,False
8261,-1.116750134309981,False
8262,-0.8819234421583998,False
8263,-0.0446523018145091,False
8264,0.6695253735481181,False
8265,0.7409670902531079,False
8266,1.5434017973378205,False
8267,-0.2132588042365766,False
8268,0.445902992939681,False
8269,-1.4730512517212069,False
8270,-0.4842410081204513,False
8271,-0.381149650201108,False
8272,1.6418088035757803,False
8273,-0.5378649638573356,False
8274,1.1980117404747674,False
8275,-0.4237555692285549,False
8276,-0.6078612385853636,False
8277,0.537669699486033,False
8278,0.8475916278247262,False
8279,-0.711043348996429,False
8280,0.683936160188174,False
8281,0.9472214685838456,False
8282,0.6279195294988058,False
8283,-0.276822920656315,False
8284,0.5515869471848736,False
8285,-0.287168701919932,False
8286,1.3253850042284336,False
8287,0.9268144170517272,False
8288,-0.2422739347721628,False
8289,0.5132351425787347,False
8290,0.8389704336210289,False
8291,-0.4130666155999463,False
8292,1.3523057432254302,False
8293,-0.318186735509766,False
8294,-0.6414117893768077,False
8295,0.7274573361071828,False
8296,0.8175194679722274,False
8297,-1.0200075508072453,False
8298,0.3695146125216193,False
8299,-0.3099471033475108,False
8300,-0.5446096883277197,False
8301,0.8353859360730145,False
8302,0.5332513795934064,False
8303,0.4560560530540727,False
8304,0.9792830484018826,False
8305,-0.7383242163638875,False
8306,-0.6171923027239998,False
8307,0.2798681607909191,False
8308,0.7512937997192282,False
8309,-0.1849301186483122,False
8310,-0.3858947837375499,False
8311,-1.0851671487461905,False
8312,1.6493620007017702,False
8313,0.6150254973446329,False
8314,0.8002883304160466,False
8315,0.6468403332157439,False
8316,-0.4582929108350616,False
8317,0.2708926375829962,False
8318,0.7422363058025627,False
8319,-0.263878721351221,False
8320,-0.6192279038237265,False
8321,0.7910429006718318,False
8322,1.6599538994582272,False
8323,0.3999656728323852,False
8324,-0.2482665618734684,False
8325,-0.4970722225334446,False
8326,-0.5454549311434487,False
8327,0.0109530902131893,False
8328,-0.2452701075478099,False
8329,0.8409329347816679,False
8330,0.0132126935458104,False
8331,-0.1395313366468392,False
8332,0.4788358106292049,False
8333,-0.2311347579313884,False
8334,1.4874528492438932,False
8335,1.3720713950936383,True
8336,-0.6415931234200748,False
8337,0.6084700036851501,False
8338,1.106829883285118,False
8339,0.697210519117604,False
8340,-0.1480197751768684,False
8341,0.8470834086488321,False
8342,0.2027443385099883,False
8343,-1.254685132660773,False
8344,0.2261693633656778,False
8345,0.9331362739001464,False
8346,-0.7449240895814727,False
8347,0.6035751796863256,False
8348,-1.4632175532191318,False
8349,0.5963573547978857,False
8350,-0.1838943521236303,False
8351,0.6286356585461039,False
8352,0.6112507251866177,False
8353,-0.5266136127062224,False
8354,-0.2370974638787444,False
8355,-1.349082527101761,False
8356,-0.2139416878407187,False
8357,1.7144764149046057,False
8358,-0.3884585042322944,False
8359,0.670769846289121,False
8360,0.1928066362612184,False
8361,-0.7088778353538898,False
8362,0.2390799732242892,False
8363,0.8244052902994389,False
8364,0.8513898313470004,False
8365,-0.4001492796299707,False
8366,0.8403776083448695,False
8367,0.8331045259376275,False
8368,0.5577803242108134,False
8369,0.5684351055912285,False
8370,0.3713700763093499,False
8371,-0.420072339958622,False
8372,0.5620983064942956,False
8373,-0.2246360104810122,False
8374,0.396107288482793,False
8375,-0.6167235574794439,False
8376,-0.9586313465948058,False
8377,0.964529899911561,False
8378,-0.4172658607867243,False
8379,0.3016591406989581,False
8380,-0.4324825591521353,False
8381,0.2714638097320643,False
8382,0.0336570468876623,False
8383,-0.5330083588630776,False
8384,0.543710431205659,False
8385,0.368614760418646,False
8386,0.905219995329348,False
8387,1.1167131547828293,False
8388,-1.1199360641370304,False
8389,0.7871536300171388,False
8390,0.6305231845904254,False
8391,-0.6512133308869711,False
8392,1.654888245692905,False
8393,-0.7391196097533275,False
8394,0.4876482528213328,False
8395,-0.3737773624714696,False
8396,0.149808011753881,False
8397,1.2350680329252202,False
8398,-0.4273814655242738,False
8399,0.0834284057539155,False
8400,-0.4802832035038767,False
8401,-0.7397203081035972,False
8402,2.02559012063824,False
8403,-1.1925501383016337,False
8404,0.3877622535322764,False
8405,1.2492918602876173,False
8406,-0.0698828885715967,False
8408,-0.8336992080438536,False
8409,0.6563014344385728,False
8410,-0.5611412171922808,False
8411,0.860380636711547,False
8412,0.3755194236117071,False
8413,0.0191820461695075,False
8414,0.870773508583067,False
8415,-0.3632974467343443,False
8416,1.33270656310265,False
8417,0.3048874013955431,False
8418,-1.4334102033889682,False
8419,0.907943086102412,True
8421,0.1812260298971457,False
8422,0.4073746375278543,False
8423,-1.065458448572307,False
8424,0.991769487538606,False
8425,0.5382684831412758,False
8426,-0.4451174088320359,False
8427,-0.8191346112821776,False
8428,0.4559876744281205,False
8429,0.2044244777198145,False
8430,-0.4565796811353609,False
8431,0.706475021383662,False
8432,0.3192394282733864,False
8433,0.061814523698056,False
8434,-0.8321170414070235,False
8435,1.3521011224756485,True
8436,0.7697900715300515,False
8437,0.5324897395409326,False
8438,1.2962466908854209,False
8439,1.7918264723725368,True
8440,0.5808364736946321,False
8441,0.4642851852394833,False
8442,-0.1163742991880798,False
8443,-2.03710291804584,False
8444,0.1236975447313024,False
8445,1.5189098092686284,False
8446,0.9386678066781322,False
8447,0.601674895068141,False
8448,-0.7650586975597247,False
8449,0.1204320651042403,False
8450,-1.1819908350587571,False
8451,-1.2288150986530513,False
8452,-0.5794802965748035,False
8453,0.1180982854115548,False
8454,0.792881659610504,False
8455,-0.9453330476541192,False
8456,-0.1457390109730858,False
8457,-0.7331105364148791,False
8458,0.7184240720463761,False
8459,-0.2966632961077848,False
8460,-0.0930575758859965,False
8461,1.138586987778539,False
8462,-0.4211107343163081,False
8463,-0.3091612308112278,False
8464,0.8680853391004189,False
8465,0.5363770037736991,False
8466,-0.8184456835906556,False
8467,0.6238580351855401,False
8468,0.7569482602640639,False
8469,-0.5926454489896325,False
8470,0.7985273068895752,True
8471,0.2627030096057401,False
8472,0.4477590083214442,False
8473,-0.3545408247107476,False
8474,0.8259490407220167,False
8475,-1.4107563913079266,False
8476,0.123559441138618,False
8477,-0.2827990400597883,False
8478,-0.7927903376304346,False
8479,0.0643753942941855,False
8480,0.1396107253232563,False
8481,-1.459199950185604,False
8482,1.0239701919889816,False
8483,0.6878666443370904,False
8484,0.4273509979115422,False
8485,-0.4719875548840345,False
8486,-0.5785712253007746,False
8487,-1.0470700156097776,False
8488,-0.5484228061822061,False
8489,0.1781591574740819,False
8490,-0.7240035703102006,False
8491,1.2782523732235798,False
8492,0.4091621398991786,False
8493,1.208106488026531,False
8494,-0.7188247718690455,False
8495,0.731198342937982,False
8496,-0.6149403110982777,False
8497,0.8758378242479468,False
8498,1.8058048896321048,False
8499,-0.7668056290483507,False
8500,0.3617058175840774,False
8501,1.1134674527504436,False
8502,1.5261706624035158,True
8503,-0.7284164569110527,False
8504,0.1956467963327044,False
8505,-0.7898044822153868,False
8506,-1.0906335963208238,False
8507,1.437296534039472,False
8508,0.7305179397232869,False
8509,0.8591279935984241,False
8510,0.8040919333080981,False
8511,-0.5685664641473558,False
8512,-0.6609548019881595,False
8513,0.5846323992320465,False
8514,-0.6796427512306129,False
8515,-0.8187026664971616,False
8516,0.525472106439721,False
8517,0.5077652213875097,False
8518,-0.4610476892915568,False
8519,1.3130157595811207,False
8520,0.4942970658729347,False
8521,-1.2255777529756755,False
8522,0.1674323967694739,False
8523,-1.2196481418774905,False
8524,0.8952390571220465,False
8525,0.6013007034528964,False
8526,-0.5620656300718593,False
8527,-1.234525157909811,False
8528,0.2509048107470599,False
8529,-0.8953010327693443,False
8530,-0.5167841228405768,False
8531,0.951882737634899,False
8532,-0.7145944035032199,False
8533,0.6978596698738684,False
8534,0.8378034382131319,False
8535,-0.9865433306253918,False
8536,0.056196487334097,False
8537,0.4745620694857995,False
8538,-0.2749976329501007,False
8539,-0.5904146314814377,False
8540,0.527869339522139,False
8541,0.6291536327998455,False
8542,-0.5577880225192522,False
8543,0.5431578098702647,False
8544,-1.4798160542322183,False
8545,-0.5239036495371369,False
8546,0.5266833431818538,False
8547,-0.3268819260305008,False
8548,-0.8803437968996118,False
8549,0.5188595306880439,False
8550,-0.8115742176266253,False
8551,-0.8512321313711454,False
8552,0.4847369127153003,False
8553,-0.2685252275807389,False
8554,-0.5390930796375746,False
8555,0.171606519439561,False
8556,-0.6810363440567925,False
8557,-1.0884349391564023,False
8558,0.0801600255917667,False
8559,0.2869337290275368,False
8561,0.0332816551830896,False
8562,0.8984482691050428,True
8563,0.8035004478383877,False
8564,-0.1838474388893199,False
8565,-0.8869430520376211,False
8566,0.9489566823334132,False
8567,0.4335146734321053,False
8568,0.5690654566827982,False
8569,1.0347644424683309,True
8570,0.4737831926870055,False
8571,-0.470609374046797,False
8572,0.8674346021525146,False
8573,0.5863224821412832,False
8574,-0.2056512265991073,False
8575,-0.8583854046399079,False
8576,0.0096495898197996,False
8577,-0.9063019551454552,False
8578,-0.8736227800173206,False
8579,0.3874265693122922,False
8580,-0.8315935680982958,False
8581,0.5422580400212447,False
8582,0.5074596777093827,False
8583,0.671469903548215,False
8584,1.0515913356090367,True
8585,0.0765379370647501,False
8586,-0.8791712637104057,False
8587,-0.3663770013109562,False
8588,0.0314368746210136,False
8589,0.8010082605173177,True
8590,0.9285018492538202,False
8591,0.0018192715977771,False
8592,-0.3060630377445047,False
8593,-0.390866214400881,False
8594,0.1562232643503254,False
8595,-0.5210447467240644,False
8596,-0.971096502214975,False
8597,0.1861069514381581,False
8598,-0.8471309476180141,False
8599,1.414235471949224,False
8600,0.3802954440443893,False
8601,-0.0052919048925687,False
8602,0.4396916288105583,False
8603,-0.0568167761910249,False
8604,-0.8638934735104304,False
8605,0.7158302218245998,False
8606,0.8884045225296465,False
8607,0.8760283453038074,False
8608,1.0368326984983072,False
8609,-1.0652611986217078,False
8610,0.6752134599302158,False
8611,0.3900154699024644,False
8612,-0.7893997762736202,False
8613,0.5328294774647471,False
8614,-0.5283003389219714,False
8615,1.2005237005550726,False
8616,0.757830203296917,True
8617,1.257256889667161,False
8618,-0.5489150554855375,False
8620,-0.861331841328163,False
8621,0.8451727529974287,True
8622,-0.586214947804584,False
8623,-0.3919886177422089,False
8624,-0.8316062496623395,False
8625,-0.3708097437670155,False
8626,-0.7734558260127722,False
8627,0.9383062222116536,False
8628,-0.705402618775972,False
8629,1.332638050066379,False
8630,1.2032983197103928,True
8631,-0.8260653932299981,False
8632,-0.5648293564410376,False
8633,1.6487660771372157,False
8634,0.8647377490823276,False
8635,0.3268720486285721,False
8636,0.8243742271971316,True
8637,0.5305066938830127,False
8638,-0.1823100935645378,False
8639,-0.3025248975075801,False
8640,-0.3364909775492564,False
8641,-1.3474272119551929,False
8642,-0.4034597445610939,False
8643,-0.9311060043173008,False
8644,0.8938430384034753,False
8645,0.3541931770728346,False
8646,0.6096875846594813,False
8647,-0.96079491240965,False
8648,0.3939931630413755,False
8649,1.8505723610469216,False
8650,-0.9534502616166404,False
8651,-0.6958539090918823,False
8652,-0.7976077417754714,False
8653,-1.8428334067256933,False
8654,0.4806211212148121,False
8655,-2.056461140468317,False
8656,-0.1696138973069421,False
8657,0.8112879605773496,False
8658,-0.5411811422386104,False
8660,-0.9415626214015252,False
8661,0.3600251888524781,False
8662,0.6692849751151795,False
8663,-1.4803874725197608,False
8664,-0.2246836431095316,False
8665,0.4760824015596044,False
8666,-1.160603284232104,False
8667,-1.893868908201481,False
8668,-0.6691133377961633,False
8669,-0.1886714783954695,False
8670,-0.1016085065988613,False
8671,-0.3235758381252844,False
8672,0.3161966023312312,False
8673,-0.3907782137663914,False
8674,-0.5818338364970338,False
8675,0.728583520923017,True
8676,-0.9851202227994864,False
8677,-0.0879327744113596,False
8678,0.852139494170248,False
8679,-0.5998363330393135,False
8680,0.9711544821471548,True
8681,0.6133949837926579,False
8682,1.237034690477179,True
8683,-0.4179322249380182,False
8684,1.1418884369328035,False
8685,-0.192827214604117,False
8686,-0.1236616156535591,False
8687,1.829462328336113,False
8688,0.5789731675800678,False
8689,0.7614289319674825,False
8690,0.7567665571888444,False
8691,-0.3096394798523382,False
8692,-0.2309175355539137,False
8693,-0.7885533249334765,False
8694,0.0986390085802493,False
8695,0.8293847036002056,True
8696,0.8259453721905559,False
8697,0.7567185645224428,False
8698,0.4635757136035461,False
8699,0.951321135421431,True
8700,0.5468180393662702,False
8701,1.0943066271236697,False
8702,0.6172239258125156,False
8703,1.0472911471396318,False
8704,1.1215907359362085,True
8705,0.578316531503255,False
8706,0.5452605771717182,False
8707,0.9568752278952772,False
8708,-0.2978235535790816,False
8709,-0.0003997222492077,False
8710,0.8216798662012795,False
8711,0.8830280783530924,False
8712,-0.3204282136760258,False
8713,-0.2284232982547769,False
8714,-0.3136870234598372,False
8715,0.5060485799695439,False
8716,0.8580585234126977,False
8717,-0.8436428354692163,False
8718,-0.0779589746465517,False
8719,-0.3712048117921673,False
8720,-0.0836049149947909,False
8721,0.619904909859511,False
8722,-0.6011105645158076,False
8723,-1.7249413668317373,False
8724,0.6704547116665553,False
8725,-0.6646980739874438,False
8726,1.1926213737474811,False
8727,1.2014206897998303,False
8728,0.543277410683274,False
8729,-0.141054386499178,False
8730,-0.729840194274427,False
8731,-0.1258705902353805,False
8732,-0.3059594191834898,False
8733,0.1613211629788042,False
8734,-0.5466481962381423,False
8735,-0.8106255861298268,False
8736,-0.330720029498849,False
8737,-0.5265957160317284,False
8738,-1.2015359240165688,False
8739,0.7476560763542225,False
8740,0.54654122912083,False
8741,1.079402035210098,False
8742,-0.4701209152935882,False
8743,-0.0110105096629057,False
8744,0.4634266101704206,False
8745,-1.1610155920856982,False
8746,0.7176531834009963,False
8747,-0.544527892879492,False
8748,-0.3727443560188655,False
8750,-0.5957944509114117,False
8751,1.068421336831977,False
8752,-0.3201505709842396,False
8753,0.7878359677653177,False
8754,-0.7248283526552641,False
8755,-0.2527546603335034,False
8756,0.6527119292965494,False
8757,-0.3704476962962123,False
8758,-0.665623470140539,False
8759,-0.3646004160089708,False
8760,0.1105180492812288,False
8761,-0.0813660674102773,False
8762,0.9190962566166894,False
8763,-0.0600231490313069,False
8764,0.5412861033879548,False
8765,0.7693675826692088,False
8766,-0.6655194758311903,False
8767,-0.1980595456205663,False
8768,-0.4672886110170788,False
8769,-0.8543520867954297,False
8770,0.5974175809484701,False
8771,-0.131942523878612,False
8772,-0.3004222396491078,False
8773,1.305135779673023,False
8774,-0.4221537328065148,False
8775,1.0009737029081602,False
8776,-0.9380477511353122,False
8777,0.9313083246588224,False
8778,-1.1018375546961146,False
8779,-0.1995881395075965,False
8780,0.6025405138173664,False
8781,0.279912866145338,False
8782,-0.7771942605543,False
8783,1.0780121433103786,True
8784,0.6828018274569674,False
8785,0.8608102513947096,False
8786,0.6516452916383345,False
8787,0.2501299283634044,False
8788,-0.7054945292047412,False
8789,-0.4147214496359854,False
8790,-0.534388734838639,False
8791,-0.4492280834705257,False
8792,0.8158436268078118,False
8793,-0.8308661240794113,False
8794,0.5022143595462644,False
8795,1.1375416270548957,False
8796,-0.5346211185978829,False
8797,-0.1085430986242117,False
8799,-1.0328840483028368,False
8800,-1.141521400962645,False
8801,0.885042510400653,False
8802,-0.9599003719682384,False
8803,1.834388392416495,False
8804,0.0894164114933367,False
8805,0.4783997139229327,False
8806,-0.7204928979797875,False
8807,0.6885803289544361,False
8808,0.6004003970471826,False
8809,-1.0698179336653262,False
8810,-0.7781505745320467,False
8811,0.5257717324836492,False
8812,-0.5270872021199696,False
8813,0.5714058807723177,False
8814,-0.414576139119012,False
8815,-0.0810335086207491,False
8816,0.8269831213874026,False
8817,0.5930975216668252,False
8818,-0.4758562796647074,False
8819,1.221944258063618,True
8820,0.7677866819810095,False
8821,-0.4076668771191046,False
8822,0.8185031121972818,False
8823,-0.876588624937047,False
8824,0.777930690821169,False
8825,-0.554492242545188,False
8826,0.7099759810953259,False
8827,1.4659597047110118,True
8828,0.1229520635413815,False
8829,0.8338274055992511,True
8830,0.5611940550663912,False
8831,-0.3663030287912167,False
8832,-0.3302474454108187,False
8833,-0.2768459646414214,False
8834,-0.1900814327167145,False
8835,0.7259379526999674,False
8836,-0.5882581144377793,False
8837,1.361447066408542,False
8838,-0.6185982991528136,False
8839,0.6660081002973108,False
8840,-0.7120381835532984,False
8841,1.347718759264224,False
8842,-0.5411062121090521,False
8843,-0.2393650476883911,False
8844,-0.7640556258741206,False
8845,1.4981906494097854,False
8846,0.5378428681544045,False
8847,1.5868575960590228,False
8848,0.91623826261477,False
8849,0.5812212700403024,False
8850,0.5393650715709228,False
8851,-0.3170586016528249,False
8852,0.6207404340542223,False
8853,0.1574285842848277,False
8854,0.7308795946456754,False
8855,-0.2933628050141057,False
8856,-0.831916747401144,False
8857,0.8572071353003755,False
8858,-0.5498009361432031,False
8859,-0.0449357259893208,False
8860,-0.7401399786049642,False
8862,0.1646731575752703,False
8863,0.851541351718017,False
8864,0.877547258979608,False
8865,1.092945514380082,False
8866,0.2626404695511931,False
8867,0.6280998202441209,False
8868,0.9905523224405648,False
8869,-0.8060032621829785,False
8870,0.8804906592854247,False
8871,0.4109733653918872,False
8872,0.9709637404448236,False
8873,0.4369278985152748,False
8874,0.8625945951855309,False
8875,0.8381883788766635,False
8876,0.8372293871876375,False
8877,-0.0051145823559253,False
8878,-0.4551415200688952,False
8879,-0.8596550046688286,False
8880,0.592467474252039,False
8881,-0.8759108860829473,False
8882,-0.4442171319231929,False
8883,0.0946281306815647,False
8884,0.5806141386379463,False
8885,-1.8739705008247631,False
8886,-0.7512982086038801,False
8887,-0.3716404495628804,False
8888,1.0867769672766143,False
8889,-0.3980331337838195,False
8890,1.5682603379529527,False
8891,-0.807513806472971,False
8892,-0.276100582502685,False
8893,0.8359899501489073,False
8894,-0.8615140096642148,False
8895,0.1406755988068813,False
8896,0.5184285627353584,False
8897,1.0481742014696394,False
8898,1.3655556255123866,False
8899,0.8655788306588504,False
8900,0.9227570576751658,True
8901,-0.4318736149368177,False
8902,0.0675340344004687,False
8903,-1.2714442013377962,False
8904,-0.1989957175915397,False
8905,-0.3697428849758767,False
8906,0.4169464848245838,False
8907,1.226377208026319,True
8908,0.3619770799492798,False
8909,0.1986147445623116,False
8910,-0.755738569278384,False
8911,-0.087051112643962,False
8912,0.5212242767931614,False
8913,-0.8191340299657965,False
8914,0.839782988168888,False
8915,0.9135700716287172,False
8916,0.649902692431353,False
8917,0.850587275859144,False
8918,0.684963050188635,False
8919,0.3864672494930374,False
8920,-0.4858521349723843,False
8921,-1.03555466352497,False
8922,-0.6276375473877531,False
8923,0.5811574014900428,False
8924,0.2331014691771642,False
8925,0.3290524255382974,False
8926,0.3069489332387834,False
8927,0.456936978891024,False
8928,-0.1536974460639636,False
8929,-0.6938961005225693,False
8930,1.521610889001558,False
8931,1.4150704039597906,False
8932,1.6316155686781104,True
8933,-0.3022416338374589,False
8934,-0.8777798961103588,False
8935,0.4342731760615307,False
8936,-1.6589561121405525,False
8937,-0.6828693491670349,False
8938,-0.7841718876806772,False
8939,1.5516643871846083,False
8940,-0.0121909885782091,False
8941,0.4375606477872524,False
8942,0.937014558100448,False
8943,0.1788657233877572,False
8944,1.2002976600170563,True
8945,-0.7816424456012789,False
8946,0.6090526603654768,False
8947,-0.8787567463099417,False
8948,0.3101377209631788,False
8949,0.8267375896824193,False
8950,-0.1946147419281491,False
8951,-0.280531862592391,False
8952,1.5702732125540149,False
8953,1.1899035038737578,False
8954,0.2702367763775478,False
8955,0.4004385567767454,False
8956,0.7964332609635604,False
8957,-1.115934805244508,False
8958,0.9067710392217744,False
8959,0.3891997931140039,False
8960,0.2671233454234103,False
8961,0.9101979535133182,False
8962,0.5350136113518071,False
8963,0.0005258671955679,False
8964,0.1120857671084039,False
8965,0.8142405819813244,False
8966,-1.5816022915132997,False
8968,-0.811642592194792,False
8969,-0.7815649160427041,False
8970,-0.8944337377074556,False
8971,-0.2674818619668298,False
8972,0.2808041096012773,False
8973,-0.1336313614711378,False
8974,-1.3416807389391074,False
8975,0.8183029309176472,False
8976,1.5679677463122308,True
8977,1.0359673709117276,False
8978,0.1777425483876789,False
8979,-0.3089365545112831,False
8980,0.653905685328056,False
8981,-1.042886595514634,False
8982,0.7383945381771009,False
8983,-0.9803576258088232,False
8984,0.367699960086821,False
8985,-0.704493313884953,False
8986,1.4841817937182245,False
8987,0.8341522915128299,False
8988,-0.4968731375817388,False
8989,0.8697469453285209,False
8990,1.005769581286676,False
8991,-0.7827620899660257,False
8992,1.0473067746976377,False
8993,-0.4900317112208864,False
8994,-0.31454682792622,False
8995,0.6200262653143778,False
8996,-0.6823145871621921,False
8997,0.6604466993435744,False
8998,-0.3085845517582528,False
8999,-0.6476178195832523,False
9000,0.5909476414028656,False
9002,0.1707618395970624,False
9003,-0.2365015029773723,False
9004,1.19417193970509,False
9005,-1.2520019785800391,False
9006,0.727721352384464,False
9007,0.713508718277042,False
9008,0.828031834853628,False
9009,1.013722083426461,False
9010,1.27009826454199,True
9011,-0.5065247867314538,False
9012,0.032590694186114,False
9013,0.8218496530538871,False
9014,0.2523494205604721,False
9015,0.6355787596824537,False
9016,1.049084050375752,False
9017,1.225400494553668,False
9018,-1.390338593693857,False
9019,-0.8860021858005945,False
9020,0.3120848230089009,False
9021,-2.0773189488928487,False
9022,1.001851086754085,False
9023,-0.6300837163852414,False
9024,0.7161426302391053,False
9025,-0.8358089254383291,False
9026,0.355845588594404,False
9027,-0.251423049138042,False
9028,-0.6876912665930239,False
9029,0.8631853507108921,True
9030,1.253000333442266,False
9031,1.1237129333258702,False
9032,0.7041440647086645,False
9033,0.1354771440537948,False
9034,-1.1855810549258212,False
9035,-0.9471078358290212,False
9036,-0.7255102309691235,False
9037,1.5577771924129742,False
9038,0.9420273464321696,False
9039,0.3723160135353685,False
9040,-0.5825667197129762,False
9041,0.7628072289564807,False
9042,0.0390909829369194,False
9043,0.6280382205504875,False
9044,1.3668104241392447,False
9045,1.425848023193893,False
9046,-0.8972345542699096,False
9047,-0.5452759767699612,False
9048,0.7458152979485208,False
9049,0.2402186939546959,False
9050,1.256716578919498,False
9051,0.8268193744853503,False
9052,1.211467610872677,True
9053,0.5918557699787665,False
9054,0.3410688069656464,False
9055,0.8501574044835177,False
9056,0.741117420559456,False
9057,0.8253504952452776,False
9058,0.0968956929127534,False
9059,0.6382949024733213,False
9060,-0.5409328705884653,False
9061,-0.7041359736722316,False
9062,0.7295236425704275,False
9063,1.513615004157716,False
9064,-0.1954461296101191,False
9065,0.1974763001537423,False
9066,0.6016997669216296,False
9067,0.6483594631741085,False
9068,0.908218002400566,False
9069,-0.5140521058339053,False
9070,-0.4464369373306845,False
9071,-1.0437196525167858,False
9072,1.1314138700995373,False
9073,-0.6804901612163308,False
9074,1.0530901431163286,False
9075,-0.5311556220498244,False
9076,-1.2041165764497197,False
9077,-0.5167169334944259,False
9078,0.7775516585108528,False
9079,-0.6955169732505195,False
9080,1.0272365185437164,False
9081,0.4694452183344606,False
9082,0.6337970587594463,False
9083,-0.0794826793917724,False
9084,0.6171407188161004,False
9085,1.2236400349474694,False
9086,-0.2974137883343548,False
9087,0.8212659848032211,False
9088,0.5025359528666092,False
9089,-0.3512196678626305,False
9090,1.2260777572689288,False
9091,0.9804097935120408,False
9092,-0.2527122800417598,False
9093,-0.7095120258465355,False
9094,0.8711104574833407,False
9095,0.9051818425721896,False
9096,0.906505833203808,False
9097,0.2183977777864816,False
9098,0.505276314911733,False
9099,-0.5477317797182195,False
9100,-0.2885391167599299,False
9101,-0.3041480065289419,False
9102,0.4373165979401885,False
9103,0.6517282474027426,False
9104,0.6261230252319722,False
9105,-0.3587275939390469,False
9106,-0.0869169726492868,False
9107,0.4291804336918251,False
9108,-0.2147124474963965,False
9109,-0.6092059820565874,False
9110,0.6162151775123038,False
9111,1.2078866548471583,False
9112,-0.2531935768264172,False
9113,0.8824575957105015,False
9114,-0.7365080499138366,False
9115,-0.4475917893644482,False
9116,0.537089801185965,False
9117,0.86502381018652,False
9118,-1.7119413389431948,False
9119,-1.6928903599686005,False
9120,0.389805944542391,False
9121,-1.0589019450879251,False
9122,-0.3793306288401835,False
9123,-0.0157682800469889,False
9124,0.7034307195412529,False
9125,-0.1760920512025481,False
9126,-0.1245254909850966,False
9127,-1.459219066881527,False
9128,1.260949013026374,False
9129,0.8585046213124834,False
9130,0.6168160356321882,False
9131,1.147256650137569,False
9132,0.4565847705110382,False
9133,-0.5104759594678303,False
9134,0.7073238735210645,False
9135,-0.4290340961295867,False
9136,1.1800043100997155,False
9137,0.6955217611362519,False
9138,0.8332760570752086,False
9139,-0.1979281625296305,False
9140,-1.4578487636802184,False
9141,1.2519879325164411,False
9142,0.6340838875131347,False
9143,0.9254940284716768,False
9144,0.7725259430540405,False
9145,-0.4866747967465435,False
9146,-0.6414241565200924,False
9147,1.1193605798140425,False
9148,0.1696970461970823,False
9149,-0.3031656658743122,False
9150,-0.1451841836893379,False
9151,0.4512639001101878,False
9152,-1.177172663569862,False
9153,1.0507965423033017,False
9154,-0.1676969149585745,False
9155,-0.5213884162083062,False
9156,-1.0712915339055218,False
9157,-0.2851255919574564,False
9158,-1.3020561089938756,False
9159,-0.5424174236167658,False
9160,0.4186650955420185,False
9161,0.4396728918685398,False
9162,-0.3700522763723072,False
9163,0.8353705658319801,False
9164,1.165541020736605,False
9165,0.465411593025294,False
9166,0.5692836975365902,False
9167,0.713395989812882,False
9168,-0.5325108314798783,False
9169,-1.0007991657133055,False
9170,-0.4352616978079594,False
9171,-0.2664427062576904,False
9172,-1.1148105036022655,False
9173,1.2580880934888632,False
9174,0.7482229862486678,True
9175,-0.6307909639060956,False
9176,-0.5522443564971915,False
9177,-0.6276145948293891,False
9178,-1.0731833584133463,False
9179,0.924244163915579,False
9180,0.9601628548287184,False
9181,0.8900664512446883,False
9182,0.6038166157011118,False
9183,0.696630836427632,False
9184,0.3224856173468858,False
9185,0.5866008206166445,False
9186,0.5901889547161439,False
9187,-0.0664549192348176,False
9188,-0.3583206894761893,False
9189,-0.102368788097069,False
9190,0.7066685418859264,False
9191,0.2000306992074351,False
9192,-0.6114686560085689,False
9193,-0.1564579245328938,False
9194,0.807730251831002,True
9195,0.9402770841526936,False
9196,-0.0551415019721599,False
9197,0.5099338244710817,False
9198,-0.35011395152638,False
9199,0.8188285519609066,False
9200,0.9483393655106116,False
9201,0.8276888504271961,False
9202,0.7718206782185534,False
9203,0.5101010483352815,False
9204,-0.2916295179609982,False
9205,-0.4518266773715642,False
9206,-0.5227575376160523,False
9207,1.181724217458027,False
9208,-0.3792819678781063,False
9209,0.8274188720533722,False
9210,-1.268180701672828,False
9211,1.171669389793668,False
9212,-0.068127472950918,False
9213,1.0873145883081543,False
9214,0.2050966013000481,False
9215,-0.4374875948403433,False
9216,-0.1307894190342292,False
9217,1.4300266193570332,True
9218,-1.446127816370718,False
9219,-0.8206940731396453,False
9220,0.7879429110998764,False
9221,0.8557464957981538,False
9222,1.2305724292635625,False
9223,1.441943586312714,False
9224,0.8038991070373175,False
9225,0.9819334898833254,False
9226,0.5911437348147783,False
9227,0.5788678451145592,False
9228,0.6528297114415582,False
9229,-0.5813258525404648,False
9230,-1.2363108579759658,False
9231,-0.6582962596068814,False
9232,-0.3406078587658664,False
9233,0.5739143640078014,False
9234,-0.5173992221614425,False
9235,-0.160823003972758,False
9236,-0.5573687134658838,False
9237,0.5516105732502148,False
9238,-1.093997408717022,False
9239,0.6072498657732468,False
9240,0.6636071271322997,False
9241,0.485175559080331,False
9242,-1.4948076220500952,False
9243,1.1493502092122452,False
9244,-0.7161668207136868,False
9245,-0.0784825612710858,False
9246,0.3942470126663906,False
9248,0.9651704363843776,False
9249,-0.4987239721406115,False
9250,0.5130096049252273,False
9251,-1.3126584046458427,False
9252,0.6399395920439721,False
9253,-1.116432916966,False
9254,-0.2292512120003701,False
9255,-0.1911038146267189,False
9256,-0.2040353725481873,False
9257,0.6552736850073484,False
9258,-1.363096995460254,False
9259,-0.174857422318011,False
9261,-1.0794924382004083,False
9262,0.7882123468286127,False
9263,-0.9992141924841684,False
9264,0.8078024608778958,False
9265,-1.469717069802889,False
9266,0.6913207842363345,False
9267,-0.6989637732058207,False
9268,0.672294338998907,False
9269,-0.4469431242366433,False
9270,0.9373523368522916,False
9271,-1.5237109854382682,False
9272,1.08430726862133,True
9273,0.2777299783352814,False
9274,-0.7747949899433255,False
9275,0.0411026664082612,False
9276,-0.8217736651600731,False
9277,-0.531512841281043,False
9278,-0.7972441529627277,False
9279,0.8518388332446744,False
9280,-1.2611651313202286,False
9281,-0.912140007954752,False
9282,0.521903573430412,False
9283,-0.4474566930886512,False
9284,-0.6342059048753141,False
9285,-1.1623455712839803,False
9286,-1.551521914991115,False
9287,-0.9958330321275818,False
9288,1.00824701151215,False
9289,0.6644000344755212,False
9290,-0.3066304504356746,False
9291,-0.7372713440047476,False
9292,0.755725853947471,False
9293,-0.5406367225068546,False
9294,-0.6162442070058828,False
9295,-0.8783450014876559,False
9296,0.7028033193365387,False
9297,-0.6379494315787595,False
9298,-0.0682209333803203,False
9299,-0.8415787954623759,False
9300,-1.4179817285561498,False
9301,-1.0074669305254915,False
9302,-1.2722264783963195,False
9303,-0.1484573521113597,False
9304,-0.4820607735907024,False
9305,0.683499670985687,False
9306,0.6996099527892965,False
9307,1.4410993073099565,False
9308,0.9590583195900584,False
9309,-0.4924292145222306,False
9310,-0.5951844190329236,False
9311,-0.2280229062387843,False
9312,-0.7692886424452094,False
9313,-0.1486759588710642,False
9314,-1.6257618631308317,False
9315,-0.3202923316610068,False
9316,-1.010214467552629,False
9317,0.714494387567575,False
9318,0.6494703276127057,False
9319,-0.5782214211039068,False
9320,-0.9985937558819572,False
9321,-0.3977139794931787,False
9322,0.165345755415995,False
9323,-0.1753981610112403,False
9324,-0.4455679978798295,False
9325,-0.4712474167692033,False
9326,-0.7519466226282129,False
9328,0.7344775306448414,False
9329,-0.1294321214153752,False
9330,0.5761310615292972,False
9331,-0.2493711589523673,False
9332,-1.962920149627481,False
9333,-0.6635568945516144,False
9334,1.0440385050369856,True
9335,-0.2567741940070903,False
9336,-0.4133802447334433,False
9337,0.5365005556553863,False
9338,-0.421258542423013,False
9339,0.8429774182959128,False
9340,-0.4914960606698252,False
9341,0.6280362905964887,False
9342,0.5455953036915652,False
9343,0.5779060298832945,False
9344,0.6390348353850014,False
9346,-1.1460000808165418,False
9347,0.2412112920447993,False
9348,0.8541637666537896,False
9349,-0.5021993570693976,False
9350,-1.969595170225969,False
9351,-0.4495741557348672,False
9352,-0.3885413654612214,False
9353,-0.1327909727226308,False
9354,-0.3181024637077284,False
9355,0.6235015325710371,False
9356,-0.8474359678504826,False
9357,-1.81677145597026,False
9358,-0.9551190526962612,False
9359,-0.1224527584026942,False
9360,-0.8220537502366916,False
9361,0.4684135296076257,False
9362,0.6976088173945676,False
9363,0.7343573764020045,False
9364,0.9956727567506576,False
9365,0.8004721353310935,False
9366,-1.5631460317596089,False
9367,-0.1508429478483431,False
9368,-0.2763515965120795,False
9369,1.0111757376167592,False
9370,-1.0971103272430558,False
9371,0.1936721319067635,False
9372,0.8500454115881837,False
9373,0.6436402941294719,False
9374,-0.9610104436398784,False
9375,0.5670730740008749,False
9376,0.3756176357281195,False
9377,-1.0149130406166709,False
9378,-0.8924893218042892,False
9379,-0.3124166762474556,False
9380,-0.4008613862481285,False
9381,-0.8855690098984798,False
9382,-0.4841343142884389,False
9383,0.4585424659173951,False
9384,0.6324681706056674,False
9385,0.6658109080997499,False
9386,-0.0415585787593792,False
9387,-0.3385244512066769,False
9388,-1.6591559830945384,False
9389,0.1765181348380486,False
9390,-0.4783097831480865,False
9391,-0.4232728010275024,False
9392,0.8360488114021157,True
9393,0.2551545016404868,False
9394,-0.5664558609286265,False
9395,0.9250845182296212,False
9396,-0.5328183205902629,False
9397,-1.6614640036056296,False
9398,0.4199684499705116,False
9399,-0.7975102246409762,False
9400,-1.033763996124285,False
9401,-0.7032916338773738,False
9402,-0.1739707152742561,False
9403,-1.0847636508418212,False
9404,-0.6522258940559704,False
9405,0.6256094074772119,False
9406,0.7613870048485613,False
9407,-0.570510669440585,False
9408,-0.56872884318305,False
9409,0.7075960988439819,False
9410,-1.0049859419163236,False
9411,-0.346141488465691,False
9412,0.5530518880899506,False
9413,-0.6409844724207129,False
9414,-1.707410339295084,False
9415,1.147055069360804,False
9416,0.2722735234767293,False
9417,-0.1199348261124513,False
9418,0.6057312305675695,False
9419,0.7474757857088197,False
9420,-0.4213426402429466,False
9421,-0.8443330682140188,False
9422,-0.8497731260356117,False
9423,-0.7176679516274839,False
9424,-1.1958149083110314,False
9425,0.8331712154159981,False
9426,-0.3915404141415062,False
9427,-1.2962507860080743,False
9428,-0.8624736983908629,False
9429,-1.015084905773551,False
9430,0.8497799844340929,True
9431,0.4984759044097694,False
9432,0.8499420108310631,False
9433,1.0424201943896014,False
9434,-0.7208862169646595,False
9435,0.3261694036358556,False
9436,-0.3537775503035911,False
9437,-0.6893819662022075,False
9438,-0.8410835485926467,False
9439,1.1115747513187075,False
9440,-0.5678350979259111,False
9441,-0.5256632381727259,False
9442,-0.5542048629510049,False
9443,0.3087217949060766,False
9444,-1.639406260215897,False
9445,-0.8943741341789193,False
9446,-0.9255985280202248,False
9447,1.1465787763043538,False
9448,-1.151038279823244,False
9449,0.8310292655013112,False
9450,-1.359908283808822,False
9451,0.7952319894902578,False
9452,-1.217106735517646,False
9453,0.5943507770254509,False
9454,-0.6057049871829644,False
9455,1.6070090680932645,True
9456,-0.2860421966679689,False
9457,-1.3991216586713713,False
9459,1.5325191794241255,False
9460,-0.5603763209259721,False
9461,0.3154930186916478,False
9462,0.9433970730904022,True
9463,0.8352343985188366,False
9464,0.3337244138499732,False
9465,-0.2480712048080555,False
9466,-0.5664054499512183,False
9467,0.9334934056286568,False
9468,-0.5537896811114964,False
9469,-1.612580328211727,False
9470,-0.2046856322650092,False
9471,0.6699230058903888,False
9472,-0.5124463407561681,False
9473,-0.1860239520213791,False
9474,-1.2354706683117198,False
9475,1.02759855358999,False
9476,-1.1152273800344568,False
9477,0.0542827694582867,False
9478,0.6806598634996264,False
9479,-0.0817501198784947,False
9480,-0.3794197716424372,False
9481,-0.4701406528970953,False
9482,-1.5712512458841266,False
9483,-0.2355199048820883,False
9484,0.8628301992596292,False
9485,-1.1266033935830866,False
9486,-0.8787405308209852,False
9487,-0.6963800415942631,False
9488,-1.5694599672616492,False
9489,0.6674552332192136,False
9491,0.2632435812549544,False
9492,-1.5649118766692878,False
9493,-0.6904716580658259,False
9494,-0.0689864856656691,False
9495,-0.8139186258012038,False
9496,-1.6612939555785458,False
9497,-0.63199686876489,False
9498,-0.5112313106202028,False
9499,1.0536677420725784,True
9500,-0.4315937273926189,False
9501,1.276781714054596,False
9502,-0.4540090555018743,False
9503,-1.153610814687093,False
9504,0.942618983260489,False
9505,0.1725775858506389,False
9506,1.095667404067895,False
9507,-0.7751890830435963,False
9508,-0.3266342966550242,False
9509,0.6390760256104044,False
9510,-1.326050934948218,False
9511,0.2641552469874458,False
9512,-0.2029782673622519,False
9513,-0.0841412162615351,False
9514,-0.063316186980624,False
9515,-0.875785380504845,False
9516,-0.489789778010095,False
9517,0.1815378588828734,False
9518,-0.3474443429781949,False
9519,0.9374137717127564,False
9520,-0.705537996927263,False
9521,-1.0874835943981411,False
9522,-0.3779065316328193,False
9523,0.8972680049909179,False
9524,-1.0862462301365443,False
9525,-0.6931833452368771,False
9526,-0.9121548346695858,False
9527,0.9110545594223796,False
9528,1.3966014038108283,False
9529,0.3274313167687293,False
9530,1.4406573448681883,False
9531,0.0501364048386094,False
9532,-0.1854565897414885,False
9533,0.6322817118858014,False
9534,-0.7934327348698111,False
9535,-0.1833533146714555,False
9536,0.9405418094192436,True
9537,-0.6141080616903867,False
9538,-0.9073719376429568,False
9539,0.8035412333161487,False
9540,-0.7659208246334293,False
9541,-0.2756434996705748,False
9542,-0.9108459181328616,False
9543,-0.1133476155253076,False
9544,0.7374496908774623,False
9545,0.6612059647850572,False
9546,-0.4253399554177642,False
9547,-0.6408000350097792,False
9548,-0.4837772827999814,False
9549,1.333732941515913,False
9550,0.9602601849713014,False
9551,0.4032134395920829,False
9552,0.8811535300347125,False
9553,-0.1972138014488438,False
9554,-0.5841993618236014,False
9555,0.92755171861294,True
9556,-0.1302954961084952,False
9557,0.8339215170939122,False
9558,-1.221911958014165,False
9559,0.9662631469654444,True
9560,-0.1327345088680025,False
9561,-0.0852187275869953,False
9562,0.7545191928108824,False
9563,0.80464233587539,False
9564,-0.3141928421882876,False
9565,-0.8748033630803109,False
9566,0.7320453067819559,True
9567,0.1051064202089089,False
9568,-0.777123400452403,False
9569,-0.4893236160655914,False
9570,-0.9262105514785118,False
9571,0.2752822085778934,False
9572,-0.0747711059110025,False
9573,0.1083407193524226,False
9574,-0.3878988518041487,False
9575,0.7592862421558983,False
9576,-1.3370561476285097,False
9577,-0.5078660494024437,False
9578,0.7475320370529339,False
9579,-0.982124428904145,False
9580,0.5028321460287001,False
9581,-0.6335883007872802,False
9582,-0.1743616365983234,False
9583,0.6335246861006317,False
9584,-0.3522235163643824,False
9585,-1.0500799170494746,False
9586,-0.5865966894223555,False
9587,-0.708835084441507,False
9588,-1.382671744830741,False
9589,0.6041359439654703,False
9590,-0.1992752597241963,False
9591,-0.1110190666521782,False
9592,-0.8060435824328014,False
9593,-0.7943404190387069,False
9594,-0.4646124374378798,False
9595,0.7628782308194113,False
9596,0.692536147969022,False
9597,-0.7591985499915371,False
9598,1.0204805831815391,True
9599,1.4365340305686738,True
9600,1.077682363844743,False
9601,0.1862281494871272,False
9602,0.3809422787371198,False
9603,-1.444387199181374,False
9604,0.865278783142784,False
9605,-0.7423133918174338,False
9606,1.3379593889178352,False
9607,0.911217696520178,False
9608,0.6972178996057938,False
9609,-1.582148696599563,False
9610,-0.8064519030811568,False
9611,0.0910391655497568,False
9612,-0.8847008183581255,False
9613,-0.4942338984093825,False
9614,-0.975461690538754,False
9615,0.0167895606165813,False
9616,-1.0080483551928905,False
9617,1.0899092811578912,False
9618,0.4571333475452301,False
9619,0.1812431932269686,False
9620,-0.2314006137945155,False
9621,1.4731262211902114,False
9622,0.1319861817680892,False
9623,0.1182224991508039,False
9624,-0.4061318473603859,False
9625,0.189458022938377,False
9626,0.5869166660003994,False
9627,-0.4313395529736859,False
9628,0.9129431349812932,False
9629,0.8522586289386762,False
9630,-0.5712840953815338,False
9631,0.926449475797778,False
9632,-1.000842806312888,False
9633,0.2159874378438543,False
9634,0.2883750276587637,False
9635,0.1351925120372997,False
9636,0.7445827352231625,False
9637,-0.622953095332049,False
9638,-0.1055554233839565,False
9639,1.581209676484952,False
9640,0.6350570296953535,False
9641,0.8789133398756678,False
9642,-0.493487274120241,False
9643,1.0442397349540065,False
9644,-0.0236612289120406,False
9645,1.13480688074414,False
9646,-0.4399983322000729,False
9647,-1.9232576826168504,False
9648,-0.3340397921240094,False
9649,-0.9812120705651948,False
9650,-0.9000500676381024,False
9651,-0.3530465096062931,False
9652,0.9180836344383876,False
9653,-0.7586985628310619,False
9654,-0.0579777081816495,False
9655,-0.1799801851184843,False
9656,-0.2708635059982682,False
9657,0.7637671689812973,False
9658,-0.7930799568267992,False
9659,-0.2890962026207351,False
9660,-0.2172860581116875,False
9661,0.9318028705816686,False
9662,-1.0990506688180377,False
9663,0.7117716027221952,False
9664,-0.3456371050716326,False
9665,1.458463348671262,False
9666,0.3440651693113968,False
9667,-0.3819252013665994,False
9668,-0.873487438706303,False
9669,1.3986997505046477,False
9670,0.8924662131739344,False
9671,-0.7783899837897126,False
9672,-0.257948855890168,False
9673,0.099541940960789,False
9674,-0.1272585277561166,False
9675,1.536617280068394,False
9676,-0.8769941413239101,False
9677,-0.7277481648525534,False
9678,-0.4306902807700127,False
9679,-0.549657317291378,False
9681,0.1929899846652659,False
9682,-0.4062915718683456,False
9683,-0.1488789532060319,False
9684,-0.7628807907422581,False
9685,-0.9004820619052872,False
9686,-1.0740858501139314,False
9687,-1.264069098374881,False
9688,-2.0809174391964627,False
9689,-0.715435796206737,False
9690,0.6892640872095875,False
9691,0.8703522613787292,False
9692,0.6748985336085287,False
9693,-0.115247379938915,False
9694,0.0034093276948916,False
9695,1.0949360935281092,False
9696,0.5152289543091988,False
9697,0.0111443586693278,False
9698,-0.9613249387143612,False
9699,1.2325040303968935,False
9700,0.9563334629593044,False
9701,0.9546523632015068,False
9702,-0.5498902075741589,False
9703,-1.5312237847416887,False
9704,-0.4204626901894766,False
9705,1.0669545759632315,False
9706,0.9228129847244912,False
9707,-0.2502929523516207,False
9708,0.981982538914375,False
9709,-0.7792428951038461,False
9710,-0.5313184123294316,False
9711,0.5548487321537041,False
9712,-0.0175550086277546,False
9713,-0.6075621962302615,False
9714,-0.5415021344692716,False
9715,-0.2871133753969329,False
9716,-0.705825636604173,False
9717,-0.15273151891483,False
9718,-1.4644322021227132,False
9719,1.462560580748107,False
9720,-0.6327859978850089,False
9721,-0.1164148863920111,False
9722,0.8158134469158635,False
9723,-0.0265538199837643,False
9724,-0.7548876773899509,False
9725,-0.7026580077991634,False
9726,-1.344146069492841,False
9727,-0.45217844471809,False
9728,-0.0501302793486937,False
9729,-1.033317563755492,False
9730,-0.2093069592509209,False
9731,-1.3948435150815546,False
9732,-0.0992016567722792,False
9733,-0.9915768530484976,False
9734,-0.6087291625037581,False
9735,0.3455840904681597,False
9736,-0.5451994648968175,False
9737,-0.183179874193681,False
9738,0.9005616831748414,False
9739,0.2608749992804584,False
9740,-0.2615498350803082,False
9741,0.5999812189239887,False
9742,0.9294191897344396,False
9743,1.086722305296873,False
9744,0.0636098167621509,False
9745,0.5398754306437292,False
9746,-0.4832630766523969,False
9747,-0.462231618275998,False
9748,-0.8200839093673569,False
9749,0.2906536836141012,False
9750,-0.0275370910783473,False
9751,1.1458133900144567,False
9752,-0.6460731705125434,False
9753,1.0327822778973688,False
9754,0.931273699364151,False
9755,1.419814674323896,True
9756,-0.3328912805806437,False
9757,0.647332333504246,False
9758,0.6315524249189699,False
9759,0.9777794611408056,False
9760,-0.1913869557503587,False
9761,0.3426439791604491,False
9762,0.7004906835283674,False
9763,-0.1865814553578703,False
9764,-0.162554542803777,False
9765,-0.7308279311162451,False
9766,-0.9984216830465584,False
9767,0.8364665845167727,False
9768,1.0686694521098146,False
9769,-0.3131101300878713,False
9770,-1.2334893623022327,False
9771,-0.6824133376809833,False
9772,-0.4487485012748339,False
9773,1.2866968190216748,False
9774,0.0781540913470313,False
9775,-2.017351053086116,False
9776,-0.622614816904624,False
9777,0.3360117103936125,False
9778,1.185266566350622,False
9779,-1.0709106925683616,False
9780,-0.5263776874925382,False
9781,-0.4441253074021687,False
9783,1.1527985751359575,False
9784,-0.4111532586568139,False
9785,1.4283115765083518,False
9786,-0.8408418738713078,False
9787,0.3660941892409057,False
9788,1.1280714999783967,False
9789,-0.3867652377100889,False
9790,-0.2526884214069144,False
9791,0.9521088680972526,False
9792,0.8549929800147171,False
9793,-0.7190965016790054,False
9794,-0.7985925388089814,False
9795,-0.7917049277686566,False
9796,0.8458725673057765,False
9797,0.6209213712400083,False
9798,-1.1482843034480976,False
9799,0.083387024831008,False
9800,-0.9455571870901248,False
9801,1.0348817532315826,False
9802,-0.0215182534911471,False
9803,-0.7330627590624246,False
9804,-0.3009473443186176,False
9805,0.8456025841688318,True
9806,-0.5486671316824865,False
9807,1.2095651873812,False
9808,1.390403336688133,False
9809,0.6911888290017618,False
9810,-1.0288921742610582,False
9811,-0.7562470901446775,False
9812,-0.7432668517171023,False
9813,0.6729651427517437,False
9814,-0.5324927260024079,False
9815,1.5115907724563784,True
9816,0.8555982066614443,False
9817,0.5646755917798358,False
9818,-0.9429201720214712,False
9819,0.2893555529848817,False
9820,-0.2175912975006853,False
9821,-0.3437176501974456,False
9822,0.976379960027178,False
9823,0.1951012885049606,False
9824,-1.0708548870733214,False
9825,0.3470234085789425,False
9826,0.6981556379600102,False
9827,1.0607098669078712,False
9828,1.0582025606004613,False
9829,-0.6864077420870962,False
9830,-0.5118323244453166,False
9831,-0.9813942620701857,False
9832,0.1690022044050356,False
9833,-1.3544368828121645,False
9834,-1.7716668009246277,False
9835,-2.341637853052217,False
9836,-1.2984214922109194,False
9837,1.021234766857851,False
9838,-0.716702645285578,False
9839,0.7140729802904533,False
9840,0.8454760083071109,False
9841,0.4826576216686632,False
9842,0.3931095119939134,False
9843,-0.4061075039555463,False
9844,1.4144795563209127,True
9845,-1.1225249353240585,False
9846,-0.4469755906200859,False
9847,-0.7204216034032657,False
9848,-0.9239260550073648,False
9849,-0.0961239175041046,False
9850,-0.7501694456230563,False
9851,0.350356548547569,False
9852,1.3709415064580763,False
9853,-0.1280493510493813,False
9854,-1.1399026593233936,False
9855,0.902184289961572,False
9856,0.8228702987186169,False
9857,0.6326566057492136,False
9858,0.4873507695938672,False
9859,0.3134639420232888,False
9860,-0.4883311956294446,False
9861,-0.6359347710998788,False
9862,-0.7602354475329705,False
9863,0.753079898145681,False
9864,0.4301439810188492,False
9865,-0.5800636409411701,False
9866,0.8406552032632223,False
9867,1.101858808082772,True
9868,0.5652652634094563,False
9869,0.8599594283542736,False
9870,-1.036514575551117,False
9871,0.9957730435776222,False
9872,-1.2314851211185458,False
9873,0.7645079492008626,False
9874,1.062602728391918,False
9875,-0.0252821225210809,False
9876,1.1502607970178684,False
9877,0.6458426427825663,False
9878,0.9961955648468304,False
9879,-1.3094226540000098,False
9880,-1.3419509488259715,False
9881,-0.0476149844632406,False
9882,0.9571254791651186,False
9883,0.1190437053521394,False
9884,-0.644762805249551,False
9885,-0.3638202797796957,False
9886,-0.237061524455759,False
9887,-0.2706149522698723,False
9888,0.6822218875856506,False
9889,1.1078739972272498,False
9890,-0.4039763848368788,False
9891,-0.6395910221078124,False
9892,-1.6653713632560998,False
9893,0.4922127981186009,False
9894,-0.5917089463402974,False
9895,-0.378461227612049,False
9896,-0.3639919958392506,False
9897,-0.9357465548820104,False
9898,-0.4271796625026429,False
9899,0.7895939915687948,True
9900,-0.4707520798175486,False
9901,0.8298434976036895,False
9902,1.3060259142734187,False
9903,-0.4963502389477867,False
9904,-0.6534786332489697,False
9905,-0.4253614024813612,False
9906,-1.6448636700106776,False
9907,-0.2817614001019494,False
9908,-1.783208240663551,False
9909,-0.8429396999189096,False
9910,-0.4277340200799992,False
9911,0.6262760921283811,False
9912,-0.1395740352454615,False
9913,-0.6958661722359911,False
9914,-0.5948940509125824,False
9915,-0.3818793023259174,False
9916,-0.1280902935130356,False
9917,-0.5062398744790543,False
9918,-0.232632290269268,False
9919,-0.8278562646984664,False
9920,-1.270543840188868,False
9921,-0.3111826640886597,False
9922,-0.5258645712361923,False
9923,0.840610105241104,False
9924,1.0972361150384704,False
9925,0.7151077490427128,False
9926,-0.826008183969607,False
9927,0.3339948734280897,False
9928,0.5951895306579691,False
9929,-1.2570421986388496,False
9930,-0.555890794100262,False
9931,-0.0631743082437422,False
9932,-0.5368666725746276,False
9933,0.216156199994342,False
9934,-0.7447359697750702,False
9935,0.9917392527834296,False
9936,-0.3275799405111669,False
9937,0.7083352211938623,False
9938,-0.4403839124284564,False
9939,-0.2673958165776353,False
9940,-0.2303852109595627,False
9941,1.1713208605369834,False
9942,-0.7670498449503032,False
9943,0.8361420757971718,False
9944,-1.073884528402158,False
9945,-0.6232402450049244,False
9946,-0.3543038074964031,False
9947,-1.4853639417401534,False
9948,0.8870268400371577,False
9949,-1.541183377469684,False
9950,-0.9548677821467588,False
9951,-0.1091854910435879,False
9952,-1.6501060270749377,False
9953,0.0269677376470931,False
9954,-0.035364375442141,False
9955,0.7173764172390218,False
9956,-0.4814381266762852,False
9957,0.4697144330738705,False
9958,-0.5462409100265768,False
9959,0.8797328981909092,True
9960,0.7222192364565407,False
9961,-0.2093517530491837,False
9962,-0.3522600980988984,False
9963,-0.306390095022835,False
9964,-0.8321440999471258,False
9965,-0.2477318055472837,False
9966,-1.065063613132586,False
9967,0.8664884582917992,False
9968,-0.6837183651898722,False
9969,0.193189838684364,False
9970,-0.8381934228247695,False
9971,-0.389908124515948,False
9972,-0.8075649152442411,False
9973,0.718848078595013,False
9974,-0.7500734054419353,False
9975,0.2187210369380569,False
9976,-1.0846643708981338,False
9977,1.0546852232236268,False
9978,-1.3493834181727409,False
9979,1.103617521315993,False
9980,-0.7285968970866487,False
9981,1.0262231859027535,False
9982,-0.4871445556246244,False
9983,-0.3324936044755556,False
9984,0.4320567808655248,False
9985,0.2414984877652403,False
9986,-0.416483936256273,False
9987,0.6906099013003654,False
9988,-0.4640784594889212,False
9989,0.9444710697953884,False
9990,0.7306813113189861,False
9991,-1.5218281143744703,False
9992,-0.5385841351233043,False
9993,1.3071990297596567,False
9994,0.98513456868504,False
9995,1.3068165219931691,True
9996,-0.889732169643152,False
9997,-0.2189808936955722,False
9998,-0.3834891959061979,False
9999,1.3657943875980951,False
10000,-0.2284390111520702,False
10001,1.1555490374634458,False
10002,-0.2688704402300368,False
10003,1.514007878851933,True
10004,-0.5527032239395844,False
10005,0.793776902399735,False
10006,-0.91928957548096,False
10007,-0.4537628637642916,False
10008,-1.3112928669025052,False
10009,-1.4223842884942397,False
10010,-1.9269317953267129,False
10011,-0.2759102880521878,False
10012,1.27936045036609,False
10013,-0.3211262943469395,False
10014,-0.4084164796864101,False
10015,0.0846200812214449,False
10016,0.9777848261993948,False
10017,-1.096102176835479,False
10018,-0.5251239700125986,False
10019,-0.3625363516272963,False
10020,-0.0426145855320445,False
10021,0.7176001347998103,False
10022,0.5090217937966116,False
10023,-0.3001622814365228,False
10024,-1.1652801738177838,False
10025,-1.849573521622992,False
10026,-0.8405266142155556,False
10027,0.5303165520098563,False
10028,-0.8149931222419906,False
10029,-0.5225620880125114,False
10030,-0.2135419133614781,False
10031,1.1687074470609464,False
10032,-0.2661988319725236,False
10033,-0.1464877073224423,False
10034,0.5493986324108693,False
10035,1.3818715018211256,True
10036,-0.2836059482684678,False
10037,-0.4420413013645236,False
10038,-1.0539926988705195,False
10039,-0.5527013644183169,False
10040,-0.4004387016706873,False
10041,-0.4128136456022961,False
10042,0.9265164736087552,False
10043,1.0640800306866238,False
10044,-0.6775955164812748,False
10045,-0.5484237576522508,False
10046,-0.0389564484658851,False
10047,0.6624951061811872,False
10048,-0.3006863100638314,False
10049,0.8359720786685003,False
10050,-1.3006231922566236,False
10051,0.8082988315823374,False
10052,-1.079112339256542,False
10053,-0.8102189295845124,False
10054,-0.0057837782330715,False
10055,0.211300797748425,False
10056,0.7510253603238077,False
10058,0.7474324591719799,False
10060,-0.4600057831357466,False
10061,-1.6623442843491527,False
10062,-0.355745608805089,False
10063,0.2830638703229476,False
10064,0.947013013852557,False
10065,-1.2140270901209944,False
10066,-0.4146225412481533,False
10067,0.6568847571737815,False
10068,1.3988207068088572,True
10069,-0.1195711000396738,False
10070,-0.3887056101639153,False
10071,0.1724794185099298,False
10072,-0.6430076684346641,False
10073,-0.5721979469184618,False
10074,-1.1167391803024802,False
10075,0.5620598293323877,False
10076,1.212058290292222,False
10077,-1.0867372212273796,False
10078,0.0136422527055372,False
10079,1.2527661524185274,False
10080,-0.7403281200242566,False
10081,0.949834388238166,False
10082,-0.0691945599632001,False
10083,-1.503694442651513,False
10084,0.1935864131844726,False
10085,1.3585809244458915,False
10086,-0.2724632688708616,False
10087,1.464816488345552,False
10088,1.0076009015518226,False
10089,0.4325592299187699,False
10090,-1.3037635566011616,False
10091,1.2799945896385507,False
10092,-1.1327018222222895,False
10093,0.4209610252714526,False
10094,-0.3918934946061806,False
10095,-0.4335202307599566,False
10096,0.5877824442341738,False
10098,-0.0526939217808054,False
10099,-0.4189540286697084,False
10100,1.101817101522304,False
10101,-0.389928578353419,False
10102,-0.2963458619348365,False
10103,-0.4158797056769599,False
10104,-0.7191191918741578,False
10105,-0.732784371903197,False
10106,1.4541484024085936,False
10107,-0.0894808084277307,False
10108,0.1847616468336212,False
10109,-1.0438163622390606,False
10110,1.2707702625706312,True
10111,0.953793725555325,False
10112,1.5126610088760095,True
10113,-1.070550082629954,False
10114,-0.2771153477642545,False
10115,-0.3578267165324561,False
10116,1.0168474157568297,False
10117,-0.2880941222095254,False
10118,-0.7160444525468646,False
10119,0.6331488829142137,False
10120,-0.7192007038679455,False
10121,-0.1789179284910032,False
10122,-0.5966555953742685,False
10123,-0.8771182713892124,False
10124,-0.9023780710698004,False
10125,1.276150460960767,False
10126,-1.1826091862128287,False
10127,0.9751051519527,True
10128,0.9953923116195728,False
10129,-0.4186895757378712,False
10130,0.909843898877065,False
10131,-0.8994685076590256,False
10132,-1.2173013410214426,False
10133,-0.2512233164198958,False
10134,-1.0410395489289537,False
10135,1.1789410592582206,True
10136,0.1847618989653629,False
10137,-0.0620092036709895,False
10138,0.6491815981806779,False
10139,0.766459751441084,False
10140,-0.3994498179360446,False
10141,-1.1075055527619873,False
10142,-0.3149566200790846,False
10143,-1.0871581782232442,False
10144,-0.3055807731175106,False
10145,0.6778238487542163,False
10146,1.2721908345451682,True
10147,-0.638602877811967,False
10148,-0.5538961151832948,False
10149,-0.959090129626528,False
10150,0.6700897829715323,False
10151,-0.1633384124392516,False
10152,-0.7137506890311092,False
10153,0.4221907367393787,False
10154,-0.0970374503677648,False
10155,-0.2350107988261419,False
10156,1.42299967719308,False
10157,-0.3678785491419367,False
10158,1.4717513150351231,False
10159,1.061529049532632,False
10160,-0.3252405001337093,False
10161,0.8725497668466498,False
10162,-1.2373230463064926,False
10163,-0.9273985207716892,False
10164,0.0871434913381652,False
10165,-0.2938034735284766,False
10166,0.1608179914389399,False
10167,0.5217757355783941,False
10168,-0.2670294688022249,False
10169,-0.3259606507806408,False
10170,0.7761614216467229,False
10171,1.3921357898831723,False
10172,-0.5967738719482252,False
10173,0.8770365766463388,False
10174,1.3945695809254897,False
10175,0.9052084027027656,True
10176,-0.2495988897545576,False
10177,0.3606550267391937,False
10178,-0.8693521361259418,False
10179,-0.0547418377969542,False
10180,-0.1419584724471562,False
10181,1.4415984279497196,False
10182,1.2383429304634648,False
10183,0.122872837304639,False
10184,1.4432849511272206,False
10185,0.0250908516329407,False
10186,1.35925227040941,False
10187,0.1324344062899345,False
10188,0.9311445096529511,False
10189,1.0127044099968177,False
10190,-0.3015254729537669,False
10191,0.0295129650420616,False
10192,-0.7141744706038775,False
10193,0.4359383622794465,False
10194,-1.1296973066587084,False
10195,-0.5114490307301998,False
10196,0.6615418282495762,False
10197,0.6822282048877774,False
10198,0.8934489099620122,False
10199,-0.5911414533366494,False
10200,1.0470755576758806,False
10201,-0.853421427113108,False
10202,1.6698672193152084,True
10203,-0.6446384457480977,False
10204,-0.2905583687161696,False
10205,0.9216466712227284,False
10206,-0.774097145965813,False
10207,-1.4247878177660458,False
10208,-0.0856885156515957,False
10209,-0.6054046233746195,False
10210,1.4701219474285327,True
10211,1.1208280033223443,False
10212,1.3577375829817675,False
10213,-0.8682743328996598,False
10214,-0.0903794860785822,False
10215,-1.2076283046927516,False
10216,-0.9760233840368996,False
10217,-1.1570254215084503,False
10218,0.9025892199206558,False
10219,0.7248196076021832,False
10220,-0.2754423071385954,False
10221,-0.0669646747883916,False
10222,-0.7167635920380092,False
10223,0.6198421680682996,False
10224,-1.1969499431806134,False
10225,-1.0964260935321843,False
10226,0.8833578416896469,False
10227,-0.1132161779274001,False
10228,-0.8498763641375332,False
10229,-0.7786480343881061,False
10230,0.9385089557491312,False
10231,-0.1907244822897658,False
10232,1.1401968923004036,False
10233,-0.7522255568455477,False
10234,-0.3769795173615062,False
10235,-0.401462572685568,False
10236,-0.0781406604934326,False
10237,1.021248315835584,True
10238,-0.2319324604959655,False
10239,-1.0726251808741831,False
10240,-0.0236036803177079,False
10241,-0.6579044752464941,False
10242,-1.355029580335419,False
10243,-0.2361192786623621,False
10244,1.1260604166850825,False
10245,-1.6211560429433307,False
10246,-0.0182501736023489,False
10247,0.6836019577082335,False
10248,0.5103860004761944,False
10249,-0.2405495637800598,False
10250,-0.2330421584440419,False
10251,-0.0236295562882589,False
10252,-0.1218885399132879,False
10253,0.8734461417465472,False
10254,-0.4656071453753505,False
10255,0.763425471455311,False
10256,-0.2284155005978546,False
10257,0.82312635185166,False
10258,-0.3112503695872329,False
10259,0.7027172738480152,False
10260,-0.5018006002066905,False
10261,-0.0024855934322977,False
10262,1.1079472496759206,False
10263,-0.1525904200782618,False
10264,1.148005561604628,False
10265,1.0882218399131522,False
10266,-0.7578235847891781,False
10267,-1.1163040930176382,False
10268,-0.3567262193182154,False
10269,-0.1255832875172881,False
10270,-0.82099982078858,False
10271,0.8510334831280566,False
10272,1.20810775339098,False
10273,-0.0608820897843375,False
10274,-0.0356774973279895,False
10275,1.155144166199571,False
10276,-0.5632926886304073,False
10277,1.5030743843742305,True
10278,-0.0711330435442015,False
10279,0.5882786053607756,False
10280,0.7049240734085128,False
10281,0.3116815535778239,False
10282,-0.343250942328159,False
10283,1.3980278173688612,False
10284,-0.2963091237608777,False
10285,-0.483414581250237,False
10286,-0.3463086232545553,False
10287,-0.4381959681876746,False
10288,-0.4838917998850398,False
10289,-1.2138903164986434,False
10290,-0.5930816318872655,False
10291,0.3871832945541563,False
10292,-0.6843426309959049,False
10293,1.2630268961859632,False
10294,-0.2632283389790986,False
10295,0.9055528124952794,False
10296,1.1917570268719435,False
10297,-1.205586981376977,False
10298,0.7079033912311881,False
10299,-0.6239161437058149,False
10300,-1.030266266296915,False
10301,0.9860399460882978,False
10302,0.4081906216699027,False
10303,-0.0977715246367204,False
10304,-0.5764698971666012,False
10305,-0.3127161805300527,False
10306,0.6546333910238363,False
10307,-0.9425949529691732,False
10308,-0.316073057470804,False
10309,-0.3894262318283868,False
10310,0.9359393368558188,False
10311,-0.737645895622176,False
10312,0.0299816121403001,False
10313,0.944641283734818,False
10314,-0.7978947929442474,False
10315,0.5640643372313412,False
10316,-0.4011613363755231,False
10317,-0.1319736528629871,False
10318,-0.5502227591980191,False
10319,-0.9068977815095298,False
10320,-0.6744009817420711,False
10321,1.708494572950472,True
10322,0.9613909167015824,False
10323,-0.3730870629841716,False
10324,0.8612920305126324,False
10325,1.615477239171406,True
10326,1.5432938185822274,True
10327,0.7431691698459502,False
10328,-0.777789357355408,False
10329,0.8473078869891171,False
10330,-0.7520174159223177,False
10331,-0.1351082646066626,False
10332,0.6843261434290526,False
10333,0.8237516425642546,False
10334,-1.263461233577762,False
10335,-0.4588558896192923,False
10336,-0.783867405369833,False
10337,0.1233085775405112,False
10338,0.4264772028763466,False
10339,0.4728836073113537,False
10340,-0.9094956375101472,False
10341,-0.0740240245244423,False
10342,-0.7301961459449282,False
10343,-0.6490926076075497,False
10344,-0.7038471361105334,False
10345,-0.1849265034987971,False
10346,0.0233609474168198,False
10347,0.3556225403761304,False
10348,-0.4985052533202009,False
10349,0.5424813519523441,False
10350,-0.9175237629983996,False
10351,-1.2338827124233334,False
10352,-0.4537871979314687,False
10353,0.3835209491485966,False
10354,-0.3361001331420018,False
10355,-0.6573294508904556,False
10356,-0.7857578957414809,False
10357,0.6169655081156475,False
10358,0.3541064191388036,False
10359,-0.7643515370405403,False
10360,-0.7822701094055385,False
10361,-0.5023792322419351,False
10362,0.5533814635498907,False
10363,0.0864983795307526,False
10364,-0.6798201191625066,False
10365,-0.9070934623717508,False
10366,0.6307411003237122,False
10367,-1.8230433018272096,False
10368,-0.3141767672653317,False
10369,1.1136086607568998,False
10370,-1.196507458555031,False
10371,-0.0670526184519922,False
10372,-0.6032796602695404,False
10373,-0.9404314383519836,False
10374,-1.2881105998636846,False
10375,1.0868307049525476,False
10376,-0.6759550350960344,False
10377,1.1462164008399671,False
10378,-0.4772585195350337,False
10379,0.419085355673732,False
10380,-0.553818858649191,False
10381,-0.8680226468856036,False
10382,-0.7320185558869311,False
10383,0.8665690507231892,False
10385,0.7938350083871243,False
10386,-1.2720074106387953,False
10387,0.2714216727171565,False
10388,-0.7725832976913344,False
10389,0.2012475131439426,False
10390,1.1247736707083122,True
10391,-0.4237486503600987,False
10392,-0.9444012219516263,False
10393,-1.8057426138265789,False
10394,-0.3517934483354761,False
10395,0.833582157096708,False
10396,-0.9020031101718616,False
10397,1.4214737593937783,True
10399,-1.1800241177348438,False
10400,-0.934249910881398,False
10401,0.3691079997062199,False
10402,-0.721156781572009,False
10403,-0.3688563247728061,False
10404,-1.497891066396531,False
10405,-0.2262288110305252,False
10406,-0.6506714571656058,False
10407,0.8354880155812688,False
10408,-0.5143033356043278,False
10409,0.9965288860023204,False
10410,-0.3103226351687768,False
10411,1.0725865483986037,False
10412,0.725795754079048,False
10413,-0.2561864756372408,False
10414,0.8501426168588602,False
10415,-0.4335527753144593,False
10416,-0.929388222013167,False
10417,0.1377290095081553,False
10418,-0.4444486293503245,False
10419,0.6950223751825144,False
10420,-0.8626621307103705,False
10421,-0.4295288724378368,False
10422,-0.9610269426372238,False
10423,0.1249667258146961,False
10424,-0.8222788539850439,False
10425,1.117314367572331,False
10426,-0.599976732791416,False
10427,0.9457382840956438,False
10428,-0.5516890039039146,False
10429,0.5181382480078291,False
10430,-0.6274661912728362,False
10431,-0.7546355859594337,False
10432,-1.3889347543172892,False
10433,0.2127516826414142,False
10434,-1.200589520210599,False
10435,0.298460643303279,False
10436,0.5962029262400974,False
10437,-0.8508745313635417,False
10438,-0.5879711904167533,False
10439,1.0747469519292887,False
10440,-0.0598032978970367,False
10441,-1.1470535121578411,False
10442,-0.3037792203641135,False
10443,-0.372918994608133,False
10444,-0.4191899211519355,False
10445,-0.3773894321778989,False
10446,-1.7503133295369722,False
10447,-0.2620946518809037,False
10448,-0.940213917590631,False
10449,-1.1183279270750652,False
10450,-0.8044977908439426,False
10451,-0.2759585608253586,False
10452,-0.7505373660125274,False
10453,-0.3941740577526414,False
10454,-0.1650837384244835,False
10455,1.0964569643675026,False
10456,0.4928143300421832,False
10457,0.4737117968864426,False
10458,0.4482401690769795,False
10459,0.1561461441686815,False
10460,-0.9780890397251454,False
10461,0.5783177294053389,False
10462,-1.6902738647707771,False
10463,1.0637145693823284,True
10464,-0.5168185961083726,False
10465,0.888836509008109,False
10466,-0.4975741073210563,False
10467,0.2216270403263567,False
10468,-0.8409353138905391,False
10469,0.9645171461517408,False
10470,-1.705132692616084,False
10471,0.0320104068813079,False
10472,-0.8065768487695715,False
10473,0.9083598967480462,False
10474,-0.4219267868523522,False
10475,1.3276085701017497,True
10476,-0.7620393606603075,False
10477,-0.5844166226798726,False
10478,0.9248285299262728,False
10479,-0.1986331922618033,False
10480,-0.5181588451866386,False
10481,-0.4800938923613077,False
10482,-0.3082488448702641,False
10483,-0.5923320704738596,False
10484,0.3122949174385266,False
10485,-0.3858022808390016,False
10486,-0.4769307144002772,False
10487,-0.5978997519302603,False
10488,-0.4429956807276447,False
10489,1.6271979700093433,True
10490,-0.6135861107716403,False
10491,0.902013086699111,False
10492,0.6292302365756987,False
10493,1.0887794349701565,False
10494,-0.3052708828003115,False
10495,0.4076956475022606,False
10496,0.6455492282548719,False
10498,-0.4356801254966731,False
10499,0.6072445762961575,False
10500,-0.0854935092855415,False
10501,0.9869102219782157,True
10502,-0.8171401589635282,False
10503,-1.317932877178729,False
10504,-1.0608550540255082,False
10505,0.8916416746894678,False
10506,-0.3023478058029827,False
10507,1.281720904581228,True
10508,-0.3092917326290976,False
10509,0.5509236318204553,False
10510,-0.9359000722045892,False
10511,-2.1324934073059247,False
10512,-0.121037112573644,False
10513,1.3275584632508393,True
10514,-0.5449333369899416,False
10515,-0.3927459164245797,False
10516,-0.1656482766702517,False
10517,-0.3423959171561229,False
10518,-1.050922669903297,False
10519,-0.3407553702841225,False
10520,-1.015879749615627,False
10521,-0.7583188535285328,False
10522,0.7282697256516808,False
10523,-1.92811399787464,False
10524,-0.0272039247355092,False
10525,-0.12559551913536,False
10526,0.6231180172624604,False
10527,0.7755704102105374,True
10528,-0.2342209263415281,False
10529,0.0697662885674946,False
10530,-0.6832926020516024,False
10531,0.6536378250136715,False
10532,-0.6237583194787557,False
10533,-0.3625153757711272,False
10534,-1.4374288721140134,False
10535,1.016405494247821,False
10536,-0.4213277526740052,False
10537,-0.0325271998051906,False
10538,-0.3201360162413948,False
10539,0.4252244335037209,False
10540,-0.7997006096789451,False
10541,-0.3946512886906373,False
10542,0.3876567084183918,False
10543,-0.920977005435569,False
10544,-0.9246719227944382,False
10545,0.5087686986961824,False
10546,-0.3806805687452189,False
10547,-1.5524847646481,False
10548,-0.7459409575364002,False
10549,0.2017694398950866,False
10550,-0.8399995144729958,False
10551,1.508901799410406,False
10552,-0.5598280569241476,False
10553,1.2973375470011128,True
10554,-0.1955866232333298,False
10555,-0.3233148195755897,False
10556,-0.7626967420514492,False
10557,0.9082026041255288,False
10558,-0.7537416330509098,False
10559,0.4040012103616422,False
10560,-0.0109829447327209,False
10561,-0.0664958423182812,False
10562,-0.5476284251163965,False
10563,-0.150253870533461,False
10564,-0.7764949715100473,False
10565,-0.3990403754522887,False
10566,-0.7109658745779962,False
10567,0.7689313369271309,False
10568,-0.3334814305042815,False
10569,-0.4030586083298262,False
10570,-0.8647280692162352,False
10571,-1.1699319601242548,False
10572,0.8611338641046347,False
10573,0.8730433609578571,False
10574,0.8716030996293982,False
10575,0.8694482251272955,False
10576,-0.099041459639743,False
10577,0.8330594397366715,True
10578,-0.110953601081381,False
10579,-0.0313960101077976,False
10580,1.2130029288559787,False
10581,-0.5995692866565019,False
10582,-0.1208600939965548,False
10583,0.92312981370793,False
10584,-0.4884193756899071,False
10585,0.4496907791355188,False
10586,-1.3913969641718231,False
10587,0.5467567354570995,False
10588,-0.5652351299864947,False
10589,-2.021281221502485,False
10590,-0.2567870778850597,False
10591,-0.2021426397244085,False
10592,-0.3984658900851142,False
10593,-0.4911535672936871,False
10594,-0.361200941851571,False
10595,-0.481253568307919,False
10596,-0.4412838426614375,False
10597,1.444296064511752,True
10598,-0.5202821870209637,False
10599,0.2279323089054994,False
10600,-0.5285601233482559,False
10601,0.204757374251208,False
10602,0.5965368899191805,False
10603,-0.5154031456965705,False
10604,-0.6763335336092967,False
10605,0.4021196691237748,False
10606,-0.8074535508954965,False
10607,0.8243892000587396,False
10608,-0.4189365186492955,False
10609,-0.5470429225016253,False
10610,-0.531296484480892,False
10611,-0.3684492385955016,False
10612,1.4273439368990937,False
10613,0.2822706423381846,False
10614,-0.4947071727299958,False
10615,-0.4928624660544123,False
10616,1.175309279251825,False
10617,0.8454249268485545,False
10618,-0.4048910932472037,False
10619,-1.664302355084327,False
10620,0.5599271063863758,False
10621,1.5951805110838078,False
10622,-0.2332613033322755,False
10623,-0.2053375540125811,False
10624,-0.5848022580491054,False
10625,-0.5485372364880639,False
10626,-0.8699836132596925,False
10627,-0.4665245594545529,False
10628,0.043951230236947,False
10629,-0.1423156490184679,False
10630,-0.5361860126844699,False
10631,-1.7508970944316713,False
10632,-0.4504893712727966,False
10633,-0.8123555057328863,False
10634,-0.7338031808481724,False
10635,1.2179561906587089,False
10636,-0.6037057907335807,False
10637,0.3580239512837869,False
10638,-0.5877222119455487,False
10639,-1.177397469017302,False
10640,-0.3618188362394077,False
10641,1.0843350286594864,False
10642,-0.724046942851542,False
10643,-0.0815766791238132,False
10644,0.9505890113517788,True
10645,0.8025169376856996,True
10646,-0.177154296177372,False
10647,1.200220222261263,False
10648,-0.7983578215872112,False
10649,1.4203892238106255,False
10650,0.0188958548307353,False
10651,1.0628043338407382,True
10652,-0.5422258209342005,False
10653,0.619141548012566,False
10654,-0.6580411011872962,False
10655,-0.3223616875842943,False
10656,-0.3997190613398333,False
10657,1.0071834295736,False
10658,-0.4316784286462491,False
10659,1.3055887643915127,False
10660,0.7847641793494317,False
10661,1.4889869303905936,True
10662,0.2466704041547767,False
10663,-0.5495207279935572,False
10664,0.0086272736366253,False
10666,-0.6656251029521079,False
10667,-0.2330349433571253,False
10669,0.6283550418223391,False
10670,-0.424115924261728,False
10671,0.8526863568208167,False
10672,-0.8294668971532027,False
10673,0.6637974990455738,False
10674,1.0184043897857034,True
10675,-0.2319291820802817,False
10676,0.1887905082572568,False
10677,0.6118883288442791,False
10678,0.8190522150385362,False
10679,0.6515412739465549,False
10680,-0.3578217261161579,False
10681,-0.9391540487402226,False
10682,0.6316916817770393,False
10683,0.8540286307994063,True
10684,-0.5958443417844588,False
10685,0.78742083105888,False
10686,-0.6731181037277781,False
10687,1.023360497085302,False
10688,-0.4548275400386315,False
10689,0.7795526604535721,False
10690,-0.5460849755060436,False
10691,1.0253571821019287,True
10692,-0.5947226593636694,False
10693,0.905884364226918,False
10694,-0.5957665035381317,False
10695,-0.6369151974163711,False
10696,-1.3427179546962982,False
10697,0.5811194992738263,False
10698,-0.0700916041936574,False
10699,-0.8004911670528584,False
10700,0.747367221721726,True
10701,0.5802140278348515,False
10702,0.5806900216864108,False
10703,0.7077018759311906,False
10704,-0.8830339419296961,False
10705,1.134084252742243,False
10706,-0.5280385817844806,False
10707,0.7735589683810988,True
10708,0.8052264522057867,False
10710,0.9316580347377958,False
10711,-0.4071484472891158,False
10712,-0.5454398376080161,False
10713,1.158221958940545,False
10714,0.2574453359320096,False
10715,-0.9991872247730808,False
10716,0.8963493664296377,False
10717,-0.2769265760829618,False
10718,-0.4030717900211581,False
10719,0.5626522606644708,False
10720,-0.3603992288550095,False
10721,-0.0898599242349675,False
10722,0.7764145998297637,False
10723,0.7247242715805183,False
10724,0.9413627777987824,False
10725,-0.2691834222646068,False
10726,1.1879535152208636,False
10727,-0.5573096880801354,False
10728,0.6373246222696257,False
10729,-0.3820536131847078,False
10730,0.2852389161787971,False
10731,-2.0627895164666827,False
10732,-0.2326962583104588,False
10733,1.0499709915173427,False
10734,0.0689623539653765,False
10735,-0.4260252768360494,False
10736,-0.2495374001023232,False
10737,-0.0792952944622975,False
10738,-0.1487888100450345,False
10739,0.1185900044788565,False
10740,0.9924702184468036,False
10741,-0.0182617463439445,False
10742,0.7968459055686907,False
10743,0.0606377171937791,False
10744,-0.4454255701667994,False
10745,-0.5584986274109107,False
10746,-0.3205756868081491,False
10747,0.3358776117704113,False
10748,-0.9170491906930592,False
10749,1.132650363594573,False
10750,-0.2394293713459876,False
10751,-0.0265668598931266,False
10752,-0.434883133849324,False
10753,-0.5946710874810255,False
10754,0.7898212986816634,False
10755,-0.3437065554589374,False
10756,1.3380690489467215,False
10757,0.8497313972087043,False
10758,-0.1434570204713288,False
10759,-0.3444807368837819,False
10760,1.3446880521966729,False
10761,-0.4888923474851476,False
10762,0.8901358919405759,False
10764,-0.7947849929793636,False
10765,-0.3848288106801488,False
10766,1.2075920804386917,False
10767,-0.4447180392180735,False
10768,0.9839053658690916,False
10769,-0.2380548488119101,False
10770,0.7743344141175282,False
10771,0.7615107554967977,True
10772,0.8576690527846659,False
10773,-0.5088201779752675,False
10774,-0.3469037897005922,False
10775,-0.2252152174174682,False
10776,0.8787813529139917,False
10777,-0.5689338114068176,False
10779,1.1116795792671614,True
10780,1.000678790505141,True
10781,-0.3337054858721372,False
10782,-0.2791679897623528,False
10783,0.4815202087274357,False
10784,-0.1037152649403562,False
10785,1.11640690971714,False
10786,-0.1976826460549056,False
10788,1.3740062095867147,False
10789,1.3068864388674626,True
10790,1.4160135661808542,False
10791,-0.3374430294772579,False
10792,-0.8494805855922475,False
10793,0.0280038575223815,False
10794,1.0698945084483105,False
10795,-0.5000354118385526,False
10796,-1.0671340987633744,False
10797,-0.9161774703242032,False
10798,0.7225050597398902,False
10799,-0.476770658815368,False
10800,1.3438013097305332,False
10801,0.8671581210810191,False
10802,-0.3736403211686956,False
10803,1.167723541483674,True
10804,0.620620616295554,False
10805,0.2053012931553289,False
10806,-0.977899422676938,False
10807,0.614169499311571,False
10808,-0.4256457475373023,False
10809,0.8907430494585623,False
10810,0.7145153566305769,False
10811,0.3176229790703088,False
10812,0.6798044254296762,False
10813,-0.1424619649774005,False
10814,-0.6282415316473788,False
10815,-0.247419156999893,False
10816,1.7055899118287758,True
10817,1.198670664549799,True
10818,0.910727675688362,False
10820,-0.311616541184837,False
10821,-0.171050695652182,False
10822,1.383873272584517,False
10823,0.899534241214992,False
10824,-0.8893051123229061,False
10825,-0.0397628392039592,False
10826,1.5689527001558303,False
10827,-0.7946064935448266,False
10828,-0.4545684860054921,False
10829,-0.106523800283538,False
10830,-0.6581557437501611,False
10831,0.059145129667528,False
10832,-0.8470546682797703,False
10833,1.279537688054246,False
10834,-0.3837487095099436,False
10835,-1.0233127836540616,False
10836,-0.2840259334009102,False
10837,0.3229094403562985,False
10838,1.2142144651347824,False
10839,0.8179594053431629,True
10840,0.772575156706067,True
10841,1.2975645438424828,False
10842,-0.6255502364012848,False
10843,0.6236533125728807,False
10844,1.3409216812485605,False
10845,0.2761447366566604,False
10846,-0.5754195275869147,False
10847,-0.9062294182815692,False
10848,-0.3573839452363201,False
10849,0.1761043776735341,False
10850,-0.4057470546036353,False
10851,-1.0598747422447052,False
10852,1.4438355093670414,False
10853,0.5415832802107907,False
10854,1.1481466920553896,False
10855,0.6288165293173974,False
10856,0.7883674537208909,False
10857,0.5244348106402639,False
10858,1.504318244230955,False
10859,-0.2217258212817461,False
10860,1.133683783996254,False
10861,0.6999529910493174,False
10862,-0.6207672280186988,False
10863,-1.4484318718577782,False
10864,-0.6636815740019723,False
10865,-0.7635199231946679,False
10866,0.3211099215481989,False
10867,-0.3196780808827573,False
10868,1.2645414114554732,False
10869,0.5461958965888669,False
10870,0.8383642424815388,False
10871,-1.2847198655185226,False
10872,-0.5734165586801762,False
10873,-0.1936470277130927,False
10874,1.2733987163723883,False
10875,-0.0656785508523916,False
10877,0.8293521197218757,False
10878,-0.1237426961235857,False
10879,1.666492130323727,False
10880,0.2031128878323114,False
10881,0.7380279389633406,False
10882,1.168462392289236,False
10883,0.7782795479381095,False
10884,0.9638668337342836,False
10885,-0.3525437771506077,False
10886,-0.2454126408219675,False
10887,-0.6379417593425594,False
10888,0.0399909956318246,False
10889,-0.3906650823142694,False
10890,1.1710354360970072,False
10891,0.408288335947822,False
10892,0.9866070041161328,False
10893,-0.6027642989178925,False
10894,0.6860776471018276,False
10895,-0.7505454025968517,False
10896,1.1032324369857267,False
10897,-0.7595683071857433,False
10898,0.2996316265164537,False
10899,1.1868252127154175,True
10900,-0.0088281660941156,False
10901,-0.8647013082308876,False
10902,-0.0858098045427172,False
10903,1.202539208039671,True
10904,1.0510144492436502,True
10905,0.4568086180384087,False
10906,-0.0888191508936221,False
10907,-0.2370299442006735,False
10908,0.0373534797949763,False
10909,1.6996541944235872,True
10910,-0.2294101687681155,False
10911,-0.9536580211090768,False
10912,0.0818387376893859,False
10913,-0.3372188377403091,False
10914,1.1829951832882648,False
10915,-0.3587734010881825,False
10916,0.3140529576097094,False
10917,0.7561559171585996,False
10918,-0.5914840497092599,False
10919,-0.4394087926848501,False
10920,0.2695594323829314,False
10921,0.0400388943681064,False
10922,1.5100933911982124,True
10923,-0.3045687918886883,False
10924,0.2666605219352814,False
10925,0.1081545578673253,False
10926,0.8977130206697628,False
10927,-0.2245348177092004,False
10928,1.0665252659130506,False
10929,-0.620872693445174,False
10930,0.804579817515853,False
10931,0.3260458935834058,False
10932,1.2930198208651429,False
10933,-0.3848177918097051,False
10934,0.3720018701776427,False
10935,-0.6336752423686134,False
10936,1.295910890033854,True
10937,-0.7824406864584106,False
10938,0.8163159556571402,False
10939,-0.6585483474161644,False
10940,0.7848513024638515,False
10941,-0.0418841227284279,False
10942,0.6147932735378225,False
10943,0.8982660054924936,False
10944,0.7976612272894609,False
10945,1.1999686104520615,False
10946,1.2055972535781685,True
10947,-0.9953739998879616,False
10948,1.4244186938046033,True
10949,0.4112498794302565,False
10950,-0.0075885175248341,False
10951,1.143068280655883,True
10952,-0.6307211711168998,False
10953,-0.2871962118335522,False
10954,1.6411104966272774,True
10955,1.557928213769482,True
10956,-0.3446491159694181,False
10957,0.1940757533453041,False
10958,1.0444732551982292,False
10959,1.05455579381539,False
10960,0.6775584723935488,False
10961,1.1733557351100077,True
10962,1.0160447855750885,False
10963,0.5612277436218223,False
10964,0.9071475154568932,False
10965,-1.4585985478452317,False
10966,0.9125459433957565,False
10967,-0.7878111705751624,False
10968,0.5407244211134514,False
10969,0.636334450143451,False
10970,0.3876212514254139,False
10971,-0.441801420490451,False
10972,1.1725820155889832,True
10973,1.1601458653068315,True
10974,0.0130929662572981,False
10975,0.8131937787743976,False
10976,0.7399330061097631,False
10977,-0.6895436658693992,False
10978,0.8971052449057216,False
10979,-0.2857995633151811,False
10980,0.9433755829765876,False
10981,1.2906420715203557,True
10982,0.968251282733696,False
10983,-0.2334040385292534,False
10984,0.4453961562661301,False
10985,0.0192962194751949,False
10986,1.1166600516884055,False
10987,0.9288584732703172,False
10988,0.4147211272369818,False
10989,-0.398334172789504,False
10990,1.2407352475595064,False
10991,1.4973360031765632,True
10992,1.0860607577804915,True
10993,0.7032727755620465,False
10994,0.8150860399775551,False
10995,0.0374267982320566,False
10996,0.9979436809334832,False
10997,0.8536883933608451,False
10998,-0.3795693552000361,False
10999,0.7094807521725227,False
11000,0.8435196981597904,False
11001,-0.6533412050779324,False
11002,-1.581379146972854,False
11003,-0.6271551155377043,False
11004,1.1010003503484271,False
11005,-0.7155857503419439,False
11006,1.354022445654836,False
11007,-0.1754505249130484,False
11008,0.551296200319987,False
11009,-0.2236095229170588,False
11010,0.7550928048826874,False
11011,-0.4748711845902417,False
11012,1.5187831638463054,False
11013,-0.804700913255197,False
11014,0.8397253950799956,True
11015,1.4635645578576393,True
11016,0.7301785566988344,False
11017,-0.8420885302443241,False
11018,0.7819232308209645,False
11019,0.956588764232648,False
11020,0.6990602470568563,False
11021,-0.7971351214359232,False
11022,1.477127311415255,False
11023,-0.8549179440259485,False
11024,0.7692301213973641,True
11025,1.6386495454238816,False
11026,0.693413789769254,False
11027,-0.5583291824916768,False
11028,0.6836466435871349,False
11029,0.6551732779344461,False
11030,1.1679146766529624,False
11031,0.5531334522075841,False
11032,-1.0944598897303508,False
11033,-0.5795802518225172,False
11034,1.0242979528297342,False
11035,-0.8776076588682814,False
11036,-0.7982804632348632,False
11037,1.988511806022935,True
11038,1.1361613310113683,False
11039,0.0400057614520959,False
11040,-0.7390848019585297,False
11041,0.8901241844092714,False
11042,1.137680421667576,False
11043,-0.0934025904375915,False
11044,1.5588549164656555,True
11045,-0.5239355350635129,False
11046,0.9475073775286345,False
11047,-0.1286403886412723,False
11048,0.7822445851746344,True
11049,-0.7134839340180993,False
11050,0.7404041474173666,False
11051,-0.0733738618396397,False
11052,1.2990027959695831,False
11053,0.6892032562057391,False
11054,0.8279936191488715,False
11055,-0.2044227253751399,False
11056,0.688614906470218,False
11057,1.301759050072532,True
11058,1.2485323306913092,False
11059,-0.7202792167670431,False
11060,1.0905872096115394,False
11061,0.150153018450772,False
11062,0.5827382080114799,False
11063,1.1322379139656544,True
11064,0.9092599276752482,False
11065,-0.4494019566287296,False
11066,1.3455208352011945,True
11067,-1.0326947133276383,False
11068,1.119706114423656,False
11069,1.5972801379673087,False
11070,1.2770238104608431,False
11071,0.3103878272278094,False
11072,0.6535389016571748,False
11073,1.848282287809176,True
11074,0.1481470055174716,False
11075,-0.5911329346791625,False
11076,0.6498456914137255,False
11077,-0.52279562759847,False
11078,1.1058774110588248,True
11079,-1.0944925611274103,False
11080,0.0053003071128948,False
11081,-0.0594800011266166,False
11082,1.0261837200343291,False
11083,0.6604022681689262,False
11084,0.8426322989760573,False
11085,1.266260843686747,False
11086,1.2375198137169243,False
11087,-1.3419615992546032,False
11088,1.3090756125559777,False
11089,-0.694452217120795,False
11090,1.3444963786592394,True
11091,-0.1134199913758259,False
11092,1.3993907593660535,False
11093,1.2751820349524443,False
11094,0.7682468410087065,False
11095,-0.9933994597780595,False
11096,1.3675241270108744,False
11097,-0.588479545016477,False
11098,1.1279106756696362,False
11099,-0.1298459824570363,False
11100,-0.6342227000789579,False
11101,1.1220965865470338,False
11102,0.946233220145588,False
11103,-0.7742896747550316,False
11104,0.9059748847019728,False
11105,-0.6060697748354819,False
11106,0.3471811963871999,False
11107,-2.332473627882127,False
11108,0.4820908190349727,False
11109,0.4114456190178642,False
11110,0.7936156091335398,True
11111,-0.8926800873654421,False
11112,-0.8170025708680818,False
11113,0.5477676838379132,False
11114,0.855351367950838,True
11115,-1.1698654501857035,False
11116,1.164776744422479,False
11117,0.047038784313717,False
11118,0.5803701930557216,False
11119,-0.1494690741399636,False
11120,0.8192808235652285,True
11121,1.2510127467672365,True
11122,0.8181098138294441,True
11123,0.5735208345239944,False
11124,0.8766130630479748,False
11125,-0.5260631518145413,False
11126,-0.3364271896069805,False
11127,-0.2648578418087031,False
11128,-0.3729883393336819,False
11129,0.9022223267759414,False
11130,0.47638048227908,False
11131,-1.1014156517172429,False
11132,1.7109385477414103,False
11133,0.5817889736743044,False
11134,0.9600793208483196,False
11135,-0.3148863261307805,False
11137,-0.0934033204289001,False
11138,-0.4342878540660261,False
11139,-1.046771943957573,False
11140,-0.7620238347161301,False
11141,-0.1010214781191633,False
11142,0.9078075861143496,False
11143,-0.1436049982490405,False
11144,-1.0116146230506644,False
11145,0.5840645871827659,False
11146,1.0364087866447746,False
11147,0.4114858676909299,False
11148,0.2286393797283658,False
11149,-0.6634288151639269,False
11150,0.9387222282114568,True
11151,1.2304955896031615,True
11152,0.8005180272358972,False
11153,1.2776099248090174,True
11154,0.8148704610892814,False
11155,-0.9157373725698784,False
11156,0.8666065547422707,False
11157,1.1583062529434367,True
11158,0.8419965434583303,False
11159,-0.9762253050972384,False
11160,1.0935734203429854,False
11161,-0.6174742390727535,False
11162,0.8715391665313301,True
11163,1.4561785163355294,False
11164,-0.2195927278054817,False
11165,0.6178509257112309,False
11166,0.7547336258285029,False
11167,-1.101303220715031,False
11168,1.3463676322300404,False
11169,0.3352576572415611,False
11170,-0.3673309864008417,False
11171,0.8873959435182808,False
11172,-0.1130598797265965,False
11173,0.4341795122239595,False
11174,0.85055202831556,False
11175,0.9574420806876384,False
11176,-0.4679161392262921,False
11177,0.079871524103272,False
11178,1.1585332418762504,False
11179,1.4743079087046405,True
11180,-0.6790928914001804,False
11181,-1.1955290426544891,False
11182,0.9557974859074928,False
11183,-1.1330110266310665,False
11184,1.4218946968557606,True
11185,-1.6463524336551172,False
11186,0.9433242811373398,False
11187,-0.1715115154497304,False
11188,0.1377749592156472,False
11189,0.2303681971402869,False
11190,0.8989838556234806,False
11191,1.1569202734600077,True
11192,0.8157123175403269,False
11193,0.6759163798824841,False
11194,0.9626510144676704,False
11195,1.438098223905412,True
11196,0.7379137452595963,False
11197,-0.8935876460243597,False
11198,-0.0537320952905773,False
11199,1.0950285381146467,True
11200,1.1010910642912046,False
11201,0.8344077888353247,False
11202,0.7148629622796376,False
11203,-0.8681097667624703,False
11204,0.5718784796770215,False
11205,0.9478972237181482,False
11206,0.9661322297531296,False
11207,-0.3558923050579142,False
11208,0.8338205076327276,True
11209,-1.4930220163739336,False
11210,0.2819621724157766,False
11211,0.9762879339531928,True
11212,0.8075473794961817,False
11213,-2.0793065089946143,False
11214,0.9485015562256972,False
11215,-0.6345328077186045,False
11216,-0.1001603848106917,False
11218,-0.399601206748206,False
11219,-0.8689319153128459,False
11220,0.6988234697491663,False
11221,0.9950461843357108,False
11222,0.2007286496743535,False
11223,0.1601066296422248,False
11224,0.2507147462217197,False
11225,0.0743924771473977,False
11226,0.3116735518093186,False
11227,1.5156229370949212,True
11228,-0.0138470997519546,False
11229,1.0802064582181603,True
11230,0.962080486274614,False
11231,1.6880930164071812,True
11233,1.8484819034148512,True
11234,-0.424196577639076,False
11235,-0.0650902764445435,False
11236,-0.2644750867354646,False
11237,-0.2548998492153906,False
11238,0.6116375185526299,False
11239,-0.5340642820008025,False
11240,0.7633602021094104,False
11241,0.3751441029651306,False
11242,0.7078305649793474,False
11243,-0.6525326990723108,False
11244,0.0030476717718926,False
11245,0.7446202140396694,False
11246,0.7851693457060018,False
11247,-0.1699609536011427,False
11248,-0.8558222002404441,False
11250,0.1086006848951899,False
11251,1.42721171589123,True
11252,0.831287365132751,False
11253,-0.802338400063011,False
11254,0.915031077656577,False
11255,-1.0708250016279992,False
11256,-0.7766589688304468,False
11257,1.4359512697796395,True
11258,-0.2785351810515232,False
11259,1.5633432357907806,True
11260,0.7391718308850419,False
11261,-1.420587070058161,False
11262,-0.602606554361859,False
11263,1.3571210311719648,True
11264,-0.8259675031744517,False
11265,-0.5943277751009226,False
11266,-0.0036933981528921,False
11267,1.1430243166504406,False
11268,-0.464461457663538,False
11269,-0.0557983082155796,False
11270,0.1754113690176803,False
11271,0.6189214460859803,False
11272,0.9731398335928368,False
11273,0.0682850407504574,False
11274,0.8207111167850585,True
11275,-0.4688331954207904,False
11276,1.3052675075384317,True
11277,0.3979888668124431,False
11278,0.750639293727234,False
11279,-0.4371880269321186,False
11280,-0.973009564117698,False
11281,1.111861666137454,True
11282,-0.6461636284700376,False
11283,-0.1660938638521231,False
11284,-1.239285633646167,False
11285,1.692645416259224,True
11286,1.326760150004182,False
11287,1.1071559680368137,False
11288,-0.5317465444426236,False
11289,0.9670967580303468,False
11290,0.1462776795996406,False
11291,1.137349593717079,False
11292,-0.5383292742479241,False
11293,0.4035008715817629,False
11294,-0.667307757686644,False
11295,-0.2387785181436958,False
11296,-0.3928238577514524,False
11297,-0.1387705475066888,False
11298,-0.5313077358633848,False
11299,-0.3362278870726795,False
11300,-0.4048431623292213,False
11301,-0.2554426867363715,False
11302,-0.8210464484844986,False
11303,-0.4729599842398239,False
11304,-0.3384542903019394,False
11305,0.9497736606217392,False
11306,0.8911299213347004,True
11307,1.5235911654256586,True
11308,-0.1801220550976318,False
11309,-1.0792455679137531,False
11310,0.4719799866584605,False
11311,-0.4461712756120967,False
11312,-0.7657814367625048,False
11313,0.6659398318298182,False
11314,-0.7207122197869693,False
11315,0.7437655640465163,False
11316,0.8750607729885568,True
11317,-0.3606027183285421,False
11318,-0.5418815018651825,False
11319,0.7553795204815492,False
11320,0.0393436583616142,False
11321,-1.0297483179693976,False
11322,-0.6028334310775791,False
11323,-0.3778497058633135,False
11324,-0.4407741381384599,False
11325,-0.0600864842985363,False
11326,-0.4638496372208804,False
11327,-0.6282151560845216,False
11328,-0.4344524785351239,False
11329,1.291459750461676,True
11330,-1.0122204833752777,False
11331,-0.9902123068086008,False
11332,-0.3299752945911763,False
11333,1.1164436697488795,True
11334,-0.9377866019715492,False
11335,1.4790042136747217,False
11336,-0.600834809933162,False
11337,0.0568823694298699,False
11338,-0.4174225082345936,False
11339,-0.382066135592513,False
11340,0.7890362781313444,True
11341,-1.2862600268944242,False
11342,-0.2830935773918728,False
11343,-1.8722003613196887,False
11344,-0.5257924847582252,False
11345,-0.9783661048209588,False
11346,-0.9017839686016266,False
11347,0.055249200485998,False
11348,-0.5051798783827,False
11349,1.3948756381964662,False
11350,-0.3293448069511332,False
11351,0.892279056902023,False
11352,-1.0834516322154095,False
11353,1.0427704562920863,True
11354,-0.4578802842068318,False
11355,-0.5184263544005604,False
11356,0.7062678674364592,False
11357,-0.3404855867527331,False
11358,-0.834847671770677,False
11359,-0.4267091675061115,False
11360,-0.5873284050941744,False
11361,0.1725706691893377,False
11362,-0.5486738890646884,False
11363,0.3786585077918775,False
11364,-1.0523447106751622,False
11365,1.609660323996569,True
11366,-0.5168887343613665,False
11367,-0.4453840642374391,False
11368,-0.5770705701159385,False
11369,-0.1594120069830662,False
11370,-0.432945201215752,False
11371,-1.2239048040160831,False
11372,-1.1696346076449793,False
11373,-1.203499893098303,False
11374,-1.3214109260981568,False
11375,-0.3173123065451008,False
11376,-0.442570171951147,False
11377,0.104521728152778,False
11378,-0.6274033973221447,False
11379,0.523080824681943,False
11380,-0.503263420570844,False
11381,-0.902388323712459,False
11382,-0.8485055598925638,False
11383,-0.7023429228728029,False
11384,-0.7758882991213976,False
11385,-1.0886481870406874,False
11386,0.8195738568111951,False
11387,1.2515815364197491,True
11388,-0.78130239978053,False
11389,-0.6936523370459373,False
11390,-0.6613554110988408,False
11391,-0.9173013254127858,False
11392,-0.5560481393323439,False
11393,1.3147678206866866,True
11394,-0.8292962667788797,False
11395,-0.0603767428195238,False
11396,-1.376143424386432,False
11397,-1.1941435681219106,False
11398,-0.5621774279551388,False
11399,1.1950658453975764,True
11400,-0.6865502063427673,False
11401,-0.9703278477566304,False
11402,0.799713956874772,False
11403,-0.7122289753204553,False
11404,-0.5860824878259252,False
11405,-0.7429151038548443,False
11406,-1.0171570022396828,False
11407,-0.7226268352922107,False
11408,-0.8431026112618204,False
11409,1.3464299576802772,True
11410,-0.5356130719998058,False
11411,-0.634316250419958,False
11412,1.0732431510435825,False
11413,-1.1626126153247616,False
11414,0.8619341983419287,False
11415,-1.854456015468096,False
11416,-0.6597665404050794,False
11417,0.8494828448262792,False
11418,-0.6105620914835828,False
11419,-0.716858820034482,False
11420,-0.6732927611488875,False
11421,0.8843590310701338,False
11422,-0.6989030685712259,False
11423,-0.0253515611049179,False
11424,-0.7644274120031498,False
11425,1.1823993823511385,True
11426,1.0439931751586609,False
11427,-0.8455410833593456,False
11428,0.8869635264080944,False
11429,-0.6913238679936746,False
11430,-0.8072073864220737,False
11431,-0.6346685957062295,False
11432,-0.3579005610818802,False
11433,0.7444421179934327,False
11434,-0.3749286973708727,False
11435,-1.3243039006211137,False
11436,-0.347706557633906,False
11437,0.9575723256879712,True
11438,0.5062028963124316,False
11439,0.9457568460814084,True
11440,-0.8392733076121652,False
11441,-0.246008778736406,False
11442,-0.9333177923701456,False
11443,-0.6612468529739446,False
11444,-1.124337472532144,False
11445,-0.6447549723659947,False
11446,-0.8105264191878033,False
11447,1.1569832572385086,True
11448,-1.4857459769035697,False
11449,0.1379011155582031,False
11450,0.8518381129775809,True
11451,-0.7215676250566224,False
11452,-1.0327229720884952,False
11453,0.2438063372901432,False
11454,-0.8408179318760292,False
11455,-1.7029123635528705,False
11456,-1.3345473102511116,False
11457,0.8063271833432071,False
11458,0.1871990391649494,False
11459,-0.1689153089277094,False
11460,0.7012963479887534,False
11461,0.7777047609097512,False
11462,-0.6775440232734175,False
11463,-0.4254043366371475,False
11464,0.0780321755623598,False
11465,0.5085346518227656,False
11466,-0.3607564254846832,False
11467,0.0769086543247035,False
11468,-0.4531286397677057,False
11469,1.1318370113053664,True
11470,0.4796160035808692,False
11471,-0.6046010334666791,False
11472,0.3287468603756378,False
11473,1.6017916748925638,True
11474,0.6939413742715433,False
11475,-0.7733344777541771,False
11476,0.5131880541674818,False
11477,0.1254151820601685,False
11478,0.5458204591329514,False
11479,0.9594188411190034,False
11480,1.0354166699639218,False
11481,-0.0913489338450622,False
11482,0.9147732862958452,False
11483,-0.4682676415521412,False
11484,0.5338348358089621,False
11485,-0.3493729518182086,False
11486,1.1150467817324206,False
11487,1.536727251376811,True
11488,0.4805490996905699,False
11489,-0.3291600200055959,False
11490,0.7761527973980816,False
11491,-0.2029381269730449,False
11492,-0.086361926538327,False
11494,0.7655807870101118,False
11495,1.6260658814116842,True
11496,0.6510353005637212,False
11497,-0.8047344958782773,False
11498,-0.6413828840680061,False
11499,1.3172795782152864,False
11500,0.901204275095473,True
11501,1.3039773744736822,False
11502,0.1827089121731431,False
11503,0.6553968091236974,False
11504,0.5328446224421874,False
11505,0.467758224209916,False
11506,0.4968050825487972,False
11507,-0.4982508071697332,False
11508,-0.7258727798089488,False
11509,0.9000649770204214,True
11510,0.7551833492912946,True
11511,-0.8426586369576748,False
11512,0.5453434454544677,False
11513,1.1225563397571323,True
11514,0.7671648478388485,False
11515,-0.3660777469725715,False
11516,0.0487136137155335,False
11517,-0.3534726754900196,False
11518,-0.8238640485881585,False
11519,-0.8854520278454338,False
11520,0.5067673870774332,False
11521,-0.5119174558571209,False
11522,0.9539689741764992,False
11523,-0.6403300149583552,False
11524,0.5038107721455682,False
11525,0.8707873342442007,False
11526,0.8046134022509104,False
11527,-0.2764573007612101,False
11528,0.8236727677746952,False
11529,1.1475990302014567,False
11530,-0.035823933457801,False
11531,-0.628366576851326,False
11532,0.7193982671464383,False
11533,0.7461911057260553,False
11534,0.854977007181007,False
11535,-0.5007263421113933,False
11536,-0.5133934870554369,False
11537,-0.2390703299593824,False
11538,-0.6997444949233445,False
11539,1.1270293510388965,True
11540,-0.6959446086747023,False
11541,0.8228557519013113,True
11542,-0.1333713797366981,False
11543,-1.0226207879752114,False
11544,-0.157319925913849,False
11545,-0.7425154379866495,False
11546,-0.878238504764535,False
11547,0.4906960328907758,False
11548,1.157703705388064,True
11549,-0.9217944914785988,False
11550,-0.5625675426541002,False
11551,-0.3883690682371226,False
11552,-1.0073289028476902,False
11553,0.9068349708833108,False
11554,0.6422313671637473,False
11555,0.0768722406045224,False
11556,-0.7370353641333315,False
11557,-0.8220750518124773,False
11558,-1.6327783661100943,False
11559,0.6868046097654038,False
11560,-0.2763069410718696,False
11561,1.199204808569384,True
11562,-1.1846062181040324,False
11563,-0.3943846162133485,False
11564,-0.4136835652662473,False
11565,-0.8772574361664838,False
11566,0.5972039674944067,False
11567,0.6921225785158815,False
11568,-0.5490773817251676,False
11569,-0.5683548083049914,False
11570,-0.2226495792757312,False
11571,-0.7530359298023905,False
11572,-0.1878153181476239,False
11573,0.2858351095529521,False
11574,-0.4384486738387707,False
11575,-0.7646572225756569,False
11576,-0.1834466832641546,False
11577,-0.7207305989721143,False
11578,1.6398286039052092,True
11579,-0.8252213733507229,False
11580,-1.370145157855163,False
11581,-0.2986729340168747,False
11582,0.490857492441442,False
11583,-0.8593657529992748,False
11584,0.8805445366079582,False
11585,-0.9266780670868142,False
11586,0.8372758368278247,True
11587,0.5545206414881273,False
11588,0.8209540956063746,False
11589,0.7032184432002444,False
11590,0.3217069441728927,False
11591,-0.8513337026899833,False
11592,0.6668391155357978,False
11593,-0.696177328151454,False
11594,1.574281896114155,False
11595,-0.6106140409016116,False
11596,0.7749617104827077,False
11597,-0.2195409834721694,False
11599,1.013515617218632,True
11600,0.6958176461847932,False
11601,-0.3129009298413217,False
11602,0.0298652930987777,False
11603,-0.9193915376179412,False
11604,0.4098922441491542,False
11605,-0.4477821053051571,False
11606,-0.3190217546761346,False
11607,-1.4217943966700974,False
11608,-0.724368753002427,False
11609,0.8949282234470298,False
11610,1.5907622273097142,True
11611,-0.5387798259166833,False
11612,0.956117201328465,True
11613,-0.7830719921369235,False
11614,-0.4224968669274619,False
11615,-0.2679091372715552,False
11616,1.2372346343722167,True
11617,0.1629936841951771,False
11618,-0.3846157746216047,False
11619,-0.9830735948400452,False
11620,-0.4865083677188049,False
11621,-0.8420523677267215,False
11622,0.8344655882268587,False
11623,-1.0720168596602593,False
11624,0.0956035049820606,False
11625,0.9506727834576334,True
11626,0.6998659403123799,False
11627,-0.0980459795442289,False
11628,0.6333509156302278,False
11629,0.3687521372263229,False
11630,-0.5499804627635463,False
11631,0.992739572252528,False
11632,-0.1544212277717541,False
11633,-0.9437006392857994,False
11634,1.0546615776488213,False
11635,-1.096410446003144,False
11636,0.6525725325954824,False
11637,1.0726693848794977,True
11638,-1.4481923513926394,False
11639,-0.8401216585407848,False
11640,-0.5839847546561169,False
11641,-0.0918884183116001,False
11642,0.4034778333646861,False
11643,-0.4786533912201112,False
11644,-1.116679109643938,False
11645,-0.4965891514831739,False
11646,1.2896310775650033,True
11647,-0.0947376622451975,False
11648,0.7923473055610853,False
11649,-0.8458744562810083,False
11650,0.5291720781593416,False
11651,-0.8280717743465981,False
11652,0.1640702713944674,False
11653,-0.2037685789526782,False
11654,-1.0330883429360171,False
11655,-0.5018724396248277,False
11656,-0.1671273568367292,False
11657,-0.2110633433039054,False
11658,-0.1561088005727438,False
11659,-0.1598508308943018,False
11660,-0.1727068796796526,False
11661,-0.0203221017352967,False
11662,0.8130536066407366,False
11663,0.8759211725416092,False
11664,-0.8444096873741082,False
11665,-0.1072417105277844,False
11666,0.1839216111257902,False
11667,-0.4082905420278158,False
11668,-0.9222196329835116,False
11669,-0.1560251890946051,False
11670,0.697643455791614,False
11671,-0.1885285622268901,False
11672,-0.2033463155083404,False
11673,-0.2847999965257917,False
11674,-0.8527785699411699,False
11675,0.4712662870517011,False
11676,1.278534298380498,True
11677,-1.3306626170133165,False
11678,-0.6378695216227299,False
11679,0.1520423680206465,False
11680,0.8214147426998759,True
11681,0.0328088149941681,False
11682,0.0680886334126743,False
11683,-0.4219422968535848,False
11684,-0.4037136775818241,False
11685,-0.5620741499519867,False
11686,-1.1942978277331109,False
